pde,r,seed,checkpoint,validation_path,test_path,n_validation_pairs,n_test_pairs,n_layers,n_heads,head_dispersion,patched_noop_max_abs,mse_original,mse_persistence,skill,target,substitution,preserves_head_identity,calibration_split,evaluation_split,mse,excess,ratio
heat,0.1,100,C:\projects\stencil-transformers\final_checkpoints\heat_new_0.1\seed_100\best_model.pt,C:\projects\stencil-transformers\data\heat_new_0.1\seed_100\val.npy,C:\projects\stencil-transformers\data\heat_new_0.1\seed_100\test.npy,2048,2048,4,4,0.0061110653016312275,1.1920928955078125e-07,2.5760634545651806e-09,5.375258069761912e-07,0.9952075539050736,all,frozen_per_head_validation,True,validation,test,9.41819739419536e-08,0.17124208693762114,36.56042469569166
heat,0.1,100,C:\projects\stencil-transformers\final_checkpoints\heat_new_0.1\seed_100\best_model.pt,C:\projects\stencil-transformers\data\heat_new_0.1\seed_100\val.npy,C:\projects\stencil-transformers\data\heat_new_0.1\seed_100\test.npy,2048,2048,4,4,0.0061110653016312275,1.1920928955078125e-07,2.5760634545651806e-09,5.375258069761912e-07,0.9952075539050736,all,frozen_layer_mean_validation,False,validation,test,2.0669177747123513e-07,0.38156054187998373,80.23551481425875
heat,0.1,100,C:\projects\stencil-transformers\final_checkpoints\heat_new_0.1\seed_100\best_model.pt,C:\projects\stencil-transformers\data\heat_new_0.1\seed_100\val.npy,C:\projects\stencil-transformers\data\heat_new_0.1\seed_100\test.npy,2048,2048,4,4,0.0061110653016312275,1.1920928955078125e-07,2.5760634545651806e-09,5.375258069761912e-07,0.9952075539050736,all,analytical_stencil,False,validation,test,1.5912239362592118e-05,29.740482151468466,6176.959396863141
heat,0.1,100,C:\projects\stencil-transformers\final_checkpoints\heat_new_0.1\seed_100\best_model.pt,C:\projects\stencil-transformers\data\heat_new_0.1\seed_100\val.npy,C:\projects\stencil-transformers\data\heat_new_0.1\seed_100\test.npy,2048,2048,4,4,0.0061110653016312275,1.1920928955078125e-07,2.5760634545651806e-09,5.375258069761912e-07,0.9952075539050736,all,original,True,none,test,2.5760634545651806e-09,0.0,1.0
heat,0.1,101,C:\projects\stencil-transformers\final_checkpoints\heat_new_0.1\seed_101\best_model.pt,C:\projects\stencil-transformers\data\heat_new_0.1\seed_101\val.npy,C:\projects\stencil-transformers\data\heat_new_0.1\seed_101\test.npy,2048,2048,4,4,0.0071352905734939015,1.1920928955078125e-07,1.851161682275837e-09,6.212768539626268e-07,0.9970203916813112,all,frozen_per_head_validation,True,validation,test,2.280223061756903e-08,0.03382337735808798,12.317795271959032
heat,0.1,101,C:\projects\stencil-transformers\final_checkpoints\heat_new_0.1\seed_101\best_model.pt,C:\projects\stencil-transformers\data\heat_new_0.1\seed_101\val.npy,C:\projects\stencil-transformers\data\heat_new_0.1\seed_101\test.npy,2048,2048,4,4,0.0071352905734939015,1.1920928955078125e-07,1.851161682275837e-09,6.212768539626268e-07,0.9970203916813112,all,frozen_layer_mean_validation,False,validation,test,1.3876619336938845e-07,0.22103544201254266,74.96168200650517
heat,0.1,101,C:\projects\stencil-transformers\final_checkpoints\heat_new_0.1\seed_101\best_model.pt,C:\projects\stencil-transformers\data\heat_new_0.1\seed_101\val.npy,C:\projects\stencil-transformers\data\heat_new_0.1\seed_101\test.npy,2048,2048,4,4,0.0071352905734939015,1.1920928955078125e-07,1.851161682275837e-09,6.212768539626268e-07,0.9970203916813112,all,analytical_stencil,False,validation,test,1.3254776067839202e-06,2.136860743100358,716.0247640575428
heat,0.1,101,C:\projects\stencil-transformers\final_checkpoints\heat_new_0.1\seed_101\best_model.pt,C:\projects\stencil-transformers\data\heat_new_0.1\seed_101\val.npy,C:\projects\stencil-transformers\data\heat_new_0.1\seed_101\test.npy,2048,2048,4,4,0.0071352905734939015,1.1920928955078125e-07,1.851161682275837e-09,6.212768539626268e-07,0.9970203916813112,all,original,True,none,test,1.851161682275837e-09,0.0,1.0
heat,0.1,102,C:\projects\stencil-transformers\final_checkpoints\heat_new_0.1\seed_102\best_model.pt,C:\projects\stencil-transformers\data\heat_new_0.1\seed_102\val.npy,C:\projects\stencil-transformers\data\heat_new_0.1\seed_102\test.npy,2048,2048,4,4,0.006607191090528019,1.1920928955078125e-07,2.9376418632723333e-09,6.820714020250307e-07,0.9956930581541014,all,frozen_per_head_validation,True,validation,test,6.794861306946842e-08,0.09572631345953345,23.13032569388097
heat,0.1,102,C:\projects\stencil-transformers\final_checkpoints\heat_new_0.1\seed_102\best_model.pt,C:\projects\stencil-transformers\data\heat_new_0.1\seed_102\val.npy,C:\projects\stencil-transformers\data\heat_new_0.1\seed_102\test.npy,2048,2048,4,4,0.006607191090528019,1.1920928955078125e-07,2.9376418632723333e-09,6.820714020250307e-07,0.9956930581541014,all,frozen_layer_mean_validation,False,validation,test,1.6260145846436203e-07,0.23509921898605132,55.35101487260093
heat,0.1,102,C:\projects\stencil-transformers\final_checkpoints\heat_new_0.1\seed_102\best_model.pt,C:\projects\stencil-transformers\data\heat_new_0.1\seed_102\val.npy,C:\projects\stencil-transformers\data\heat_new_0.1\seed_102\test.npy,2048,2048,4,4,0.006607191090528019,1.1920928955078125e-07,2.9376418632723333e-09,6.820714020250307e-07,0.9956930581541014,all,analytical_stencil,False,validation,test,1.1342272301817502e-05,16.696761853295865,3861.0126181899454
heat,0.1,102,C:\projects\stencil-transformers\final_checkpoints\heat_new_0.1\seed_102\best_model.pt,C:\projects\stencil-transformers\data\heat_new_0.1\seed_102\val.npy,C:\projects\stencil-transformers\data\heat_new_0.1\seed_102\test.npy,2048,2048,4,4,0.006607191090528019,1.1920928955078125e-07,2.9376418632723333e-09,6.820714020250307e-07,0.9956930581541014,all,original,True,none,test,2.9376418632723333e-09,0.0,1.0
heat,0.1,103,C:\projects\stencil-transformers\final_checkpoints\heat_new_0.1\seed_103\best_model.pt,C:\projects\stencil-transformers\data\heat_new_0.1\seed_103\val.npy,C:\projects\stencil-transformers\data\heat_new_0.1\seed_103\test.npy,2048,2048,4,4,0.006272925253342655,1.1920928955078125e-07,2.2070528677212153e-09,6.068244715606852e-07,0.9963629468303331,all,frozen_per_head_validation,True,validation,test,8.517339955549375e-08,0.1372212313484544,38.59146321376315
heat,0.1,103,C:\projects\stencil-transformers\final_checkpoints\heat_new_0.1\seed_103\best_model.pt,C:\projects\stencil-transformers\data\heat_new_0.1\seed_103\val.npy,C:\projects\stencil-transformers\data\heat_new_0.1\seed_103\test.npy,2048,2048,4,4,0.006272925253342655,1.1920928955078125e-07,2.2070528677212153e-09,6.068244715606852e-07,0.9963629468303331,all,frozen_layer_mean_validation,False,validation,test,1.0800505628738577e-07,0.17498338643364617,48.93632493674749
heat,0.1,103,C:\projects\stencil-transformers\final_checkpoints\heat_new_0.1\seed_103\best_model.pt,C:\projects\stencil-transformers\data\heat_new_0.1\seed_103\val.npy,C:\projects\stencil-transformers\data\heat_new_0.1\seed_103\test.npy,2048,2048,4,4,0.006272925253342655,1.1920928955078125e-07,2.2070528677212153e-09,6.068244715606852e-07,0.9963629468303331,all,analytical_stencil,False,validation,test,3.875087053017978e-06,6.405505168082128,1755.7744581891282
heat,0.1,103,C:\projects\stencil-transformers\final_checkpoints\heat_new_0.1\seed_103\best_model.pt,C:\projects\stencil-transformers\data\heat_new_0.1\seed_103\val.npy,C:\projects\stencil-transformers\data\heat_new_0.1\seed_103\test.npy,2048,2048,4,4,0.006272925253342655,1.1920928955078125e-07,2.2070528677212153e-09,6.068244715606852e-07,0.9963629468303331,all,original,True,none,test,2.2070528677212153e-09,0.0,1.0
heat,0.1,104,C:\projects\stencil-transformers\final_checkpoints\heat_new_0.1\seed_104\best_model.pt,C:\projects\stencil-transformers\data\heat_new_0.1\seed_104\val.npy,C:\projects\stencil-transformers\data\heat_new_0.1\seed_104\test.npy,2048,2048,4,4,0.008813986239107015,5.960464477539063e-08,2.8381259694829075e-09,6.24763913492643e-07,0.9954572824899299,all,frozen_per_head_validation,True,validation,test,7.440260857416447e-08,0.11506916748007744,26.215400364248193
heat,0.1,104,C:\projects\stencil-transformers\final_checkpoints\heat_new_0.1\seed_104\best_model.pt,C:\projects\stencil-transformers\data\heat_new_0.1\seed_104\val.npy,C:\projects\stencil-transformers\data\heat_new_0.1\seed_104\test.npy,2048,2048,4,4,0.008813986239107015,5.960464477539063e-08,2.8381259694829075e-09,6.24763913492643e-07,0.9954572824899299,all,frozen_layer_mean_validation,False,validation,test,2.29780296345794e-07,0.36490233228648666,80.9619794246338
heat,0.1,104,C:\projects\stencil-transformers\final_checkpoints\heat_new_0.1\seed_104\best_model.pt,C:\projects\stencil-transformers\data\heat_new_0.1\seed_104\val.npy,C:\projects\stencil-transformers\data\heat_new_0.1\seed_104\test.npy,2048,2048,4,4,0.008813986239107015,5.960464477539063e-08,2.8381259694829075e-09,6.24763913492643e-07,0.9954572824899299,all,analytical_stencil,False,validation,test,1.1602951985878462e-06,1.8610855118710774,408.8244183182772
heat,0.1,104,C:\projects\stencil-transformers\final_checkpoints\heat_new_0.1\seed_104\best_model.pt,C:\projects\stencil-transformers\data\heat_new_0.1\seed_104\val.npy,C:\projects\stencil-transformers\data\heat_new_0.1\seed_104\test.npy,2048,2048,4,4,0.008813986239107015,5.960464477539063e-08,2.8381259694829075e-09,6.24763913492643e-07,0.9954572824899299,all,original,True,none,test,2.8381259694829075e-09,0.0,1.0
heat,0.1,105,C:\projects\stencil-transformers\final_checkpoints\heat_new_0.1\seed_105\best_model.pt,C:\projects\stencil-transformers\data\heat_new_0.1\seed_105\val.npy,C:\projects\stencil-transformers\data\heat_new_0.1\seed_105\test.npy,2048,2048,4,4,0.005958619692681603,1.1920928955078125e-07,2.216425738256478e-09,6.502243650174933e-07,0.9965912908566616,all,frozen_per_head_validation,True,validation,test,8.522256428333819e-08,0.12809432340814741,38.450448761877944
heat,0.1,105,C:\projects\stencil-transformers\final_checkpoints\heat_new_0.1\seed_105\best_model.pt,C:\projects\stencil-transformers\data\heat_new_0.1\seed_105\val.npy,C:\projects\stencil-transformers\data\heat_new_0.1\seed_105\test.npy,2048,2048,4,4,0.005958619692681603,1.1920928955078125e-07,2.216425738256478e-09,6.502243650174933e-07,0.9965912908566616,all,frozen_layer_mean_validation,False,validation,test,1.72567592104933e-07,0.2628843815650683,77.85850395361363
heat,0.1,105,C:\projects\stencil-transformers\final_checkpoints\heat_new_0.1\seed_105\best_model.pt,C:\projects\stencil-transformers\data\heat_new_0.1\seed_105\val.npy,C:\projects\stencil-transformers\data\heat_new_0.1\seed_105\test.npy,2048,2048,4,4,0.005958619692681603,1.1920928955078125e-07,2.216425738256478e-09,6.502243650174933e-07,0.9965912908566616,all,analytical_stencil,False,validation,test,1.0514000720718286e-05,16.221690596371438,4743.673807446843
heat,0.1,105,C:\projects\stencil-transformers\final_checkpoints\heat_new_0.1\seed_105\best_model.pt,C:\projects\stencil-transformers\data\heat_new_0.1\seed_105\val.npy,C:\projects\stencil-transformers\data\heat_new_0.1\seed_105\test.npy,2048,2048,4,4,0.005958619692681603,1.1920928955078125e-07,2.216425738256478e-09,6.502243650174933e-07,0.9965912908566616,all,original,True,none,test,2.216425738256478e-09,0.0,1.0
heat,0.1,106,C:\projects\stencil-transformers\final_checkpoints\heat_new_0.1\seed_106\best_model.pt,C:\projects\stencil-transformers\data\heat_new_0.1\seed_106\val.npy,C:\projects\stencil-transformers\data\heat_new_0.1\seed_106\test.npy,2048,2048,4,4,0.004482820005242617,1.1920928955078125e-07,2.3133078855264166e-09,5.305483909978648e-07,0.9956397796604839,all,frozen_per_head_validation,True,validation,test,7.791704925708132e-08,0.14312518003556468,33.68209210048601
heat,0.1,106,C:\projects\stencil-transformers\final_checkpoints\heat_new_0.1\seed_106\best_model.pt,C:\projects\stencil-transformers\data\heat_new_0.1\seed_106\val.npy,C:\projects\stencil-transformers\data\heat_new_0.1\seed_106\test.npy,2048,2048,4,4,0.004482820005242617,1.1920928955078125e-07,2.3133078855264166e-09,5.305483909978648e-07,0.9956397796604839,all,frozen_layer_mean_validation,False,validation,test,1.5889503418575757e-07,0.2964243218713501,68.68736979626013
heat,0.1,106,C:\projects\stencil-transformers\final_checkpoints\heat_new_0.1\seed_106\best_model.pt,C:\projects\stencil-transformers\data\heat_new_0.1\seed_106\val.npy,C:\projects\stencil-transformers\data\heat_new_0.1\seed_106\test.npy,2048,2048,4,4,0.004482820005242617,1.1920928955078125e-07,2.3133078855264166e-09,5.305483909978648e-07,0.9956397796604839,all,analytical_stencil,False,validation,test,2.048617949412801e-05,38.777935887091076,8855.79460576912
heat,0.1,106,C:\projects\stencil-transformers\final_checkpoints\heat_new_0.1\seed_106\best_model.pt,C:\projects\stencil-transformers\data\heat_new_0.1\seed_106\val.npy,C:\projects\stencil-transformers\data\heat_new_0.1\seed_106\test.npy,2048,2048,4,4,0.004482820005242617,1.1920928955078125e-07,2.3133078855264166e-09,5.305483909978648e-07,0.9956397796604839,all,original,True,none,test,2.3133078855264166e-09,0.0,1.0
heat,0.1,107,C:\projects\stencil-transformers\final_checkpoints\heat_new_0.1\seed_107\best_model.pt,C:\projects\stencil-transformers\data\heat_new_0.1\seed_107\val.npy,C:\projects\stencil-transformers\data\heat_new_0.1\seed_107\test.npy,2048,2048,4,4,0.008015707722578164,1.1920928955078125e-07,1.6018236580900291e-09,5.430585474641703e-07,0.9970503665478248,all,frozen_per_head_validation,True,validation,test,2.7385749667985237e-08,0.04761955088238886,17.09660706387572
heat,0.1,107,C:\projects\stencil-transformers\final_checkpoints\heat_new_0.1\seed_107\best_model.pt,C:\projects\stencil-transformers\data\heat_new_0.1\seed_107\val.npy,C:\projects\stencil-transformers\data\heat_new_0.1\seed_107\test.npy,2048,2048,4,4,0.008015707722578164,1.1920928955078125e-07,1.6018236580900291e-09,5.430585474641703e-07,0.9970503665478248,all,frozen_layer_mean_validation,False,validation,test,2.0649913368142592e-07,0.3784186270382686,128.91502297303427
heat,0.1,107,C:\projects\stencil-transformers\final_checkpoints\heat_new_0.1\seed_107\best_model.pt,C:\projects\stencil-transformers\data\heat_new_0.1\seed_107\val.npy,C:\projects\stencil-transformers\data\heat_new_0.1\seed_107\test.npy,2048,2048,4,4,0.008015707722578164,1.1920928955078125e-07,1.6018236580900291e-09,5.430585474641703e-07,0.9970503665478248,all,analytical_stencil,False,validation,test,2.0994937628415755e-06,3.8745329902576553,1310.6896956091625
heat,0.1,107,C:\projects\stencil-transformers\final_checkpoints\heat_new_0.1\seed_107\best_model.pt,C:\projects\stencil-transformers\data\heat_new_0.1\seed_107\val.npy,C:\projects\stencil-transformers\data\heat_new_0.1\seed_107\test.npy,2048,2048,4,4,0.008015707722578164,1.1920928955078125e-07,1.6018236580900291e-09,5.430585474641703e-07,0.9970503665478248,all,original,True,none,test,1.6018236580900291e-09,0.0,1.0
heat,0.1,108,C:\projects\stencil-transformers\final_checkpoints\heat_new_0.1\seed_108\best_model.pt,C:\projects\stencil-transformers\data\heat_new_0.1\seed_108\val.npy,C:\projects\stencil-transformers\data\heat_new_0.1\seed_108\test.npy,2048,2048,4,4,0.00403500107877237,5.960464477539063e-08,3.5700860215141794e-09,7.193995088528027e-07,0.9950374083140434,all,frozen_per_head_validation,True,validation,test,9.311486116880818e-08,0.1250923366535026,26.081965702696262
heat,0.1,108,C:\projects\stencil-transformers\final_checkpoints\heat_new_0.1\seed_108\best_model.pt,C:\projects\stencil-transformers\data\heat_new_0.1\seed_108\val.npy,C:\projects\stencil-transformers\data\heat_new_0.1\seed_108\test.npy,2048,2048,4,4,0.00403500107877237,5.960464477539063e-08,3.5700860215141794e-09,7.193995088528027e-07,0.9950374083140434,all,frozen_layer_mean_validation,False,validation,test,1.2466024343349424e-07,0.1691606317787798,34.9179943234595
heat,0.1,108,C:\projects\stencil-transformers\final_checkpoints\heat_new_0.1\seed_108\best_model.pt,C:\projects\stencil-transformers\data\heat_new_0.1\seed_108\val.npy,C:\projects\stencil-transformers\data\heat_new_0.1\seed_108\test.npy,2048,2048,4,4,0.00403500107877237,5.960464477539063e-08,3.5700860215141794e-09,7.193995088528027e-07,0.9950374083140434,all,analytical_stencil,False,validation,test,2.9544574402962098e-05,41.26821750368734,8275.591743425657
heat,0.1,108,C:\projects\stencil-transformers\final_checkpoints\heat_new_0.1\seed_108\best_model.pt,C:\projects\stencil-transformers\data\heat_new_0.1\seed_108\val.npy,C:\projects\stencil-transformers\data\heat_new_0.1\seed_108\test.npy,2048,2048,4,4,0.00403500107877237,5.960464477539063e-08,3.5700860215141794e-09,7.193995088528027e-07,0.9950374083140434,all,original,True,none,test,3.5700860215141794e-09,0.0,1.0
heat,0.1,109,C:\projects\stencil-transformers\final_checkpoints\heat_new_0.1\seed_109\best_model.pt,C:\projects\stencil-transformers\data\heat_new_0.1\seed_109\val.npy,C:\projects\stencil-transformers\data\heat_new_0.1\seed_109\test.npy,2048,2048,4,4,0.007082730417307638,5.960464477539063e-08,2.590958609119398e-09,6.02417287609569e-07,0.9956990633197124,all,frozen_per_head_validation,True,validation,test,7.133854401653039e-08,0.11461248378671864,27.53364865244859
heat,0.1,109,C:\projects\stencil-transformers\final_checkpoints\heat_new_0.1\seed_109\best_model.pt,C:\projects\stencil-transformers\data\heat_new_0.1\seed_109\val.npy,C:\projects\stencil-transformers\data\heat_new_0.1\seed_109\test.npy,2048,2048,4,4,0.007082730417307638,5.960464477539063e-08,2.590958609119398e-09,6.02417287609569e-07,0.9956990633197124,all,frozen_layer_mean_validation,False,validation,test,2.0287000357388507e-07,0.3338950547544497,78.2992066565029
heat,0.1,109,C:\projects\stencil-transformers\final_checkpoints\heat_new_0.1\seed_109\best_model.pt,C:\projects\stencil-transformers\data\heat_new_0.1\seed_109\val.npy,C:\projects\stencil-transformers\data\heat_new_0.1\seed_109\test.npy,2048,2048,4,4,0.007082730417307638,5.960464477539063e-08,2.590958609119398e-09,6.02417287609569e-07,0.9956990633197124,all,analytical_stencil,False,validation,test,4.773740741370602e-06,7.954218666446545,1842.4612128377755
heat,0.1,109,C:\projects\stencil-transformers\final_checkpoints\heat_new_0.1\seed_109\best_model.pt,C:\projects\stencil-transformers\data\heat_new_0.1\seed_109\val.npy,C:\projects\stencil-transformers\data\heat_new_0.1\seed_109\test.npy,2048,2048,4,4,0.007082730417307638,5.960464477539063e-08,2.590958609119398e-09,6.02417287609569e-07,0.9956990633197124,all,original,True,none,test,2.590958609119398e-09,0.0,1.0
heat,0.1,110,C:\projects\stencil-transformers\final_checkpoints\heat_new_0.1\seed_110\best_model.pt,C:\projects\stencil-transformers\data\heat_new_0.1\seed_110\val.npy,C:\projects\stencil-transformers\data\heat_new_0.1\seed_110\test.npy,2048,2048,4,4,0.00906998982586801,1.1920928955078125e-07,1.365442717227161e-09,4.962836328559206e-07,0.997248664620734,all,frozen_per_head_validation,True,validation,test,3.8147426995038813e-08,0.07431932188126698,27.937771767171423
heat,0.1,110,C:\projects\stencil-transformers\final_checkpoints\heat_new_0.1\seed_110\best_model.pt,C:\projects\stencil-transformers\data\heat_new_0.1\seed_110\val.npy,C:\projects\stencil-transformers\data\heat_new_0.1\seed_110\test.npy,2048,2048,4,4,0.00906998982586801,1.1920928955078125e-07,1.365442717227161e-09,4.962836328559206e-07,0.997248664620734,all,frozen_layer_mean_validation,False,validation,test,1.7835112936515074e-07,0.35760594412245383,130.6178041121585
heat,0.1,110,C:\projects\stencil-transformers\final_checkpoints\heat_new_0.1\seed_110\best_model.pt,C:\projects\stencil-transformers\data\heat_new_0.1\seed_110\val.npy,C:\projects\stencil-transformers\data\heat_new_0.1\seed_110\test.npy,2048,2048,4,4,0.00906998982586801,1.1920928955078125e-07,1.365442717227161e-09,4.962836328559206e-07,0.997248664620734,all,analytical_stencil,False,validation,test,1.077250843195543e-06,2.173865139563399,788.9388764569659
heat,0.1,110,C:\projects\stencil-transformers\final_checkpoints\heat_new_0.1\seed_110\best_model.pt,C:\projects\stencil-transformers\data\heat_new_0.1\seed_110\val.npy,C:\projects\stencil-transformers\data\heat_new_0.1\seed_110\test.npy,2048,2048,4,4,0.00906998982586801,1.1920928955078125e-07,1.365442717227161e-09,4.962836328559206e-07,0.997248664620734,all,original,True,none,test,1.365442717227161e-09,0.0,1.0
heat,0.1,111,C:\projects\stencil-transformers\final_checkpoints\heat_new_0.1\seed_111\best_model.pt,C:\projects\stencil-transformers\data\heat_new_0.1\seed_111\val.npy,C:\projects\stencil-transformers\data\heat_new_0.1\seed_111\test.npy,2048,2048,4,4,0.007440971497821962,1.1920928955078125e-07,2.6371650349577003e-09,6.634890610257571e-07,0.9960253074393108,all,frozen_per_head_validation,True,validation,test,6.844069533329389e-08,0.09957379361025898,25.952374775965307
heat,0.1,111,C:\projects\stencil-transformers\final_checkpoints\heat_new_0.1\seed_111\best_model.pt,C:\projects\stencil-transformers\data\heat_new_0.1\seed_111\val.npy,C:\projects\stencil-transformers\data\heat_new_0.1\seed_111\test.npy,2048,2048,4,4,0.007440971497821962,1.1920928955078125e-07,2.6371650349577003e-09,6.634890610257571e-07,0.9960253074393108,all,frozen_layer_mean_validation,False,validation,test,2.1483386514198344e-07,0.321095696924474,81.46394415752951
heat,0.1,111,C:\projects\stencil-transformers\final_checkpoints\heat_new_0.1\seed_111\best_model.pt,C:\projects\stencil-transformers\data\heat_new_0.1\seed_111\val.npy,C:\projects\stencil-transformers\data\heat_new_0.1\seed_111\test.npy,2048,2048,4,4,0.007440971497821962,1.1920928955078125e-07,2.6371650349577003e-09,6.634890610257571e-07,0.9960253074393108,all,analytical_stencil,False,validation,test,5.584911271228066e-06,8.447087978500445,2117.770862724049
heat,0.1,111,C:\projects\stencil-transformers\final_checkpoints\heat_new_0.1\seed_111\best_model.pt,C:\projects\stencil-transformers\data\heat_new_0.1\seed_111\val.npy,C:\projects\stencil-transformers\data\heat_new_0.1\seed_111\test.npy,2048,2048,4,4,0.007440971497821962,1.1920928955078125e-07,2.6371650349577003e-09,6.634890610257571e-07,0.9960253074393108,all,original,True,none,test,2.6371650349577003e-09,0.0,1.0
heat,0.1,112,C:\projects\stencil-transformers\final_checkpoints\heat_new_0.1\seed_112\best_model.pt,C:\projects\stencil-transformers\data\heat_new_0.1\seed_112\val.npy,C:\projects\stencil-transformers\data\heat_new_0.1\seed_112\test.npy,2048,2048,4,4,0.007832763956040496,1.1920928955078125e-07,1.8393139684935722e-09,5.17225259955012e-07,0.9964438821710805,all,frozen_per_head_validation,True,validation,test,4.6949918064420615e-08,0.08752781182183623,25.525776930228695
heat,0.1,112,C:\projects\stencil-transformers\final_checkpoints\heat_new_0.1\seed_112\best_model.pt,C:\projects\stencil-transformers\data\heat_new_0.1\seed_112\val.npy,C:\projects\stencil-transformers\data\heat_new_0.1\seed_112\test.npy,2048,2048,4,4,0.007832763956040496,1.1920928955078125e-07,1.8393139684935722e-09,5.17225259955012e-07,0.9964438821710805,all,frozen_layer_mean_validation,False,validation,test,1.5168378530994175e-07,0.29074225346720617,82.46758732233911
heat,0.1,112,C:\projects\stencil-transformers\final_checkpoints\heat_new_0.1\seed_112\best_model.pt,C:\projects\stencil-transformers\data\heat_new_0.1\seed_112\val.npy,C:\projects\stencil-transformers\data\heat_new_0.1\seed_112\test.npy,2048,2048,4,4,0.007832763956040496,1.1920928955078125e-07,1.8393139684935722e-09,5.17225259955012e-07,0.9964438821710805,all,analytical_stencil,False,validation,test,3.379773609424319e-06,6.554183950417977,1837.5185897122328
heat,0.1,112,C:\projects\stencil-transformers\final_checkpoints\heat_new_0.1\seed_112\best_model.pt,C:\projects\stencil-transformers\data\heat_new_0.1\seed_112\val.npy,C:\projects\stencil-transformers\data\heat_new_0.1\seed_112\test.npy,2048,2048,4,4,0.007832763956040496,1.1920928955078125e-07,1.8393139684935722e-09,5.17225259955012e-07,0.9964438821710805,all,original,True,none,test,1.8393139684935722e-09,0.0,1.0
heat,0.1,113,C:\projects\stencil-transformers\final_checkpoints\heat_new_0.1\seed_113\best_model.pt,C:\projects\stencil-transformers\data\heat_new_0.1\seed_113\val.npy,C:\projects\stencil-transformers\data\heat_new_0.1\seed_113\test.npy,2048,2048,4,4,0.006572938694295478,5.960464477539063e-08,2.5354501193876333e-09,6.425730134651531e-07,0.9960542225299582,all,frozen_per_head_validation,True,validation,test,5.7659757080053e-08,0.08612667461657363,22.74142829281102
heat,0.1,113,C:\projects\stencil-transformers\final_checkpoints\heat_new_0.1\seed_113\best_model.pt,C:\projects\stencil-transformers\data\heat_new_0.1\seed_113\val.npy,C:\projects\stencil-transformers\data\heat_new_0.1\seed_113\test.npy,2048,2048,4,4,0.006572938694295478,5.960464477539063e-08,2.5354501193876333e-09,6.425730134651531e-07,0.9960542225299582,all,frozen_layer_mean_validation,False,validation,test,1.4907234002770053e-07,0.22895045275514517,58.79521702588445
heat,0.1,113,C:\projects\stencil-transformers\final_checkpoints\heat_new_0.1\seed_113\best_model.pt,C:\projects\stencil-transformers\data\heat_new_0.1\seed_113\val.npy,C:\projects\stencil-transformers\data\heat_new_0.1\seed_113\test.npy,2048,2048,4,4,0.006572938694295478,5.960464477539063e-08,2.5354501193876333e-09,6.425730134651531e-07,0.9960542225299582,all,analytical_stencil,False,validation,test,7.447680179240024e-06,11.632355904552698,2937.419325385428
heat,0.1,113,C:\projects\stencil-transformers\final_checkpoints\heat_new_0.1\seed_113\best_model.pt,C:\projects\stencil-transformers\data\heat_new_0.1\seed_113\val.npy,C:\projects\stencil-transformers\data\heat_new_0.1\seed_113\test.npy,2048,2048,4,4,0.006572938694295478,5.960464477539063e-08,2.5354501193876333e-09,6.425730134651531e-07,0.9960542225299582,all,original,True,none,test,2.5354501193876333e-09,0.0,1.0
heat,0.1,114,C:\projects\stencil-transformers\final_checkpoints\heat_new_0.1\seed_114\best_model.pt,C:\projects\stencil-transformers\data\heat_new_0.1\seed_114\val.npy,C:\projects\stencil-transformers\data\heat_new_0.1\seed_114\test.npy,2048,2048,4,4,0.004800803969422502,5.960464477539063e-08,2.8823952096662664e-09,6.177584168653993e-07,0.9953341061311767,all,frozen_per_head_validation,True,validation,test,7.738704191351253e-08,0.12117019379487391,26.848171844718223
heat,0.1,114,C:\projects\stencil-transformers\final_checkpoints\heat_new_0.1\seed_114\best_model.pt,C:\projects\stencil-transformers\data\heat_new_0.1\seed_114\val.npy,C:\projects\stencil-transformers\data\heat_new_0.1\seed_114\test.npy,2048,2048,4,4,0.004800803969422502,5.960464477539063e-08,2.8823952096662664e-09,6.177584168653993e-07,0.9953341061311767,all,frozen_layer_mean_validation,False,validation,test,1.3863852493800621e-07,0.22078618281906157,48.0983747381603
heat,0.1,114,C:\projects\stencil-transformers\final_checkpoints\heat_new_0.1\seed_114\best_model.pt,C:\projects\stencil-transformers\data\heat_new_0.1\seed_114\val.npy,C:\projects\stencil-transformers\data\heat_new_0.1\seed_114\test.npy,2048,2048,4,4,0.004800803969422502,5.960464477539063e-08,2.8823952096662664e-09,6.177584168653993e-07,0.9953341061311767,all,analytical_stencil,False,validation,test,3.3690100110561616e-05,54.787008321839075,11688.230676202926
heat,0.1,114,C:\projects\stencil-transformers\final_checkpoints\heat_new_0.1\seed_114\best_model.pt,C:\projects\stencil-transformers\data\heat_new_0.1\seed_114\val.npy,C:\projects\stencil-transformers\data\heat_new_0.1\seed_114\test.npy,2048,2048,4,4,0.004800803969422502,5.960464477539063e-08,2.8823952096662664e-09,6.177584168653993e-07,0.9953341061311767,all,original,True,none,test,2.8823952096662664e-09,0.0,1.0
heat,0.1,115,C:\projects\stencil-transformers\final_checkpoints\heat_new_0.1\seed_115\best_model.pt,C:\projects\stencil-transformers\data\heat_new_0.1\seed_115\val.npy,C:\projects\stencil-transformers\data\heat_new_0.1\seed_115\test.npy,2048,2048,4,4,0.005392330098564709,5.960464477539063e-08,2.7079269399737926e-09,4.852778374697664e-07,0.9944198421380772,all,frozen_per_head_validation,True,validation,test,7.211005925711333e-08,0.14381777811415128,26.629248445606592
heat,0.1,115,C:\projects\stencil-transformers\final_checkpoints\heat_new_0.1\seed_115\best_model.pt,C:\projects\stencil-transformers\data\heat_new_0.1\seed_115\val.npy,C:\projects\stencil-transformers\data\heat_new_0.1\seed_115\test.npy,2048,2048,4,4,0.005392330098564709,5.960464477539063e-08,2.7079269399737926e-09,4.852778374697664e-07,0.9944198421380772,all,frozen_layer_mean_validation,False,validation,test,1.0930274607634516e-07,0.22088989970250225,40.36399374844397
heat,0.1,115,C:\projects\stencil-transformers\final_checkpoints\heat_new_0.1\seed_115\best_model.pt,C:\projects\stencil-transformers\data\heat_new_0.1\seed_115\val.npy,C:\projects\stencil-transformers\data\heat_new_0.1\seed_115\test.npy,2048,2048,4,4,0.005392330098564709,5.960464477539063e-08,2.7079269399737926e-09,4.852778374697664e-07,0.9944198421380772,all,analytical_stencil,False,validation,test,1.9730489185576516e-05,40.88066998826816,7286.19701452044
heat,0.1,115,C:\projects\stencil-transformers\final_checkpoints\heat_new_0.1\seed_115\best_model.pt,C:\projects\stencil-transformers\data\heat_new_0.1\seed_115\val.npy,C:\projects\stencil-transformers\data\heat_new_0.1\seed_115\test.npy,2048,2048,4,4,0.005392330098564709,5.960464477539063e-08,2.7079269399737926e-09,4.852778374697664e-07,0.9944198421380772,all,original,True,none,test,2.7079269399737926e-09,0.0,1.0
heat,0.1,116,C:\projects\stencil-transformers\final_checkpoints\heat_new_0.1\seed_116\best_model.pt,C:\projects\stencil-transformers\data\heat_new_0.1\seed_116\val.npy,C:\projects\stencil-transformers\data\heat_new_0.1\seed_116\test.npy,2048,2048,4,4,0.003431776837322771,1.1920928955078125e-07,3.1262487668048955e-09,5.415967052613269e-07,0.994227718270006,all,frozen_per_head_validation,True,validation,test,9.288994962108887e-08,0.16670125495584578,29.712910439953482
heat,0.1,116,C:\projects\stencil-transformers\final_checkpoints\heat_new_0.1\seed_116\best_model.pt,C:\projects\stencil-transformers\data\heat_new_0.1\seed_116\val.npy,C:\projects\stencil-transformers\data\heat_new_0.1\seed_116\test.npy,2048,2048,4,4,0.003431776837322771,1.1920928955078125e-07,3.1262487668048955e-09,5.415967052613269e-07,0.994227718270006,all,frozen_layer_mean_validation,False,validation,test,1.3855117500516378e-07,0.2514992690963661,44.318666024382495
heat,0.1,116,C:\projects\stencil-transformers\final_checkpoints\heat_new_0.1\seed_116\best_model.pt,C:\projects\stencil-transformers\data\heat_new_0.1\seed_116\val.npy,C:\projects\stencil-transformers\data\heat_new_0.1\seed_116\test.npy,2048,2048,4,4,0.003431776837322771,1.1920928955078125e-07,3.1262487668048955e-09,5.415967052613269e-07,0.994227718270006,all,analytical_stencil,False,validation,test,2.190746249652875e-05,40.67880787807861,7007.587729148863
heat,0.1,116,C:\projects\stencil-transformers\final_checkpoints\heat_new_0.1\seed_116\best_model.pt,C:\projects\stencil-transformers\data\heat_new_0.1\seed_116\val.npy,C:\projects\stencil-transformers\data\heat_new_0.1\seed_116\test.npy,2048,2048,4,4,0.003431776837322771,1.1920928955078125e-07,3.1262487668048955e-09,5.415967052613269e-07,0.994227718270006,all,original,True,none,test,3.1262487668048955e-09,0.0,1.0
heat,0.1,117,C:\projects\stencil-transformers\final_checkpoints\heat_new_0.1\seed_117\best_model.pt,C:\projects\stencil-transformers\data\heat_new_0.1\seed_117\val.npy,C:\projects\stencil-transformers\data\heat_new_0.1\seed_117\test.npy,2048,2048,4,4,0.0045946551395567164,1.1920928955078125e-07,2.9291863205826996e-09,4.1672919337543135e-07,0.9929710076300227,all,frozen_per_head_validation,True,validation,test,7.762384274245804e-08,0.18050907479074707,26.50013834798205
heat,0.1,117,C:\projects\stencil-transformers\final_checkpoints\heat_new_0.1\seed_117\best_model.pt,C:\projects\stencil-transformers\data\heat_new_0.1\seed_117\val.npy,C:\projects\stencil-transformers\data\heat_new_0.1\seed_117\test.npy,2048,2048,4,4,0.0045946551395567164,1.1920928955078125e-07,2.9291863205826996e-09,4.1672919337543135e-07,0.9929710076300227,all,frozen_layer_mean_validation,False,validation,test,9.927517530261554e-08,0.2328322555327127,33.89172433485448
heat,0.1,117,C:\projects\stencil-transformers\final_checkpoints\heat_new_0.1\seed_117\best_model.pt,C:\projects\stencil-transformers\data\heat_new_0.1\seed_117\val.npy,C:\projects\stencil-transformers\data\heat_new_0.1\seed_117\test.npy,2048,2048,4,4,0.0045946551395567164,1.1920928955078125e-07,2.9291863205826996e-09,4.1672919337543135e-07,0.9929710076300227,all,analytical_stencil,False,validation,test,2.207146883392852e-05,53.33141438222059,7535.017038294058
heat,0.1,117,C:\projects\stencil-transformers\final_checkpoints\heat_new_0.1\seed_117\best_model.pt,C:\projects\stencil-transformers\data\heat_new_0.1\seed_117\val.npy,C:\projects\stencil-transformers\data\heat_new_0.1\seed_117\test.npy,2048,2048,4,4,0.0045946551395567164,1.1920928955078125e-07,2.9291863205826996e-09,4.1672919337543135e-07,0.9929710076300227,all,original,True,none,test,2.9291863205826996e-09,0.0,1.0
heat,0.1,118,C:\projects\stencil-transformers\final_checkpoints\heat_new_0.1\seed_118\best_model.pt,C:\projects\stencil-transformers\data\heat_new_0.1\seed_118\val.npy,C:\projects\stencil-transformers\data\heat_new_0.1\seed_118\test.npy,2048,2048,4,4,0.007104017609614899,1.1920928955078125e-07,2.130065309031981e-09,6.654674393757887e-07,0.9967991442060186,all,frozen_per_head_validation,True,validation,test,4.737667516629962e-08,0.06821055412553029,22.241888530558807
heat,0.1,118,C:\projects\stencil-transformers\final_checkpoints\heat_new_0.1\seed_118\best_model.pt,C:\projects\stencil-transformers\data\heat_new_0.1\seed_118\val.npy,C:\projects\stencil-transformers\data\heat_new_0.1\seed_118\test.npy,2048,2048,4,4,0.007104017609614899,1.1920928955078125e-07,2.130065309031981e-09,6.654674393757887e-07,0.9967991442060186,all,frozen_layer_mean_validation,False,validation,test,2.1470581668125988e-07,0.32046400471750713,100.79776228966145
heat,0.1,118,C:\projects\stencil-transformers\final_checkpoints\heat_new_0.1\seed_118\best_model.pt,C:\projects\stencil-transformers\data\heat_new_0.1\seed_118\val.npy,C:\projects\stencil-transformers\data\heat_new_0.1\seed_118\test.npy,2048,2048,4,4,0.007104017609614899,1.1920928955078125e-07,2.130065309031981e-09,6.654674393757887e-07,0.9967991442060186,all,analytical_stencil,False,validation,test,6.879111353441658e-06,10.367245321896402,3229.530721087564
heat,0.1,118,C:\projects\stencil-transformers\final_checkpoints\heat_new_0.1\seed_118\best_model.pt,C:\projects\stencil-transformers\data\heat_new_0.1\seed_118\val.npy,C:\projects\stencil-transformers\data\heat_new_0.1\seed_118\test.npy,2048,2048,4,4,0.007104017609614899,1.1920928955078125e-07,2.130065309031981e-09,6.654674393757887e-07,0.9967991442060186,all,original,True,none,test,2.130065309031981e-09,0.0,1.0
heat,0.1,119,C:\projects\stencil-transformers\final_checkpoints\heat_new_0.1\seed_119\best_model.pt,C:\projects\stencil-transformers\data\heat_new_0.1\seed_119\val.npy,C:\projects\stencil-transformers\data\heat_new_0.1\seed_119\test.npy,2048,2048,4,4,0.0072119590673239385,5.960464477539063e-08,2.078380812071956e-09,4.5979615492797166e-07,0.9954797777454282,all,frozen_per_head_validation,True,validation,test,7.983919764198433e-08,0.16988813025692637,38.414133337957416
heat,0.1,119,C:\projects\stencil-transformers\final_checkpoints\heat_new_0.1\seed_119\best_model.pt,C:\projects\stencil-transformers\data\heat_new_0.1\seed_119\val.npy,C:\projects\stencil-transformers\data\heat_new_0.1\seed_119\test.npy,2048,2048,4,4,0.0072119590673239385,5.960464477539063e-08,2.078380812071956e-09,4.5979615492797166e-07,0.9954797777454282,all,frozen_layer_mean_validation,False,validation,test,2.5407725146031623e-07,0.5505551344056723,122.24768915520558
heat,0.1,119,C:\projects\stencil-transformers\final_checkpoints\heat_new_0.1\seed_119\best_model.pt,C:\projects\stencil-transformers\data\heat_new_0.1\seed_119\val.npy,C:\projects\stencil-transformers\data\heat_new_0.1\seed_119\test.npy,2048,2048,4,4,0.0072119590673239385,5.960464477539063e-08,2.078380812071956e-09,4.5979615492797166e-07,0.9954797777454282,all,analytical_stencil,False,validation,test,4.654959418814997e-06,10.165392958554323,2239.7047700678236
heat,0.1,119,C:\projects\stencil-transformers\final_checkpoints\heat_new_0.1\seed_119\best_model.pt,C:\projects\stencil-transformers\data\heat_new_0.1\seed_119\val.npy,C:\projects\stencil-transformers\data\heat_new_0.1\seed_119\test.npy,2048,2048,4,4,0.0072119590673239385,5.960464477539063e-08,2.078380812071956e-09,4.5979615492797166e-07,0.9954797777454282,all,original,True,none,test,2.078380812071956e-09,0.0,1.0
heat,0.25,100,C:\projects\stencil-transformers\final_checkpoints\heat_new_0.25\seed_100\best_model.pt,C:\projects\stencil-transformers\data\heat_new_0.25\seed_100\val.npy,C:\projects\stencil-transformers\data\heat_new_0.25\seed_100\test.npy,2048,2048,4,4,0.009155455136202858,1.1920928955078125e-07,3.2066004461081543e-09,1.3213170859671663e-06,0.997573178701643,all,frozen_per_head_validation,True,validation,test,2.198163098661443e-07,0.16433349996029267,68.55120042565173
heat,0.25,100,C:\projects\stencil-transformers\final_checkpoints\heat_new_0.25\seed_100\best_model.pt,C:\projects\stencil-transformers\data\heat_new_0.25\seed_100\val.npy,C:\projects\stencil-transformers\data\heat_new_0.25\seed_100\test.npy,2048,2048,4,4,0.009155455136202858,1.1920928955078125e-07,3.2066004461081543e-09,1.3213170859671663e-06,0.997573178701643,all,frozen_layer_mean_validation,False,validation,test,4.960675976661832e-07,0.37391478380148363,154.70202976746282
heat,0.25,100,C:\projects\stencil-transformers\final_checkpoints\heat_new_0.25\seed_100\best_model.pt,C:\projects\stencil-transformers\data\heat_new_0.25\seed_100\val.npy,C:\projects\stencil-transformers\data\heat_new_0.25\seed_100\test.npy,2048,2048,4,4,0.009155455136202858,1.1920928955078125e-07,3.2066004461081543e-09,1.3213170859671663e-06,0.997573178701643,all,analytical_stencil,False,validation,test,1.495596540124211e-05,11.344086072485094,4664.118792659105
heat,0.25,100,C:\projects\stencil-transformers\final_checkpoints\heat_new_0.25\seed_100\best_model.pt,C:\projects\stencil-transformers\data\heat_new_0.25\seed_100\val.npy,C:\projects\stencil-transformers\data\heat_new_0.25\seed_100\test.npy,2048,2048,4,4,0.009155455136202858,1.1920928955078125e-07,3.2066004461081543e-09,1.3213170859671663e-06,0.997573178701643,all,original,True,none,test,3.2066004461081543e-09,0.0,1.0
heat,0.25,101,C:\projects\stencil-transformers\final_checkpoints\heat_new_0.25\seed_101\best_model.pt,C:\projects\stencil-transformers\data\heat_new_0.25\seed_101\val.npy,C:\projects\stencil-transformers\data\heat_new_0.25\seed_101\test.npy,2048,2048,4,4,0.008891405788830777,1.1920928955078125e-07,3.300903250822579e-09,1.7400326441929792e-06,0.9981029647565299,all,frozen_per_head_validation,True,validation,test,7.41745792599835e-08,0.04080864899187757,22.47099464108781
heat,0.25,101,C:\projects\stencil-transformers\final_checkpoints\heat_new_0.25\seed_101\best_model.pt,C:\projects\stencil-transformers\data\heat_new_0.25\seed_101\val.npy,C:\projects\stencil-transformers\data\heat_new_0.25\seed_101\test.npy,2048,2048,4,4,0.008891405788830777,1.1920928955078125e-07,3.300903250822579e-09,1.7400326441929792e-06,0.9981029647565299,all,frozen_layer_mean_validation,False,validation,test,6.808440762978707e-07,0.3901254045598826,206.25993086231946
heat,0.25,101,C:\projects\stencil-transformers\final_checkpoints\heat_new_0.25\seed_101\best_model.pt,C:\projects\stencil-transformers\data\heat_new_0.25\seed_101\val.npy,C:\projects\stencil-transformers\data\heat_new_0.25\seed_101\test.npy,2048,2048,4,4,0.008891405788830777,1.1920928955078125e-07,3.300903250822579e-09,1.7400326441929792e-06,0.9981029647565299,all,analytical_stencil,False,validation,test,4.5178666674416945e-06,2.599460617758833,1368.6758817653474
heat,0.25,101,C:\projects\stencil-transformers\final_checkpoints\heat_new_0.25\seed_101\best_model.pt,C:\projects\stencil-transformers\data\heat_new_0.25\seed_101\val.npy,C:\projects\stencil-transformers\data\heat_new_0.25\seed_101\test.npy,2048,2048,4,4,0.008891405788830777,1.1920928955078125e-07,3.300903250822579e-09,1.7400326441929792e-06,0.9981029647565299,all,original,True,none,test,3.300903250822579e-09,0.0,1.0
heat,0.25,102,C:\projects\stencil-transformers\final_checkpoints\heat_new_0.25\seed_102\best_model.pt,C:\projects\stencil-transformers\data\heat_new_0.25\seed_102\val.npy,C:\projects\stencil-transformers\data\heat_new_0.25\seed_102\test.npy,2048,2048,4,4,0.004964830952764526,5.960464477539063e-08,6.254294821622652e-09,1.8292188315172098e-06,0.9965808930490645,all,frozen_per_head_validation,True,validation,test,4.838769397108589e-07,0.2620032563853399,77.36714585919039
heat,0.25,102,C:\projects\stencil-transformers\final_checkpoints\heat_new_0.25\seed_102\best_model.pt,C:\projects\stencil-transformers\data\heat_new_0.25\seed_102\val.npy,C:\projects\stencil-transformers\data\heat_new_0.25\seed_102\test.npy,2048,2048,4,4,0.004964830952764526,5.960464477539063e-08,6.254294821622652e-09,1.8292188315172098e-06,0.9965808930490645,all,frozen_layer_mean_validation,False,validation,test,4.928354929711887e-07,0.26691753369573046,78.79953008728239
heat,0.25,102,C:\projects\stencil-transformers\final_checkpoints\heat_new_0.25\seed_102\best_model.pt,C:\projects\stencil-transformers\data\heat_new_0.25\seed_102\val.npy,C:\projects\stencil-transformers\data\heat_new_0.25\seed_102\test.npy,2048,2048,4,4,0.004964830952764526,5.960464477539063e-08,6.254294821622652e-09,1.8292188315172098e-06,0.9965808930490645,all,analytical_stencil,False,validation,test,8.292439004264907e-05,45.4853257310917,13258.79134382326
heat,0.25,102,C:\projects\stencil-transformers\final_checkpoints\heat_new_0.25\seed_102\best_model.pt,C:\projects\stencil-transformers\data\heat_new_0.25\seed_102\val.npy,C:\projects\stencil-transformers\data\heat_new_0.25\seed_102\test.npy,2048,2048,4,4,0.004964830952764526,5.960464477539063e-08,6.254294821622652e-09,1.8292188315172098e-06,0.9965808930490645,all,original,True,none,test,6.254294821622652e-09,0.0,1.0
heat,0.25,103,C:\projects\stencil-transformers\final_checkpoints\heat_new_0.25\seed_103\best_model.pt,C:\projects\stencil-transformers\data\heat_new_0.25\seed_103\val.npy,C:\projects\stencil-transformers\data\heat_new_0.25\seed_103\test.npy,2048,2048,4,4,0.007337344693519597,5.960464477539063e-08,3.087708395389799e-09,1.5382454421342118e-06,0.9979927075934606,all,frozen_per_head_validation,True,validation,test,2.0512479094458858e-07,0.13160672555591058,66.43269528005192
heat,0.25,103,C:\projects\stencil-transformers\final_checkpoints\heat_new_0.25\seed_103\best_model.pt,C:\projects\stencil-transformers\data\heat_new_0.25\seed_103\val.npy,C:\projects\stencil-transformers\data\heat_new_0.25\seed_103\test.npy,2048,2048,4,4,0.007337344693519597,5.960464477539063e-08,3.087708395389799e-09,1.5382454421342118e-06,0.9979927075934606,all,frozen_layer_mean_validation,False,validation,test,4.294693357609347e-07,0.27774450663588013,139.08999191833257
heat,0.25,103,C:\projects\stencil-transformers\final_checkpoints\heat_new_0.25\seed_103\best_model.pt,C:\projects\stencil-transformers\data\heat_new_0.25\seed_103\val.npy,C:\projects\stencil-transformers\data\heat_new_0.25\seed_103\test.npy,2048,2048,4,4,0.007337344693519597,5.960464477539063e-08,3.087708395389799e-09,1.5382454421342118e-06,0.9979927075934606,all,analytical_stencil,False,validation,test,3.307187223100527e-05,21.540968589639345,10710.814622386066
heat,0.25,103,C:\projects\stencil-transformers\final_checkpoints\heat_new_0.25\seed_103\best_model.pt,C:\projects\stencil-transformers\data\heat_new_0.25\seed_103\val.npy,C:\projects\stencil-transformers\data\heat_new_0.25\seed_103\test.npy,2048,2048,4,4,0.007337344693519597,5.960464477539063e-08,3.087708395389799e-09,1.5382454421342118e-06,0.9979927075934606,all,original,True,none,test,3.087708395389799e-09,0.0,1.0
heat,0.25,104,C:\projects\stencil-transformers\final_checkpoints\heat_new_0.25\seed_104\best_model.pt,C:\projects\stencil-transformers\data\heat_new_0.25\seed_104\val.npy,C:\projects\stencil-transformers\data\heat_new_0.25\seed_104\test.npy,2048,2048,4,4,0.008383564782444267,1.1920928955078125e-07,4.380065705966718e-09,1.409583546774229e-06,0.9968926526448253,all,frozen_per_head_validation,True,validation,test,4.745931622106292e-07,0.3346227808567607,108.35297780216345
heat,0.25,104,C:\projects\stencil-transformers\final_checkpoints\heat_new_0.25\seed_104\best_model.pt,C:\projects\stencil-transformers\data\heat_new_0.25\seed_104\val.npy,C:\projects\stencil-transformers\data\heat_new_0.25\seed_104\test.npy,2048,2048,4,4,0.008383564782444267,1.1920928955078125e-07,4.380065705966718e-09,1.409583546774229e-06,0.9968926526448253,all,frozen_layer_mean_validation,False,validation,test,3.782371566507514e-07,0.2660519248504647,86.35421978613246
heat,0.25,104,C:\projects\stencil-transformers\final_checkpoints\heat_new_0.25\seed_104\best_model.pt,C:\projects\stencil-transformers\data\heat_new_0.25\seed_104\val.npy,C:\projects\stencil-transformers\data\heat_new_0.25\seed_104\test.npy,2048,2048,4,4,0.008383564782444267,1.1920928955078125e-07,4.380065705966718e-09,1.409583546774229e-06,0.9968926526448253,all,analytical_stencil,False,validation,test,1.4686764979288114e-05,10.448582793447338,3353.0923883815617
heat,0.25,104,C:\projects\stencil-transformers\final_checkpoints\heat_new_0.25\seed_104\best_model.pt,C:\projects\stencil-transformers\data\heat_new_0.25\seed_104\val.npy,C:\projects\stencil-transformers\data\heat_new_0.25\seed_104\test.npy,2048,2048,4,4,0.008383564782444267,1.1920928955078125e-07,4.380065705966718e-09,1.409583546774229e-06,0.9968926526448253,all,original,True,none,test,4.380065705966718e-09,0.0,1.0
heat,0.25,105,C:\projects\stencil-transformers\final_checkpoints\heat_new_0.25\seed_105\best_model.pt,C:\projects\stencil-transformers\data\heat_new_0.25\seed_105\val.npy,C:\projects\stencil-transformers\data\heat_new_0.25\seed_105\test.npy,2048,2048,4,4,0.0053442709747205976,5.960464477539063e-08,4.385061024361758e-09,1.5513038533754298e-06,0.9971733061741448,all,frozen_per_head_validation,True,validation,test,2.977013037093468e-07,0.18961321314042054,67.88988843152461
heat,0.25,105,C:\projects\stencil-transformers\final_checkpoints\heat_new_0.25\seed_105\best_model.pt,C:\projects\stencil-transformers\data\heat_new_0.25\seed_105\val.npy,C:\projects\stencil-transformers\data\heat_new_0.25\seed_105\test.npy,2048,2048,4,4,0.0053442709747205976,5.960464477539063e-08,4.385061024361758e-09,1.5513038533754298e-06,0.9971733061741448,all,frozen_layer_mean_validation,False,validation,test,3.4396975751027625e-07,0.2195232860089574,78.44127039494069
heat,0.25,105,C:\projects\stencil-transformers\final_checkpoints\heat_new_0.25\seed_105\best_model.pt,C:\projects\stencil-transformers\data\heat_new_0.25\seed_105\val.npy,C:\projects\stencil-transformers\data\heat_new_0.25\seed_105\test.npy,2048,2048,4,4,0.0053442709747205976,5.960464477539063e-08,4.385061024361758e-09,1.5513038533754298e-06,0.9971733061741448,all,analytical_stencil,False,validation,test,6.518491187534892e-05,42.13571335264512,14865.223428637808
heat,0.25,105,C:\projects\stencil-transformers\final_checkpoints\heat_new_0.25\seed_105\best_model.pt,C:\projects\stencil-transformers\data\heat_new_0.25\seed_105\val.npy,C:\projects\stencil-transformers\data\heat_new_0.25\seed_105\test.npy,2048,2048,4,4,0.0053442709747205976,5.960464477539063e-08,4.385061024361758e-09,1.5513038533754298e-06,0.9971733061741448,all,original,True,none,test,4.385061024361758e-09,0.0,1.0
heat,0.25,106,C:\projects\stencil-transformers\final_checkpoints\heat_new_0.25\seed_106\best_model.pt,C:\projects\stencil-transformers\data\heat_new_0.25\seed_106\val.npy,C:\projects\stencil-transformers\data\heat_new_0.25\seed_106\test.npy,2048,2048,4,4,0.00423791132669422,1.1920928955078125e-07,3.8262109132089495e-09,1.2565260476549156e-06,0.9969549290917209,all,frozen_per_head_validation,True,validation,test,4.1648772305599713e-07,0.32941771048372426,108.85121926190395
heat,0.25,106,C:\projects\stencil-transformers\final_checkpoints\heat_new_0.25\seed_106\best_model.pt,C:\projects\stencil-transformers\data\heat_new_0.25\seed_106\val.npy,C:\projects\stencil-transformers\data\heat_new_0.25\seed_106\test.npy,2048,2048,4,4,0.00423791132669422,1.1920928955078125e-07,3.8262109132089495e-09,1.2565260476549156e-06,0.9969549290917209,all,frozen_layer_mean_validation,False,validation,test,3.988572687546599e-07,0.31534374497001083,104.24340889774632
heat,0.25,106,C:\projects\stencil-transformers\final_checkpoints\heat_new_0.25\seed_106\best_model.pt,C:\projects\stencil-transformers\data\heat_new_0.25\seed_106\val.npy,C:\projects\stencil-transformers\data\heat_new_0.25\seed_106\test.npy,2048,2048,4,4,0.00423791132669422,1.1920928955078125e-07,3.8262109132089495e-09,1.2565260476549156e-06,0.9969549290917209,all,analytical_stencil,False,validation,test,6.208810786745289e-05,49.56038137437771,16227.047927000218
heat,0.25,106,C:\projects\stencil-transformers\final_checkpoints\heat_new_0.25\seed_106\best_model.pt,C:\projects\stencil-transformers\data\heat_new_0.25\seed_106\val.npy,C:\projects\stencil-transformers\data\heat_new_0.25\seed_106\test.npy,2048,2048,4,4,0.00423791132669422,1.1920928955078125e-07,3.8262109132089495e-09,1.2565260476549156e-06,0.9969549290917209,all,original,True,none,test,3.8262109132089495e-09,0.0,1.0
heat,0.25,107,C:\projects\stencil-transformers\final_checkpoints\heat_new_0.25\seed_107\best_model.pt,C:\projects\stencil-transformers\data\heat_new_0.25\seed_107\val.npy,C:\projects\stencil-transformers\data\heat_new_0.25\seed_107\test.npy,2048,2048,4,4,0.007928083965287248,5.960464477539063e-08,3.9106434674730794e-09,1.0953534683721955e-06,0.9964297885747468,all,frozen_per_head_validation,True,validation,test,2.486782255273906e-07,0.22426056269258496,63.59010418509917
heat,0.25,107,C:\projects\stencil-transformers\final_checkpoints\heat_new_0.25\seed_107\best_model.pt,C:\projects\stencil-transformers\data\heat_new_0.25\seed_107\val.npy,C:\projects\stencil-transformers\data\heat_new_0.25\seed_107\test.npy,2048,2048,4,4,0.007928083965287248,5.960464477539063e-08,3.9106434674730794e-09,1.0953534683721955e-06,0.9964297885747468,all,frozen_layer_mean_validation,False,validation,test,2.6309496026222234e-07,0.2374694403413892,67.27664192620072
heat,0.25,107,C:\projects\stencil-transformers\final_checkpoints\heat_new_0.25\seed_107\best_model.pt,C:\projects\stencil-transformers\data\heat_new_0.25\seed_107\val.npy,C:\projects\stencil-transformers\data\heat_new_0.25\seed_107\test.npy,2048,2048,4,4,0.007928083965287248,5.960464477539063e-08,3.9106434674730794e-09,1.0953534683721955e-06,0.9964297885747468,all,analytical_stencil,False,validation,test,1.7230960212444302e-05,15.783739812922096,4406.170072972248
heat,0.25,107,C:\projects\stencil-transformers\final_checkpoints\heat_new_0.25\seed_107\best_model.pt,C:\projects\stencil-transformers\data\heat_new_0.25\seed_107\val.npy,C:\projects\stencil-transformers\data\heat_new_0.25\seed_107\test.npy,2048,2048,4,4,0.007928083965287248,5.960464477539063e-08,3.9106434674730794e-09,1.0953534683721955e-06,0.9964297885747468,all,original,True,none,test,3.9106434674730794e-09,0.0,1.0
heat,0.25,108,C:\projects\stencil-transformers\final_checkpoints\heat_new_0.25\seed_108\best_model.pt,C:\projects\stencil-transformers\data\heat_new_0.25\seed_108\val.npy,C:\projects\stencil-transformers\data\heat_new_0.25\seed_108\test.npy,2048,2048,4,4,0.005713597787862283,1.1920928955078125e-07,4.849646809135244e-09,2.254218770758598e-06,0.9978486352469227,all,frozen_per_head_validation,True,validation,test,3.5493632413556575e-07,0.15563771797122614,73.18807700943805
heat,0.25,108,C:\projects\stencil-transformers\final_checkpoints\heat_new_0.25\seed_108\best_model.pt,C:\projects\stencil-transformers\data\heat_new_0.25\seed_108\val.npy,C:\projects\stencil-transformers\data\heat_new_0.25\seed_108\test.npy,2048,2048,4,4,0.005713597787862283,1.1920928955078125e-07,4.849646809135244e-09,2.254218770758598e-06,0.9978486352469227,all,frozen_layer_mean_validation,False,validation,test,5.879549600518175e-07,0.25923060249838437,121.23665561465033
heat,0.25,108,C:\projects\stencil-transformers\final_checkpoints\heat_new_0.25\seed_108\best_model.pt,C:\projects\stencil-transformers\data\heat_new_0.25\seed_108\val.npy,C:\projects\stencil-transformers\data\heat_new_0.25\seed_108\test.npy,2048,2048,4,4,0.005713597787862283,1.1920928955078125e-07,4.849646809135244e-09,2.254218770758598e-06,0.9978486352469227,all,analytical_stencil,False,validation,test,5.3786548008361024e-05,23.909681069650983,11090.817563671584
heat,0.25,108,C:\projects\stencil-transformers\final_checkpoints\heat_new_0.25\seed_108\best_model.pt,C:\projects\stencil-transformers\data\heat_new_0.25\seed_108\val.npy,C:\projects\stencil-transformers\data\heat_new_0.25\seed_108\test.npy,2048,2048,4,4,0.005713597787862283,1.1920928955078125e-07,4.849646809135244e-09,2.254218770758598e-06,0.9978486352469227,all,original,True,none,test,4.849646809135244e-09,0.0,1.0
heat,0.25,109,C:\projects\stencil-transformers\final_checkpoints\heat_new_0.25\seed_109\best_model.pt,C:\projects\stencil-transformers\data\heat_new_0.25\seed_109\val.npy,C:\projects\stencil-transformers\data\heat_new_0.25\seed_109\test.npy,2048,2048,4,4,0.007015642197061096,5.960464477539063e-08,4.092499889321588e-09,1.3975263755128253e-06,0.9970716116983339,all,frozen_per_head_validation,True,validation,test,2.109270450731393e-07,0.14843513481489595,51.53990245021231
heat,0.25,109,C:\projects\stencil-transformers\final_checkpoints\heat_new_0.25\seed_109\best_model.pt,C:\projects\stencil-transformers\data\heat_new_0.25\seed_109\val.npy,C:\projects\stencil-transformers\data\heat_new_0.25\seed_109\test.npy,2048,2048,4,4,0.007015642197061096,5.960464477539063e-08,4.092499889321588e-09,1.3975263755128253e-06,0.9970716116983339,all,frozen_layer_mean_validation,False,validation,test,2.956787271690686e-07,0.20925731201222184,72.24892734647896
heat,0.25,109,C:\projects\stencil-transformers\final_checkpoints\heat_new_0.25\seed_109\best_model.pt,C:\projects\stencil-transformers\data\heat_new_0.25\seed_109\val.npy,C:\projects\stencil-transformers\data\heat_new_0.25\seed_109\test.npy,2048,2048,4,4,0.007015642197061096,5.960464477539063e-08,4.092499889321588e-09,1.3975263755128253e-06,0.9970716116983339,all,analytical_stencil,False,validation,test,3.294005216325502e-05,23.63654296019481,8048.882847670761
heat,0.25,109,C:\projects\stencil-transformers\final_checkpoints\heat_new_0.25\seed_109\best_model.pt,C:\projects\stencil-transformers\data\heat_new_0.25\seed_109\val.npy,C:\projects\stencil-transformers\data\heat_new_0.25\seed_109\test.npy,2048,2048,4,4,0.007015642197061096,5.960464477539063e-08,4.092499889321588e-09,1.3975263755128253e-06,0.9970716116983339,all,original,True,none,test,4.092499889321588e-09,0.0,1.0
heat,0.25,110,C:\projects\stencil-transformers\final_checkpoints\heat_new_0.25\seed_110\best_model.pt,C:\projects\stencil-transformers\data\heat_new_0.25\seed_110\val.npy,C:\projects\stencil-transformers\data\heat_new_0.25\seed_110\test.npy,2048,2048,4,4,0.0104275965498673,5.960464477539063e-08,1.7511162667474545e-09,9.94239258034213e-07,0.9982387375547715,all,frozen_per_head_validation,True,validation,test,3.9314165034554094e-08,0.037847352715885095,22.450916470313373
heat,0.25,110,C:\projects\stencil-transformers\final_checkpoints\heat_new_0.25\seed_110\best_model.pt,C:\projects\stencil-transformers\data\heat_new_0.25\seed_110\val.npy,C:\projects\stencil-transformers\data\heat_new_0.25\seed_110\test.npy,2048,2048,4,4,0.0104275965498673,5.960464477539063e-08,1.7511162667474545e-09,9.94239258034213e-07,0.9982387375547715,all,frozen_layer_mean_validation,False,validation,test,5.706650459957885e-07,0.5732198761749381,325.8864398854275
heat,0.25,110,C:\projects\stencil-transformers\final_checkpoints\heat_new_0.25\seed_110\best_model.pt,C:\projects\stencil-transformers\data\heat_new_0.25\seed_110\val.npy,C:\projects\stencil-transformers\data\heat_new_0.25\seed_110\test.npy,2048,2048,4,4,0.0104275965498673,5.960464477539063e-08,1.7511162667474545e-09,9.94239258034213e-07,0.9982387375547715,all,analytical_stencil,False,validation,test,1.6245793821312304e-06,1.6351109877992906,927.7393014849578
heat,0.25,110,C:\projects\stencil-transformers\final_checkpoints\heat_new_0.25\seed_110\best_model.pt,C:\projects\stencil-transformers\data\heat_new_0.25\seed_110\val.npy,C:\projects\stencil-transformers\data\heat_new_0.25\seed_110\test.npy,2048,2048,4,4,0.0104275965498673,5.960464477539063e-08,1.7511162667474545e-09,9.94239258034213e-07,0.9982387375547715,all,original,True,none,test,1.7511162667474545e-09,0.0,1.0
heat,0.25,111,C:\projects\stencil-transformers\final_checkpoints\heat_new_0.25\seed_111\best_model.pt,C:\projects\stencil-transformers\data\heat_new_0.25\seed_111\val.npy,C:\projects\stencil-transformers\data\heat_new_0.25\seed_111\test.npy,2048,2048,4,4,0.005422087934694637,1.1920928955078125e-07,4.407348619742124e-09,1.7184506759804208e-06,0.9974352777875177,all,frozen_per_head_validation,True,validation,test,3.112913286168473e-07,0.17904097002591632,70.63006707081435
heat,0.25,111,C:\projects\stencil-transformers\final_checkpoints\heat_new_0.25\seed_111\best_model.pt,C:\projects\stencil-transformers\data\heat_new_0.25\seed_111\val.npy,C:\projects\stencil-transformers\data\heat_new_0.25\seed_111\test.npy,2048,2048,4,4,0.005422087934694637,1.1920928955078125e-07,4.407348619742124e-09,1.7184506759804208e-06,0.9974352777875177,all,frozen_layer_mean_validation,False,validation,test,5.047975956962159e-07,0.2919355882601787,114.53543598412956
heat,0.25,111,C:\projects\stencil-transformers\final_checkpoints\heat_new_0.25\seed_111\best_model.pt,C:\projects\stencil-transformers\data\heat_new_0.25\seed_111\val.npy,C:\projects\stencil-transformers\data\heat_new_0.25\seed_111\test.npy,2048,2048,4,4,0.005422087934694637,1.1920928955078125e-07,4.407348619742124e-09,1.7184506759804208e-06,0.9974352777875177,all,analytical_stencil,False,validation,test,4.253235383799847e-05,24.811476939071422,9650.326649333008
heat,0.25,111,C:\projects\stencil-transformers\final_checkpoints\heat_new_0.25\seed_111\best_model.pt,C:\projects\stencil-transformers\data\heat_new_0.25\seed_111\val.npy,C:\projects\stencil-transformers\data\heat_new_0.25\seed_111\test.npy,2048,2048,4,4,0.005422087934694637,1.1920928955078125e-07,4.407348619742124e-09,1.7184506759804208e-06,0.9974352777875177,all,original,True,none,test,4.407348619742124e-09,0.0,1.0
heat,0.25,112,C:\projects\stencil-transformers\final_checkpoints\heat_new_0.25\seed_112\best_model.pt,C:\projects\stencil-transformers\data\heat_new_0.25\seed_112\val.npy,C:\projects\stencil-transformers\data\heat_new_0.25\seed_112\test.npy,2048,2048,4,4,0.0069112168797304035,1.1920928955078125e-07,3.4956255234169786e-09,1.3619168157674721e-06,0.997433304675479,all,frozen_per_head_validation,True,validation,test,2.0038398919515477e-07,0.14493911394032705,57.32421503756476
heat,0.25,112,C:\projects\stencil-transformers\final_checkpoints\heat_new_0.25\seed_112\best_model.pt,C:\projects\stencil-transformers\data\heat_new_0.25\seed_112\val.npy,C:\projects\stencil-transformers\data\heat_new_0.25\seed_112\test.npy,2048,2048,4,4,0.0069112168797304035,1.1920928955078125e-07,3.4956255234169786e-09,1.3619168157674721e-06,0.997433304675479,all,frozen_layer_mean_validation,False,validation,test,3.9352886793686537e-07,0.2871224662973453,112.57752448042271
heat,0.25,112,C:\projects\stencil-transformers\final_checkpoints\heat_new_0.25\seed_112\best_model.pt,C:\projects\stencil-transformers\data\heat_new_0.25\seed_112\val.npy,C:\projects\stencil-transformers\data\heat_new_0.25\seed_112\test.npy,2048,2048,4,4,0.0069112168797304035,1.1920928955078125e-07,3.4956255234169786e-09,1.3619168157674721e-06,0.997433304675479,all,analytical_stencil,False,validation,test,3.658415732843423e-05,26.928806739490497,10465.696935601147
heat,0.25,112,C:\projects\stencil-transformers\final_checkpoints\heat_new_0.25\seed_112\best_model.pt,C:\projects\stencil-transformers\data\heat_new_0.25\seed_112\val.npy,C:\projects\stencil-transformers\data\heat_new_0.25\seed_112\test.npy,2048,2048,4,4,0.0069112168797304035,1.1920928955078125e-07,3.4956255234169786e-09,1.3619168157674721e-06,0.997433304675479,all,original,True,none,test,3.4956255234169786e-09,0.0,1.0
heat,0.25,113,C:\projects\stencil-transformers\final_checkpoints\heat_new_0.25\seed_113\best_model.pt,C:\projects\stencil-transformers\data\heat_new_0.25\seed_113\val.npy,C:\projects\stencil-transformers\data\heat_new_0.25\seed_113\test.npy,2048,2048,4,4,0.008263354428154665,1.1920928955078125e-07,3.8317026756357064e-09,1.8667876702238573e-06,0.9979474351921468,all,frozen_per_head_validation,True,validation,test,1.3711958756282283e-07,0.07154644941104173,35.785549968350225
heat,0.25,113,C:\projects\stencil-transformers\final_checkpoints\heat_new_0.25\seed_113\best_model.pt,C:\projects\stencil-transformers\data\heat_new_0.25\seed_113\val.npy,C:\projects\stencil-transformers\data\heat_new_0.25\seed_113\test.npy,2048,2048,4,4,0.008263354428154665,1.1920928955078125e-07,3.8317026756357064e-09,1.8667876702238573e-06,0.9979474351921468,all,frozen_layer_mean_validation,False,validation,test,5.345205840168177e-07,0.28486388867236895,139.49949389748434
heat,0.25,113,C:\projects\stencil-transformers\final_checkpoints\heat_new_0.25\seed_113\best_model.pt,C:\projects\stencil-transformers\data\heat_new_0.25\seed_113\val.npy,C:\projects\stencil-transformers\data\heat_new_0.25\seed_113\test.npy,2048,2048,4,4,0.008263354428154665,1.1920928955078125e-07,3.8317026756357064e-09,1.8667876702238573e-06,0.9979474351921468,all,analytical_stencil,False,validation,test,1.5186832026614638e-05,8.149951254038966,3963.468283481843
heat,0.25,113,C:\projects\stencil-transformers\final_checkpoints\heat_new_0.25\seed_113\best_model.pt,C:\projects\stencil-transformers\data\heat_new_0.25\seed_113\val.npy,C:\projects\stencil-transformers\data\heat_new_0.25\seed_113\test.npy,2048,2048,4,4,0.008263354428154665,1.1920928955078125e-07,3.8317026756357064e-09,1.8667876702238573e-06,0.9979474351921468,all,original,True,none,test,3.8317026756357064e-09,0.0,1.0
heat,0.25,114,C:\projects\stencil-transformers\final_checkpoints\heat_new_0.25\seed_114\best_model.pt,C:\projects\stencil-transformers\data\heat_new_0.25\seed_114\val.npy,C:\projects\stencil-transformers\data\heat_new_0.25\seed_114\test.npy,2048,2048,4,4,0.0048017000235799755,5.960464477539063e-08,3.6958041592372037e-09,1.430339921171253e-06,0.9974161357698729,all,frozen_per_head_validation,True,validation,test,2.7853406036129624e-07,0.19264668246604083,75.3649404460826
heat,0.25,114,C:\projects\stencil-transformers\final_checkpoints\heat_new_0.25\seed_114\best_model.pt,C:\projects\stencil-transformers\data\heat_new_0.25\seed_114\val.npy,C:\projects\stencil-transformers\data\heat_new_0.25\seed_114\test.npy,2048,2048,4,4,0.0048017000235799755,5.960464477539063e-08,3.6958041592372037e-09,1.430339921171253e-06,0.9974161357698729,all,frozen_layer_mean_validation,False,validation,test,3.731130495399082e-07,0.25894141431318124,100.95584978640127
heat,0.25,114,C:\projects\stencil-transformers\final_checkpoints\heat_new_0.25\seed_114\best_model.pt,C:\projects\stencil-transformers\data\heat_new_0.25\seed_114\val.npy,C:\projects\stencil-transformers\data\heat_new_0.25\seed_114\test.npy,2048,2048,4,4,0.0048017000235799755,5.960464477539063e-08,3.6958041592372037e-09,1.430339921171253e-06,0.9974161357698729,all,analytical_stencil,False,validation,test,6.583307458640775e-05,46.142817257132435,17812.922912017984
heat,0.25,114,C:\projects\stencil-transformers\final_checkpoints\heat_new_0.25\seed_114\best_model.pt,C:\projects\stencil-transformers\data\heat_new_0.25\seed_114\val.npy,C:\projects\stencil-transformers\data\heat_new_0.25\seed_114\test.npy,2048,2048,4,4,0.0048017000235799755,5.960464477539063e-08,3.6958041592372037e-09,1.430339921171253e-06,0.9974161357698729,all,original,True,none,test,3.6958041592372037e-09,0.0,1.0
heat,0.25,115,C:\projects\stencil-transformers\final_checkpoints\heat_new_0.25\seed_115\best_model.pt,C:\projects\stencil-transformers\data\heat_new_0.25\seed_115\val.npy,C:\projects\stencil-transformers\data\heat_new_0.25\seed_115\test.npy,2048,2048,4,4,0.00524169747765178,5.960464477539063e-08,3.156877335930286e-09,1.0465505511092488e-06,0.9969835405154731,all,frozen_per_head_validation,True,validation,test,2.296875062091086e-07,0.2171094521341645,72.7578178584576
heat,0.25,115,C:\projects\stencil-transformers\final_checkpoints\heat_new_0.25\seed_115\best_model.pt,C:\projects\stencil-transformers\data\heat_new_0.25\seed_115\val.npy,C:\projects\stencil-transformers\data\heat_new_0.25\seed_115\test.npy,2048,2048,4,4,0.00524169747765178,5.960464477539063e-08,3.156877335930286e-09,1.0465505511092488e-06,0.9969835405154731,all,frozen_layer_mean_validation,False,validation,test,3.0086210467406005e-07,0.28532397197839193,95.303704470798
heat,0.25,115,C:\projects\stencil-transformers\final_checkpoints\heat_new_0.25\seed_115\best_model.pt,C:\projects\stencil-transformers\data\heat_new_0.25\seed_115\val.npy,C:\projects\stencil-transformers\data\heat_new_0.25\seed_115\test.npy,2048,2048,4,4,0.00524169747765178,5.960464477539063e-08,3.156877335930286e-09,1.0465505511092488e-06,0.9969835405154731,all,analytical_stencil,False,validation,test,3.80752235713544e-05,36.488688450961206,12061.039920049407
heat,0.25,115,C:\projects\stencil-transformers\final_checkpoints\heat_new_0.25\seed_115\best_model.pt,C:\projects\stencil-transformers\data\heat_new_0.25\seed_115\val.npy,C:\projects\stencil-transformers\data\heat_new_0.25\seed_115\test.npy,2048,2048,4,4,0.00524169747765178,5.960464477539063e-08,3.156877335930286e-09,1.0465505511092488e-06,0.9969835405154731,all,original,True,none,test,3.156877335930286e-09,0.0,1.0
heat,0.25,116,C:\projects\stencil-transformers\final_checkpoints\heat_new_0.25\seed_116\best_model.pt,C:\projects\stencil-transformers\data\heat_new_0.25\seed_116\val.npy,C:\projects\stencil-transformers\data\heat_new_0.25\seed_116\test.npy,2048,2048,4,4,0.005164966126935488,1.1920928955078125e-07,3.294764888868429e-09,1.258470206266793e-06,0.9973819285729122,all,frozen_per_head_validation,True,validation,test,3.3036584095452737e-07,0.26057797602110677,100.26992884095894
heat,0.25,116,C:\projects\stencil-transformers\final_checkpoints\heat_new_0.25\seed_116\best_model.pt,C:\projects\stencil-transformers\data\heat_new_0.25\seed_116\val.npy,C:\projects\stencil-transformers\data\heat_new_0.25\seed_116\test.npy,2048,2048,4,4,0.005164966126935488,1.1920928955078125e-07,3.294764888868429e-09,1.258470206266793e-06,0.9973819285729122,all,frozen_layer_mean_validation,False,validation,test,3.6739755920889294e-07,0.2900811968726177,111.50949205819474
heat,0.25,116,C:\projects\stencil-transformers\final_checkpoints\heat_new_0.25\seed_116\best_model.pt,C:\projects\stencil-transformers\data\heat_new_0.25\seed_116\val.npy,C:\projects\stencil-transformers\data\heat_new_0.25\seed_116\test.npy,2048,2048,4,4,0.005164966126935488,1.1920928955078125e-07,3.294764888868429e-09,1.258470206266793e-06,0.9973819285729122,all,analytical_stencil,False,validation,test,3.2010282147609814e-05,25.50001085711481,9715.498139414613
heat,0.25,116,C:\projects\stencil-transformers\final_checkpoints\heat_new_0.25\seed_116\best_model.pt,C:\projects\stencil-transformers\data\heat_new_0.25\seed_116\val.npy,C:\projects\stencil-transformers\data\heat_new_0.25\seed_116\test.npy,2048,2048,4,4,0.005164966126935488,1.1920928955078125e-07,3.294764888868429e-09,1.258470206266793e-06,0.9973819285729122,all,original,True,none,test,3.294764888868429e-09,0.0,1.0
heat,0.25,117,C:\projects\stencil-transformers\final_checkpoints\heat_new_0.25\seed_117\best_model.pt,C:\projects\stencil-transformers\data\heat_new_0.25\seed_117\val.npy,C:\projects\stencil-transformers\data\heat_new_0.25\seed_117\test.npy,2048,2048,4,4,0.004770381782304661,1.1920928955078125e-07,3.6235239513765505e-09,9.156280498245906e-07,0.9960425808797899,all,frozen_per_head_validation,True,validation,test,2.3433530664182523e-07,0.25297219053770575,64.67055545549877
heat,0.25,117,C:\projects\stencil-transformers\final_checkpoints\heat_new_0.25\seed_117\best_model.pt,C:\projects\stencil-transformers\data\heat_new_0.25\seed_117\val.npy,C:\projects\stencil-transformers\data\heat_new_0.25\seed_117\test.npy,2048,2048,4,4,0.004770381782304661,1.1920928955078125e-07,3.6235239513765505e-09,9.156280498245906e-07,0.9960425808797899,all,frozen_layer_mean_validation,False,validation,test,2.3926366471416216e-07,0.2583760651156506,66.0306563237336
heat,0.25,117,C:\projects\stencil-transformers\final_checkpoints\heat_new_0.25\seed_117\best_model.pt,C:\projects\stencil-transformers\data\heat_new_0.25\seed_117\val.npy,C:\projects\stencil-transformers\data\heat_new_0.25\seed_117\test.npy,2048,2048,4,4,0.004770381782304661,1.1920928955078125e-07,3.6235239513765505e-09,9.156280498245906e-07,0.9960425808797899,all,analytical_stencil,False,validation,test,4.694774997915374e-05,51.47356742583588,12956.379096464543
heat,0.25,117,C:\projects\stencil-transformers\final_checkpoints\heat_new_0.25\seed_117\best_model.pt,C:\projects\stencil-transformers\data\heat_new_0.25\seed_117\val.npy,C:\projects\stencil-transformers\data\heat_new_0.25\seed_117\test.npy,2048,2048,4,4,0.004770381782304661,1.1920928955078125e-07,3.6235239513765505e-09,9.156280498245906e-07,0.9960425808797899,all,original,True,none,test,3.6235239513765505e-09,0.0,1.0
heat,0.25,118,C:\projects\stencil-transformers\final_checkpoints\heat_new_0.25\seed_118\best_model.pt,C:\projects\stencil-transformers\data\heat_new_0.25\seed_118\val.npy,C:\projects\stencil-transformers\data\heat_new_0.25\seed_118\test.npy,2048,2048,4,4,0.007288307212079072,5.960464477539063e-08,3.6547528814087626e-09,1.6998551473079715e-06,0.9978499621646016,all,frozen_per_head_validation,True,validation,test,1.9329077649912763e-07,0.11180048315094834,52.88750916166504
heat,0.25,118,C:\projects\stencil-transformers\final_checkpoints\heat_new_0.25\seed_118\best_model.pt,C:\projects\stencil-transformers\data\heat_new_0.25\seed_118\val.npy,C:\projects\stencil-transformers\data\heat_new_0.25\seed_118\test.npy,2048,2048,4,4,0.007288307212079072,5.960464477539063e-08,3.6547528814087626e-09,1.6998551473079715e-06,0.9978499621646016,all,frozen_layer_mean_validation,False,validation,test,4.1430624042604336e-07,0.2421008088985053,113.36094501315358
heat,0.25,118,C:\projects\stencil-transformers\final_checkpoints\heat_new_0.25\seed_118\best_model.pt,C:\projects\stencil-transformers\data\heat_new_0.25\seed_118\val.npy,C:\projects\stencil-transformers\data\heat_new_0.25\seed_118\test.npy,2048,2048,4,4,0.007288307212079072,5.960464477539063e-08,3.6547528814087626e-09,1.6998551473079715e-06,0.9978499621646016,all,analytical_stencil,False,validation,test,2.5782606993374202e-05,15.198058157042185,7054.541806239996
heat,0.25,118,C:\projects\stencil-transformers\final_checkpoints\heat_new_0.25\seed_118\best_model.pt,C:\projects\stencil-transformers\data\heat_new_0.25\seed_118\val.npy,C:\projects\stencil-transformers\data\heat_new_0.25\seed_118\test.npy,2048,2048,4,4,0.007288307212079072,5.960464477539063e-08,3.6547528814087626e-09,1.6998551473079715e-06,0.9978499621646016,all,original,True,none,test,3.6547528814087626e-09,0.0,1.0
heat,0.25,119,C:\projects\stencil-transformers\final_checkpoints\heat_new_0.25\seed_119\best_model.pt,C:\projects\stencil-transformers\data\heat_new_0.25\seed_119\val.npy,C:\projects\stencil-transformers\data\heat_new_0.25\seed_119\test.npy,2048,2048,4,4,0.005755006172326211,1.1920928955078125e-07,2.3191462561120146e-09,9.805770559978555e-07,0.9976349168666281,all,frozen_per_head_validation,True,validation,test,1.8285926068478675e-07,0.18455267535361577,78.84766223901087
heat,0.25,119,C:\projects\stencil-transformers\final_checkpoints\heat_new_0.25\seed_119\best_model.pt,C:\projects\stencil-transformers\data\heat_new_0.25\seed_119\val.npy,C:\projects\stencil-transformers\data\heat_new_0.25\seed_119\test.npy,2048,2048,4,4,0.005755006172326211,1.1920928955078125e-07,2.3191462561120146e-09,9.805770559978555e-07,0.9976349168666281,all,frozen_layer_mean_validation,False,validation,test,3.4920134223126453e-07,0.35459176207093296,150.5732298301406
heat,0.25,119,C:\projects\stencil-transformers\final_checkpoints\heat_new_0.25\seed_119\best_model.pt,C:\projects\stencil-transformers\data\heat_new_0.25\seed_119\val.npy,C:\projects\stencil-transformers\data\heat_new_0.25\seed_119\test.npy,2048,2048,4,4,0.005755006172326211,1.1920928955078125e-07,2.3191462561120146e-09,9.805770559978555e-07,0.9976349168666281,all,analytical_stencil,False,validation,test,4.5839781549261716e-05,46.85621444666522,19765.800207060187
heat,0.25,119,C:\projects\stencil-transformers\final_checkpoints\heat_new_0.25\seed_119\best_model.pt,C:\projects\stencil-transformers\data\heat_new_0.25\seed_119\val.npy,C:\projects\stencil-transformers\data\heat_new_0.25\seed_119\test.npy,2048,2048,4,4,0.005755006172326211,1.1920928955078125e-07,2.3191462561120146e-09,9.805770559978555e-07,0.9976349168666281,all,original,True,none,test,2.3191462561120146e-09,0.0,1.0
heat,0.4,100,C:\projects\stencil-transformers\final_checkpoints\heat_new_0.4\seed_100\best_model.pt,C:\projects\stencil-transformers\data\heat_new_0.4\seed_100\val.npy,C:\projects\stencil-transformers\data\heat_new_0.4\seed_100\test.npy,2048,2048,4,4,0.007805709584356623,1.1920928955078125e-07,4.659476719390265e-09,2.0929508082190296e-06,0.997773728507573,all,frozen_per_head_validation,True,validation,test,3.705785079667623e-07,0.1752241297599981,79.53221580110305
heat,0.4,100,C:\projects\stencil-transformers\final_checkpoints\heat_new_0.4\seed_100\best_model.pt,C:\projects\stencil-transformers\data\heat_new_0.4\seed_100\val.npy,C:\projects\stencil-transformers\data\heat_new_0.4\seed_100\test.npy,2048,2048,4,4,0.007805709584356623,1.1920928955078125e-07,4.659476719390265e-09,2.0929508082190296e-06,0.997773728507573,all,frozen_layer_mean_validation,False,validation,test,1.2481315947443505e-06,0.595449542536769,267.8694776068502
heat,0.4,100,C:\projects\stencil-transformers\final_checkpoints\heat_new_0.4\seed_100\best_model.pt,C:\projects\stencil-transformers\data\heat_new_0.4\seed_100\val.npy,C:\projects\stencil-transformers\data\heat_new_0.4\seed_100\test.npy,2048,2048,4,4,0.007805709584356623,1.1920928955078125e-07,4.659476719390265e-09,2.0929508082190296e-06,0.997773728507573,all,analytical_stencil,False,validation,test,4.133461448674325e-05,19.791278346371374,8871.085097330899
heat,0.4,100,C:\projects\stencil-transformers\final_checkpoints\heat_new_0.4\seed_100\best_model.pt,C:\projects\stencil-transformers\data\heat_new_0.4\seed_100\val.npy,C:\projects\stencil-transformers\data\heat_new_0.4\seed_100\test.npy,2048,2048,4,4,0.007805709584356623,1.1920928955078125e-07,4.659476719390265e-09,2.0929508082190296e-06,0.997773728507573,all,original,True,none,test,4.659476719390265e-09,0.0,1.0
heat,0.4,101,C:\projects\stencil-transformers\final_checkpoints\heat_new_0.4\seed_101\best_model.pt,C:\projects\stencil-transformers\data\heat_new_0.4\seed_101\val.npy,C:\projects\stencil-transformers\data\heat_new_0.4\seed_101\test.npy,2048,2048,4,4,0.007558883700361151,5.960464477539063e-08,5.557504859088347e-09,2.943897470686352e-06,0.998112194832046,all,frozen_per_head_validation,True,validation,test,3.370978885891551e-07,0.11283254748799107,60.65633717582618
heat,0.4,101,C:\projects\stencil-transformers\final_checkpoints\heat_new_0.4\seed_101\best_model.pt,C:\projects\stencil-transformers\data\heat_new_0.4\seed_101\val.npy,C:\projects\stencil-transformers\data\heat_new_0.4\seed_101\test.npy,2048,2048,4,4,0.007558883700361151,5.960464477539063e-08,5.557504859088347e-09,2.943897470686352e-06,0.998112194832046,all,frozen_layer_mean_validation,False,validation,test,5.376573313786714e-07,0.18108858495200542,96.74437450098222
heat,0.4,101,C:\projects\stencil-transformers\final_checkpoints\heat_new_0.4\seed_101\best_model.pt,C:\projects\stencil-transformers\data\heat_new_0.4\seed_101\val.npy,C:\projects\stencil-transformers\data\heat_new_0.4\seed_101\test.npy,2048,2048,4,4,0.007558883700361151,5.960464477539063e-08,5.557504859088347e-09,2.943897470686352e-06,0.998112194832046,all,analytical_stencil,False,validation,test,2.630278386561713e-05,8.949688145889644,4732.8404621371465
heat,0.4,101,C:\projects\stencil-transformers\final_checkpoints\heat_new_0.4\seed_101\best_model.pt,C:\projects\stencil-transformers\data\heat_new_0.4\seed_101\val.npy,C:\projects\stencil-transformers\data\heat_new_0.4\seed_101\test.npy,2048,2048,4,4,0.007558883700361151,5.960464477539063e-08,5.557504859088347e-09,2.943897470686352e-06,0.998112194832046,all,original,True,none,test,5.557504859088347e-09,0.0,1.0
heat,0.4,102,C:\projects\stencil-transformers\final_checkpoints\heat_new_0.4\seed_102\best_model.pt,C:\projects\stencil-transformers\data\heat_new_0.4\seed_102\val.npy,C:\projects\stencil-transformers\data\heat_new_0.4\seed_102\test.npy,2048,2048,4,4,0.005673847508973975,1.1920928955078125e-07,7.009539091523687e-09,2.7831304123537848e-06,0.9974814191026012,all,frozen_per_head_validation,True,validation,test,6.19521475495044e-07,0.22063590325004415,88.38262650453049
heat,0.4,102,C:\projects\stencil-transformers\final_checkpoints\heat_new_0.4\seed_102\best_model.pt,C:\projects\stencil-transformers\data\heat_new_0.4\seed_102\val.npy,C:\projects\stencil-transformers\data\heat_new_0.4\seed_102\test.npy,2048,2048,4,4,0.005673847508973975,1.1920928955078125e-07,7.009539091523687e-09,2.7831304123537848e-06,0.9974814191026012,all,frozen_layer_mean_validation,False,validation,test,7.527463149747948e-07,0.2686254705498269,107.38884613469898
heat,0.4,102,C:\projects\stencil-transformers\final_checkpoints\heat_new_0.4\seed_102\best_model.pt,C:\projects\stencil-transformers\data\heat_new_0.4\seed_102\val.npy,C:\projects\stencil-transformers\data\heat_new_0.4\seed_102\test.npy,2048,2048,4,4,0.005673847508973975,1.1920928955078125e-07,7.009539091523687e-09,2.7831304123537848e-06,0.9974814191026012,all,analytical_stencil,False,validation,test,0.00013231212837183648,47.65827025293435,18876.009769577497
heat,0.4,102,C:\projects\stencil-transformers\final_checkpoints\heat_new_0.4\seed_102\best_model.pt,C:\projects\stencil-transformers\data\heat_new_0.4\seed_102\val.npy,C:\projects\stencil-transformers\data\heat_new_0.4\seed_102\test.npy,2048,2048,4,4,0.005673847508973975,1.1920928955078125e-07,7.009539091523687e-09,2.7831304123537848e-06,0.9974814191026012,all,original,True,none,test,7.009539091523687e-09,0.0,1.0
heat,0.4,103,C:\projects\stencil-transformers\final_checkpoints\heat_new_0.4\seed_103\best_model.pt,C:\projects\stencil-transformers\data\heat_new_0.4\seed_103\val.npy,C:\projects\stencil-transformers\data\heat_new_0.4\seed_103\test.npy,2048,2048,4,4,0.005212482999421035,1.1920928955078125e-07,4.76809161251146e-09,2.4861972178769065e-06,0.9980821748257834,all,frozen_per_head_validation,True,validation,test,8.572164952314054e-07,0.3435312314973069,179.78188442983594
heat,0.4,103,C:\projects\stencil-transformers\final_checkpoints\heat_new_0.4\seed_103\best_model.pt,C:\projects\stencil-transformers\data\heat_new_0.4\seed_103\val.npy,C:\projects\stencil-transformers\data\heat_new_0.4\seed_103\test.npy,2048,2048,4,4,0.005212482999421035,1.1920928955078125e-07,4.76809161251146e-09,2.4861972178769065e-06,0.9980821748257834,all,frozen_layer_mean_validation,False,validation,test,9.086248810297182e-07,0.3642484807848996,190.56363737758073
heat,0.4,103,C:\projects\stencil-transformers\final_checkpoints\heat_new_0.4\seed_103\best_model.pt,C:\projects\stencil-transformers\data\heat_new_0.4\seed_103\val.npy,C:\projects\stencil-transformers\data\heat_new_0.4\seed_103\test.npy,2048,2048,4,4,0.005212482999421035,1.1920928955078125e-07,4.76809161251146e-09,2.4861972178769065e-06,0.9980821748257834,all,analytical_stencil,False,validation,test,0.00013358981186684105,53.833914642700584,28017.459126897167
heat,0.4,103,C:\projects\stencil-transformers\final_checkpoints\heat_new_0.4\seed_103\best_model.pt,C:\projects\stencil-transformers\data\heat_new_0.4\seed_103\val.npy,C:\projects\stencil-transformers\data\heat_new_0.4\seed_103\test.npy,2048,2048,4,4,0.005212482999421035,1.1920928955078125e-07,4.76809161251146e-09,2.4861972178769065e-06,0.9980821748257834,all,original,True,none,test,4.76809161251146e-09,0.0,1.0
heat,0.4,104,C:\projects\stencil-transformers\final_checkpoints\heat_new_0.4\seed_104\best_model.pt,C:\projects\stencil-transformers\data\heat_new_0.4\seed_104\val.npy,C:\projects\stencil-transformers\data\heat_new_0.4\seed_104\test.npy,2048,2048,4,4,0.00734774294235783,1.1920928955078125e-07,6.230756594699516e-09,2.122154455719283e-06,0.9970639476415548,all,frozen_per_head_validation,True,validation,test,2.3679001868309735e-07,0.10896388285824608,38.00341340320273
heat,0.4,104,C:\projects\stencil-transformers\final_checkpoints\heat_new_0.4\seed_104\best_model.pt,C:\projects\stencil-transformers\data\heat_new_0.4\seed_104\val.npy,C:\projects\stencil-transformers\data\heat_new_0.4\seed_104\test.npy,2048,2048,4,4,0.00734774294235783,1.1920928955078125e-07,6.230756594699516e-09,2.122154455719283e-06,0.9970639476415548,all,frozen_layer_mean_validation,False,validation,test,8.570253727802069e-07,0.40209134976724575,137.547560999137
heat,0.4,104,C:\projects\stencil-transformers\final_checkpoints\heat_new_0.4\seed_104\best_model.pt,C:\projects\stencil-transformers\data\heat_new_0.4\seed_104\val.npy,C:\projects\stencil-transformers\data\heat_new_0.4\seed_104\test.npy,2048,2048,4,4,0.00734774294235783,1.1920928955078125e-07,6.230756594699516e-09,2.122154455719283e-06,0.9970639476415548,all,analytical_stencil,False,validation,test,3.258652030524445e-05,15.397667487787544,5229.945964020757
heat,0.4,104,C:\projects\stencil-transformers\final_checkpoints\heat_new_0.4\seed_104\best_model.pt,C:\projects\stencil-transformers\data\heat_new_0.4\seed_104\val.npy,C:\projects\stencil-transformers\data\heat_new_0.4\seed_104\test.npy,2048,2048,4,4,0.00734774294235783,1.1920928955078125e-07,6.230756594699516e-09,2.122154455719283e-06,0.9970639476415548,all,original,True,none,test,6.230756594699516e-09,0.0,1.0
heat,0.4,105,C:\projects\stencil-transformers\final_checkpoints\heat_new_0.4\seed_105\best_model.pt,C:\projects\stencil-transformers\data\heat_new_0.4\seed_105\val.npy,C:\projects\stencil-transformers\data\heat_new_0.4\seed_105\test.npy,2048,2048,4,4,0.0063110665484459785,5.960464477539063e-08,5.57502054937542e-09,2.244626330138999e-06,0.9975162812292993,all,frozen_per_head_validation,True,validation,test,6.192968309490232e-07,0.2740990381824397,111.08422389912162
heat,0.4,105,C:\projects\stencil-transformers\final_checkpoints\heat_new_0.4\seed_105\best_model.pt,C:\projects\stencil-transformers\data\heat_new_0.4\seed_105\val.npy,C:\projects\stencil-transformers\data\heat_new_0.4\seed_105\test.npy,2048,2048,4,4,0.0063110665484459785,5.960464477539063e-08,5.57502054937542e-09,2.244626330138999e-06,0.9975162812292993,all,frozen_layer_mean_validation,False,validation,test,5.802675000776691e-07,0.25666784725608816,104.08347286588524
heat,0.4,105,C:\projects\stencil-transformers\final_checkpoints\heat_new_0.4\seed_105\best_model.pt,C:\projects\stencil-transformers\data\heat_new_0.4\seed_105\val.npy,C:\projects\stencil-transformers\data\heat_new_0.4\seed_105\test.npy,2048,2048,4,4,0.0063110665484459785,5.960464477539063e-08,5.57502054937542e-09,2.244626330138999e-06,0.9975162812292993,all,analytical_stencil,False,validation,test,0.00011622688529655534,51.90649708572653,20847.794957379385
heat,0.4,105,C:\projects\stencil-transformers\final_checkpoints\heat_new_0.4\seed_105\best_model.pt,C:\projects\stencil-transformers\data\heat_new_0.4\seed_105\val.npy,C:\projects\stencil-transformers\data\heat_new_0.4\seed_105\test.npy,2048,2048,4,4,0.0063110665484459785,5.960464477539063e-08,5.57502054937542e-09,2.244626330138999e-06,0.9975162812292993,all,original,True,none,test,5.57502054937542e-09,0.0,1.0
heat,0.4,106,C:\projects\stencil-transformers\final_checkpoints\heat_new_0.4\seed_106\best_model.pt,C:\projects\stencil-transformers\data\heat_new_0.4\seed_106\val.npy,C:\projects\stencil-transformers\data\heat_new_0.4\seed_106\test.npy,2048,2048,4,4,0.004842770298712388,5.960464477539063e-08,4.152645756774764e-09,1.9695812625286635e-06,0.9978916098382032,all,frozen_per_head_validation,True,validation,test,6.496282758915173e-07,0.32841469012235186,156.4372002672494
heat,0.4,106,C:\projects\stencil-transformers\final_checkpoints\heat_new_0.4\seed_106\best_model.pt,C:\projects\stencil-transformers\data\heat_new_0.4\seed_106\val.npy,C:\projects\stencil-transformers\data\heat_new_0.4\seed_106\test.npy,2048,2048,4,4,0.004842770298712388,5.960464477539063e-08,4.152645756774764e-09,1.9695812625286635e-06,0.9978916098382032,all,frozen_layer_mean_validation,False,validation,test,6.765403776573531e-07,0.34210742947507256,162.91791240647547
heat,0.4,106,C:\projects\stencil-transformers\final_checkpoints\heat_new_0.4\seed_106\best_model.pt,C:\projects\stencil-transformers\data\heat_new_0.4\seed_106\val.npy,C:\projects\stencil-transformers\data\heat_new_0.4\seed_106\test.npy,2048,2048,4,4,0.004842770298712388,5.960464477539063e-08,4.152645756774764e-09,1.9695812625286635e-06,0.9978916098382032,all,analytical_stencil,False,validation,test,8.668703753755835e-05,44.1038072571537,20875.134219222586
heat,0.4,106,C:\projects\stencil-transformers\final_checkpoints\heat_new_0.4\seed_106\best_model.pt,C:\projects\stencil-transformers\data\heat_new_0.4\seed_106\val.npy,C:\projects\stencil-transformers\data\heat_new_0.4\seed_106\test.npy,2048,2048,4,4,0.004842770298712388,5.960464477539063e-08,4.152645756774764e-09,1.9695812625286635e-06,0.9978916098382032,all,original,True,none,test,4.152645756774764e-09,0.0,1.0
heat,0.4,107,C:\projects\stencil-transformers\final_checkpoints\heat_new_0.4\seed_107\best_model.pt,C:\projects\stencil-transformers\data\heat_new_0.4\seed_107\val.npy,C:\projects\stencil-transformers\data\heat_new_0.4\seed_107\test.npy,2048,2048,4,4,0.009525154740654237,1.1920928955078125e-07,4.866420351759548e-09,1.4828101484454237e-06,0.9967181096266022,all,frozen_per_head_validation,True,validation,test,1.1697930927395683e-07,0.07585734611615211,24.038061001380758
heat,0.4,107,C:\projects\stencil-transformers\final_checkpoints\heat_new_0.4\seed_107\best_model.pt,C:\projects\stencil-transformers\data\heat_new_0.4\seed_107\val.npy,C:\projects\stencil-transformers\data\heat_new_0.4\seed_107\test.npy,2048,2048,4,4,0.009525154740654237,1.1920928955078125e-07,4.866420351759548e-09,1.4828101484454237e-06,0.9967181096266022,all,frozen_layer_mean_validation,False,validation,test,8.097893706426884e-07,0.5446235435020007,166.40349828183122
heat,0.4,107,C:\projects\stencil-transformers\final_checkpoints\heat_new_0.4\seed_107\best_model.pt,C:\projects\stencil-transformers\data\heat_new_0.4\seed_107\val.npy,C:\projects\stencil-transformers\data\heat_new_0.4\seed_107\test.npy,2048,2048,4,4,0.009525154740654237,1.1920928955078125e-07,4.866420351759548e-09,1.4828101484454237e-06,0.9967181096266022,all,analytical_stencil,False,validation,test,1.8260830831451358e-05,12.352273002062926,3752.415433008947
heat,0.4,107,C:\projects\stencil-transformers\final_checkpoints\heat_new_0.4\seed_107\best_model.pt,C:\projects\stencil-transformers\data\heat_new_0.4\seed_107\val.npy,C:\projects\stencil-transformers\data\heat_new_0.4\seed_107\test.npy,2048,2048,4,4,0.009525154740654237,1.1920928955078125e-07,4.866420351759548e-09,1.4828101484454237e-06,0.9967181096266022,all,original,True,none,test,4.866420351759548e-09,0.0,1.0
heat,0.4,108,C:\projects\stencil-transformers\final_checkpoints\heat_new_0.4\seed_108\best_model.pt,C:\projects\stencil-transformers\data\heat_new_0.4\seed_108\val.npy,C:\projects\stencil-transformers\data\heat_new_0.4\seed_108\test.npy,2048,2048,4,4,0.004518285304333392,1.7881393432617188e-07,5.8964176128523116e-09,4.07569632443483e-06,0.9985532735651815,all,frozen_per_head_validation,True,validation,test,8.356516650407514e-07,0.20388109155858666,141.72192675418665
heat,0.4,108,C:\projects\stencil-transformers\final_checkpoints\heat_new_0.4\seed_108\best_model.pt,C:\projects\stencil-transformers\data\heat_new_0.4\seed_108\val.npy,C:\projects\stencil-transformers\data\heat_new_0.4\seed_108\test.npy,2048,2048,4,4,0.004518285304333392,1.7881393432617188e-07,5.8964176128523116e-09,4.07569632443483e-06,0.9985532735651815,all,frozen_layer_mean_validation,False,validation,test,1.124601715890572e-06,0.2748796805470698,190.72626630774906
heat,0.4,108,C:\projects\stencil-transformers\final_checkpoints\heat_new_0.4\seed_108\best_model.pt,C:\projects\stencil-transformers\data\heat_new_0.4\seed_108\val.npy,C:\projects\stencil-transformers\data\heat_new_0.4\seed_108\test.npy,2048,2048,4,4,0.004518285304333392,1.7881393432617188e-07,5.8964176128523116e-09,4.07569632443483e-06,0.9985532735651815,all,analytical_stencil,False,validation,test,9.304376254704039e-05,22.860550459366166,15779.71043710246
heat,0.4,108,C:\projects\stencil-transformers\final_checkpoints\heat_new_0.4\seed_108\best_model.pt,C:\projects\stencil-transformers\data\heat_new_0.4\seed_108\val.npy,C:\projects\stencil-transformers\data\heat_new_0.4\seed_108\test.npy,2048,2048,4,4,0.004518285304333392,1.7881393432617188e-07,5.8964176128523116e-09,4.07569632443483e-06,0.9985532735651815,all,original,True,none,test,5.8964176128523116e-09,0.0,1.0
heat,0.4,109,C:\projects\stencil-transformers\final_checkpoints\heat_new_0.4\seed_109\best_model.pt,C:\projects\stencil-transformers\data\heat_new_0.4\seed_109\val.npy,C:\projects\stencil-transformers\data\heat_new_0.4\seed_109\test.npy,2048,2048,4,4,0.0058904307009611445,1.1920928955078125e-07,4.6944731730419464e-09,2.0372965536807897e-06,0.997695734003692,all,frozen_per_head_validation,True,validation,test,3.978334864006283e-07,0.19341661459353596,84.74507612168084
heat,0.4,109,C:\projects\stencil-transformers\final_checkpoints\heat_new_0.4\seed_109\best_model.pt,C:\projects\stencil-transformers\data\heat_new_0.4\seed_109\val.npy,C:\projects\stencil-transformers\data\heat_new_0.4\seed_109\test.npy,2048,2048,4,4,0.0058904307009611445,1.1920928955078125e-07,4.6944731730419464e-09,2.0372965536807897e-06,0.997695734003692,all,frozen_layer_mean_validation,False,validation,test,3.7273395725456737e-07,0.181068142953779,79.39846357946945
heat,0.4,109,C:\projects\stencil-transformers\final_checkpoints\heat_new_0.4\seed_109\best_model.pt,C:\projects\stencil-transformers\data\heat_new_0.4\seed_109\val.npy,C:\projects\stencil-transformers\data\heat_new_0.4\seed_109\test.npy,2048,2048,4,4,0.0058904307009611445,1.1920928955078125e-07,4.6944731730419464e-09,2.0372965536807897e-06,0.997695734003692,all,analytical_stencil,False,validation,test,0.00010537203787919225,51.83864781821843,22445.977215141436
heat,0.4,109,C:\projects\stencil-transformers\final_checkpoints\heat_new_0.4\seed_109\best_model.pt,C:\projects\stencil-transformers\data\heat_new_0.4\seed_109\val.npy,C:\projects\stencil-transformers\data\heat_new_0.4\seed_109\test.npy,2048,2048,4,4,0.0058904307009611445,1.1920928955078125e-07,4.6944731730419464e-09,2.0372965536807897e-06,0.997695734003692,all,original,True,none,test,4.6944731730419464e-09,0.0,1.0
heat,0.4,110,C:\projects\stencil-transformers\final_checkpoints\heat_new_0.4\seed_110\best_model.pt,C:\projects\stencil-transformers\data\heat_new_0.4\seed_110\val.npy,C:\projects\stencil-transformers\data\heat_new_0.4\seed_110\test.npy,2048,2048,4,4,0.010286874766218555,5.960464477539063e-08,3.1358716404833453e-09,1.340942844763049e-06,0.9976614427283532,all,frozen_per_head_validation,True,validation,test,5.173257381883845e-07,0.3843528079000323,164.97031686815052
heat,0.4,110,C:\projects\stencil-transformers\final_checkpoints\heat_new_0.4\seed_110\best_model.pt,C:\projects\stencil-transformers\data\heat_new_0.4\seed_110\val.npy,C:\projects\stencil-transformers\data\heat_new_0.4\seed_110\test.npy,2048,2048,4,4,0.010286874766218555,5.960464477539063e-08,3.1358716404833453e-09,1.340942844763049e-06,0.9976614427283532,all,frozen_layer_mean_validation,False,validation,test,4.791567836948118e-07,0.35582182005170115,152.7985959339067
heat,0.4,110,C:\projects\stencil-transformers\final_checkpoints\heat_new_0.4\seed_110\best_model.pt,C:\projects\stencil-transformers\data\heat_new_0.4\seed_110\val.npy,C:\projects\stencil-transformers\data\heat_new_0.4\seed_110\test.npy,2048,2048,4,4,0.010286874766218555,5.960464477539063e-08,3.1358716404833453e-09,1.340942844763049e-06,0.9976614427283532,all,analytical_stencil,False,validation,test,1.1884333005696135e-05,8.881099719732987,3789.8021246380963
heat,0.4,110,C:\projects\stencil-transformers\final_checkpoints\heat_new_0.4\seed_110\best_model.pt,C:\projects\stencil-transformers\data\heat_new_0.4\seed_110\val.npy,C:\projects\stencil-transformers\data\heat_new_0.4\seed_110\test.npy,2048,2048,4,4,0.010286874766218555,5.960464477539063e-08,3.1358716404833453e-09,1.340942844763049e-06,0.9976614427283532,all,original,True,none,test,3.1358716404833453e-09,0.0,1.0
heat,0.4,111,C:\projects\stencil-transformers\final_checkpoints\heat_new_0.4\seed_111\best_model.pt,C:\projects\stencil-transformers\data\heat_new_0.4\seed_111\val.npy,C:\projects\stencil-transformers\data\heat_new_0.4\seed_111\test.npy,2048,2048,4,4,0.00655460398462609,1.1920928955078125e-07,4.995501065759023e-09,2.7629396299744258e-06,0.998191961557334,all,frozen_per_head_validation,True,validation,test,5.813709859853536e-07,0.2089873681189,116.3789134127668
heat,0.4,111,C:\projects\stencil-transformers\final_checkpoints\heat_new_0.4\seed_111\best_model.pt,C:\projects\stencil-transformers\data\heat_new_0.4\seed_111\val.npy,C:\projects\stencil-transformers\data\heat_new_0.4\seed_111\test.npy,2048,2048,4,4,0.00655460398462609,1.1920928955078125e-07,4.995501065759023e-09,2.7629396299744258e-06,0.998191961557334,all,frozen_layer_mean_validation,False,validation,test,7.594670521360314e-07,0.27356302949067385,152.03020520637943
heat,0.4,111,C:\projects\stencil-transformers\final_checkpoints\heat_new_0.4\seed_111\best_model.pt,C:\projects\stencil-transformers\data\heat_new_0.4\seed_111\val.npy,C:\projects\stencil-transformers\data\heat_new_0.4\seed_111\test.npy,2048,2048,4,4,0.00655460398462609,1.1920928955078125e-07,4.995501065759023e-09,2.7629396299744258e-06,0.998191961557334,all,analytical_stencil,False,validation,test,9.400053542663045e-05,34.08174188168171,18817.038409008506
heat,0.4,111,C:\projects\stencil-transformers\final_checkpoints\heat_new_0.4\seed_111\best_model.pt,C:\projects\stencil-transformers\data\heat_new_0.4\seed_111\val.npy,C:\projects\stencil-transformers\data\heat_new_0.4\seed_111\test.npy,2048,2048,4,4,0.00655460398462609,1.1920928955078125e-07,4.995501065759023e-09,2.7629396299744258e-06,0.998191961557334,all,original,True,none,test,4.995501065759023e-09,0.0,1.0
heat,0.4,112,C:\projects\stencil-transformers\final_checkpoints\heat_new_0.4\seed_112\best_model.pt,C:\projects\stencil-transformers\data\heat_new_0.4\seed_112\val.npy,C:\projects\stencil-transformers\data\heat_new_0.4\seed_112\test.npy,2048,2048,4,4,0.008931043613021567,1.1920928955078125e-07,4.055913193842797e-09,2.260064320580568e-06,0.9982053992194342,all,frozen_per_head_validation,True,validation,test,1.4094661935151742e-07,0.060678278374079124,34.75089643572395
heat,0.4,112,C:\projects\stencil-transformers\final_checkpoints\heat_new_0.4\seed_112\best_model.pt,C:\projects\stencil-transformers\data\heat_new_0.4\seed_112\val.npy,C:\projects\stencil-transformers\data\heat_new_0.4\seed_112\test.npy,2048,2048,4,4,0.008931043613021567,1.1920928955078125e-07,4.055913193842797e-09,2.260064320580568e-06,0.9982053992194342,all,frozen_layer_mean_validation,False,validation,test,5.104195239802323e-07,0.22445111867864972,125.84577124458437
heat,0.4,112,C:\projects\stencil-transformers\final_checkpoints\heat_new_0.4\seed_112\best_model.pt,C:\projects\stencil-transformers\data\heat_new_0.4\seed_112\val.npy,C:\projects\stencil-transformers\data\heat_new_0.4\seed_112\test.npy,2048,2048,4,4,0.008931043613021567,1.1920928955078125e-07,4.055913193842797e-09,2.260064320580568e-06,0.9982053992194342,all,analytical_stencil,False,validation,test,1.1835745439725542e-05,5.244523685191883,2918.1456490965234
heat,0.4,112,C:\projects\stencil-transformers\final_checkpoints\heat_new_0.4\seed_112\best_model.pt,C:\projects\stencil-transformers\data\heat_new_0.4\seed_112\val.npy,C:\projects\stencil-transformers\data\heat_new_0.4\seed_112\test.npy,2048,2048,4,4,0.008931043613021567,1.1920928955078125e-07,4.055913193842797e-09,2.260064320580568e-06,0.9982053992194342,all,original,True,none,test,4.055913193842797e-09,0.0,1.0
heat,0.4,113,C:\projects\stencil-transformers\final_checkpoints\heat_new_0.4\seed_113\best_model.pt,C:\projects\stencil-transformers\data\heat_new_0.4\seed_113\val.npy,C:\projects\stencil-transformers\data\heat_new_0.4\seed_113\test.npy,2048,2048,4,4,0.008183280426445564,1.1920928955078125e-07,4.563456407896682e-09,3.2740458664193284e-06,0.9986061721203413,all,frozen_per_head_validation,True,validation,test,3.0893633033886314e-07,0.09309512508736886,67.69788132615324
heat,0.4,113,C:\projects\stencil-transformers\final_checkpoints\heat_new_0.4\seed_113\best_model.pt,C:\projects\stencil-transformers\data\heat_new_0.4\seed_113\val.npy,C:\projects\stencil-transformers\data\heat_new_0.4\seed_113\test.npy,2048,2048,4,4,0.008183280426445564,1.1920928955078125e-07,4.563456407896682e-09,3.2740458664193284e-06,0.9986061721203413,all,frozen_layer_mean_validation,False,validation,test,8.445929378098072e-07,0.25693041774125136,185.07746372865736
heat,0.4,113,C:\projects\stencil-transformers\final_checkpoints\heat_new_0.4\seed_113\best_model.pt,C:\projects\stencil-transformers\data\heat_new_0.4\seed_113\val.npy,C:\projects\stencil-transformers\data\heat_new_0.4\seed_113\test.npy,2048,2048,4,4,0.008183280426445564,1.1920928955078125e-07,4.563456407896682e-09,3.2740458664193284e-06,0.9986061721203413,all,analytical_stencil,False,validation,test,6.732083693350432e-05,20.589275314945358,14752.159529126038
heat,0.4,113,C:\projects\stencil-transformers\final_checkpoints\heat_new_0.4\seed_113\best_model.pt,C:\projects\stencil-transformers\data\heat_new_0.4\seed_113\val.npy,C:\projects\stencil-transformers\data\heat_new_0.4\seed_113\test.npy,2048,2048,4,4,0.008183280426445564,1.1920928955078125e-07,4.563456407896682e-09,3.2740458664193284e-06,0.9986061721203413,all,original,True,none,test,4.563456407896682e-09,0.0,1.0
heat,0.4,114,C:\projects\stencil-transformers\final_checkpoints\heat_new_0.4\seed_114\best_model.pt,C:\projects\stencil-transformers\data\heat_new_0.4\seed_114\val.npy,C:\projects\stencil-transformers\data\heat_new_0.4\seed_114\test.npy,2048,2048,4,4,0.004696281216847292,1.1920928955078125e-07,5.616884264127153e-09,2.1999139789841138e-06,0.9974467709565985,all,frozen_per_head_validation,True,validation,test,4.639456593485969e-07,0.20887270743206124,82.59840109429291
heat,0.4,114,C:\projects\stencil-transformers\final_checkpoints\heat_new_0.4\seed_114\best_model.pt,C:\projects\stencil-transformers\data\heat_new_0.4\seed_114\val.npy,C:\projects\stencil-transformers\data\heat_new_0.4\seed_114\test.npy,2048,2048,4,4,0.004696281216847292,1.1920928955078125e-07,5.616884264127153e-09,2.1999139789841138e-06,0.9974467709565985,all,frozen_layer_mean_validation,False,validation,test,5.668250112333961e-07,0.25575758557019124,100.91449005874772
heat,0.4,114,C:\projects\stencil-transformers\final_checkpoints\heat_new_0.4\seed_114\best_model.pt,C:\projects\stencil-transformers\data\heat_new_0.4\seed_114\val.npy,C:\projects\stencil-transformers\data\heat_new_0.4\seed_114\test.npy,2048,2048,4,4,0.004696281216847292,1.1920928955078125e-07,5.616884264127153e-09,2.1999139789841138e-06,0.9974467709565985,all,analytical_stencil,False,validation,test,9.320561085246482e-05,42.47373529886294,16593.827907000446
heat,0.4,114,C:\projects\stencil-transformers\final_checkpoints\heat_new_0.4\seed_114\best_model.pt,C:\projects\stencil-transformers\data\heat_new_0.4\seed_114\val.npy,C:\projects\stencil-transformers\data\heat_new_0.4\seed_114\test.npy,2048,2048,4,4,0.004696281216847292,1.1920928955078125e-07,5.616884264127153e-09,2.1999139789841138e-06,0.9974467709565985,all,original,True,none,test,5.616884264127153e-09,0.0,1.0
heat,0.4,115,C:\projects\stencil-transformers\final_checkpoints\heat_new_0.4\seed_115\best_model.pt,C:\projects\stencil-transformers\data\heat_new_0.4\seed_115\val.npy,C:\projects\stencil-transformers\data\heat_new_0.4\seed_115\test.npy,2048,2048,4,4,0.008099263031874561,1.1920928955078125e-07,3.342660496487293e-09,1.5601780205543037e-06,0.9978575134039513,all,frozen_per_head_validation,True,validation,test,1.840477002329477e-07,0.11607202943395989,55.06024330809491
heat,0.4,115,C:\projects\stencil-transformers\final_checkpoints\heat_new_0.4\seed_115\best_model.pt,C:\projects\stencil-transformers\data\heat_new_0.4\seed_115\val.npy,C:\projects\stencil-transformers\data\heat_new_0.4\seed_115\test.npy,2048,2048,4,4,0.008099263031874561,1.1920928955078125e-07,3.342660496487293e-09,1.5601780205543037e-06,0.9978575134039513,all,frozen_layer_mean_validation,False,validation,test,5.783932321978824e-07,0.369371473988129,173.0337953273147
heat,0.4,115,C:\projects\stencil-transformers\final_checkpoints\heat_new_0.4\seed_115\best_model.pt,C:\projects\stencil-transformers\data\heat_new_0.4\seed_115\val.npy,C:\projects\stencil-transformers\data\heat_new_0.4\seed_115\test.npy,2048,2048,4,4,0.008099263031874561,1.1920928955078125e-07,3.342660496487293e-09,1.5601780205543037e-06,0.9978575134039513,all,analytical_stencil,False,validation,test,2.9595990227448965e-05,19.008206215109023,8854.02219535922
heat,0.4,115,C:\projects\stencil-transformers\final_checkpoints\heat_new_0.4\seed_115\best_model.pt,C:\projects\stencil-transformers\data\heat_new_0.4\seed_115\val.npy,C:\projects\stencil-transformers\data\heat_new_0.4\seed_115\test.npy,2048,2048,4,4,0.008099263031874561,1.1920928955078125e-07,3.342660496487293e-09,1.5601780205543037e-06,0.9978575134039513,all,original,True,none,test,3.342660496487293e-09,0.0,1.0
heat,0.4,116,C:\projects\stencil-transformers\final_checkpoints\heat_new_0.4\seed_116\best_model.pt,C:\projects\stencil-transformers\data\heat_new_0.4\seed_116\val.npy,C:\projects\stencil-transformers\data\heat_new_0.4\seed_116\test.npy,2048,2048,4,4,0.0047904274987329905,5.960464477539063e-08,4.447002639393349e-09,1.9541357687558047e-06,0.9977243123479467,all,frozen_per_head_validation,True,validation,test,5.47489022985348e-07,0.2785275423357139,123.1141664130056
heat,0.4,116,C:\projects\stencil-transformers\final_checkpoints\heat_new_0.4\seed_116\best_model.pt,C:\projects\stencil-transformers\data\heat_new_0.4\seed_116\val.npy,C:\projects\stencil-transformers\data\heat_new_0.4\seed_116\test.npy,2048,2048,4,4,0.0047904274987329905,5.960464477539063e-08,4.447002639393349e-09,1.9541357687558047e-06,0.9977243123479467,all,frozen_layer_mean_validation,False,validation,test,6.915140231406047e-07,0.3523983070743037,155.50114969910152
heat,0.4,116,C:\projects\stencil-transformers\final_checkpoints\heat_new_0.4\seed_116\best_model.pt,C:\projects\stencil-transformers\data\heat_new_0.4\seed_116\val.npy,C:\projects\stencil-transformers\data\heat_new_0.4\seed_116\test.npy,2048,2048,4,4,0.0047904274987329905,5.960464477539063e-08,4.447002639393349e-09,1.9541357687558047e-06,0.9977243123479467,all,analytical_stencil,False,validation,test,8.918425731962998e-05,45.74053657529556,20054.91441124854
heat,0.4,116,C:\projects\stencil-transformers\final_checkpoints\heat_new_0.4\seed_116\best_model.pt,C:\projects\stencil-transformers\data\heat_new_0.4\seed_116\val.npy,C:\projects\stencil-transformers\data\heat_new_0.4\seed_116\test.npy,2048,2048,4,4,0.0047904274987329905,5.960464477539063e-08,4.447002639393349e-09,1.9541357687558047e-06,0.9977243123479467,all,original,True,none,test,4.447002639393349e-09,0.0,1.0
heat,0.4,117,C:\projects\stencil-transformers\final_checkpoints\heat_new_0.4\seed_117\best_model.pt,C:\projects\stencil-transformers\data\heat_new_0.4\seed_117\val.npy,C:\projects\stencil-transformers\data\heat_new_0.4\seed_117\test.npy,2048,2048,4,4,0.008525810727667445,5.960464477539063e-08,5.025289653154408e-09,1.3189255696488544e-06,0.9961898610741982,all,frozen_per_head_validation,True,validation,test,1.68612121051806e-07,0.12450475419579557,33.55271689582452
heat,0.4,117,C:\projects\stencil-transformers\final_checkpoints\heat_new_0.4\seed_117\best_model.pt,C:\projects\stencil-transformers\data\heat_new_0.4\seed_117\val.npy,C:\projects\stencil-transformers\data\heat_new_0.4\seed_117\test.npy,2048,2048,4,4,0.008525810727667445,5.960464477539063e-08,5.025289653154408e-09,1.3189255696488544e-06,0.9961898610741982,all,frozen_layer_mean_validation,False,validation,test,4.3653008496846724e-07,0.3284151787506469,86.86665149628826
heat,0.4,117,C:\projects\stencil-transformers\final_checkpoints\heat_new_0.4\seed_117\best_model.pt,C:\projects\stencil-transformers\data\heat_new_0.4\seed_117\val.npy,C:\projects\stencil-transformers\data\heat_new_0.4\seed_117\test.npy,2048,2048,4,4,0.008525810727667445,5.960464477539063e-08,5.025289653154408e-09,1.3189255696488544e-06,0.9961898610741982,all,analytical_stencil,False,validation,test,2.1148433980044956e-05,16.092095429389055,4208.400995705779
heat,0.4,117,C:\projects\stencil-transformers\final_checkpoints\heat_new_0.4\seed_117\best_model.pt,C:\projects\stencil-transformers\data\heat_new_0.4\seed_117\val.npy,C:\projects\stencil-transformers\data\heat_new_0.4\seed_117\test.npy,2048,2048,4,4,0.008525810727667445,5.960464477539063e-08,5.025289653154408e-09,1.3189255696488544e-06,0.9961898610741982,all,original,True,none,test,5.025289653154408e-09,0.0,1.0
heat,0.4,118,C:\projects\stencil-transformers\final_checkpoints\heat_new_0.4\seed_118\best_model.pt,C:\projects\stencil-transformers\data\heat_new_0.4\seed_118\val.npy,C:\projects\stencil-transformers\data\heat_new_0.4\seed_118\test.npy,2048,2048,4,4,0.007500538173653377,1.1920928955078125e-07,4.053571060411154e-09,2.8495460355770774e-06,0.998577467775638,all,frozen_per_head_validation,True,validation,test,4.4609461701504427e-07,0.15534781816043852,110.04978335566587
heat,0.4,118,C:\projects\stencil-transformers\final_checkpoints\heat_new_0.4\seed_118\best_model.pt,C:\projects\stencil-transformers\data\heat_new_0.4\seed_118\val.npy,C:\projects\stencil-transformers\data\heat_new_0.4\seed_118\test.npy,2048,2048,4,4,0.007500538173653377,1.1920928955078125e-07,4.053571060411154e-09,2.8495460355770774e-06,0.998577467775638,all,frozen_layer_mean_validation,False,validation,test,7.677090331226211e-07,0.2683737425366628,189.39079189221178
heat,0.4,118,C:\projects\stencil-transformers\final_checkpoints\heat_new_0.4\seed_118\best_model.pt,C:\projects\stencil-transformers\data\heat_new_0.4\seed_118\val.npy,C:\projects\stencil-transformers\data\heat_new_0.4\seed_118\test.npy,2048,2048,4,4,0.007500538173653377,1.1920928955078125e-07,4.053571060411154e-09,2.8495460355770774e-06,0.998577467775638,all,analytical_stencil,False,validation,test,3.6317446109990215e-05,12.761725076329792,8959.370779183166
heat,0.4,118,C:\projects\stencil-transformers\final_checkpoints\heat_new_0.4\seed_118\best_model.pt,C:\projects\stencil-transformers\data\heat_new_0.4\seed_118\val.npy,C:\projects\stencil-transformers\data\heat_new_0.4\seed_118\test.npy,2048,2048,4,4,0.007500538173653377,1.1920928955078125e-07,4.053571060411154e-09,2.8495460355770774e-06,0.998577467775638,all,original,True,none,test,4.053571060411154e-09,0.0,1.0
heat,0.4,119,C:\projects\stencil-transformers\final_checkpoints\heat_new_0.4\seed_119\best_model.pt,C:\projects\stencil-transformers\data\heat_new_0.4\seed_119\val.npy,C:\projects\stencil-transformers\data\heat_new_0.4\seed_119\test.npy,2048,2048,4,4,0.005533251668742198,1.1920928955078125e-07,3.088146237860412e-09,1.3248404684418347e-06,0.997669042944097,all,frozen_per_head_validation,True,validation,test,3.0693580581331315e-07,0.2298824480737796,99.39160330242983
heat,0.4,119,C:\projects\stencil-transformers\final_checkpoints\heat_new_0.4\seed_119\best_model.pt,C:\projects\stencil-transformers\data\heat_new_0.4\seed_119\val.npy,C:\projects\stencil-transformers\data\heat_new_0.4\seed_119\test.npy,2048,2048,4,4,0.005533251668742198,1.1920928955078125e-07,3.088146237860412e-09,1.3248404684418347e-06,0.997669042944097,all,frozen_layer_mean_validation,False,validation,test,4.990228134604813e-07,0.37520998366446423,161.59299949675432
heat,0.4,119,C:\projects\stencil-transformers\final_checkpoints\heat_new_0.4\seed_119\best_model.pt,C:\projects\stencil-transformers\data\heat_new_0.4\seed_119\val.npy,C:\projects\stencil-transformers\data\heat_new_0.4\seed_119\test.npy,2048,2048,4,4,0.005533251668742198,1.1920928955078125e-07,3.088146237860412e-09,1.3248404684418347e-06,0.997669042944097,all,analytical_stencil,False,validation,test,7.829592840380428e-05,59.23412347558122,25353.69842396154
heat,0.4,119,C:\projects\stencil-transformers\final_checkpoints\heat_new_0.4\seed_119\best_model.pt,C:\projects\stencil-transformers\data\heat_new_0.4\seed_119\val.npy,C:\projects\stencil-transformers\data\heat_new_0.4\seed_119\test.npy,2048,2048,4,4,0.005533251668742198,1.1920928955078125e-07,3.088146237860412e-09,1.3248404684418347e-06,0.997669042944097,all,original,True,none,test,3.088146237860412e-09,0.0,1.0
lf,0.1,300,C:\projects\stencil-transformers\final_checkpoints\lax_friedrichs_r_0.1\seed_300\best_model.pt,C:\projects\stencil-transformers\data\lax_friedrichs_r_0.1\seed_300\val.npy,C:\projects\stencil-transformers\data\lax_friedrichs_r_0.1\seed_300\test.npy,2048,2048,4,4,0.005128260958525579,1.1920928955078125e-07,6.027160518937147e-09,3.978314907726599e-06,0.998484996623261,all,frozen_per_head_validation,True,validation,test,1.2812409708271716e-06,0.3210275517438665,212.57787424137007
lf,0.1,300,C:\projects\stencil-transformers\final_checkpoints\lax_friedrichs_r_0.1\seed_300\best_model.pt,C:\projects\stencil-transformers\data\lax_friedrichs_r_0.1\seed_300\val.npy,C:\projects\stencil-transformers\data\lax_friedrichs_r_0.1\seed_300\test.npy,2048,2048,4,4,0.005128260958525579,1.1920928955078125e-07,6.027160518937147e-09,3.978314907726599e-06,0.998484996623261,all,frozen_layer_mean_validation,False,validation,test,1.4700183197935424e-06,0.3685511353762639,243.8989828087026
lf,0.1,300,C:\projects\stencil-transformers\final_checkpoints\lax_friedrichs_r_0.1\seed_300\best_model.pt,C:\projects\stencil-transformers\data\lax_friedrichs_r_0.1\seed_300\val.npy,C:\projects\stencil-transformers\data\lax_friedrichs_r_0.1\seed_300\test.npy,2048,2048,4,4,0.005128260958525579,1.1920928955078125e-07,6.027160518937147e-09,3.978314907726599e-06,0.998484996623261,all,analytical_stencil,False,validation,test,0.00012107609666145436,30.478675565747267,20088.414151412944
lf,0.1,300,C:\projects\stencil-transformers\final_checkpoints\lax_friedrichs_r_0.1\seed_300\best_model.pt,C:\projects\stencil-transformers\data\lax_friedrichs_r_0.1\seed_300\val.npy,C:\projects\stencil-transformers\data\lax_friedrichs_r_0.1\seed_300\test.npy,2048,2048,4,4,0.005128260958525579,1.1920928955078125e-07,6.027160518937147e-09,3.978314907726599e-06,0.998484996623261,all,original,True,none,test,6.027160518937147e-09,0.0,1.0
lf,0.1,301,C:\projects\stencil-transformers\final_checkpoints\lax_friedrichs_r_0.1\seed_301\best_model.pt,C:\projects\stencil-transformers\data\lax_friedrichs_r_0.1\seed_301\val.npy,C:\projects\stencil-transformers\data\lax_friedrichs_r_0.1\seed_301\test.npy,2048,2048,4,4,0.009171119480372716,1.1920928955078125e-07,7.851827082613894e-09,5.388918907556217e-06,0.9985429680391731,all,frozen_per_head_validation,True,validation,test,3.4657388413641965e-07,0.06294700511780163,44.139265993749355
lf,0.1,301,C:\projects\stencil-transformers\final_checkpoints\lax_friedrichs_r_0.1\seed_301\best_model.pt,C:\projects\stencil-transformers\data\lax_friedrichs_r_0.1\seed_301\val.npy,C:\projects\stencil-transformers\data\lax_friedrichs_r_0.1\seed_301\test.npy,2048,2048,4,4,0.009171119480372716,1.1920928955078125e-07,7.851827082613894e-09,5.388918907556217e-06,0.9985429680391731,all,frozen_layer_mean_validation,False,validation,test,2.3900920538555415e-06,0.44270777359706504,304.39947654321924
lf,0.1,301,C:\projects\stencil-transformers\final_checkpoints\lax_friedrichs_r_0.1\seed_301\best_model.pt,C:\projects\stencil-transformers\data\lax_friedrichs_r_0.1\seed_301\val.npy,C:\projects\stencil-transformers\data\lax_friedrichs_r_0.1\seed_301\test.npy,2048,2048,4,4,0.009171119480372716,1.1920928955078125e-07,7.851827082613894e-09,5.388918907556217e-06,0.9985429680391731,all,analytical_stencil,False,validation,test,4.481273629153293e-05,8.326393965062206,5707.300456318079
lf,0.1,301,C:\projects\stencil-transformers\final_checkpoints\lax_friedrichs_r_0.1\seed_301\best_model.pt,C:\projects\stencil-transformers\data\lax_friedrichs_r_0.1\seed_301\val.npy,C:\projects\stencil-transformers\data\lax_friedrichs_r_0.1\seed_301\test.npy,2048,2048,4,4,0.009171119480372716,1.1920928955078125e-07,7.851827082613894e-09,5.388918907556217e-06,0.9985429680391731,all,original,True,none,test,7.851827082613894e-09,0.0,1.0
lf,0.1,302,C:\projects\stencil-transformers\final_checkpoints\lax_friedrichs_r_0.1\seed_302\best_model.pt,C:\projects\stencil-transformers\data\lax_friedrichs_r_0.1\seed_302\val.npy,C:\projects\stencil-transformers\data\lax_friedrichs_r_0.1\seed_302\test.npy,2048,2048,4,4,0.01145353938466205,1.1920928955078125e-07,3.177567724568786e-09,3.015941956618917e-06,0.9989464095230364,all,frozen_per_head_validation,True,validation,test,2.951094553796385e-08,0.008740603118672393,9.287275078289213
lf,0.1,302,C:\projects\stencil-transformers\final_checkpoints\lax_friedrichs_r_0.1\seed_302\best_model.pt,C:\projects\stencil-transformers\data\lax_friedrichs_r_0.1\seed_302\val.npy,C:\projects\stencil-transformers\data\lax_friedrichs_r_0.1\seed_302\test.npy,2048,2048,4,4,0.01145353938466205,1.1920928955078125e-07,3.177567724568786e-09,3.015941956618917e-06,0.9989464095230364,all,frozen_layer_mean_validation,False,validation,test,1.293574492411409e-06,0.4283099366958469,407.0958055148783
lf,0.1,302,C:\projects\stencil-transformers\final_checkpoints\lax_friedrichs_r_0.1\seed_302\best_model.pt,C:\projects\stencil-transformers\data\lax_friedrichs_r_0.1\seed_302\val.npy,C:\projects\stencil-transformers\data\lax_friedrichs_r_0.1\seed_302\test.npy,2048,2048,4,4,0.01145353938466205,1.1920928955078125e-07,3.177567724568786e-09,3.015941956618917e-06,0.9989464095230364,all,analytical_stencil,False,validation,test,5.778146007884288e-06,1.916833742939676,1818.4178934119855
lf,0.1,302,C:\projects\stencil-transformers\final_checkpoints\lax_friedrichs_r_0.1\seed_302\best_model.pt,C:\projects\stencil-transformers\data\lax_friedrichs_r_0.1\seed_302\val.npy,C:\projects\stencil-transformers\data\lax_friedrichs_r_0.1\seed_302\test.npy,2048,2048,4,4,0.01145353938466205,1.1920928955078125e-07,3.177567724568786e-09,3.015941956618917e-06,0.9989464095230364,all,original,True,none,test,3.177567724568786e-09,0.0,1.0
lf,0.1,303,C:\projects\stencil-transformers\final_checkpoints\lax_friedrichs_r_0.1\seed_303\best_model.pt,C:\projects\stencil-transformers\data\lax_friedrichs_r_0.1\seed_303\val.npy,C:\projects\stencil-transformers\data\lax_friedrichs_r_0.1\seed_303\test.npy,2048,2048,4,4,0.011750171745280749,1.1920928955078125e-07,2.9124604004546195e-09,5.51932225789642e-06,0.9994723155734768,all,frozen_per_head_validation,True,validation,test,5.5993864764465606e-08,0.009622454877827596,19.225622691977293
lf,0.1,303,C:\projects\stencil-transformers\final_checkpoints\lax_friedrichs_r_0.1\seed_303\best_model.pt,C:\projects\stencil-transformers\data\lax_friedrichs_r_0.1\seed_303\val.npy,C:\projects\stencil-transformers\data\lax_friedrichs_r_0.1\seed_303\test.npy,2048,2048,4,4,0.011750171745280749,1.1920928955078125e-07,2.9124604004546195e-09,5.51932225789642e-06,0.9994723155734768,all,frozen_layer_mean_validation,False,validation,test,2.6265834129901577e-06,0.4756120464039224,901.8434765946215
lf,0.1,303,C:\projects\stencil-transformers\final_checkpoints\lax_friedrichs_r_0.1\seed_303\best_model.pt,C:\projects\stencil-transformers\data\lax_friedrichs_r_0.1\seed_303\val.npy,C:\projects\stencil-transformers\data\lax_friedrichs_r_0.1\seed_303\test.npy,2048,2048,4,4,0.011750171745280749,1.1920928955078125e-07,2.9124604004546195e-09,5.51932225789642e-06,0.9994723155734768,all,analytical_stencil,False,validation,test,4.835149187698562e-06,0.8759749374478268,1660.1596323657554
lf,0.1,303,C:\projects\stencil-transformers\final_checkpoints\lax_friedrichs_r_0.1\seed_303\best_model.pt,C:\projects\stencil-transformers\data\lax_friedrichs_r_0.1\seed_303\val.npy,C:\projects\stencil-transformers\data\lax_friedrichs_r_0.1\seed_303\test.npy,2048,2048,4,4,0.011750171745280749,1.1920928955078125e-07,2.9124604004546195e-09,5.51932225789642e-06,0.9994723155734768,all,original,True,none,test,2.9124604004546195e-09,0.0,1.0
lf,0.1,304,C:\projects\stencil-transformers\final_checkpoints\lax_friedrichs_r_0.1\seed_304\best_model.pt,C:\projects\stencil-transformers\data\lax_friedrichs_r_0.1\seed_304\val.npy,C:\projects\stencil-transformers\data\lax_friedrichs_r_0.1\seed_304\test.npy,2048,2048,4,4,0.011497924091924485,5.960464477539063e-08,4.420618206560367e-09,4.1466601032880135e-06,0.9989339328287228,all,frozen_per_head_validation,True,validation,test,1.978041659495e-07,0.046685747755392505,44.74581533776227
lf,0.1,304,C:\projects\stencil-transformers\final_checkpoints\lax_friedrichs_r_0.1\seed_304\best_model.pt,C:\projects\stencil-transformers\data\lax_friedrichs_r_0.1\seed_304\val.npy,C:\projects\stencil-transformers\data\lax_friedrichs_r_0.1\seed_304\test.npy,2048,2048,4,4,0.011497924091924485,5.960464477539063e-08,4.420618206560367e-09,4.1466601032880135e-06,0.9989339328287228,all,frozen_layer_mean_validation,False,validation,test,2.4273451650902444e-06,0.58493106340423,549.0963145127464
lf,0.1,304,C:\projects\stencil-transformers\final_checkpoints\lax_friedrichs_r_0.1\seed_304\best_model.pt,C:\projects\stencil-transformers\data\lax_friedrichs_r_0.1\seed_304\val.npy,C:\projects\stencil-transformers\data\lax_friedrichs_r_0.1\seed_304\test.npy,2048,2048,4,4,0.011497924091924485,5.960464477539063e-08,4.420618206560367e-09,4.1466601032880135e-06,0.9989339328287228,all,analytical_stencil,False,validation,test,5.869693794124942e-06,1.4159667003905851,1327.7993076656317
lf,0.1,304,C:\projects\stencil-transformers\final_checkpoints\lax_friedrichs_r_0.1\seed_304\best_model.pt,C:\projects\stencil-transformers\data\lax_friedrichs_r_0.1\seed_304\val.npy,C:\projects\stencil-transformers\data\lax_friedrichs_r_0.1\seed_304\test.npy,2048,2048,4,4,0.011497924091924485,5.960464477539063e-08,4.420618206560367e-09,4.1466601032880135e-06,0.9989339328287228,all,original,True,none,test,4.420618206560367e-09,0.0,1.0
lf,0.1,305,C:\projects\stencil-transformers\final_checkpoints\lax_friedrichs_r_0.1\seed_305\best_model.pt,C:\projects\stencil-transformers\data\lax_friedrichs_r_0.1\seed_305\val.npy,C:\projects\stencil-transformers\data\lax_friedrichs_r_0.1\seed_305\test.npy,2048,2048,4,4,0.010456633613334333,1.1920928955078125e-07,6.228904031457816e-09,3.2234645459539024e-06,0.9980676368724836,all,frozen_per_head_validation,True,validation,test,4.864219276569381e-07,0.14925640427710268,78.0910935857035
lf,0.1,305,C:\projects\stencil-transformers\final_checkpoints\lax_friedrichs_r_0.1\seed_305\best_model.pt,C:\projects\stencil-transformers\data\lax_friedrichs_r_0.1\seed_305\val.npy,C:\projects\stencil-transformers\data\lax_friedrichs_r_0.1\seed_305\test.npy,2048,2048,4,4,0.010456633613334333,1.1920928955078125e-07,6.228904031457816e-09,3.2234645459539024e-06,0.9980676368724836,all,frozen_layer_mean_validation,False,validation,test,2.7523047991806493e-06,0.8535513716702101,441.8602028993692
lf,0.1,305,C:\projects\stencil-transformers\final_checkpoints\lax_friedrichs_r_0.1\seed_305\best_model.pt,C:\projects\stencil-transformers\data\lax_friedrichs_r_0.1\seed_305\val.npy,C:\projects\stencil-transformers\data\lax_friedrichs_r_0.1\seed_305\test.npy,2048,2048,4,4,0.010456633613334333,1.1920928955078125e-07,6.228904031457816e-09,3.2234645459539024e-06,0.9980676368724836,all,analytical_stencil,False,validation,test,2.0659096563235835e-05,6.419445125525014,3316.6503222559313
lf,0.1,305,C:\projects\stencil-transformers\final_checkpoints\lax_friedrichs_r_0.1\seed_305\best_model.pt,C:\projects\stencil-transformers\data\lax_friedrichs_r_0.1\seed_305\val.npy,C:\projects\stencil-transformers\data\lax_friedrichs_r_0.1\seed_305\test.npy,2048,2048,4,4,0.010456633613334333,1.1920928955078125e-07,6.228904031457816e-09,3.2234645459539024e-06,0.9980676368724836,all,original,True,none,test,6.228904031457816e-09,0.0,1.0
lf,0.1,306,C:\projects\stencil-transformers\final_checkpoints\lax_friedrichs_r_0.1\seed_306\best_model.pt,C:\projects\stencil-transformers\data\lax_friedrichs_r_0.1\seed_306\val.npy,C:\projects\stencil-transformers\data\lax_friedrichs_r_0.1\seed_306\test.npy,2048,2048,4,4,0.010890213944641614,5.960464477539063e-08,3.9071569694904e-09,2.079869318549754e-06,0.9981214411238997,all,frozen_per_head_validation,True,validation,test,2.328667665918438e-07,0.11029083952477477,59.60005405726405
lf,0.1,306,C:\projects\stencil-transformers\final_checkpoints\lax_friedrichs_r_0.1\seed_306\best_model.pt,C:\projects\stencil-transformers\data\lax_friedrichs_r_0.1\seed_306\val.npy,C:\projects\stencil-transformers\data\lax_friedrichs_r_0.1\seed_306\test.npy,2048,2048,4,4,0.010890213944641614,5.960464477539063e-08,3.9071569694904e-09,2.079869318549754e-06,0.9981214411238997,all,frozen_layer_mean_validation,False,validation,test,1.3559989793243687e-06,0.6513085100383714,347.05515798645484
lf,0.1,306,C:\projects\stencil-transformers\final_checkpoints\lax_friedrichs_r_0.1\seed_306\best_model.pt,C:\projects\stencil-transformers\data\lax_friedrichs_r_0.1\seed_306\val.npy,C:\projects\stencil-transformers\data\lax_friedrichs_r_0.1\seed_306\test.npy,2048,2048,4,4,0.010890213944641614,5.960464477539063e-08,3.9071569694904e-09,2.079869318549754e-06,0.9981214411238997,all,analytical_stencil,False,validation,test,5.570152694645003e-06,2.6812846788297797,1425.6280815284224
lf,0.1,306,C:\projects\stencil-transformers\final_checkpoints\lax_friedrichs_r_0.1\seed_306\best_model.pt,C:\projects\stencil-transformers\data\lax_friedrichs_r_0.1\seed_306\val.npy,C:\projects\stencil-transformers\data\lax_friedrichs_r_0.1\seed_306\test.npy,2048,2048,4,4,0.010890213944641614,5.960464477539063e-08,3.9071569694904e-09,2.079869318549754e-06,0.9981214411238997,all,original,True,none,test,3.9071569694904e-09,0.0,1.0
lf,0.1,307,C:\projects\stencil-transformers\final_checkpoints\lax_friedrichs_r_0.1\seed_307\best_model.pt,C:\projects\stencil-transformers\data\lax_friedrichs_r_0.1\seed_307\val.npy,C:\projects\stencil-transformers\data\lax_friedrichs_r_0.1\seed_307\test.npy,2048,2048,4,4,0.010072267730658493,5.960464477539063e-08,6.229201989296773e-09,5.889940439374186e-06,0.9989423998335103,all,frozen_per_head_validation,True,validation,test,1.0486600823290948e-07,0.016764385991086372,16.834581446081508
lf,0.1,307,C:\projects\stencil-transformers\final_checkpoints\lax_friedrichs_r_0.1\seed_307\best_model.pt,C:\projects\stencil-transformers\data\lax_friedrichs_r_0.1\seed_307\val.npy,C:\projects\stencil-transformers\data\lax_friedrichs_r_0.1\seed_307\test.npy,2048,2048,4,4,0.010072267730658493,5.960464477539063e-08,6.229201989296773e-09,5.889940439374186e-06,0.9989423998335103,all,frozen_layer_mean_validation,False,validation,test,2.3484360280878747e-06,0.3980832388945739,377.0043148581532
lf,0.1,307,C:\projects\stencil-transformers\final_checkpoints\lax_friedrichs_r_0.1\seed_307\best_model.pt,C:\projects\stencil-transformers\data\lax_friedrichs_r_0.1\seed_307\val.npy,C:\projects\stencil-transformers\data\lax_friedrichs_r_0.1\seed_307\test.npy,2048,2048,4,4,0.010072267730658493,5.960464477539063e-08,6.229201989296773e-09,5.889940439374186e-06,0.9989423998335103,all,analytical_stencil,False,validation,test,1.830610785802378e-05,3.110261180011302,2938.756503558234
lf,0.1,307,C:\projects\stencil-transformers\final_checkpoints\lax_friedrichs_r_0.1\seed_307\best_model.pt,C:\projects\stencil-transformers\data\lax_friedrichs_r_0.1\seed_307\val.npy,C:\projects\stencil-transformers\data\lax_friedrichs_r_0.1\seed_307\test.npy,2048,2048,4,4,0.010072267730658493,5.960464477539063e-08,6.229201989296773e-09,5.889940439374186e-06,0.9989423998335103,all,original,True,none,test,6.229201989296773e-09,0.0,1.0
lf,0.1,308,C:\projects\stencil-transformers\final_checkpoints\lax_friedrichs_r_0.1\seed_308\best_model.pt,C:\projects\stencil-transformers\data\lax_friedrichs_r_0.1\seed_308\val.npy,C:\projects\stencil-transformers\data\lax_friedrichs_r_0.1\seed_308\test.npy,2048,2048,4,4,0.01241240347740048,5.960464477539063e-08,5.290774681213084e-09,3.4973147648997838e-06,0.9984871894476548,all,frozen_per_head_validation,True,validation,test,2.311913190368442e-07,0.06469043310939329,43.697063845447296
lf,0.1,308,C:\projects\stencil-transformers\final_checkpoints\lax_friedrichs_r_0.1\seed_308\best_model.pt,C:\projects\stencil-transformers\data\lax_friedrichs_r_0.1\seed_308\val.npy,C:\projects\stencil-transformers\data\lax_friedrichs_r_0.1\seed_308\test.npy,2048,2048,4,4,0.01241240347740048,5.960464477539063e-08,5.290774681213084e-09,3.4973147648997838e-06,0.9984871894476548,all,frozen_layer_mean_validation,False,validation,test,2.689778118569741e-06,0.7687482535652632,508.39022272500574
lf,0.1,308,C:\projects\stencil-transformers\final_checkpoints\lax_friedrichs_r_0.1\seed_308\best_model.pt,C:\projects\stencil-transformers\data\lax_friedrichs_r_0.1\seed_308\val.npy,C:\projects\stencil-transformers\data\lax_friedrichs_r_0.1\seed_308\test.npy,2048,2048,4,4,0.01241240347740048,5.960464477539063e-08,5.290774681213084e-09,3.4973147648997838e-06,0.9984871894476548,all,analytical_stencil,False,validation,test,1.1254822886996863e-05,3.221493364257078,2127.254242551929
lf,0.1,308,C:\projects\stencil-transformers\final_checkpoints\lax_friedrichs_r_0.1\seed_308\best_model.pt,C:\projects\stencil-transformers\data\lax_friedrichs_r_0.1\seed_308\val.npy,C:\projects\stencil-transformers\data\lax_friedrichs_r_0.1\seed_308\test.npy,2048,2048,4,4,0.01241240347740048,5.960464477539063e-08,5.290774681213084e-09,3.4973147648997838e-06,0.9984871894476548,all,original,True,none,test,5.290774681213084e-09,0.0,1.0
lf,0.1,309,C:\projects\stencil-transformers\final_checkpoints\lax_friedrichs_r_0.1\seed_309\best_model.pt,C:\projects\stencil-transformers\data\lax_friedrichs_r_0.1\seed_309\val.npy,C:\projects\stencil-transformers\data\lax_friedrichs_r_0.1\seed_309\test.npy,2048,2048,4,4,0.00905548622221368,5.960464477539063e-08,5.213440620183141e-09,3.460094831098104e-06,0.9984932665505794,all,frozen_per_head_validation,True,validation,test,3.3214561865994863e-07,0.09462905989792614,63.70948532032591
lf,0.1,309,C:\projects\stencil-transformers\final_checkpoints\lax_friedrichs_r_0.1\seed_309\best_model.pt,C:\projects\stencil-transformers\data\lax_friedrichs_r_0.1\seed_309\val.npy,C:\projects\stencil-transformers\data\lax_friedrichs_r_0.1\seed_309\test.npy,2048,2048,4,4,0.00905548622221368,5.960464477539063e-08,5.213440620183141e-09,3.460094831098104e-06,0.9984932665505794,all,frozen_layer_mean_validation,False,validation,test,2.121959441936383e-06,0.6126826834490506,407.01709226753246
lf,0.1,309,C:\projects\stencil-transformers\final_checkpoints\lax_friedrichs_r_0.1\seed_309\best_model.pt,C:\projects\stencil-transformers\data\lax_friedrichs_r_0.1\seed_309\val.npy,C:\projects\stencil-transformers\data\lax_friedrichs_r_0.1\seed_309\test.npy,2048,2048,4,4,0.00905548622221368,5.960464477539063e-08,5.213440620183141e-09,3.460094831098104e-06,0.9984932665505794,all,analytical_stencil,False,validation,test,2.018254198787872e-05,5.840237700451814,3871.2519156245303
lf,0.1,309,C:\projects\stencil-transformers\final_checkpoints\lax_friedrichs_r_0.1\seed_309\best_model.pt,C:\projects\stencil-transformers\data\lax_friedrichs_r_0.1\seed_309\val.npy,C:\projects\stencil-transformers\data\lax_friedrichs_r_0.1\seed_309\test.npy,2048,2048,4,4,0.00905548622221368,5.960464477539063e-08,5.213440620183141e-09,3.460094831098104e-06,0.9984932665505794,all,original,True,none,test,5.213440620183141e-09,0.0,1.0
lf,0.1,310,C:\projects\stencil-transformers\final_checkpoints\lax_friedrichs_r_0.1\seed_310\best_model.pt,C:\projects\stencil-transformers\data\lax_friedrichs_r_0.1\seed_310\val.npy,C:\projects\stencil-transformers\data\lax_friedrichs_r_0.1\seed_310\test.npy,2048,2048,4,4,0.01083871647496275,1.1920928955078125e-07,5.2539597499012824e-09,4.401268142828485e-06,0.9988062622909122,all,frozen_per_head_validation,True,validation,test,1.404244337338545e-07,0.03074841625949706,26.72735240053808
lf,0.1,310,C:\projects\stencil-transformers\final_checkpoints\lax_friedrichs_r_0.1\seed_310\best_model.pt,C:\projects\stencil-transformers\data\lax_friedrichs_r_0.1\seed_310\val.npy,C:\projects\stencil-transformers\data\lax_friedrichs_r_0.1\seed_310\test.npy,2048,2048,4,4,0.01083871647496275,1.1920928955078125e-07,5.2539597499012824e-09,4.401268142828485e-06,0.9988062622909122,all,frozen_layer_mean_validation,False,validation,test,1.3614410401263655e-06,0.30850380000974187,259.12665968785655
lf,0.1,310,C:\projects\stencil-transformers\final_checkpoints\lax_friedrichs_r_0.1\seed_310\best_model.pt,C:\projects\stencil-transformers\data\lax_friedrichs_r_0.1\seed_310\val.npy,C:\projects\stencil-transformers\data\lax_friedrichs_r_0.1\seed_310\test.npy,2048,2048,4,4,0.01083871647496275,1.1920928955078125e-07,5.2539597499012824e-09,4.401268142828485e-06,0.9988062622909122,all,analytical_stencil,False,validation,test,6.49552779563578e-06,1.4763996578693155,1236.31091687709
lf,0.1,310,C:\projects\stencil-transformers\final_checkpoints\lax_friedrichs_r_0.1\seed_310\best_model.pt,C:\projects\stencil-transformers\data\lax_friedrichs_r_0.1\seed_310\val.npy,C:\projects\stencil-transformers\data\lax_friedrichs_r_0.1\seed_310\test.npy,2048,2048,4,4,0.01083871647496275,1.1920928955078125e-07,5.2539597499012824e-09,4.401268142828485e-06,0.9988062622909122,all,original,True,none,test,5.2539597499012824e-09,0.0,1.0
lf,0.1,311,C:\projects\stencil-transformers\final_checkpoints\lax_friedrichs_r_0.1\seed_311\best_model.pt,C:\projects\stencil-transformers\data\lax_friedrichs_r_0.1\seed_311\val.npy,C:\projects\stencil-transformers\data\lax_friedrichs_r_0.1\seed_311\test.npy,2048,2048,4,4,0.01110445328467191,5.960464477539063e-08,4.938085980919771e-09,3.7849367799935862e-06,0.9986953319783248,all,frozen_per_head_validation,True,validation,test,2.322628247664743e-07,0.060138840562465226,47.034990007041735
lf,0.1,311,C:\projects\stencil-transformers\final_checkpoints\lax_friedrichs_r_0.1\seed_311\best_model.pt,C:\projects\stencil-transformers\data\lax_friedrichs_r_0.1\seed_311\val.npy,C:\projects\stencil-transformers\data\lax_friedrichs_r_0.1\seed_311\test.npy,2048,2048,4,4,0.01110445328467191,5.960464477539063e-08,4.938085980919771e-09,3.7849367799935862e-06,0.9986953319783248,all,frozen_layer_mean_validation,False,validation,test,3.691248549930748e-06,0.9752147453883421,747.505929259501
lf,0.1,311,C:\projects\stencil-transformers\final_checkpoints\lax_friedrichs_r_0.1\seed_311\best_model.pt,C:\projects\stencil-transformers\data\lax_friedrichs_r_0.1\seed_311\val.npy,C:\projects\stencil-transformers\data\lax_friedrichs_r_0.1\seed_311\test.npy,2048,2048,4,4,0.01110445328467191,5.960464477539063e-08,4.938085980919771e-09,3.7849367799935862e-06,0.9986953319783248,all,analytical_stencil,False,validation,test,9.95870275311006e-06,2.6332719857537037,2016.7131134592246
lf,0.1,311,C:\projects\stencil-transformers\final_checkpoints\lax_friedrichs_r_0.1\seed_311\best_model.pt,C:\projects\stencil-transformers\data\lax_friedrichs_r_0.1\seed_311\val.npy,C:\projects\stencil-transformers\data\lax_friedrichs_r_0.1\seed_311\test.npy,2048,2048,4,4,0.01110445328467191,5.960464477539063e-08,4.938085980919771e-09,3.7849367799935862e-06,0.9986953319783248,all,original,True,none,test,4.938085980919771e-09,0.0,1.0
lf,0.1,312,C:\projects\stencil-transformers\final_checkpoints\lax_friedrichs_r_0.1\seed_312\best_model.pt,C:\projects\stencil-transformers\data\lax_friedrichs_r_0.1\seed_312\val.npy,C:\projects\stencil-transformers\data\lax_friedrichs_r_0.1\seed_312\test.npy,2048,2048,4,4,0.007562128806546635,5.960464477539063e-08,6.841871178549924e-09,5.255679297988536e-06,0.998698194697464,all,frozen_per_head_validation,True,validation,test,4.5691813427457817e-07,0.08574780022660464,66.78262749334868
lf,0.1,312,C:\projects\stencil-transformers\final_checkpoints\lax_friedrichs_r_0.1\seed_312\best_model.pt,C:\projects\stencil-transformers\data\lax_friedrichs_r_0.1\seed_312\val.npy,C:\projects\stencil-transformers\data\lax_friedrichs_r_0.1\seed_312\test.npy,2048,2048,4,4,0.007562128806546635,5.960464477539063e-08,6.841871178549924e-09,5.255679297988536e-06,0.998698194697464,all,frozen_layer_mean_validation,False,validation,test,1.8318191703503572e-06,0.34769171737920423,267.73657710676093
lf,0.1,312,C:\projects\stencil-transformers\final_checkpoints\lax_friedrichs_r_0.1\seed_312\best_model.pt,C:\projects\stencil-transformers\data\lax_friedrichs_r_0.1\seed_312\val.npy,C:\projects\stencil-transformers\data\lax_friedrichs_r_0.1\seed_312\test.npy,2048,2048,4,4,0.007562128806546635,5.960464477539063e-08,6.841871178549924e-09,5.255679297988536e-06,0.998698194697464,all,analytical_stencil,False,validation,test,0.00012061612414981937,22.978284993662278,17629.113586348307
lf,0.1,312,C:\projects\stencil-transformers\final_checkpoints\lax_friedrichs_r_0.1\seed_312\best_model.pt,C:\projects\stencil-transformers\data\lax_friedrichs_r_0.1\seed_312\val.npy,C:\projects\stencil-transformers\data\lax_friedrichs_r_0.1\seed_312\test.npy,2048,2048,4,4,0.007562128806546635,5.960464477539063e-08,6.841871178549924e-09,5.255679297988536e-06,0.998698194697464,all,original,True,none,test,6.841871178549924e-09,0.0,1.0
lf,0.1,313,C:\projects\stencil-transformers\final_checkpoints\lax_friedrichs_r_0.1\seed_313\best_model.pt,C:\projects\stencil-transformers\data\lax_friedrichs_r_0.1\seed_313\val.npy,C:\projects\stencil-transformers\data\lax_friedrichs_r_0.1\seed_313\test.npy,2048,2048,4,4,0.011007845202527013,5.960464477539063e-08,3.821078375584874e-09,3.090389554927242e-06,0.9987635609337688,all,frozen_per_head_validation,True,validation,test,8.510804306617603e-08,0.026335707536741807,22.273304732502105
lf,0.1,313,C:\projects\stencil-transformers\final_checkpoints\lax_friedrichs_r_0.1\seed_313\best_model.pt,C:\projects\stencil-transformers\data\lax_friedrichs_r_0.1\seed_313\val.npy,C:\projects\stencil-transformers\data\lax_friedrichs_r_0.1\seed_313\test.npy,2048,2048,4,4,0.011007845202527013,5.960464477539063e-08,3.821078375584874e-09,3.090389554927242e-06,0.9987635609337688,all,frozen_layer_mean_validation,False,validation,test,7.333532451303526e-07,0.23635703283337092,191.92310993047917
lf,0.1,313,C:\projects\stencil-transformers\final_checkpoints\lax_friedrichs_r_0.1\seed_313\best_model.pt,C:\projects\stencil-transformers\data\lax_friedrichs_r_0.1\seed_313\val.npy,C:\projects\stencil-transformers\data\lax_friedrichs_r_0.1\seed_313\test.npy,2048,2048,4,4,0.011007845202527013,5.960464477539063e-08,3.821078375584874e-09,3.090389554927242e-06,0.9987635609337688,all,analytical_stencil,False,validation,test,7.350761855207111e-06,2.3802941138826106,1923.7401415724598
lf,0.1,313,C:\projects\stencil-transformers\final_checkpoints\lax_friedrichs_r_0.1\seed_313\best_model.pt,C:\projects\stencil-transformers\data\lax_friedrichs_r_0.1\seed_313\val.npy,C:\projects\stencil-transformers\data\lax_friedrichs_r_0.1\seed_313\test.npy,2048,2048,4,4,0.011007845202527013,5.960464477539063e-08,3.821078375584874e-09,3.090389554927242e-06,0.9987635609337688,all,original,True,none,test,3.821078375584874e-09,0.0,1.0
lf,0.1,314,C:\projects\stencil-transformers\final_checkpoints\lax_friedrichs_r_0.1\seed_314\best_model.pt,C:\projects\stencil-transformers\data\lax_friedrichs_r_0.1\seed_314\val.npy,C:\projects\stencil-transformers\data\lax_friedrichs_r_0.1\seed_314\test.npy,2048,2048,4,4,0.007215312196313179,5.960464477539063e-08,7.798210414217133e-09,6.957278856134508e-06,0.9988791292435633,all,frozen_per_head_validation,True,validation,test,9.766832118930646e-07,0.13941833222825326,125.24453175980562
lf,0.1,314,C:\projects\stencil-transformers\final_checkpoints\lax_friedrichs_r_0.1\seed_314\best_model.pt,C:\projects\stencil-transformers\data\lax_friedrichs_r_0.1\seed_314\val.npy,C:\projects\stencil-transformers\data\lax_friedrichs_r_0.1\seed_314\test.npy,2048,2048,4,4,0.007215312196313179,5.960464477539063e-08,7.798210414217133e-09,6.957278856134508e-06,0.9988791292435633,all,frozen_layer_mean_validation,False,validation,test,1.9222725469170143e-06,0.27548451950604264,246.50175422459316
lf,0.1,314,C:\projects\stencil-transformers\final_checkpoints\lax_friedrichs_r_0.1\seed_314\best_model.pt,C:\projects\stencil-transformers\data\lax_friedrichs_r_0.1\seed_314\val.npy,C:\projects\stencil-transformers\data\lax_friedrichs_r_0.1\seed_314\test.npy,2048,2048,4,4,0.007215312196313179,5.960464477539063e-08,7.798210414217133e-09,6.957278856134508e-06,0.9988791292435633,all,analytical_stencil,False,validation,test,9.324015900347149e-05,13.41573069211621,11956.609792611236
lf,0.1,314,C:\projects\stencil-transformers\final_checkpoints\lax_friedrichs_r_0.1\seed_314\best_model.pt,C:\projects\stencil-transformers\data\lax_friedrichs_r_0.1\seed_314\val.npy,C:\projects\stencil-transformers\data\lax_friedrichs_r_0.1\seed_314\test.npy,2048,2048,4,4,0.007215312196313179,5.960464477539063e-08,7.798210414217133e-09,6.957278856134508e-06,0.9988791292435633,all,original,True,none,test,7.798210414217133e-09,0.0,1.0
lf,0.1,315,C:\projects\stencil-transformers\final_checkpoints\lax_friedrichs_r_0.1\seed_315\best_model.pt,C:\projects\stencil-transformers\data\lax_friedrichs_r_0.1\seed_315\val.npy,C:\projects\stencil-transformers\data\lax_friedrichs_r_0.1\seed_315\test.npy,2048,2048,4,4,0.010120793618299784,5.960464477539063e-08,5.7897713585247645e-09,2.8608067168534035e-06,0.9979761752779674,all,frozen_per_head_validation,True,validation,test,1.731955202761981e-07,0.058635641088517536,29.91405179086871
lf,0.1,315,C:\projects\stencil-transformers\final_checkpoints\lax_friedrichs_r_0.1\seed_315\best_model.pt,C:\projects\stencil-transformers\data\lax_friedrichs_r_0.1\seed_315\val.npy,C:\projects\stencil-transformers\data\lax_friedrichs_r_0.1\seed_315\test.npy,2048,2048,4,4,0.010120793618299784,5.960464477539063e-08,5.7897713585247645e-09,2.8608067168534035e-06,0.9979761752779674,all,frozen_layer_mean_validation,False,validation,test,2.2448678956843438e-06,0.7842608877887781,387.72997354706195
lf,0.1,315,C:\projects\stencil-transformers\final_checkpoints\lax_friedrichs_r_0.1\seed_315\best_model.pt,C:\projects\stencil-transformers\data\lax_friedrichs_r_0.1\seed_315\val.npy,C:\projects\stencil-transformers\data\lax_friedrichs_r_0.1\seed_315\test.npy,2048,2048,4,4,0.010120793618299784,5.960464477539063e-08,5.7897713585247645e-09,2.8608067168534035e-06,0.9979761752779674,all,analytical_stencil,False,validation,test,7.67578755045406e-06,2.6864981628913047,1325.7496842517548
lf,0.1,315,C:\projects\stencil-transformers\final_checkpoints\lax_friedrichs_r_0.1\seed_315\best_model.pt,C:\projects\stencil-transformers\data\lax_friedrichs_r_0.1\seed_315\val.npy,C:\projects\stencil-transformers\data\lax_friedrichs_r_0.1\seed_315\test.npy,2048,2048,4,4,0.010120793618299784,5.960464477539063e-08,5.7897713585247645e-09,2.8608067168534035e-06,0.9979761752779674,all,original,True,none,test,5.7897713585247645e-09,0.0,1.0
lf,0.1,316,C:\projects\stencil-transformers\final_checkpoints\lax_friedrichs_r_0.1\seed_316\best_model.pt,C:\projects\stencil-transformers\data\lax_friedrichs_r_0.1\seed_316\val.npy,C:\projects\stencil-transformers\data\lax_friedrichs_r_0.1\seed_316\test.npy,2048,2048,4,4,0.01028492037103915,1.1920928955078125e-07,4.882869187108896e-09,4.7975363486330025e-06,0.9989822131960501,all,frozen_per_head_validation,True,validation,test,1.3869021410831128e-07,0.027919261322575866,28.40342609924157
lf,0.1,316,C:\projects\stencil-transformers\final_checkpoints\lax_friedrichs_r_0.1\seed_316\best_model.pt,C:\projects\stencil-transformers\data\lax_friedrichs_r_0.1\seed_316\val.npy,C:\projects\stencil-transformers\data\lax_friedrichs_r_0.1\seed_316\test.npy,2048,2048,4,4,0.01028492037103915,1.1920928955078125e-07,4.882869187108896e-09,4.7975363486330025e-06,0.9989822131960501,all,frozen_layer_mean_validation,False,validation,test,2.644593396161632e-06,0.5507826798443428,541.606439743161
lf,0.1,316,C:\projects\stencil-transformers\final_checkpoints\lax_friedrichs_r_0.1\seed_316\best_model.pt,C:\projects\stencil-transformers\data\lax_friedrichs_r_0.1\seed_316\val.npy,C:\projects\stencil-transformers\data\lax_friedrichs_r_0.1\seed_316\test.npy,2048,2048,4,4,0.01028492037103915,1.1920928955078125e-07,4.882869187108896e-09,4.7975363486330025e-06,0.9989822131960501,all,analytical_stencil,False,validation,test,8.278285918095207e-06,1.7262677313079255,1695.373273556138
lf,0.1,316,C:\projects\stencil-transformers\final_checkpoints\lax_friedrichs_r_0.1\seed_316\best_model.pt,C:\projects\stencil-transformers\data\lax_friedrichs_r_0.1\seed_316\val.npy,C:\projects\stencil-transformers\data\lax_friedrichs_r_0.1\seed_316\test.npy,2048,2048,4,4,0.01028492037103915,1.1920928955078125e-07,4.882869187108896e-09,4.7975363486330025e-06,0.9989822131960501,all,original,True,none,test,4.882869187108896e-09,0.0,1.0
lf,0.1,317,C:\projects\stencil-transformers\final_checkpoints\lax_friedrichs_r_0.1\seed_317\best_model.pt,C:\projects\stencil-transformers\data\lax_friedrichs_r_0.1\seed_317\val.npy,C:\projects\stencil-transformers\data\lax_friedrichs_r_0.1\seed_317\test.npy,2048,2048,4,4,0.010485030915307602,5.960464477539063e-08,4.179223666786469e-09,3.7272143345035147e-06,0.998878727303633,all,frozen_per_head_validation,True,validation,test,4.6010568128043716e-08,0.01123581787867048,11.009357669392848
lf,0.1,317,C:\projects\stencil-transformers\final_checkpoints\lax_friedrichs_r_0.1\seed_317\best_model.pt,C:\projects\stencil-transformers\data\lax_friedrichs_r_0.1\seed_317\val.npy,C:\projects\stencil-transformers\data\lax_friedrichs_r_0.1\seed_317\test.npy,2048,2048,4,4,0.010485030915307602,5.960464477539063e-08,4.179223666786469e-09,3.7272143345035147e-06,0.998878727303633,all,frozen_layer_mean_validation,False,validation,test,1.98714958443702e-06,0.5326219876353984,475.48294680408895
lf,0.1,317,C:\projects\stencil-transformers\final_checkpoints\lax_friedrichs_r_0.1\seed_317\best_model.pt,C:\projects\stencil-transformers\data\lax_friedrichs_r_0.1\seed_317\val.npy,C:\projects\stencil-transformers\data\lax_friedrichs_r_0.1\seed_317\test.npy,2048,2048,4,4,0.010485030915307602,5.960464477539063e-08,4.179223666786469e-09,3.7272143345035147e-06,0.998878727303633,all,analytical_stencil,False,validation,test,3.652614747551297e-06,0.9799626958297871,873.9936023476587
lf,0.1,317,C:\projects\stencil-transformers\final_checkpoints\lax_friedrichs_r_0.1\seed_317\best_model.pt,C:\projects\stencil-transformers\data\lax_friedrichs_r_0.1\seed_317\val.npy,C:\projects\stencil-transformers\data\lax_friedrichs_r_0.1\seed_317\test.npy,2048,2048,4,4,0.010485030915307602,5.960464477539063e-08,4.179223666786469e-09,3.7272143345035147e-06,0.998878727303633,all,original,True,none,test,4.179223666786469e-09,0.0,1.0
lf,0.1,318,C:\projects\stencil-transformers\final_checkpoints\lax_friedrichs_r_0.1\seed_318\best_model.pt,C:\projects\stencil-transformers\data\lax_friedrichs_r_0.1\seed_318\val.npy,C:\projects\stencil-transformers\data\lax_friedrichs_r_0.1\seed_318\test.npy,2048,2048,4,4,0.007509319841038507,1.1920928955078125e-07,7.019031546956489e-09,5.548073204408865e-06,0.9987348704156646,all,frozen_per_head_validation,True,validation,test,5.227395644905736e-07,0.09307263868117926,74.4745996642853
lf,0.1,318,C:\projects\stencil-transformers\final_checkpoints\lax_friedrichs_r_0.1\seed_318\best_model.pt,C:\projects\stencil-transformers\data\lax_friedrichs_r_0.1\seed_318\val.npy,C:\projects\stencil-transformers\data\lax_friedrichs_r_0.1\seed_318\test.npy,2048,2048,4,4,0.007509319841038507,1.1920928955078125e-07,7.019031546956489e-09,5.548073204408865e-06,0.9987348704156646,all,frozen_layer_mean_validation,False,validation,test,1.5094085483724484e-06,0.27113785029997645,215.04512955593435
lf,0.1,318,C:\projects\stencil-transformers\final_checkpoints\lax_friedrichs_r_0.1\seed_318\best_model.pt,C:\projects\stencil-transformers\data\lax_friedrichs_r_0.1\seed_318\val.npy,C:\projects\stencil-transformers\data\lax_friedrichs_r_0.1\seed_318\test.npy,2048,2048,4,4,0.007509319841038507,1.1920928955078125e-07,7.019031546956489e-09,5.548073204408865e-06,0.9987348704156646,all,analytical_stencil,False,validation,test,5.6602231325086905e-05,10.21379876968591,8064.108409603901
lf,0.1,318,C:\projects\stencil-transformers\final_checkpoints\lax_friedrichs_r_0.1\seed_318\best_model.pt,C:\projects\stencil-transformers\data\lax_friedrichs_r_0.1\seed_318\val.npy,C:\projects\stencil-transformers\data\lax_friedrichs_r_0.1\seed_318\test.npy,2048,2048,4,4,0.007509319841038507,1.1920928955078125e-07,7.019031546956489e-09,5.548073204408865e-06,0.9987348704156646,all,original,True,none,test,7.019031546956489e-09,0.0,1.0
lf,0.1,319,C:\projects\stencil-transformers\final_checkpoints\lax_friedrichs_r_0.1\seed_319\best_model.pt,C:\projects\stencil-transformers\data\lax_friedrichs_r_0.1\seed_319\val.npy,C:\projects\stencil-transformers\data\lax_friedrichs_r_0.1\seed_319\test.npy,2048,2048,4,4,0.00982357739966998,1.1920928955078125e-07,5.0360541431482275e-09,4.482228177948855e-06,0.9988764395869171,all,frozen_per_head_validation,True,validation,test,1.2580407249968006e-07,0.026974053160326857,24.98068307522905
lf,0.1,319,C:\projects\stencil-transformers\final_checkpoints\lax_friedrichs_r_0.1\seed_319\best_model.pt,C:\projects\stencil-transformers\data\lax_friedrichs_r_0.1\seed_319\val.npy,C:\projects\stencil-transformers\data\lax_friedrichs_r_0.1\seed_319\test.npy,2048,2048,4,4,0.00982357739966998,1.1920928955078125e-07,5.0360541431482275e-09,4.482228177948855e-06,0.9988764395869171,all,frozen_layer_mean_validation,False,validation,test,1.5914868285449302e-06,0.3543405622390995,316.01860967087055
lf,0.1,319,C:\projects\stencil-transformers\final_checkpoints\lax_friedrichs_r_0.1\seed_319\best_model.pt,C:\projects\stencil-transformers\data\lax_friedrichs_r_0.1\seed_319\val.npy,C:\projects\stencil-transformers\data\lax_friedrichs_r_0.1\seed_319\test.npy,2048,2048,4,4,0.00982357739966998,1.1920928955078125e-07,5.0360541431482275e-09,4.482228177948855e-06,0.9988764395869171,all,analytical_stencil,False,validation,test,6.337263570799223e-06,1.4143300849179439,1258.378760566216
lf,0.1,319,C:\projects\stencil-transformers\final_checkpoints\lax_friedrichs_r_0.1\seed_319\best_model.pt,C:\projects\stencil-transformers\data\lax_friedrichs_r_0.1\seed_319\val.npy,C:\projects\stencil-transformers\data\lax_friedrichs_r_0.1\seed_319\test.npy,2048,2048,4,4,0.00982357739966998,1.1920928955078125e-07,5.0360541431482275e-09,4.482228177948855e-06,0.9988764395869171,all,original,True,none,test,5.0360541431482275e-09,0.0,1.0
lf,0.25,300,C:\projects\stencil-transformers\final_checkpoints\lax_friedrichs_r_0.25\seed_300\best_model.pt,C:\projects\stencil-transformers\data\lax_friedrichs_r_0.25\seed_300\val.npy,C:\projects\stencil-transformers\data\lax_friedrichs_r_0.25\seed_300\test.npy,2048,2048,4,4,0.00685970094908526,1.1920928955078125e-07,7.213935867070309e-09,9.863761079031974e-06,0.9992686424773198,all,frozen_per_head_validation,True,validation,test,7.485017345706252e-07,0.07520765516934665,103.75774727736848
lf,0.25,300,C:\projects\stencil-transformers\final_checkpoints\lax_friedrichs_r_0.25\seed_300\best_model.pt,C:\projects\stencil-transformers\data\lax_friedrichs_r_0.25\seed_300\val.npy,C:\projects\stencil-transformers\data\lax_friedrichs_r_0.25\seed_300\test.npy,2048,2048,4,4,0.00685970094908526,1.1920928955078125e-07,7.213935867070309e-09,9.863761079031974e-06,0.9992686424773198,all,frozen_layer_mean_validation,False,validation,test,5.512758014525332e-06,0.5585672141259044,764.1817332601472
lf,0.25,300,C:\projects\stencil-transformers\final_checkpoints\lax_friedrichs_r_0.25\seed_300\best_model.pt,C:\projects\stencil-transformers\data\lax_friedrichs_r_0.25\seed_300\val.npy,C:\projects\stencil-transformers\data\lax_friedrichs_r_0.25\seed_300\test.npy,2048,2048,4,4,0.00685970094908526,1.1920928955078125e-07,7.213935867070309e-09,9.863761079031974e-06,0.9992686424773198,all,analytical_stencil,False,validation,test,5.71675136882277e-05,5.799221463877324,7924.594110848993
lf,0.25,300,C:\projects\stencil-transformers\final_checkpoints\lax_friedrichs_r_0.25\seed_300\best_model.pt,C:\projects\stencil-transformers\data\lax_friedrichs_r_0.25\seed_300\val.npy,C:\projects\stencil-transformers\data\lax_friedrichs_r_0.25\seed_300\test.npy,2048,2048,4,4,0.00685970094908526,1.1920928955078125e-07,7.213935867070309e-09,9.863761079031974e-06,0.9992686424773198,all,original,True,none,test,7.213935867070309e-09,0.0,1.0
lf,0.25,301,C:\projects\stencil-transformers\final_checkpoints\lax_friedrichs_r_0.25\seed_301\best_model.pt,C:\projects\stencil-transformers\data\lax_friedrichs_r_0.25\seed_301\val.npy,C:\projects\stencil-transformers\data\lax_friedrichs_r_0.25\seed_301\test.npy,2048,2048,4,4,0.013435277802064285,1.1920928955078125e-07,5.9853874703752474e-09,1.2644751222978812e-05,0.9995266504366256,all,frozen_per_head_validation,True,validation,test,1.1725967836995199e-07,0.008804205438077915,19.590992053618965
lf,0.25,301,C:\projects\stencil-transformers\final_checkpoints\lax_friedrichs_r_0.25\seed_301\best_model.pt,C:\projects\stencil-transformers\data\lax_friedrichs_r_0.25\seed_301\val.npy,C:\projects\stencil-transformers\data\lax_friedrichs_r_0.25\seed_301\test.npy,2048,2048,4,4,0.013435277802064285,1.1920928955078125e-07,5.9853874703752474e-09,1.2644751222978812e-05,0.9995266504366256,all,frozen_layer_mean_validation,False,validation,test,9.209114358865733e-06,0.7281667443777853,1538.599531683849
lf,0.25,301,C:\projects\stencil-transformers\final_checkpoints\lax_friedrichs_r_0.25\seed_301\best_model.pt,C:\projects\stencil-transformers\data\lax_friedrichs_r_0.25\seed_301\val.npy,C:\projects\stencil-transformers\data\lax_friedrichs_r_0.25\seed_301\test.npy,2048,2048,4,4,0.013435277802064285,1.1920928955078125e-07,5.9853874703752474e-09,1.2644751222978812e-05,0.9995266504366256,all,analytical_stencil,False,validation,test,1.1614794452441402e-05,0.918508121446181,1940.5250720908173
lf,0.25,301,C:\projects\stencil-transformers\final_checkpoints\lax_friedrichs_r_0.25\seed_301\best_model.pt,C:\projects\stencil-transformers\data\lax_friedrichs_r_0.25\seed_301\val.npy,C:\projects\stencil-transformers\data\lax_friedrichs_r_0.25\seed_301\test.npy,2048,2048,4,4,0.013435277802064285,1.1920928955078125e-07,5.9853874703752474e-09,1.2644751222978812e-05,0.9995266504366256,all,original,True,none,test,5.9853874703752474e-09,0.0,1.0
lf,0.25,302,C:\projects\stencil-transformers\final_checkpoints\lax_friedrichs_r_0.25\seed_302\best_model.pt,C:\projects\stencil-transformers\data\lax_friedrichs_r_0.25\seed_302\val.npy,C:\projects\stencil-transformers\data\lax_friedrichs_r_0.25\seed_302\test.npy,2048,2048,4,4,0.010699589445361913,5.960464477539063e-08,7.292611632625512e-09,8.01729220256675e-06,0.9990903896916354,all,frozen_per_head_validation,True,validation,test,1.046659946490891e-07,0.01215647790128138,14.352333556450047
lf,0.25,302,C:\projects\stencil-transformers\final_checkpoints\lax_friedrichs_r_0.25\seed_302\best_model.pt,C:\projects\stencil-transformers\data\lax_friedrichs_r_0.25\seed_302\val.npy,C:\projects\stencil-transformers\data\lax_friedrichs_r_0.25\seed_302\test.npy,2048,2048,4,4,0.010699589445361913,5.960464477539063e-08,7.292611632625512e-09,8.01729220256675e-06,0.9990903896916354,all,frozen_layer_mean_validation,False,validation,test,5.233562322404239e-06,0.6524681620067507,717.6526854920469
lf,0.25,302,C:\projects\stencil-transformers\final_checkpoints\lax_friedrichs_r_0.25\seed_302\best_model.pt,C:\projects\stencil-transformers\data\lax_friedrichs_r_0.25\seed_302\val.npy,C:\projects\stencil-transformers\data\lax_friedrichs_r_0.25\seed_302\test.npy,2048,2048,4,4,0.010699589445361913,5.960464477539063e-08,7.292611632625512e-09,8.01729220256675e-06,0.9990903896916354,all,analytical_stencil,False,validation,test,1.4075011769421053e-05,1.756269647467966,1930.0372045664137
lf,0.25,302,C:\projects\stencil-transformers\final_checkpoints\lax_friedrichs_r_0.25\seed_302\best_model.pt,C:\projects\stencil-transformers\data\lax_friedrichs_r_0.25\seed_302\val.npy,C:\projects\stencil-transformers\data\lax_friedrichs_r_0.25\seed_302\test.npy,2048,2048,4,4,0.010699589445361913,5.960464477539063e-08,7.292611632625512e-09,8.01729220256675e-06,0.9990903896916354,all,original,True,none,test,7.292611632625512e-09,0.0,1.0
lf,0.25,303,C:\projects\stencil-transformers\final_checkpoints\lax_friedrichs_r_0.25\seed_303\best_model.pt,C:\projects\stencil-transformers\data\lax_friedrichs_r_0.25\seed_303\val.npy,C:\projects\stencil-transformers\data\lax_friedrichs_r_0.25\seed_303\test.npy,2048,2048,4,4,0.011878215567494596,1.1920928955078125e-07,5.328216931901886e-09,1.3959191164758522e-05,0.999618300453872,all,frozen_per_head_validation,True,validation,test,1.3019082809734295e-07,0.0089482469214655,24.43422063351911
lf,0.25,303,C:\projects\stencil-transformers\final_checkpoints\lax_friedrichs_r_0.25\seed_303\best_model.pt,C:\projects\stencil-transformers\data\lax_friedrichs_r_0.25\seed_303\val.npy,C:\projects\stencil-transformers\data\lax_friedrichs_r_0.25\seed_303\test.npy,2048,2048,4,4,0.011878215567494596,1.1920928955078125e-07,5.328216931901886e-09,1.3959191164758522e-05,0.999618300453872,all,frozen_layer_mean_validation,False,validation,test,7.257668775739745e-06,0.5197371212490968,1362.119611212817
lf,0.25,303,C:\projects\stencil-transformers\final_checkpoints\lax_friedrichs_r_0.25\seed_303\best_model.pt,C:\projects\stencil-transformers\data\lax_friedrichs_r_0.25\seed_303\val.npy,C:\projects\stencil-transformers\data\lax_friedrichs_r_0.25\seed_303\test.npy,2048,2048,4,4,0.011878215567494596,1.1920928955078125e-07,5.328216931901886e-09,1.3959191164758522e-05,0.999618300453872,all,analytical_stencil,False,validation,test,1.2547149193409268e-05,0.8988063752217671,2354.8495404316454
lf,0.25,303,C:\projects\stencil-transformers\final_checkpoints\lax_friedrichs_r_0.25\seed_303\best_model.pt,C:\projects\stencil-transformers\data\lax_friedrichs_r_0.25\seed_303\val.npy,C:\projects\stencil-transformers\data\lax_friedrichs_r_0.25\seed_303\test.npy,2048,2048,4,4,0.011878215567494596,1.1920928955078125e-07,5.328216931901886e-09,1.3959191164758522e-05,0.999618300453872,all,original,True,none,test,5.328216931901886e-09,0.0,1.0
lf,0.25,304,C:\projects\stencil-transformers\final_checkpoints\lax_friedrichs_r_0.25\seed_304\best_model.pt,C:\projects\stencil-transformers\data\lax_friedrichs_r_0.25\seed_304\val.npy,C:\projects\stencil-transformers\data\lax_friedrichs_r_0.25\seed_304\test.npy,2048,2048,4,4,0.012401119830021807,1.7881393432617188e-07,3.3839160085147313e-09,1.0641208973538596e-05,0.9996819989141338,all,frozen_per_head_validation,True,validation,test,1.2729241702716387e-07,0.011647916782664082,37.61689613656666
lf,0.25,304,C:\projects\stencil-transformers\final_checkpoints\lax_friedrichs_r_0.25\seed_304\best_model.pt,C:\projects\stencil-transformers\data\lax_friedrichs_r_0.25\seed_304\val.npy,C:\projects\stencil-transformers\data\lax_friedrichs_r_0.25\seed_304\test.npy,2048,2048,4,4,0.012401119830021807,1.7881393432617188e-07,3.3839160085147313e-09,1.0641208973538596e-05,0.9996819989141338,all,frozen_layer_mean_validation,False,validation,test,6.1902753882847605e-06,0.5815936470864219,1829.3230011349474
lf,0.25,304,C:\projects\stencil-transformers\final_checkpoints\lax_friedrichs_r_0.25\seed_304\best_model.pt,C:\projects\stencil-transformers\data\lax_friedrichs_r_0.25\seed_304\val.npy,C:\projects\stencil-transformers\data\lax_friedrichs_r_0.25\seed_304\test.npy,2048,2048,4,4,0.012401119830021807,1.7881393432617188e-07,3.3839160085147313e-09,1.0641208973538596e-05,0.9996819989141338,all,analytical_stencil,False,validation,test,9.981860475960502e-06,0.9380184864845688,2949.7955773263243
lf,0.25,304,C:\projects\stencil-transformers\final_checkpoints\lax_friedrichs_r_0.25\seed_304\best_model.pt,C:\projects\stencil-transformers\data\lax_friedrichs_r_0.25\seed_304\val.npy,C:\projects\stencil-transformers\data\lax_friedrichs_r_0.25\seed_304\test.npy,2048,2048,4,4,0.012401119830021807,1.7881393432617188e-07,3.3839160085147313e-09,1.0641208973538596e-05,0.9996819989141338,all,original,True,none,test,3.3839160085147313e-09,0.0,1.0
lf,0.25,305,C:\projects\stencil-transformers\final_checkpoints\lax_friedrichs_r_0.25\seed_305\best_model.pt,C:\projects\stencil-transformers\data\lax_friedrichs_r_0.25\seed_305\val.npy,C:\projects\stencil-transformers\data\lax_friedrichs_r_0.25\seed_305\test.npy,2048,2048,4,4,0.011087005865399216,1.1920928955078125e-07,3.762450998326394e-09,8.831932973407675e-06,0.9995739946159402,all,frozen_per_head_validation,True,validation,test,1.4747912467465152e-07,0.01627932687882682,39.19762004614888
lf,0.25,305,C:\projects\stencil-transformers\final_checkpoints\lax_friedrichs_r_0.25\seed_305\best_model.pt,C:\projects\stencil-transformers\data\lax_friedrichs_r_0.25\seed_305\val.npy,C:\projects\stencil-transformers\data\lax_friedrichs_r_0.25\seed_305\test.npy,2048,2048,4,4,0.011087005865399216,1.1920928955078125e-07,3.762450998326394e-09,8.831932973407675e-06,0.9995739946159402,all,frozen_layer_mean_validation,False,validation,test,7.457491947526762e-06,0.8443119078418293,1982.0834745340173
lf,0.25,305,C:\projects\stencil-transformers\final_checkpoints\lax_friedrichs_r_0.25\seed_305\best_model.pt,C:\projects\stencil-transformers\data\lax_friedrichs_r_0.25\seed_305\val.npy,C:\projects\stencil-transformers\data\lax_friedrichs_r_0.25\seed_305\test.npy,2048,2048,4,4,0.011087005865399216,1.1920928955078125e-07,3.762450998326394e-09,8.831932973407675e-06,0.9995739946159402,all,analytical_stencil,False,validation,test,9.10528899566998e-06,1.030964062323946,2420.0418821986455
lf,0.25,305,C:\projects\stencil-transformers\final_checkpoints\lax_friedrichs_r_0.25\seed_305\best_model.pt,C:\projects\stencil-transformers\data\lax_friedrichs_r_0.25\seed_305\val.npy,C:\projects\stencil-transformers\data\lax_friedrichs_r_0.25\seed_305\test.npy,2048,2048,4,4,0.011087005865399216,1.1920928955078125e-07,3.762450998326394e-09,8.831932973407675e-06,0.9995739946159402,all,original,True,none,test,3.762450998326394e-09,0.0,1.0
lf,0.25,306,C:\projects\stencil-transformers\final_checkpoints\lax_friedrichs_r_0.25\seed_306\best_model.pt,C:\projects\stencil-transformers\data\lax_friedrichs_r_0.25\seed_306\val.npy,C:\projects\stencil-transformers\data\lax_friedrichs_r_0.25\seed_306\test.npy,2048,2048,4,4,0.012371338985487125,5.960464477539063e-08,4.771325910757351e-09,6.26079827270587e-06,0.9992379045446077,all,frozen_per_head_validation,True,validation,test,9.156607313695608e-08,0.013873780909889246,19.19090727600744
lf,0.25,306,C:\projects\stencil-transformers\final_checkpoints\lax_friedrichs_r_0.25\seed_306\best_model.pt,C:\projects\stencil-transformers\data\lax_friedrichs_r_0.25\seed_306\val.npy,C:\projects\stencil-transformers\data\lax_friedrichs_r_0.25\seed_306\test.npy,2048,2048,4,4,0.012371338985487125,5.960464477539063e-08,4.771325910757351e-09,6.26079827270587e-06,0.9992379045446077,all,frozen_layer_mean_validation,False,validation,test,4.207494423758007e-06,0.6717878828831219,881.8291817525734
lf,0.25,306,C:\projects\stencil-transformers\final_checkpoints\lax_friedrichs_r_0.25\seed_306\best_model.pt,C:\projects\stencil-transformers\data\lax_friedrichs_r_0.25\seed_306\val.npy,C:\projects\stencil-transformers\data\lax_friedrichs_r_0.25\seed_306\test.npy,2048,2048,4,4,0.012371338985487125,5.960464477539063e-08,4.771325910757351e-09,6.26079827270587e-06,0.9992379045446077,all,analytical_stencil,False,validation,test,6.683531097451123e-06,1.0675720914152735,1400.770188928521
lf,0.25,306,C:\projects\stencil-transformers\final_checkpoints\lax_friedrichs_r_0.25\seed_306\best_model.pt,C:\projects\stencil-transformers\data\lax_friedrichs_r_0.25\seed_306\val.npy,C:\projects\stencil-transformers\data\lax_friedrichs_r_0.25\seed_306\test.npy,2048,2048,4,4,0.012371338985487125,5.960464477539063e-08,4.771325910757351e-09,6.26079827270587e-06,0.9992379045446077,all,original,True,none,test,4.771325910757351e-09,0.0,1.0
lf,0.25,307,C:\projects\stencil-transformers\final_checkpoints\lax_friedrichs_r_0.25\seed_307\best_model.pt,C:\projects\stencil-transformers\data\lax_friedrichs_r_0.25\seed_307\val.npy,C:\projects\stencil-transformers\data\lax_friedrichs_r_0.25\seed_307\test.npy,2048,2048,4,4,0.010537359357543154,1.1920928955078125e-07,8.239387498665263e-09,1.4754491530766245e-05,0.9994415675063092,all,frozen_per_head_validation,True,validation,test,1.6005669188981497e-07,0.01029531455967014,19.42579978375132
lf,0.25,307,C:\projects\stencil-transformers\final_checkpoints\lax_friedrichs_r_0.25\seed_307\best_model.pt,C:\projects\stencil-transformers\data\lax_friedrichs_r_0.25\seed_307\val.npy,C:\projects\stencil-transformers\data\lax_friedrichs_r_0.25\seed_307\test.npy,2048,2048,4,4,0.010537359357543154,1.1920928955078125e-07,8.239387498665263e-09,1.4754491530766245e-05,0.9994415675063092,all,frozen_layer_mean_validation,False,validation,test,9.708712939149322e-06,0.657826372247366,1178.3294499405547
lf,0.25,307,C:\projects\stencil-transformers\final_checkpoints\lax_friedrichs_r_0.25\seed_307\best_model.pt,C:\projects\stencil-transformers\data\lax_friedrichs_r_0.25\seed_307\val.npy,C:\projects\stencil-transformers\data\lax_friedrichs_r_0.25\seed_307\test.npy,2048,2048,4,4,0.010537359357543154,1.1920928955078125e-07,8.239387498665263e-09,1.4754491530766245e-05,0.9994415675063092,all,analytical_stencil,False,validation,test,1.5150991263368496e-05,1.0268881698719137,1838.849218564229
lf,0.25,307,C:\projects\stencil-transformers\final_checkpoints\lax_friedrichs_r_0.25\seed_307\best_model.pt,C:\projects\stencil-transformers\data\lax_friedrichs_r_0.25\seed_307\val.npy,C:\projects\stencil-transformers\data\lax_friedrichs_r_0.25\seed_307\test.npy,2048,2048,4,4,0.010537359357543154,1.1920928955078125e-07,8.239387498665263e-09,1.4754491530766245e-05,0.9994415675063092,all,original,True,none,test,8.239387498665263e-09,0.0,1.0
lf,0.25,308,C:\projects\stencil-transformers\final_checkpoints\lax_friedrichs_r_0.25\seed_308\best_model.pt,C:\projects\stencil-transformers\data\lax_friedrichs_r_0.25\seed_308\val.npy,C:\projects\stencil-transformers\data\lax_friedrichs_r_0.25\seed_308\test.npy,2048,2048,4,4,0.01240357253474812,1.1920928955078125e-07,3.7232315459878595e-09,9.488605428487062e-06,0.999607610246411,all,frozen_per_head_validation,True,validation,test,1.1175972019702995e-07,0.011390388030953557,30.016860035863687
lf,0.25,308,C:\projects\stencil-transformers\final_checkpoints\lax_friedrichs_r_0.25\seed_308\best_model.pt,C:\projects\stencil-transformers\data\lax_friedrichs_r_0.25\seed_308\val.npy,C:\projects\stencil-transformers\data\lax_friedrichs_r_0.25\seed_308\test.npy,2048,2048,4,4,0.01240357253474812,1.1920928955078125e-07,3.7232315459878595e-09,9.488605428487062e-06,0.999607610246411,all,frozen_layer_mean_validation,False,validation,test,7.611444388544442e-06,0.8020891560943144,2044.311317878284
lf,0.25,308,C:\projects\stencil-transformers\final_checkpoints\lax_friedrichs_r_0.25\seed_308\best_model.pt,C:\projects\stencil-transformers\data\lax_friedrichs_r_0.25\seed_308\val.npy,C:\projects\stencil-transformers\data\lax_friedrichs_r_0.25\seed_308\test.npy,2048,2048,4,4,0.01240357253474812,1.1920928955078125e-07,3.7232315459878595e-09,9.488605428487062e-06,0.999607610246411,all,analytical_stencil,False,validation,test,1.0648501103105446e-05,1.1222888856745585,2860.015814643661
lf,0.25,308,C:\projects\stencil-transformers\final_checkpoints\lax_friedrichs_r_0.25\seed_308\best_model.pt,C:\projects\stencil-transformers\data\lax_friedrichs_r_0.25\seed_308\val.npy,C:\projects\stencil-transformers\data\lax_friedrichs_r_0.25\seed_308\test.npy,2048,2048,4,4,0.01240357253474812,1.1920928955078125e-07,3.7232315459878595e-09,9.488605428487062e-06,0.999607610246411,all,original,True,none,test,3.7232315459878595e-09,0.0,1.0
lf,0.25,309,C:\projects\stencil-transformers\final_checkpoints\lax_friedrichs_r_0.25\seed_309\best_model.pt,C:\projects\stencil-transformers\data\lax_friedrichs_r_0.25\seed_309\val.npy,C:\projects\stencil-transformers\data\lax_friedrichs_r_0.25\seed_309\test.npy,2048,2048,4,4,0.0123337915362958,1.1920928955078125e-07,3.6708453152178855e-09,8.84437031345442e-06,0.9995849511966235,all,frozen_per_head_validation,True,validation,test,7.274349653023371e-08,0.007813030118707823,19.816551852149065
lf,0.25,309,C:\projects\stencil-transformers\final_checkpoints\lax_friedrichs_r_0.25\seed_309\best_model.pt,C:\projects\stencil-transformers\data\lax_friedrichs_r_0.25\seed_309\val.npy,C:\projects\stencil-transformers\data\lax_friedrichs_r_0.25\seed_309\test.npy,2048,2048,4,4,0.0123337915362958,1.1920928955078125e-07,3.6708453152178855e-09,8.84437031345442e-06,0.9995849511966235,all,frozen_layer_mean_validation,False,validation,test,6.796612424531112e-06,0.768371507672761,1851.511529607369
lf,0.25,309,C:\projects\stencil-transformers\final_checkpoints\lax_friedrichs_r_0.25\seed_309\best_model.pt,C:\projects\stencil-transformers\data\lax_friedrichs_r_0.25\seed_309\val.npy,C:\projects\stencil-transformers\data\lax_friedrichs_r_0.25\seed_309\test.npy,2048,2048,4,4,0.0123337915362958,1.1920928955078125e-07,3.6708453152178855e-09,8.84437031345442e-06,0.9995849511966235,all,analytical_stencil,False,validation,test,9.121208558227067e-06,1.031314065789742,2484.7706113940876
lf,0.25,309,C:\projects\stencil-transformers\final_checkpoints\lax_friedrichs_r_0.25\seed_309\best_model.pt,C:\projects\stencil-transformers\data\lax_friedrichs_r_0.25\seed_309\val.npy,C:\projects\stencil-transformers\data\lax_friedrichs_r_0.25\seed_309\test.npy,2048,2048,4,4,0.0123337915362958,1.1920928955078125e-07,3.6708453152178855e-09,8.84437031345442e-06,0.9995849511966235,all,original,True,none,test,3.6708453152178855e-09,0.0,1.0
lf,0.25,310,C:\projects\stencil-transformers\final_checkpoints\lax_friedrichs_r_0.25\seed_310\best_model.pt,C:\projects\stencil-transformers\data\lax_friedrichs_r_0.25\seed_310\val.npy,C:\projects\stencil-transformers\data\lax_friedrichs_r_0.25\seed_310\test.npy,2048,2048,4,4,0.013660136076426792,1.1920928955078125e-07,4.5782245234465835e-09,1.085397889255546e-05,0.9995781985050122,all,frozen_per_head_validation,True,validation,test,5.471336621439005e-08,0.004621005641230276,11.950782652573071
lf,0.25,310,C:\projects\stencil-transformers\final_checkpoints\lax_friedrichs_r_0.25\seed_310\best_model.pt,C:\projects\stencil-transformers\data\lax_friedrichs_r_0.25\seed_310\val.npy,C:\projects\stencil-transformers\data\lax_friedrichs_r_0.25\seed_310\test.npy,2048,2048,4,4,0.013660136076426792,1.1920928955078125e-07,4.5782245234465835e-09,1.085397889255546e-05,0.9995781985050122,all,frozen_layer_mean_validation,False,validation,test,7.315207337654783e-06,0.6738279225572578,1597.8262534288601
lf,0.25,310,C:\projects\stencil-transformers\final_checkpoints\lax_friedrichs_r_0.25\seed_310\best_model.pt,C:\projects\stencil-transformers\data\lax_friedrichs_r_0.25\seed_310\val.npy,C:\projects\stencil-transformers\data\lax_friedrichs_r_0.25\seed_310\test.npy,2048,2048,4,4,0.013660136076426792,1.1920928955078125e-07,4.5782245234465835e-09,1.085397889255546e-05,0.9995781985050122,all,analytical_stencil,False,validation,test,1.1244742566418608e-05,1.0360170746587452,2456.1361088410163
lf,0.25,310,C:\projects\stencil-transformers\final_checkpoints\lax_friedrichs_r_0.25\seed_310\best_model.pt,C:\projects\stencil-transformers\data\lax_friedrichs_r_0.25\seed_310\val.npy,C:\projects\stencil-transformers\data\lax_friedrichs_r_0.25\seed_310\test.npy,2048,2048,4,4,0.013660136076426792,1.1920928955078125e-07,4.5782245234465835e-09,1.085397889255546e-05,0.9995781985050122,all,original,True,none,test,4.5782245234465835e-09,0.0,1.0
lf,0.25,311,C:\projects\stencil-transformers\final_checkpoints\lax_friedrichs_r_0.25\seed_311\best_model.pt,C:\projects\stencil-transformers\data\lax_friedrichs_r_0.25\seed_311\val.npy,C:\projects\stencil-transformers\data\lax_friedrichs_r_0.25\seed_311\test.npy,2048,2048,4,4,0.011795289454976874,1.1920928955078125e-07,5.739705028103004e-09,9.780873369891196e-06,0.9994131705001138,all,frozen_per_head_validation,True,validation,test,2.0118380302663885e-07,0.019994007724013375,35.051244278511454
lf,0.25,311,C:\projects\stencil-transformers\final_checkpoints\lax_friedrichs_r_0.25\seed_311\best_model.pt,C:\projects\stencil-transformers\data\lax_friedrichs_r_0.25\seed_311\val.npy,C:\projects\stencil-transformers\data\lax_friedrichs_r_0.25\seed_311\test.npy,2048,2048,4,4,0.011795289454976874,1.1920928955078125e-07,5.739705028103004e-09,9.780873369891196e-06,0.9994131705001138,all,frozen_layer_mean_validation,False,validation,test,7.5690285719076655e-06,0.7737274114282396,1318.7138598321421
lf,0.25,311,C:\projects\stencil-transformers\final_checkpoints\lax_friedrichs_r_0.25\seed_311\best_model.pt,C:\projects\stencil-transformers\data\lax_friedrichs_r_0.25\seed_311\val.npy,C:\projects\stencil-transformers\data\lax_friedrichs_r_0.25\seed_311\test.npy,2048,2048,4,4,0.011795289454976874,1.1920928955078125e-07,5.739705028103004e-09,9.780873369891196e-06,0.9994131705001138,all,analytical_stencil,False,validation,test,1.7564609947839926e-05,1.7962792985560414,3060.1938360663635
lf,0.25,311,C:\projects\stencil-transformers\final_checkpoints\lax_friedrichs_r_0.25\seed_311\best_model.pt,C:\projects\stencil-transformers\data\lax_friedrichs_r_0.25\seed_311\val.npy,C:\projects\stencil-transformers\data\lax_friedrichs_r_0.25\seed_311\test.npy,2048,2048,4,4,0.011795289454976874,1.1920928955078125e-07,5.739705028103004e-09,9.780873369891196e-06,0.9994131705001138,all,original,True,none,test,5.739705028103004e-09,0.0,1.0
lf,0.25,312,C:\projects\stencil-transformers\final_checkpoints\lax_friedrichs_r_0.25\seed_312\best_model.pt,C:\projects\stencil-transformers\data\lax_friedrichs_r_0.25\seed_312\val.npy,C:\projects\stencil-transformers\data\lax_friedrichs_r_0.25\seed_312\test.npy,2048,2048,4,4,0.009299728353867553,1.1920928955078125e-07,9.4664956342555e-09,1.3152319297660142e-05,0.9992802413460309,all,frozen_per_head_validation,True,validation,test,2.9175658016258876e-07,0.02147860048199125,30.819913876771587
lf,0.25,312,C:\projects\stencil-transformers\final_checkpoints\lax_friedrichs_r_0.25\seed_312\best_model.pt,C:\projects\stencil-transformers\data\lax_friedrichs_r_0.25\seed_312\val.npy,C:\projects\stencil-transformers\data\lax_friedrichs_r_0.25\seed_312\test.npy,2048,2048,4,4,0.009299728353867553,1.1920928955078125e-07,9.4664956342555e-09,1.3152319297660142e-05,0.9992802413460309,all,frozen_layer_mean_validation,False,validation,test,8.992869122814717e-06,0.6835199908649763,949.9681265655565
lf,0.25,312,C:\projects\stencil-transformers\final_checkpoints\lax_friedrichs_r_0.25\seed_312\best_model.pt,C:\projects\stencil-transformers\data\lax_friedrichs_r_0.25\seed_312\val.npy,C:\projects\stencil-transformers\data\lax_friedrichs_r_0.25\seed_312\test.npy,2048,2048,4,4,0.009299728353867553,1.1920928955078125e-07,9.4664956342555e-09,1.3152319297660142e-05,0.9992802413460309,all,analytical_stencil,False,validation,test,8.744281342387694e-05,6.65253946348432,9237.083795555349
lf,0.25,312,C:\projects\stencil-transformers\final_checkpoints\lax_friedrichs_r_0.25\seed_312\best_model.pt,C:\projects\stencil-transformers\data\lax_friedrichs_r_0.25\seed_312\val.npy,C:\projects\stencil-transformers\data\lax_friedrichs_r_0.25\seed_312\test.npy,2048,2048,4,4,0.009299728353867553,1.1920928955078125e-07,9.4664956342555e-09,1.3152319297660142e-05,0.9992802413460309,all,original,True,none,test,9.4664956342555e-09,0.0,1.0
lf,0.25,313,C:\projects\stencil-transformers\final_checkpoints\lax_friedrichs_r_0.25\seed_313\best_model.pt,C:\projects\stencil-transformers\data\lax_friedrichs_r_0.25\seed_313\val.npy,C:\projects\stencil-transformers\data\lax_friedrichs_r_0.25\seed_313\test.npy,2048,2048,4,4,0.01131242672212775,5.960464477539063e-08,6.087132818632934e-09,8.987374712887686e-06,0.9993227017885541,all,frozen_per_head_validation,True,validation,test,1.9188669142522485e-07,0.02068740778537273,31.52332915060646
lf,0.25,313,C:\projects\stencil-transformers\final_checkpoints\lax_friedrichs_r_0.25\seed_313\best_model.pt,C:\projects\stencil-transformers\data\lax_friedrichs_r_0.25\seed_313\val.npy,C:\projects\stencil-transformers\data\lax_friedrichs_r_0.25\seed_313\test.npy,2048,2048,4,4,0.01131242672212775,5.960464477539063e-08,6.087132818632934e-09,8.987374712887686e-06,0.9993227017885541,all,frozen_layer_mean_validation,False,validation,test,7.17451997367391e-06,0.7981520218507647,1178.6370015966208
lf,0.25,313,C:\projects\stencil-transformers\final_checkpoints\lax_friedrichs_r_0.25\seed_313\best_model.pt,C:\projects\stencil-transformers\data\lax_friedrichs_r_0.25\seed_313\val.npy,C:\projects\stencil-transformers\data\lax_friedrichs_r_0.25\seed_313\test.npy,2048,2048,4,4,0.01131242672212775,5.960464477539063e-08,6.087132818632934e-09,8.987374712887686e-06,0.9993227017885541,all,analytical_stencil,False,validation,test,1.0954628059778315e-05,1.219039122102747,1799.636772545163
lf,0.25,313,C:\projects\stencil-transformers\final_checkpoints\lax_friedrichs_r_0.25\seed_313\best_model.pt,C:\projects\stencil-transformers\data\lax_friedrichs_r_0.25\seed_313\val.npy,C:\projects\stencil-transformers\data\lax_friedrichs_r_0.25\seed_313\test.npy,2048,2048,4,4,0.01131242672212775,5.960464477539063e-08,6.087132818632934e-09,8.987374712887686e-06,0.9993227017885541,all,original,True,none,test,6.087132818632934e-09,0.0,1.0
lf,0.25,314,C:\projects\stencil-transformers\final_checkpoints\lax_friedrichs_r_0.25\seed_314\best_model.pt,C:\projects\stencil-transformers\data\lax_friedrichs_r_0.25\seed_314\val.npy,C:\projects\stencil-transformers\data\lax_friedrichs_r_0.25\seed_314\test.npy,2048,2048,4,4,0.0059285169096850825,1.1920928955078125e-07,8.164543939363778e-09,1.6243733625742607e-05,0.9994973727021462,all,frozen_per_head_validation,True,validation,test,4.4001394560126e-06,0.2705156123536035,538.932668951437
lf,0.25,314,C:\projects\stencil-transformers\final_checkpoints\lax_friedrichs_r_0.25\seed_314\best_model.pt,C:\projects\stencil-transformers\data\lax_friedrichs_r_0.25\seed_314\val.npy,C:\projects\stencil-transformers\data\lax_friedrichs_r_0.25\seed_314\test.npy,2048,2048,4,4,0.0059285169096850825,1.1920928955078125e-07,8.164543939363778e-09,1.6243733625742607e-05,0.9994973727021462,all,frozen_layer_mean_validation,False,validation,test,7.332500414569676e-06,0.45112898930283857,898.0906305393785
lf,0.25,314,C:\projects\stencil-transformers\final_checkpoints\lax_friedrichs_r_0.25\seed_314\best_model.pt,C:\projects\stencil-transformers\data\lax_friedrichs_r_0.25\seed_314\val.npy,C:\projects\stencil-transformers\data\lax_friedrichs_r_0.25\seed_314\test.npy,2048,2048,4,4,0.0059285169096850825,1.1920928955078125e-07,8.164543939363778e-09,1.6243733625742607e-05,0.9994973727021462,all,analytical_stencil,False,validation,test,0.000403841412435213,24.873365747547968,49462.825533728756
lf,0.25,314,C:\projects\stencil-transformers\final_checkpoints\lax_friedrichs_r_0.25\seed_314\best_model.pt,C:\projects\stencil-transformers\data\lax_friedrichs_r_0.25\seed_314\val.npy,C:\projects\stencil-transformers\data\lax_friedrichs_r_0.25\seed_314\test.npy,2048,2048,4,4,0.0059285169096850825,1.1920928955078125e-07,8.164543939363778e-09,1.6243733625742607e-05,0.9994973727021462,all,original,True,none,test,8.164543939363778e-09,0.0,1.0
lf,0.25,315,C:\projects\stencil-transformers\final_checkpoints\lax_friedrichs_r_0.25\seed_315\best_model.pt,C:\projects\stencil-transformers\data\lax_friedrichs_r_0.25\seed_315\val.npy,C:\projects\stencil-transformers\data\lax_friedrichs_r_0.25\seed_315\test.npy,2048,2048,4,4,0.011216598011157014,1.7881393432617188e-07,4.347095912404786e-09,7.816003744665068e-06,0.9994438211579195,all,frozen_per_head_validation,True,validation,test,8.103721246474627e-08,0.009817394696243733,18.641689554973954
lf,0.25,315,C:\projects\stencil-transformers\final_checkpoints\lax_friedrichs_r_0.25\seed_315\best_model.pt,C:\projects\stencil-transformers\data\lax_friedrichs_r_0.25\seed_315\val.npy,C:\projects\stencil-transformers\data\lax_friedrichs_r_0.25\seed_315\test.npy,2048,2048,4,4,0.011216598011157014,1.7881393432617188e-07,4.347095912404786e-09,7.816003744665068e-06,0.9994438211579195,all,frozen_layer_mean_validation,False,validation,test,6.474818291302142e-06,0.8283097281833194,1489.4583468530636
lf,0.25,315,C:\projects\stencil-transformers\final_checkpoints\lax_friedrichs_r_0.25\seed_315\best_model.pt,C:\projects\stencil-transformers\data\lax_friedrichs_r_0.25\seed_315\val.npy,C:\projects\stencil-transformers\data\lax_friedrichs_r_0.25\seed_315\test.npy,2048,2048,4,4,0.011216598011157014,1.7881393432617188e-07,4.347095912404786e-09,7.816003744665068e-06,0.9994438211579195,all,analytical_stencil,False,validation,test,7.90468334344041e-06,1.011352214102946,1818.3825484235958
lf,0.25,315,C:\projects\stencil-transformers\final_checkpoints\lax_friedrichs_r_0.25\seed_315\best_model.pt,C:\projects\stencil-transformers\data\lax_friedrichs_r_0.25\seed_315\val.npy,C:\projects\stencil-transformers\data\lax_friedrichs_r_0.25\seed_315\test.npy,2048,2048,4,4,0.011216598011157014,1.7881393432617188e-07,4.347095912404786e-09,7.816003744665068e-06,0.9994438211579195,all,original,True,none,test,4.347095912404786e-09,0.0,1.0
lf,0.25,316,C:\projects\stencil-transformers\final_checkpoints\lax_friedrichs_r_0.25\seed_316\best_model.pt,C:\projects\stencil-transformers\data\lax_friedrichs_r_0.25\seed_316\val.npy,C:\projects\stencil-transformers\data\lax_friedrichs_r_0.25\seed_316\test.npy,2048,2048,4,4,0.010332429827091875,1.1920928955078125e-07,1.0871105689258531e-08,1.220922695210902e-05,0.9991095991800382,all,frozen_per_head_validation,True,validation,test,2.2201313654157673e-07,0.01730905652455521,20.42231424177417
lf,0.25,316,C:\projects\stencil-transformers\final_checkpoints\lax_friedrichs_r_0.25\seed_316\best_model.pt,C:\projects\stencil-transformers\data\lax_friedrichs_r_0.25\seed_316\val.npy,C:\projects\stencil-transformers\data\lax_friedrichs_r_0.25\seed_316\test.npy,2048,2048,4,4,0.010332429827091875,1.1920928955078125e-07,1.0871105689258531e-08,1.220922695210902e-05,0.9991095991800382,all,frozen_layer_mean_validation,False,validation,test,7.435560526403151e-06,0.6086631275716597,683.974633210497
lf,0.25,316,C:\projects\stencil-transformers\final_checkpoints\lax_friedrichs_r_0.25\seed_316\best_model.pt,C:\projects\stencil-transformers\data\lax_friedrichs_r_0.25\seed_316\val.npy,C:\projects\stencil-transformers\data\lax_friedrichs_r_0.25\seed_316\test.npy,2048,2048,4,4,0.010332429827091875,1.1920928955078125e-07,1.0871105689258531e-08,1.220922695210902e-05,0.9991095991800382,all,analytical_stencil,False,validation,test,1.34841944898767e-05,1.1045196216457225,1240.3701035857002
lf,0.25,316,C:\projects\stencil-transformers\final_checkpoints\lax_friedrichs_r_0.25\seed_316\best_model.pt,C:\projects\stencil-transformers\data\lax_friedrichs_r_0.25\seed_316\val.npy,C:\projects\stencil-transformers\data\lax_friedrichs_r_0.25\seed_316\test.npy,2048,2048,4,4,0.010332429827091875,1.1920928955078125e-07,1.0871105689258531e-08,1.220922695210902e-05,0.9991095991800382,all,original,True,none,test,1.0871105689258531e-08,0.0,1.0
lf,0.25,317,C:\projects\stencil-transformers\final_checkpoints\lax_friedrichs_r_0.25\seed_317\best_model.pt,C:\projects\stencil-transformers\data\lax_friedrichs_r_0.25\seed_317\val.npy,C:\projects\stencil-transformers\data\lax_friedrichs_r_0.25\seed_317\test.npy,2048,2048,4,4,0.011077175199156774,5.960464477539063e-08,6.092314305816693e-09,9.936794413079042e-06,0.999386893393125,all,frozen_per_head_validation,True,validation,test,7.45993454995264e-08,0.0068985083342871225,12.244828771933516
lf,0.25,317,C:\projects\stencil-transformers\final_checkpoints\lax_friedrichs_r_0.25\seed_317\best_model.pt,C:\projects\stencil-transformers\data\lax_friedrichs_r_0.25\seed_317\val.npy,C:\projects\stencil-transformers\data\lax_friedrichs_r_0.25\seed_317\test.npy,2048,2048,4,4,0.011077175199156774,5.960464477539063e-08,6.092314305816693e-09,9.936794413079042e-06,0.999386893393125,all,frozen_layer_mean_validation,False,validation,test,4.857758238330234e-06,0.48855215630964915,797.3584412235996
lf,0.25,317,C:\projects\stencil-transformers\final_checkpoints\lax_friedrichs_r_0.25\seed_317\best_model.pt,C:\projects\stencil-transformers\data\lax_friedrichs_r_0.25\seed_317\val.npy,C:\projects\stencil-transformers\data\lax_friedrichs_r_0.25\seed_317\test.npy,2048,2048,4,4,0.011077175199156774,5.960464477539063e-08,6.092314305816693e-09,9.936794413079042e-06,0.999386893393125,all,analytical_stencil,False,validation,test,9.43842227130176e-06,0.9498150144047874,1549.2342971028827
lf,0.25,317,C:\projects\stencil-transformers\final_checkpoints\lax_friedrichs_r_0.25\seed_317\best_model.pt,C:\projects\stencil-transformers\data\lax_friedrichs_r_0.25\seed_317\val.npy,C:\projects\stencil-transformers\data\lax_friedrichs_r_0.25\seed_317\test.npy,2048,2048,4,4,0.011077175199156774,5.960464477539063e-08,6.092314305816693e-09,9.936794413079042e-06,0.999386893393125,all,original,True,none,test,6.092314305816693e-09,0.0,1.0
lf,0.25,318,C:\projects\stencil-transformers\final_checkpoints\lax_friedrichs_r_0.25\seed_318\best_model.pt,C:\projects\stencil-transformers\data\lax_friedrichs_r_0.25\seed_318\val.npy,C:\projects\stencil-transformers\data\lax_friedrichs_r_0.25\seed_318\test.npy,2048,2048,4,4,0.01099549581670834,1.1920928955078125e-07,6.06302729549979e-09,1.387021166010527e-05,0.9995628742052337,all,frozen_per_head_validation,True,validation,test,2.1354638111981128e-07,0.014965459424843312,35.22108193019575
lf,0.25,318,C:\projects\stencil-transformers\final_checkpoints\lax_friedrichs_r_0.25\seed_318\best_model.pt,C:\projects\stencil-transformers\data\lax_friedrichs_r_0.25\seed_318\val.npy,C:\projects\stencil-transformers\data\lax_friedrichs_r_0.25\seed_318\test.npy,2048,2048,4,4,0.01099549581670834,1.1920928955078125e-07,6.06302729549979e-09,1.387021166010527e-05,0.9995628742052337,all,frozen_layer_mean_validation,False,validation,test,8.984924332988697e-06,0.6476316392370861,1481.9204821422545
lf,0.25,318,C:\projects\stencil-transformers\final_checkpoints\lax_friedrichs_r_0.25\seed_318\best_model.pt,C:\projects\stencil-transformers\data\lax_friedrichs_r_0.25\seed_318\val.npy,C:\projects\stencil-transformers\data\lax_friedrichs_r_0.25\seed_318\test.npy,2048,2048,4,4,0.01099549581670834,1.1920928955078125e-07,6.06302729549979e-09,1.387021166010527e-05,0.9995628742052337,all,analytical_stencil,False,validation,test,1.4853700029959782e-05,1.070937523529362,2449.8817679717135
lf,0.25,318,C:\projects\stencil-transformers\final_checkpoints\lax_friedrichs_r_0.25\seed_318\best_model.pt,C:\projects\stencil-transformers\data\lax_friedrichs_r_0.25\seed_318\val.npy,C:\projects\stencil-transformers\data\lax_friedrichs_r_0.25\seed_318\test.npy,2048,2048,4,4,0.01099549581670834,1.1920928955078125e-07,6.06302729549979e-09,1.387021166010527e-05,0.9995628742052337,all,original,True,none,test,6.06302729549979e-09,0.0,1.0
lf,0.25,319,C:\projects\stencil-transformers\final_checkpoints\lax_friedrichs_r_0.25\seed_319\best_model.pt,C:\projects\stencil-transformers\data\lax_friedrichs_r_0.25\seed_319\val.npy,C:\projects\stencil-transformers\data\lax_friedrichs_r_0.25\seed_319\test.npy,2048,2048,4,4,0.010850754383315536,1.1920928955078125e-07,4.987982162724114e-09,1.16782721306663e-05,0.9995728835475904,all,frozen_per_head_validation,True,validation,test,1.5802581468382648e-07,0.01311009229058479,31.681311105074798
lf,0.25,319,C:\projects\stencil-transformers\final_checkpoints\lax_friedrichs_r_0.25\seed_319\best_model.pt,C:\projects\stencil-transformers\data\lax_friedrichs_r_0.25\seed_319\val.npy,C:\projects\stencil-transformers\data\lax_friedrichs_r_0.25\seed_319\test.npy,2048,2048,4,4,0.010850754383315536,1.1920928955078125e-07,4.987982162724114e-09,1.16782721306663e-05,0.9995728835475904,all,frozen_layer_mean_validation,False,validation,test,5.8979758410515615e-06,0.5048269008035988,1182.437235868235
lf,0.25,319,C:\projects\stencil-transformers\final_checkpoints\lax_friedrichs_r_0.25\seed_319\best_model.pt,C:\projects\stencil-transformers\data\lax_friedrichs_r_0.25\seed_319\val.npy,C:\projects\stencil-transformers\data\lax_friedrichs_r_0.25\seed_319\test.npy,2048,2048,4,4,0.010850754383315536,1.1920928955078125e-07,4.987982162724114e-09,1.16782721306663e-05,0.9995728835475904,all,analytical_stencil,False,validation,test,1.1143159208693021e-05,0.9541591796134015,2234.0014148341193
lf,0.25,319,C:\projects\stencil-transformers\final_checkpoints\lax_friedrichs_r_0.25\seed_319\best_model.pt,C:\projects\stencil-transformers\data\lax_friedrichs_r_0.25\seed_319\val.npy,C:\projects\stencil-transformers\data\lax_friedrichs_r_0.25\seed_319\test.npy,2048,2048,4,4,0.010850754383315536,1.1920928955078125e-07,4.987982162724114e-09,1.16782721306663e-05,0.9995728835475904,all,original,True,none,test,4.987982162724114e-09,0.0,1.0
lf,0.4,300,C:\projects\stencil-transformers\final_checkpoints\lax_friedrichs_r_0.4\seed_300\best_model.pt,C:\projects\stencil-transformers\data\lax_friedrichs_r_0.4\seed_300\val.npy,C:\projects\stencil-transformers\data\lax_friedrichs_r_0.4\seed_300\test.npy,2048,2048,4,4,0.008031273295966937,1.1920928955078125e-07,7.634551678348256e-09,2.261595000163652e-05,0.9996624262222991,all,frozen_per_head_validation,True,validation,test,1.834123418475997e-06,0.08078836615848033,240.23983276943534
lf,0.4,300,C:\projects\stencil-transformers\final_checkpoints\lax_friedrichs_r_0.4\seed_300\best_model.pt,C:\projects\stencil-transformers\data\lax_friedrichs_r_0.4\seed_300\val.npy,C:\projects\stencil-transformers\data\lax_friedrichs_r_0.4\seed_300\test.npy,2048,2048,4,4,0.008031273295966937,1.1920928955078125e-07,7.634551678348256e-09,2.261595000163652e-05,0.9996624262222991,all,frozen_layer_mean_validation,False,validation,test,6.799885567954078e-06,0.3004315395063322,890.6725443012839
lf,0.4,300,C:\projects\stencil-transformers\final_checkpoints\lax_friedrichs_r_0.4\seed_300\best_model.pt,C:\projects\stencil-transformers\data\lax_friedrichs_r_0.4\seed_300\val.npy,C:\projects\stencil-transformers\data\lax_friedrichs_r_0.4\seed_300\test.npy,2048,2048,4,4,0.008031273295966937,1.1920928955078125e-07,7.634551678348256e-09,2.261595000163652e-05,0.9996624262222991,all,analytical_stencil,False,validation,test,0.00047024147352203727,20.79915418781141,61593.85558364241
lf,0.4,300,C:\projects\stencil-transformers\final_checkpoints\lax_friedrichs_r_0.4\seed_300\best_model.pt,C:\projects\stencil-transformers\data\lax_friedrichs_r_0.4\seed_300\val.npy,C:\projects\stencil-transformers\data\lax_friedrichs_r_0.4\seed_300\test.npy,2048,2048,4,4,0.008031273295966937,1.1920928955078125e-07,7.634551678348256e-09,2.261595000163652e-05,0.9996624262222991,all,original,True,none,test,7.634551678348256e-09,0.0,1.0
lf,0.4,301,C:\projects\stencil-transformers\final_checkpoints\lax_friedrichs_r_0.4\seed_301\best_model.pt,C:\projects\stencil-transformers\data\lax_friedrichs_r_0.4\seed_301\val.npy,C:\projects\stencil-transformers\data\lax_friedrichs_r_0.4\seed_301\test.npy,2048,2048,4,4,0.014239201375890333,1.7881393432617188e-07,1.5712098649922623e-08,2.8288925022934563e-05,0.9994445848105863,all,frozen_per_head_validation,True,validation,test,1.9153104642566365e-07,0.006218569790655992,12.19003588846528
lf,0.4,301,C:\projects\stencil-transformers\final_checkpoints\lax_friedrichs_r_0.4\seed_301\best_model.pt,C:\projects\stencil-transformers\data\lax_friedrichs_r_0.4\seed_301\val.npy,C:\projects\stencil-transformers\data\lax_friedrichs_r_0.4\seed_301\test.npy,2048,2048,4,4,0.014239201375890333,1.7881393432617188e-07,1.5712098649922623e-08,2.8288925022934563e-05,0.9994445848105863,all,frozen_layer_mean_validation,False,validation,test,2.3530347682765296e-05,0.8316930816135865,1497.5941920324676
lf,0.4,301,C:\projects\stencil-transformers\final_checkpoints\lax_friedrichs_r_0.4\seed_301\best_model.pt,C:\projects\stencil-transformers\data\lax_friedrichs_r_0.4\seed_301\val.npy,C:\projects\stencil-transformers\data\lax_friedrichs_r_0.4\seed_301\test.npy,2048,2048,4,4,0.014239201375890333,1.7881393432617188e-07,1.5712098649922623e-08,2.8288925022934563e-05,0.9994445848105863,all,analytical_stencil,False,validation,test,2.7758236058161856e-05,0.9812299731836672,1766.6790844836348
lf,0.4,301,C:\projects\stencil-transformers\final_checkpoints\lax_friedrichs_r_0.4\seed_301\best_model.pt,C:\projects\stencil-transformers\data\lax_friedrichs_r_0.4\seed_301\val.npy,C:\projects\stencil-transformers\data\lax_friedrichs_r_0.4\seed_301\test.npy,2048,2048,4,4,0.014239201375890333,1.7881393432617188e-07,1.5712098649922623e-08,2.8288925022934563e-05,0.9994445848105863,all,original,True,none,test,1.5712098649922623e-08,0.0,1.0
lf,0.4,302,C:\projects\stencil-transformers\final_checkpoints\lax_friedrichs_r_0.4\seed_302\best_model.pt,C:\projects\stencil-transformers\data\lax_friedrichs_r_0.4\seed_302\val.npy,C:\projects\stencil-transformers\data\lax_friedrichs_r_0.4\seed_302\test.npy,2048,2048,4,4,0.010614234978465783,1.1920928955078125e-07,7.555653172564014e-09,1.9175891793565825e-05,0.9996059816537398,all,frozen_per_head_validation,True,validation,test,1.7677076101507705e-07,0.008827845390603703,23.39582786263465
lf,0.4,302,C:\projects\stencil-transformers\final_checkpoints\lax_friedrichs_r_0.4\seed_302\best_model.pt,C:\projects\stencil-transformers\data\lax_friedrichs_r_0.4\seed_302\val.npy,C:\projects\stencil-transformers\data\lax_friedrichs_r_0.4\seed_302\test.npy,2048,2048,4,4,0.010614234978465783,1.1920928955078125e-07,7.555653172564014e-09,1.9175891793565825e-05,0.9996059816537398,all,frozen_layer_mean_validation,False,validation,test,1.1285041485287195e-05,0.5883393190476083,1493.5891348567038
lf,0.4,302,C:\projects\stencil-transformers\final_checkpoints\lax_friedrichs_r_0.4\seed_302\best_model.pt,C:\projects\stencil-transformers\data\lax_friedrichs_r_0.4\seed_302\val.npy,C:\projects\stencil-transformers\data\lax_friedrichs_r_0.4\seed_302\test.npy,2048,2048,4,4,0.010614234978465783,1.1920928955078125e-07,7.555653172564014e-09,1.9175891793565825e-05,0.9996059816537398,all,analytical_stencil,False,validation,test,7.611035834997892e-05,3.970235190963477,10073.299635609246
lf,0.4,302,C:\projects\stencil-transformers\final_checkpoints\lax_friedrichs_r_0.4\seed_302\best_model.pt,C:\projects\stencil-transformers\data\lax_friedrichs_r_0.4\seed_302\val.npy,C:\projects\stencil-transformers\data\lax_friedrichs_r_0.4\seed_302\test.npy,2048,2048,4,4,0.010614234978465783,1.1920928955078125e-07,7.555653172564014e-09,1.9175891793565825e-05,0.9996059816537398,all,original,True,none,test,7.555653172564014e-09,0.0,1.0
lf,0.4,303,C:\projects\stencil-transformers\final_checkpoints\lax_friedrichs_r_0.4\seed_303\best_model.pt,C:\projects\stencil-transformers\data\lax_friedrichs_r_0.4\seed_303\val.npy,C:\projects\stencil-transformers\data\lax_friedrichs_r_0.4\seed_303\test.npy,2048,2048,4,4,0.014039608558196033,1.7881393432617188e-07,1.0178785342374042e-08,3.201347863068804e-05,0.9996820468821962,all,frozen_per_head_validation,True,validation,test,2.913515474295414e-07,0.008785742827955884,28.62341012504231
lf,0.4,303,C:\projects\stencil-transformers\final_checkpoints\lax_friedrichs_r_0.4\seed_303\best_model.pt,C:\projects\stencil-transformers\data\lax_friedrichs_r_0.4\seed_303\val.npy,C:\projects\stencil-transformers\data\lax_friedrichs_r_0.4\seed_303\test.npy,2048,2048,4,4,0.014039608558196033,1.7881393432617188e-07,1.0178785342374042e-08,3.201347863068804e-05,0.9996820468821962,all,frozen_layer_mean_validation,False,validation,test,2.479955124101707e-05,0.7745880135944758,2436.3959359450414
lf,0.4,303,C:\projects\stencil-transformers\final_checkpoints\lax_friedrichs_r_0.4\seed_303\best_model.pt,C:\projects\stencil-transformers\data\lax_friedrichs_r_0.4\seed_303\val.npy,C:\projects\stencil-transformers\data\lax_friedrichs_r_0.4\seed_303\test.npy,2048,2048,4,4,0.014039608558196033,1.7881393432617188e-07,1.0178785342374042e-08,3.201347863068804e-05,0.9996820468821962,all,analytical_stencil,False,validation,test,4.054650537455018e-05,1.2666295908577416,3983.4326013101036
lf,0.4,303,C:\projects\stencil-transformers\final_checkpoints\lax_friedrichs_r_0.4\seed_303\best_model.pt,C:\projects\stencil-transformers\data\lax_friedrichs_r_0.4\seed_303\val.npy,C:\projects\stencil-transformers\data\lax_friedrichs_r_0.4\seed_303\test.npy,2048,2048,4,4,0.014039608558196033,1.7881393432617188e-07,1.0178785342374042e-08,3.201347863068804e-05,0.9996820468821962,all,original,True,none,test,1.0178785342374042e-08,0.0,1.0
lf,0.4,304,C:\projects\stencil-transformers\final_checkpoints\lax_friedrichs_r_0.4\seed_304\best_model.pt,C:\projects\stencil-transformers\data\lax_friedrichs_r_0.4\seed_304\val.npy,C:\projects\stencil-transformers\data\lax_friedrichs_r_0.4\seed_304\test.npy,2048,2048,4,4,0.013350719882214394,1.1920928955078125e-07,8.075905583160292e-09,2.4981591195682995e-05,0.9996767257329647,all,frozen_per_head_validation,True,validation,test,2.4219289985680237e-07,0.009374611125188783,29.989565549381595
lf,0.4,304,C:\projects\stencil-transformers\final_checkpoints\lax_friedrichs_r_0.4\seed_304\best_model.pt,C:\projects\stencil-transformers\data\lax_friedrichs_r_0.4\seed_304\val.npy,C:\projects\stencil-transformers\data\lax_friedrichs_r_0.4\seed_304\test.npy,2048,2048,4,4,0.013350719882214394,1.1920928955078125e-07,8.075905583160292e-09,2.4981591195682995e-05,0.9996767257329647,all,frozen_layer_mean_validation,False,validation,test,1.0566878955842185e-05,0.4228000314575183,1308.4450835923612
lf,0.4,304,C:\projects\stencil-transformers\final_checkpoints\lax_friedrichs_r_0.4\seed_304\best_model.pt,C:\projects\stencil-transformers\data\lax_friedrichs_r_0.4\seed_304\val.npy,C:\projects\stencil-transformers\data\lax_friedrichs_r_0.4\seed_304\test.npy,2048,2048,4,4,0.013350719882214394,1.1920928955078125e-07,8.075905583160292e-09,2.4981591195682995e-05,0.9996767257329647,all,analytical_stencil,False,validation,test,2.947706923350779e-05,1.180009821829405,3650.001715593698
lf,0.4,304,C:\projects\stencil-transformers\final_checkpoints\lax_friedrichs_r_0.4\seed_304\best_model.pt,C:\projects\stencil-transformers\data\lax_friedrichs_r_0.4\seed_304\val.npy,C:\projects\stencil-transformers\data\lax_friedrichs_r_0.4\seed_304\test.npy,2048,2048,4,4,0.013350719882214394,1.1920928955078125e-07,8.075905583160292e-09,2.4981591195682995e-05,0.9996767257329647,all,original,True,none,test,8.075905583160292e-09,0.0,1.0
lf,0.4,305,C:\projects\stencil-transformers\final_checkpoints\lax_friedrichs_r_0.4\seed_305\best_model.pt,C:\projects\stencil-transformers\data\lax_friedrichs_r_0.4\seed_305\val.npy,C:\projects\stencil-transformers\data\lax_friedrichs_r_0.4\seed_305\test.npy,2048,2048,4,4,0.014645548814537834,1.1920928955078125e-07,5.908459698930613e-09,2.1270647266646847e-05,0.999722224734167,all,frozen_per_head_validation,True,validation,test,1.2916965224513133e-07,0.005796506303944212,21.861814893737886
lf,0.4,305,C:\projects\stencil-transformers\final_checkpoints\lax_friedrichs_r_0.4\seed_305\best_model.pt,C:\projects\stencil-transformers\data\lax_friedrichs_r_0.4\seed_305\val.npy,C:\projects\stencil-transformers\data\lax_friedrichs_r_0.4\seed_305\test.npy,2048,2048,4,4,0.014645548814537834,1.1920928955078125e-07,5.908459698930613e-09,2.1270647266646847e-05,0.999722224734167,all,frozen_layer_mean_validation,False,validation,test,1.8659955578925747e-05,0.8772290733771864,3158.1759933647445
lf,0.4,305,C:\projects\stencil-transformers\final_checkpoints\lax_friedrichs_r_0.4\seed_305\best_model.pt,C:\projects\stencil-transformers\data\lax_friedrichs_r_0.4\seed_305\val.npy,C:\projects\stencil-transformers\data\lax_friedrichs_r_0.4\seed_305\test.npy,2048,2048,4,4,0.014645548814537834,1.1920928955078125e-07,5.908459698930613e-09,2.1270647266646847e-05,0.999722224734167,all,analytical_stencil,False,validation,test,2.008271812314888e-05,0.9441361986957568,3398.976915554438
lf,0.4,305,C:\projects\stencil-transformers\final_checkpoints\lax_friedrichs_r_0.4\seed_305\best_model.pt,C:\projects\stencil-transformers\data\lax_friedrichs_r_0.4\seed_305\val.npy,C:\projects\stencil-transformers\data\lax_friedrichs_r_0.4\seed_305\test.npy,2048,2048,4,4,0.014645548814537834,1.1920928955078125e-07,5.908459698930613e-09,2.1270647266646847e-05,0.999722224734167,all,original,True,none,test,5.908459698930613e-09,0.0,1.0
lf,0.4,306,C:\projects\stencil-transformers\final_checkpoints\lax_friedrichs_r_0.4\seed_306\best_model.pt,C:\projects\stencil-transformers\data\lax_friedrichs_r_0.4\seed_306\val.npy,C:\projects\stencil-transformers\data\lax_friedrichs_r_0.4\seed_306\test.npy,2048,2048,4,4,0.016002100568182888,1.1920928955078125e-07,5.147009122727364e-09,1.5790443285368383e-05,0.9996740427719659,all,frozen_per_head_validation,True,validation,test,6.601113191218727e-08,0.0038557478886887078,12.825143755954416
lf,0.4,306,C:\projects\stencil-transformers\final_checkpoints\lax_friedrichs_r_0.4\seed_306\best_model.pt,C:\projects\stencil-transformers\data\lax_friedrichs_r_0.4\seed_306\val.npy,C:\projects\stencil-transformers\data\lax_friedrichs_r_0.4\seed_306\test.npy,2048,2048,4,4,0.016002100568182888,1.1920928955078125e-07,5.147009122727364e-09,1.5790443285368383e-05,0.9996740427719659,all,frozen_layer_mean_validation,False,validation,test,1.195419310029422e-05,0.7569731908771895,2322.5513721179836
lf,0.4,306,C:\projects\stencil-transformers\final_checkpoints\lax_friedrichs_r_0.4\seed_306\best_model.pt,C:\projects\stencil-transformers\data\lax_friedrichs_r_0.4\seed_306\val.npy,C:\projects\stencil-transformers\data\lax_friedrichs_r_0.4\seed_306\test.npy,2048,2048,4,4,0.016002100568182888,1.1920928955078125e-07,5.147009122727364e-09,1.5790443285368383e-05,0.9996740427719659,all,analytical_stencil,False,validation,test,1.5418236088748927e-05,0.9764206391754858,2995.571937237778
lf,0.4,306,C:\projects\stencil-transformers\final_checkpoints\lax_friedrichs_r_0.4\seed_306\best_model.pt,C:\projects\stencil-transformers\data\lax_friedrichs_r_0.4\seed_306\val.npy,C:\projects\stencil-transformers\data\lax_friedrichs_r_0.4\seed_306\test.npy,2048,2048,4,4,0.016002100568182888,1.1920928955078125e-07,5.147009122727364e-09,1.5790443285368383e-05,0.9996740427719659,all,original,True,none,test,5.147009122727364e-09,0.0,1.0
lf,0.4,307,C:\projects\stencil-transformers\final_checkpoints\lax_friedrichs_r_0.4\seed_307\best_model.pt,C:\projects\stencil-transformers\data\lax_friedrichs_r_0.4\seed_307\val.npy,C:\projects\stencil-transformers\data\lax_friedrichs_r_0.4\seed_307\test.npy,2048,2048,4,4,0.016202005046522736,1.1920928955078125e-07,1.2018410495973075e-08,3.414509046706371e-05,0.9996480193687709,all,frozen_per_head_validation,True,validation,test,4.348040189422475e-07,0.012386391935235254,36.17816341752799
lf,0.4,307,C:\projects\stencil-transformers\final_checkpoints\lax_friedrichs_r_0.4\seed_307\best_model.pt,C:\projects\stencil-transformers\data\lax_friedrichs_r_0.4\seed_307\val.npy,C:\projects\stencil-transformers\data\lax_friedrichs_r_0.4\seed_307\test.npy,2048,2048,4,4,0.016202005046522736,1.1920928955078125e-07,1.2018410495973075e-08,3.414509046706371e-05,0.9996480193687709,all,frozen_layer_mean_validation,False,validation,test,2.9528545979928822e-05,0.8647486379343756,2456.942703847796
lf,0.4,307,C:\projects\stencil-transformers\final_checkpoints\lax_friedrichs_r_0.4\seed_307\best_model.pt,C:\projects\stencil-transformers\data\lax_friedrichs_r_0.4\seed_307\val.npy,C:\projects\stencil-transformers\data\lax_friedrichs_r_0.4\seed_307\test.npy,2048,2048,4,4,0.016202005046522736,1.1920928955078125e-07,1.2018410495973075e-08,3.414509046706371e-05,0.9996480193687709,all,analytical_stencil,False,validation,test,3.611102027889501e-05,1.0575960408302312,3004.6419442067217
lf,0.4,307,C:\projects\stencil-transformers\final_checkpoints\lax_friedrichs_r_0.4\seed_307\best_model.pt,C:\projects\stencil-transformers\data\lax_friedrichs_r_0.4\seed_307\val.npy,C:\projects\stencil-transformers\data\lax_friedrichs_r_0.4\seed_307\test.npy,2048,2048,4,4,0.016202005046522736,1.1920928955078125e-07,1.2018410495973075e-08,3.414509046706371e-05,0.9996480193687709,all,original,True,none,test,1.2018410495973075e-08,0.0,1.0
lf,0.4,308,C:\projects\stencil-transformers\final_checkpoints\lax_friedrichs_r_0.4\seed_308\best_model.pt,C:\projects\stencil-transformers\data\lax_friedrichs_r_0.4\seed_308\val.npy,C:\projects\stencil-transformers\data\lax_friedrichs_r_0.4\seed_308\test.npy,2048,2048,4,4,0.01409045152049004,1.1920928955078125e-07,6.583485628181007e-09,2.296412640134804e-05,0.9997133143445947,all,frozen_per_head_validation,True,validation,test,2.9617528904402057e-07,0.012614233347138626,44.98761078420592
lf,0.4,308,C:\projects\stencil-transformers\final_checkpoints\lax_friedrichs_r_0.4\seed_308\best_model.pt,C:\projects\stencil-transformers\data\lax_friedrichs_r_0.4\seed_308\val.npy,C:\projects\stencil-transformers\data\lax_friedrichs_r_0.4\seed_308\test.npy,2048,2048,4,4,0.01409045152049004,1.1920928955078125e-07,6.583485628181007e-09,2.296412640134804e-05,0.9997133143445947,all,frozen_layer_mean_validation,False,validation,test,2.002974319026407e-05,0.8721821746405322,3042.4222549412953
lf,0.4,308,C:\projects\stencil-transformers\final_checkpoints\lax_friedrichs_r_0.4\seed_308\best_model.pt,C:\projects\stencil-transformers\data\lax_friedrichs_r_0.4\seed_308\val.npy,C:\projects\stencil-transformers\data\lax_friedrichs_r_0.4\seed_308\test.npy,2048,2048,4,4,0.01409045152049004,1.1920928955078125e-07,6.583485628181007e-09,2.296412640134804e-05,0.9997133143445947,all,analytical_stencil,False,validation,test,2.3605887548683313e-05,1.0279542610326926,3585.6214901779217
lf,0.4,308,C:\projects\stencil-transformers\final_checkpoints\lax_friedrichs_r_0.4\seed_308\best_model.pt,C:\projects\stencil-transformers\data\lax_friedrichs_r_0.4\seed_308\val.npy,C:\projects\stencil-transformers\data\lax_friedrichs_r_0.4\seed_308\test.npy,2048,2048,4,4,0.01409045152049004,1.1920928955078125e-07,6.583485628181007e-09,2.296412640134804e-05,0.9997133143445947,all,original,True,none,test,6.583485628181007e-09,0.0,1.0
lf,0.4,309,C:\projects\stencil-transformers\final_checkpoints\lax_friedrichs_r_0.4\seed_309\best_model.pt,C:\projects\stencil-transformers\data\lax_friedrichs_r_0.4\seed_309\val.npy,C:\projects\stencil-transformers\data\lax_friedrichs_r_0.4\seed_309\test.npy,2048,2048,4,4,0.013930058056590606,1.1920928955078125e-07,9.849307001930097e-09,2.0999814296374097e-05,0.9995309812333135,all,frozen_per_head_validation,True,validation,test,2.581465682188755e-07,0.01182933184227156,26.209617404380673
lf,0.4,309,C:\projects\stencil-transformers\final_checkpoints\lax_friedrichs_r_0.4\seed_309\best_model.pt,C:\projects\stencil-transformers\data\lax_friedrichs_r_0.4\seed_309\val.npy,C:\projects\stencil-transformers\data\lax_friedrichs_r_0.4\seed_309\test.npy,2048,2048,4,4,0.013930058056590606,1.1920928955078125e-07,9.849307001930097e-09,2.0999814296374097e-05,0.9995309812333135,all,frozen_layer_mean_validation,False,validation,test,1.94063121732313e-05,0.9240826688396272,1970.3225992882938
lf,0.4,309,C:\projects\stencil-transformers\final_checkpoints\lax_friedrichs_r_0.4\seed_309\best_model.pt,C:\projects\stencil-transformers\data\lax_friedrichs_r_0.4\seed_309\val.npy,C:\projects\stencil-transformers\data\lax_friedrichs_r_0.4\seed_309\test.npy,2048,2048,4,4,0.013930058056590606,1.1920928955078125e-07,9.849307001930097e-09,2.0999814296374097e-05,0.9995309812333135,all,analytical_stencil,False,validation,test,2.1826558054272027e-05,1.0393875720286592,2216.0501292116123
lf,0.4,309,C:\projects\stencil-transformers\final_checkpoints\lax_friedrichs_r_0.4\seed_309\best_model.pt,C:\projects\stencil-transformers\data\lax_friedrichs_r_0.4\seed_309\val.npy,C:\projects\stencil-transformers\data\lax_friedrichs_r_0.4\seed_309\test.npy,2048,2048,4,4,0.013930058056590606,1.1920928955078125e-07,9.849307001930097e-09,2.0999814296374097e-05,0.9995309812333135,all,original,True,none,test,9.849307001930097e-09,0.0,1.0
lf,0.4,310,C:\projects\stencil-transformers\final_checkpoints\lax_friedrichs_r_0.4\seed_310\best_model.pt,C:\projects\stencil-transformers\data\lax_friedrichs_r_0.4\seed_310\val.npy,C:\projects\stencil-transformers\data\lax_friedrichs_r_0.4\seed_310\test.npy,2048,2048,4,4,0.014489385679218965,1.1920928955078125e-07,8.671156914025202e-09,2.4977205612231046e-05,0.9996528371888895,all,frozen_per_head_validation,True,validation,test,1.2300919988161851e-07,0.004579285306961425,14.186019362959136
lf,0.4,310,C:\projects\stencil-transformers\final_checkpoints\lax_friedrichs_r_0.4\seed_310\best_model.pt,C:\projects\stencil-transformers\data\lax_friedrichs_r_0.4\seed_310\val.npy,C:\projects\stencil-transformers\data\lax_friedrichs_r_0.4\seed_310\test.npy,2048,2048,4,4,0.014489385679218965,1.1920928955078125e-07,8.671156914025202e-09,2.4977205612231046e-05,0.9996528371888895,all,frozen_layer_mean_validation,False,validation,test,2.132497913187592e-05,0.8537268381974502,2459.3003382724787
lf,0.4,310,C:\projects\stencil-transformers\final_checkpoints\lax_friedrichs_r_0.4\seed_310\best_model.pt,C:\projects\stencil-transformers\data\lax_friedrichs_r_0.4\seed_310\val.npy,C:\projects\stencil-transformers\data\lax_friedrichs_r_0.4\seed_310\test.npy,2048,2048,4,4,0.014489385679218965,1.1920928955078125e-07,8.671156914025202e-09,2.4977205612231046e-05,0.9996528371888895,all,analytical_stencil,False,validation,test,2.356634090716625e-05,0.9434942924828191,2717.7850822937785
lf,0.4,310,C:\projects\stencil-transformers\final_checkpoints\lax_friedrichs_r_0.4\seed_310\best_model.pt,C:\projects\stencil-transformers\data\lax_friedrichs_r_0.4\seed_310\val.npy,C:\projects\stencil-transformers\data\lax_friedrichs_r_0.4\seed_310\test.npy,2048,2048,4,4,0.014489385679218965,1.1920928955078125e-07,8.671156914025202e-09,2.4977205612231046e-05,0.9996528371888895,all,original,True,none,test,8.671156914025202e-09,0.0,1.0
lf,0.4,311,C:\projects\stencil-transformers\final_checkpoints\lax_friedrichs_r_0.4\seed_311\best_model.pt,C:\projects\stencil-transformers\data\lax_friedrichs_r_0.4\seed_311\val.npy,C:\projects\stencil-transformers\data\lax_friedrichs_r_0.4\seed_311\test.npy,2048,2048,4,4,0.014405398434525233,5.960464477539063e-08,1.1119757115096718e-08,2.3138170945458114e-05,0.999519419355086,all,frozen_per_head_validation,True,validation,test,6.477504584240235e-07,0.02752753457949774,58.25221286035162
lf,0.4,311,C:\projects\stencil-transformers\final_checkpoints\lax_friedrichs_r_0.4\seed_311\best_model.pt,C:\projects\stencil-transformers\data\lax_friedrichs_r_0.4\seed_311\val.npy,C:\projects\stencil-transformers\data\lax_friedrichs_r_0.4\seed_311\test.npy,2048,2048,4,4,0.014405398434525233,5.960464477539063e-08,1.1119757115096718e-08,2.3138170945458114e-05,0.999519419355086,all,frozen_layer_mean_validation,False,validation,test,1.9512748465899676e-05,0.8432388785741176,1754.7818953175001
lf,0.4,311,C:\projects\stencil-transformers\final_checkpoints\lax_friedrichs_r_0.4\seed_311\best_model.pt,C:\projects\stencil-transformers\data\lax_friedrichs_r_0.4\seed_311\val.npy,C:\projects\stencil-transformers\data\lax_friedrichs_r_0.4\seed_311\test.npy,2048,2048,4,4,0.014405398434525233,5.960464477539063e-08,1.1119757115096718e-08,2.3138170945458114e-05,0.999519419355086,all,analytical_stencil,False,validation,test,3.5781742553808726e-05,1.5467005501645403,3217.852888641759
lf,0.4,311,C:\projects\stencil-transformers\final_checkpoints\lax_friedrichs_r_0.4\seed_311\best_model.pt,C:\projects\stencil-transformers\data\lax_friedrichs_r_0.4\seed_311\val.npy,C:\projects\stencil-transformers\data\lax_friedrichs_r_0.4\seed_311\test.npy,2048,2048,4,4,0.014405398434525233,5.960464477539063e-08,1.1119757115096718e-08,2.3138170945458114e-05,0.999519419355086,all,original,True,none,test,1.1119757115096718e-08,0.0,1.0
lf,0.4,312,C:\projects\stencil-transformers\final_checkpoints\lax_friedrichs_r_0.4\seed_312\best_model.pt,C:\projects\stencil-transformers\data\lax_friedrichs_r_0.4\seed_312\val.npy,C:\projects\stencil-transformers\data\lax_friedrichs_r_0.4\seed_312\test.npy,2048,2048,4,4,0.013705463209188279,1.1920928955078125e-07,1.1207239622446075e-08,3.032403219549451e-05,0.9996304172363953,all,frozen_per_head_validation,True,validation,test,1.656612658648693e-07,0.005095335933462813,14.781629682752541
lf,0.4,312,C:\projects\stencil-transformers\final_checkpoints\lax_friedrichs_r_0.4\seed_312\best_model.pt,C:\projects\stencil-transformers\data\lax_friedrichs_r_0.4\seed_312\val.npy,C:\projects\stencil-transformers\data\lax_friedrichs_r_0.4\seed_312\test.npy,2048,2048,4,4,0.013705463209188279,1.1920928955078125e-07,1.1207239622446075e-08,3.032403219549451e-05,0.9996304172363953,all,frozen_layer_mean_validation,False,validation,test,2.7973652923840575e-05,0.9224625459660886,2496.0341588319757
lf,0.4,312,C:\projects\stencil-transformers\final_checkpoints\lax_friedrichs_r_0.4\seed_312\best_model.pt,C:\projects\stencil-transformers\data\lax_friedrichs_r_0.4\seed_312\val.npy,C:\projects\stencil-transformers\data\lax_friedrichs_r_0.4\seed_312\test.npy,2048,2048,4,4,0.013705463209188279,1.1920928955078125e-07,1.1207239622446075e-08,3.032403219549451e-05,0.9996304172363953,all,analytical_stencil,False,validation,test,4.827503289561719e-05,1.592191612832353,4307.486457140706
lf,0.4,312,C:\projects\stencil-transformers\final_checkpoints\lax_friedrichs_r_0.4\seed_312\best_model.pt,C:\projects\stencil-transformers\data\lax_friedrichs_r_0.4\seed_312\val.npy,C:\projects\stencil-transformers\data\lax_friedrichs_r_0.4\seed_312\test.npy,2048,2048,4,4,0.013705463209188279,1.1920928955078125e-07,1.1207239622446075e-08,3.032403219549451e-05,0.9996304172363953,all,original,True,none,test,1.1207239622446075e-08,0.0,1.0
lf,0.4,313,C:\projects\stencil-transformers\final_checkpoints\lax_friedrichs_r_0.4\seed_313\best_model.pt,C:\projects\stencil-transformers\data\lax_friedrichs_r_0.4\seed_313\val.npy,C:\projects\stencil-transformers\data\lax_friedrichs_r_0.4\seed_313\test.npy,2048,2048,4,4,0.011262475983570983,1.1920928955078125e-07,2.7759613135946992e-08,2.211934406659566e-05,0.9987450073992985,all,frozen_per_head_validation,True,validation,test,4.5357574918192256e-07,0.019275038281796466,16.339411754790266
lf,0.4,313,C:\projects\stencil-transformers\final_checkpoints\lax_friedrichs_r_0.4\seed_313\best_model.pt,C:\projects\stencil-transformers\data\lax_friedrichs_r_0.4\seed_313\val.npy,C:\projects\stencil-transformers\data\lax_friedrichs_r_0.4\seed_313\test.npy,2048,2048,4,4,0.011262475983570983,1.1920928955078125e-07,2.7759613135946992e-08,2.211934406659566e-05,0.9987450073992985,all,frozen_layer_mean_validation,False,validation,test,1.781281304591431e-05,0.8050601110230954,641.6808821751126
lf,0.4,313,C:\projects\stencil-transformers\final_checkpoints\lax_friedrichs_r_0.4\seed_313\best_model.pt,C:\projects\stencil-transformers\data\lax_friedrichs_r_0.4\seed_313\val.npy,C:\projects\stencil-transformers\data\lax_friedrichs_r_0.4\seed_313\test.npy,2048,2048,4,4,0.011262475983570983,1.1920928955078125e-07,2.7759613135946992e-08,2.211934406659566e-05,0.9987450073992985,all,analytical_stencil,False,validation,test,3.2840090561592206e-05,1.4852864455051613,1183.0168670134062
lf,0.4,313,C:\projects\stencil-transformers\final_checkpoints\lax_friedrichs_r_0.4\seed_313\best_model.pt,C:\projects\stencil-transformers\data\lax_friedrichs_r_0.4\seed_313\val.npy,C:\projects\stencil-transformers\data\lax_friedrichs_r_0.4\seed_313\test.npy,2048,2048,4,4,0.011262475983570983,1.1920928955078125e-07,2.7759613135946992e-08,2.211934406659566e-05,0.9987450073992985,all,original,True,none,test,2.7759613135946992e-08,0.0,1.0
lf,0.4,314,C:\projects\stencil-transformers\final_checkpoints\lax_friedrichs_r_0.4\seed_314\best_model.pt,C:\projects\stencil-transformers\data\lax_friedrichs_r_0.4\seed_314\val.npy,C:\projects\stencil-transformers\data\lax_friedrichs_r_0.4\seed_314\test.npy,2048,2048,4,4,0.012756912847518207,1.1920928955078125e-07,1.061299537835625e-08,3.59476289304439e-05,0.9997047650792521,all,frozen_per_head_validation,True,validation,test,2.956247820151692e-07,0.007930869584491925,27.854980754825867
lf,0.4,314,C:\projects\stencil-transformers\final_checkpoints\lax_friedrichs_r_0.4\seed_314\best_model.pt,C:\projects\stencil-transformers\data\lax_friedrichs_r_0.4\seed_314\val.npy,C:\projects\stencil-transformers\data\lax_friedrichs_r_0.4\seed_314\test.npy,2048,2048,4,4,0.012756912847518207,1.1920928955078125e-07,1.061299537835625e-08,3.59476289304439e-05,0.9997047650792521,all,frozen_layer_mean_validation,False,validation,test,2.3219923496853312e-05,0.6458329913483014,2187.876529580628
lf,0.4,314,C:\projects\stencil-transformers\final_checkpoints\lax_friedrichs_r_0.4\seed_314\best_model.pt,C:\projects\stencil-transformers\data\lax_friedrichs_r_0.4\seed_314\val.npy,C:\projects\stencil-transformers\data\lax_friedrichs_r_0.4\seed_314\test.npy,2048,2048,4,4,0.012756912847518207,1.1920928955078125e-07,1.061299537835625e-08,3.59476289304439e-05,0.9997047650792521,all,analytical_stencil,False,validation,test,3.8806966955462485e-05,1.079565260237108,3656.551762436831
lf,0.4,314,C:\projects\stencil-transformers\final_checkpoints\lax_friedrichs_r_0.4\seed_314\best_model.pt,C:\projects\stencil-transformers\data\lax_friedrichs_r_0.4\seed_314\val.npy,C:\projects\stencil-transformers\data\lax_friedrichs_r_0.4\seed_314\test.npy,2048,2048,4,4,0.012756912847518207,1.1920928955078125e-07,1.061299537835625e-08,3.59476289304439e-05,0.9997047650792521,all,original,True,none,test,1.061299537835625e-08,0.0,1.0
lf,0.4,315,C:\projects\stencil-transformers\final_checkpoints\lax_friedrichs_r_0.4\seed_315\best_model.pt,C:\projects\stencil-transformers\data\lax_friedrichs_r_0.4\seed_315\val.npy,C:\projects\stencil-transformers\data\lax_friedrichs_r_0.4\seed_315\test.npy,2048,2048,4,4,0.014777786992691049,1.1920928955078125e-07,8.065224033765306e-09,1.901904215628747e-05,0.9995759395258977,all,frozen_per_head_validation,True,validation,test,2.0019026017448205e-07,0.01010600543177561,24.821413433325525
lf,0.4,315,C:\projects\stencil-transformers\final_checkpoints\lax_friedrichs_r_0.4\seed_315\best_model.pt,C:\projects\stencil-transformers\data\lax_friedrichs_r_0.4\seed_315\val.npy,C:\projects\stencil-transformers\data\lax_friedrichs_r_0.4\seed_315\test.npy,2048,2048,4,4,0.014777786992691049,1.1920928955078125e-07,8.065224033765306e-09,1.901904215628747e-05,0.9995759395258977,all,frozen_layer_mean_validation,False,validation,test,1.652777785920989e-05,0.8689565346402088,2049.264569715094
lf,0.4,315,C:\projects\stencil-transformers\final_checkpoints\lax_friedrichs_r_0.4\seed_315\best_model.pt,C:\projects\stencil-transformers\data\lax_friedrichs_r_0.4\seed_315\val.npy,C:\projects\stencil-transformers\data\lax_friedrichs_r_0.4\seed_315\test.npy,2048,2048,4,4,0.014777786992691049,1.1920928955078125e-07,8.065224033765306e-09,1.901904215628747e-05,0.9995759395258977,all,analytical_stencil,False,validation,test,1.9080856205277996e-05,1.0032514925040834,2365.8184974645974
lf,0.4,315,C:\projects\stencil-transformers\final_checkpoints\lax_friedrichs_r_0.4\seed_315\best_model.pt,C:\projects\stencil-transformers\data\lax_friedrichs_r_0.4\seed_315\val.npy,C:\projects\stencil-transformers\data\lax_friedrichs_r_0.4\seed_315\test.npy,2048,2048,4,4,0.014777786992691049,1.1920928955078125e-07,8.065224033765306e-09,1.901904215628747e-05,0.9995759395258977,all,original,True,none,test,8.065224033765306e-09,0.0,1.0
lf,0.4,316,C:\projects\stencil-transformers\final_checkpoints\lax_friedrichs_r_0.4\seed_316\best_model.pt,C:\projects\stencil-transformers\data\lax_friedrichs_r_0.4\seed_316\val.npy,C:\projects\stencil-transformers\data\lax_friedrichs_r_0.4\seed_316\test.npy,2048,2048,4,4,0.013793282832003883,1.1920928955078125e-07,3.9208328694861905e-08,2.8264210413908586e-05,0.9986127923575191,all,frozen_per_head_validation,True,validation,test,3.7422227977534916e-07,0.011869403944384172,9.544458849233976
lf,0.4,316,C:\projects\stencil-transformers\final_checkpoints\lax_friedrichs_r_0.4\seed_316\best_model.pt,C:\projects\stencil-transformers\data\lax_friedrichs_r_0.4\seed_316\val.npy,C:\projects\stencil-transformers\data\lax_friedrichs_r_0.4\seed_316\test.npy,2048,2048,4,4,0.013793282832003883,1.1920928955078125e-07,3.9208328694861905e-08,2.8264210413908586e-05,0.9986127923575191,all,frozen_layer_mean_validation,False,validation,test,2.1853764110346674e-05,0.7728805728974538,557.3755586580389
lf,0.4,316,C:\projects\stencil-transformers\final_checkpoints\lax_friedrichs_r_0.4\seed_316\best_model.pt,C:\projects\stencil-transformers\data\lax_friedrichs_r_0.4\seed_316\val.npy,C:\projects\stencil-transformers\data\lax_friedrichs_r_0.4\seed_316\test.npy,2048,2048,4,4,0.013793282832003883,1.1920928955078125e-07,3.9208328694861905e-08,2.8264210413908586e-05,0.9986127923575191,all,analytical_stencil,False,validation,test,3.858619538732455e-05,1.3657036035729244,984.132623647922
lf,0.4,316,C:\projects\stencil-transformers\final_checkpoints\lax_friedrichs_r_0.4\seed_316\best_model.pt,C:\projects\stencil-transformers\data\lax_friedrichs_r_0.4\seed_316\val.npy,C:\projects\stencil-transformers\data\lax_friedrichs_r_0.4\seed_316\test.npy,2048,2048,4,4,0.013793282832003883,1.1920928955078125e-07,3.9208328694861905e-08,2.8264210413908586e-05,0.9986127923575191,all,original,True,none,test,3.9208328694861905e-08,0.0,1.0
lf,0.4,317,C:\projects\stencil-transformers\final_checkpoints\lax_friedrichs_r_0.4\seed_317\best_model.pt,C:\projects\stencil-transformers\data\lax_friedrichs_r_0.4\seed_317\val.npy,C:\projects\stencil-transformers\data\lax_friedrichs_r_0.4\seed_317\test.npy,2048,2048,4,4,0.012799909016435655,1.1920928955078125e-07,2.5930356112313646e-08,2.3873013560660183e-05,0.9989138214140236,all,frozen_per_head_validation,True,validation,test,4.351341878205961e-07,0.01715949192605003,16.78087975097119
lf,0.4,317,C:\projects\stencil-transformers\final_checkpoints\lax_friedrichs_r_0.4\seed_317\best_model.pt,C:\projects\stencil-transformers\data\lax_friedrichs_r_0.4\seed_317\val.npy,C:\projects\stencil-transformers\data\lax_friedrichs_r_0.4\seed_317\test.npy,2048,2048,4,4,0.012799909016435655,1.1920928955078125e-07,2.5930356112313646e-08,2.3873013560660183e-05,0.9989138214140236,all,frozen_layer_mean_validation,False,validation,test,1.8256747353007086e-05,0.7644883376520437,704.0685162182341
lf,0.4,317,C:\projects\stencil-transformers\final_checkpoints\lax_friedrichs_r_0.4\seed_317\best_model.pt,C:\projects\stencil-transformers\data\lax_friedrichs_r_0.4\seed_317\val.npy,C:\projects\stencil-transformers\data\lax_friedrichs_r_0.4\seed_317\test.npy,2048,2048,4,4,0.012799909016435655,1.1920928955078125e-07,2.5930356112313646e-08,2.3873013560660183e-05,0.9989138214140236,all,analytical_stencil,False,validation,test,2.3394048071168072e-05,0.9799151332100536,902.1876895882217
lf,0.4,317,C:\projects\stencil-transformers\final_checkpoints\lax_friedrichs_r_0.4\seed_317\best_model.pt,C:\projects\stencil-transformers\data\lax_friedrichs_r_0.4\seed_317\val.npy,C:\projects\stencil-transformers\data\lax_friedrichs_r_0.4\seed_317\test.npy,2048,2048,4,4,0.012799909016435655,1.1920928955078125e-07,2.5930356112313646e-08,2.3873013560660183e-05,0.9989138214140236,all,original,True,none,test,2.5930356112313646e-08,0.0,1.0
lf,0.4,318,C:\projects\stencil-transformers\final_checkpoints\lax_friedrichs_r_0.4\seed_318\best_model.pt,C:\projects\stencil-transformers\data\lax_friedrichs_r_0.4\seed_318\val.npy,C:\projects\stencil-transformers\data\lax_friedrichs_r_0.4\seed_318\test.npy,2048,2048,4,4,0.014252344708843189,1.1920928955078125e-07,9.29601908297717e-09,3.172256765537895e-05,0.9997069588066148,all,frozen_per_head_validation,True,validation,test,1.41289883306972e-07,0.004162101776750378,15.198966573304636
lf,0.4,318,C:\projects\stencil-transformers\final_checkpoints\lax_friedrichs_r_0.4\seed_318\best_model.pt,C:\projects\stencil-transformers\data\lax_friedrichs_r_0.4\seed_318\val.npy,C:\projects\stencil-transformers\data\lax_friedrichs_r_0.4\seed_318\test.npy,2048,2048,4,4,0.014252344708843189,1.1920928955078125e-07,9.29601908297717e-09,3.172256765537895e-05,0.9997069588066148,all,frozen_layer_mean_validation,False,validation,test,2.3727730081191112e-05,0.7479024660124401,2552.4614213240193
lf,0.4,318,C:\projects\stencil-transformers\final_checkpoints\lax_friedrichs_r_0.4\seed_318\best_model.pt,C:\projects\stencil-transformers\data\lax_friedrichs_r_0.4\seed_318\val.npy,C:\projects\stencil-transformers\data\lax_friedrichs_r_0.4\seed_318\test.npy,2048,2048,4,4,0.014252344708843189,1.1920928955078125e-07,9.29601908297717e-09,3.172256765537895e-05,0.9997069588066148,all,analytical_stencil,False,validation,test,3.578352925615036e-05,1.1280524332949495,3849.339048978181
lf,0.4,318,C:\projects\stencil-transformers\final_checkpoints\lax_friedrichs_r_0.4\seed_318\best_model.pt,C:\projects\stencil-transformers\data\lax_friedrichs_r_0.4\seed_318\val.npy,C:\projects\stencil-transformers\data\lax_friedrichs_r_0.4\seed_318\test.npy,2048,2048,4,4,0.014252344708843189,1.1920928955078125e-07,9.29601908297717e-09,3.172256765537895e-05,0.9997069588066148,all,original,True,none,test,9.29601908297717e-09,0.0,1.0
lf,0.4,319,C:\projects\stencil-transformers\final_checkpoints\lax_friedrichs_r_0.4\seed_319\best_model.pt,C:\projects\stencil-transformers\data\lax_friedrichs_r_0.4\seed_319\val.npy,C:\projects\stencil-transformers\data\lax_friedrichs_r_0.4\seed_319\test.npy,2048,2048,4,4,0.015502914343037789,1.7881393432617188e-07,8.346963106808936e-09,2.7313664759276435e-05,0.999694403399164,all,frozen_per_head_validation,True,validation,test,4.3719861592128595e-08,0.0012954582235362867,5.237816560667992
lf,0.4,319,C:\projects\stencil-transformers\final_checkpoints\lax_friedrichs_r_0.4\seed_319\best_model.pt,C:\projects\stencil-transformers\data\lax_friedrichs_r_0.4\seed_319\val.npy,C:\projects\stencil-transformers\data\lax_friedrichs_r_0.4\seed_319\test.npy,2048,2048,4,4,0.015502914343037789,1.7881393432617188e-07,8.346963106808936e-09,2.7313664759276435e-05,0.999694403399164,all,frozen_layer_mean_validation,False,validation,test,1.903582799345216e-05,0.6968415886012692,2280.569322023708
lf,0.4,319,C:\projects\stencil-transformers\final_checkpoints\lax_friedrichs_r_0.4\seed_319\best_model.pt,C:\projects\stencil-transformers\data\lax_friedrichs_r_0.4\seed_319\val.npy,C:\projects\stencil-transformers\data\lax_friedrichs_r_0.4\seed_319\test.npy,2048,2048,4,4,0.015502914343037789,1.7881393432617188e-07,8.346963106808936e-09,2.7313664759276435e-05,0.999694403399164,all,analytical_stencil,False,validation,test,2.5459474779054858e-05,0.9320941805525632,3050.148233947098
lf,0.4,319,C:\projects\stencil-transformers\final_checkpoints\lax_friedrichs_r_0.4\seed_319\best_model.pt,C:\projects\stencil-transformers\data\lax_friedrichs_r_0.4\seed_319\val.npy,C:\projects\stencil-transformers\data\lax_friedrichs_r_0.4\seed_319\test.npy,2048,2048,4,4,0.015502914343037789,1.7881393432617188e-07,8.346963106808936e-09,2.7313664759276435e-05,0.999694403399164,all,original,True,none,test,8.346963106808936e-09,0.0,1.0
