pde,r,seed,layer,head,is_baseline,entropy,peak,window_mass,d_stencil,d_acf,d_spectral,spectral_kmax,z_stencil,z_acf,z_spectral,label,best_z,gate_threshold,floor_threshold
heat,0.1,100,0,0,False,0.999749260908054,0.01660151034593582,0.13615493942052126,0.37561558096529035,0.00016297104238032802,0.012032706633838815,5,-1.586126985866644,-1.583252129222519,-1.7175370368310936,ungated,-1.7175370368310936,0.9996723626647342,-1.9623789704203023
heat,0.1,100,0,1,False,0.9801419843421524,0.026923231780529022,0.23850556276738644,0.38121637078807635,0.0003418249704734669,0.013242160269641335,5,1.6544772446403255,0.7013991381529633,0.7762075100143526,no_fit,0.7013991381529633,0.9996723626647342,-1.9623789704203023
heat,0.1,100,0,2,False,0.9998785681096355,0.01665889471769333,0.14282864704728127,0.3805680340753479,0.00042686048072598836,0.013488102352319929,5,1.2793510998396047,1.787629048458169,1.2833098158523073,ungated,1.2793510998396047,0.9996723626647342,-1.9623789704203023
heat,0.1,100,0,3,False,0.9975295203547722,0.019879363477230072,0.1705396082252264,0.3746280547442546,0.00022169348224742192,0.011855605178524513,5,-2.15750740735748,-0.8331411414679076,-2.0826984414147307,no_fit,-2.15750740735748,0.9996723626647342,-1.9623789704203023
heat,0.1,100,1,0,False,0.9705955666168669,0.02312646061182022,0.042723959777504206,0.38946571439447863,0.0012636857502550296,0.01735586418705217,5,6.42752865982718,12.477100244224964,9.258158704921541,no_fit,6.42752865982718,0.9996723626647342,-1.9623789704203023
heat,0.1,100,1,1,False,0.926151518186246,0.03214625269174576,0.007336824026424438,0.4078279468897005,0.004778400112761084,0.02705193207191603,5,17.051874544666866,57.373495354880106,29.25025736662713,no_fit,17.051874544666866,0.9996723626647342,-1.9623789704203023
heat,0.1,100,1,2,False,0.9995010236334236,0.01756148412823677,0.14263042621314526,0.3851426179329847,0.00063960325072111,0.014753283304908896,5,3.926194897040452,4.505170923418928,3.8919572314251862,no_fit,3.8919572314251862,0.9996723626647342,-1.9623789704203023
heat,0.1,100,1,3,False,0.9156746364220155,0.045234061777591705,0.38598689809441566,0.36869852558975824,1.4160941779220676e-05,0.009409258209233188,5,-5.588319466185468,-3.4841283837241668,-7.126764814669431,acf_or_spectral,-7.126764814669431,0.9996723626647342,-1.9623789704203023
heat,0.1,100,2,0,False,0.9284228916012459,0.029286261647939682,0.010541890282183886,0.3977161836067586,0.0025639832252675335,0.021663879879658232,5,11.201231348010252,29.086890735968815,18.14075686589405,no_fit,11.201231348010252,0.9996723626647342,-1.9623789704203023
heat,0.1,100,2,1,False,0.9844706456861069,0.022856343537569046,0.07273721974343061,0.38039785356217143,0.0004434059962873916,0.01384461312144363,5,1.1808850426585524,1.9989787990605474,2.018391145203134,no_fit,1.1808850426585524,0.9996723626647342,-1.9623789704203023
heat,0.1,100,2,2,False,0.9991547874479868,0.018740225583314896,0.16357226483523846,0.3730802321017986,8.140610636577492e-05,0.011131697020214389,5,-3.0530740616909524,-2.6251494832577498,-3.575307970844897,acf_or_spectral,-3.575307970844897,0.9996723626647342,-1.9623789704203023
heat,0.1,100,2,3,False,0.9992201235679659,0.017946677282452583,0.1598307564854622,0.3789690608750734,0.0002852531633101914,0.012944114346080374,5,0.3541888492948764,-0.02124001387054138,0.16167349681385085,no_fit,-0.02124001387054138,0.9996723626647342,-1.9623789704203023
heat,0.1,100,3,0,False,0.8166202379125329,0.09287918359041214,6.605355065403273e-05,0.3114739998523529,0.00895701308405751,0.011536248418314939,5,-38.69829967628845,110.75042435233853,-2.7411727770120726,no_fit,-38.69829967628845,0.9996723626647342,-1.9623789704203023
heat,0.1,100,3,1,False,0.8983819281091102,0.04020436480641365,0.00023414907627739012,0.44791947845405555,0.024636818939311685,0.06256672280617967,5,40.24874336241626,311.041738618319,102.47738497550067,no_fit,40.24874336241626,0.9996723626647342,-1.9623789704203023
heat,0.1,100,3,2,False,0.8900599583162228,0.055618077516555786,0.0005750256132159848,0.3595175372239202,0.0057863279386104055,0.017031667031348757,5,-10.900418416502884,70.24860304359966,8.589704069534262,no_fit,-10.900418416502884,0.9996723626647342,-1.9623789704203023
heat,0.1,100,3,3,False,0.7839770912054288,0.10246573388576508,9.38174352995702e-05,0.4000113288215949,0.011369484847839596,0.0349400181741573,5,12.529197140007545,141.56695005795285,45.51452010494959,no_fit,12.529197140007545,0.9996723626647342,-1.9623789704203023
heat,0.1,101,0,0,False,0.9948658389177475,0.024483835324645042,0.20333635620772839,0.368170062683284,0.000341406136168318,0.009627376528509307,5,-5.894086899810491,0.6960490162055131,-6.677031684634234,no_fit,-6.677031684634234,0.9996723626647342,-1.9623789704203023
heat,0.1,101,0,1,False,0.5885676145103363,0.1569005697965622,0.3568026381544769,0.5821274231413873,0.11092175965673534,0.17761720662782032,5,117.9011543763102,1413.2316724218617,339.6973230938999,no_fit,117.9011543763102,0.9996723626647342,-1.9623789704203023
heat,0.1,101,0,2,False,0.9996420141131361,0.017513928934931755,0.13403965812176466,0.3790413853598702,0.00030390828788265487,0.012932707724030839,5,0.39603563141266473,0.21705754241981534,0.13815444598634105,no_fit,0.13815444598634105,0.9996723626647342,-1.9623789704203023
heat,0.1,101,0,3,False,0.994441121865546,0.022971132770180702,0.1936577707529068,0.3845941355330539,0.0006469131447599239,0.014736072084038536,5,3.6088442301142796,4.598546332380926,3.8564698122141694,no_fit,3.6088442301142796,0.9996723626647342,-1.9623789704203023
heat,0.1,101,1,0,False,0.9983674450751677,0.019996024668216705,0.15445863641798496,0.3825793999554892,0.0007481369025340345,0.014133507166348104,5,2.4431228153511393,5.891562308897252,2.614055110956251,no_fit,2.4431228153511393,0.9996723626647342,-1.9623789704203023
heat,0.1,101,1,1,False,0.6566729348496247,0.14774847030639648,0.08835215889848769,0.6332831687467145,0.18337257207420252,0.26130712262485367,5,147.49975222922873,2338.706679746006,512.2556299735795,no_fit,147.49975222922873,0.9996723626647342,-1.9623789704203023
heat,0.1,101,1,2,False,0.9970309771252025,0.021615516394376755,0.18297972902655602,0.3696965682783894,7.674508500309508e-05,0.009960339553933932,5,-5.010854240504861,-2.684688619339599,-5.990502904717122,acf_or_spectral,-5.990502904717122,0.9996723626647342,-1.9623789704203023
heat,0.1,101,1,3,False,0.9340086627452103,0.04510854557156563,0.13585514947772026,0.43073154554343307,0.01057880479950237,0.03924510869109989,5,30.303844541676963,131.46693048454182,54.39108691371197,no_fit,30.303844541676963,0.9996723626647342,-1.9623789704203023
heat,0.1,101,2,0,False,0.9907718886517709,0.02189093455672264,0.08862062729895115,0.3821305996215103,0.0005221249825415387,0.014328408476553721,5,2.183447964667059,3.0045224492866422,3.015917625657601,no_fit,2.183447964667059,0.9996723626647342,-1.9623789704203023
heat,0.1,101,2,1,False,0.9987861203999859,0.017237432301044464,0.11715299263596535,0.378148908750432,0.0002927797829414794,0.013000889293078752,5,-0.12034930137084941,0.07490381289920449,0.27873645010407694,no_fit,-0.12034930137084941,0.9996723626647342,-1.9623789704203023
heat,0.1,101,2,2,False,0.9998312254473989,0.016589943319559097,0.14066954515874386,0.3783620719208941,0.00030080386534381666,0.01306463766149147,5,0.002986423383085843,0.1774021489742084,0.4101777401160127,ungated,0.002986423383085843,0.9996723626647342,-1.9623789704203023
heat,0.1,101,2,3,False,0.9998619291541094,0.016612347215414047,0.13528721407055855,0.37942226216322344,0.00034827614444349776,0.013370316678103213,5,0.6164100820351558,0.7838053952803745,1.040450251765297,ungated,0.6164100820351558,0.9996723626647342,-1.9623789704203023
heat,0.1,101,3,0,False,0.9538934013855639,0.02845771797001362,0.029955782927572727,0.38978469756775275,0.0012898591807662366,0.017464995298861582,5,6.612091597105629,12.811435429515686,9.483173626461152,no_fit,6.612091597105629,0.9996723626647342,-1.9623789704203023
heat,0.1,101,3,1,False,0.8577076829739234,0.07114122807979584,0.013348509441129863,0.1997830580035801,0.059573073196266674,0.016147679902593345,8,-103.32242415100374,757.311822907098,6.767031404324867,no_fit,-103.32242415100374,0.9996723626647342,-1.9623789704203023
heat,0.1,101,3,2,False,0.9063435798710308,0.03579837456345558,0.0026938801165670156,0.4068358111626479,0.0048840833285196655,0.027331449334833318,5,16.47782707349709,58.723475729353204,29.826587561944326,no_fit,16.47782707349709,0.9996723626647342,-1.9623789704203023
heat,0.1,101,3,3,False,0.9365250642148342,0.027487730607390404,0.010288042365573347,0.4070307472010354,0.004929048177812336,0.027233204713788383,5,16.590616621161736,59.29784947120555,29.62401924453616,no_fit,16.590616621161736,0.9996723626647342,-1.9623789704203023
heat,0.1,102,0,0,False,0.9999107335393196,0.016403282061219215,0.14164485223591328,0.3846057807863973,0.0006128200373039989,0.01476737039391106,5,3.615582147165985,4.1630464695130245,3.92100307521792,ungated,3.615582147165985,0.9996723626647342,-1.9623789704203023
heat,0.1,102,0,1,False,0.9996869680901398,0.017268044874072075,0.15223016776144505,0.3763131383937005,0.00017984843763312898,0.012110591261137112,5,-1.1825218471180041,-1.3676630009019548,-1.5569485207782707,ungated,-1.5569485207782707,0.9996723626647342,-1.9623789704203023
heat,0.1,102,0,2,False,0.9971232322409687,0.02019631303846836,0.17755798809230328,0.38041078861316446,0.0003677466722029599,0.013379908937773306,5,1.188369233691631,1.0325187805349598,1.0602283106640569,no_fit,1.0325187805349598,0.9996723626647342,-1.9623789704203023
heat,0.1,102,0,3,False,0.9998643975083371,0.01630122773349285,0.1341137047857046,0.37950932074147137,0.0003200895453384094,0.013180176777015117,5,0.6667819770533132,0.4237543186559347,0.6484051766669475,ungated,0.4237543186559347,0.9996723626647342,-1.9623789704203023
heat,0.1,102,1,0,False,0.8029873101599106,0.09224221110343933,1.3178040944694658e-05,0.39190204082661356,0.012719812923213381,0.038388306495339045,5,7.837181582483204,158.8158233796999,52.62446623462651,no_fit,7.837181582483204,0.9996723626647342,-1.9623789704203023
heat,0.1,102,1,1,False,0.9395560941947486,0.03247014060616493,0.029786580242216587,0.38439893744836207,0.0008068668892044092,0.01561707119668725,5,3.495903063055005,6.64176969830132,5.672981555953417,no_fit,3.495903063055005,0.9996723626647342,-1.9623789704203023
heat,0.1,102,1,2,False,0.988210396289231,0.025686603039503098,0.22478866390883923,0.3757380568217238,0.00021701976029744711,0.011853391174895492,5,-1.5152627343858187,-0.8928425128060312,-2.0872634444153655,no_fit,-2.0872634444153655,0.9996723626647342,-1.9623789704203023
heat,0.1,102,1,3,False,0.9878553961001022,0.021137285977602005,0.06936191115528345,0.3859627240594146,0.0009739707234115366,0.016058305760046902,5,4.400706433245797,8.776327159101431,6.582752921870852,no_fit,4.400706433245797,0.9996723626647342,-1.9623789704203023
heat,0.1,102,2,0,False,0.9790925432621498,0.02701832912862301,0.23027359694242477,0.3768947493780511,0.00031621265878920923,0.012669426729595023,5,-0.8460030567274066,0.3742315943717436,-0.4046985619561359,no_fit,-0.8460030567274066,0.9996723626647342,-1.9623789704203023
heat,0.1,102,2,1,False,0.9356530100928903,0.02939743548631668,0.014326185337267816,0.39383340075796913,0.0020564247019956633,0.02014496266750245,5,8.954662038314558,22.603419918059558,15.00893651098659,no_fit,8.954662038314558,0.9996723626647342,-1.9623789704203023
heat,0.1,102,2,2,False,0.9989505352661749,0.017889179289340973,0.11734495405107737,0.3816883526468629,0.0005150612851012658,0.014280087797470881,5,1.9275648727608576,2.914291916016652,2.9162863323234465,no_fit,1.9275648727608576,0.9996723626647342,-1.9623789704203023
heat,0.1,102,2,3,False,0.8959382999300517,0.03937758877873421,0.002475680666975677,0.41063354183332557,0.005390605578072613,0.028648080497277514,5,18.675185386721978,65.19370935370162,32.54131897814563,no_fit,18.675185386721978,0.9996723626647342,-1.9623789704203023
heat,0.1,102,3,0,False,0.8632461070673471,0.07769426703453064,0.00033533347777847666,0.4195836305244377,0.026833706159671008,0.062498620258202756,5,23.853686311329653,339.1044220929654,102.33696590310603,no_fit,23.853686311329653,0.9996723626647342,-1.9623789704203023
heat,0.1,102,3,1,False,0.914270988511496,0.04434783384203911,0.0124323625350371,0.38516733170419126,0.0022680022075654014,0.017976141421763566,5,3.9404942287521885,25.306076892953186,10.537094023981991,no_fit,3.9404942287521885,0.9996723626647342,-1.9623789704203023
heat,0.1,102,3,2,False,0.8823104567832565,0.07070891559123993,0.0010572293540462852,0.4299719491844528,0.02283427338552315,0.051937343528553115,5,29.86434381905126,288.0163120712406,80.56091308665077,no_fit,29.86434381905126,0.9996723626647342,-1.9623789704203023
heat,0.1,102,3,3,False,0.9245951640814194,0.030946804210543633,0.003050100029213354,0.40385166401161954,0.005523440024708559,0.028275313792296912,5,14.751206331055549,66.89051517783705,31.772719909712468,no_fit,14.751206331055549,0.9996723626647342,-1.9623789704203023
heat,0.1,103,0,0,False,0.9766113228383827,0.029485497623682022,0.2520694602280855,0.3825355191194568,0.0005366574401756074,0.014060928311795565,5,2.4177334636018384,3.190157722191947,2.464406445311796,no_fit,2.4177334636018384,0.9996723626647342,-1.9623789704203023
heat,0.1,103,0,1,False,0.6296375150588271,0.12883707880973816,0.32741278875619173,0.551833653318312,0.07947030432459365,0.13872464583395266,5,100.37324817863941,1011.4758482614787,259.50564933188167,no_fit,100.37324817863941,0.9996723626647342,-1.9623789704203023
heat,0.1,103,0,2,False,0.9931476845635115,0.021695567294955254,0.18378901481628418,0.3853374790405298,0.000691273422799911,0.01513502744177758,5,4.038941089890397,5.165197378436835,4.679066659538843,no_fit,4.038941089890397,0.9996723626647342,-1.9623789704203023
heat,0.1,103,0,3,False,0.9392268887177118,0.03849474713206291,0.31576143577694893,0.3890147349757412,0.0010821126610868568,0.016453318856123337,5,6.166592995666658,10.157714851283957,7.397221310830234,no_fit,6.166592995666658,0.9996723626647342,-1.9623789704203023
heat,0.1,103,1,0,False,0.9998308829589058,0.01651683822274208,0.13262632116675377,0.38110567186773814,0.0004150007560196913,0.013760064610937522,5,1.5904271015513767,1.636134835443983,1.8440625221148992,ungated,1.5904271015513767,0.9996723626647342,-1.9623789704203023
heat,0.1,103,1,1,False,0.9996706098343339,0.016993915662169456,0.1339129712432623,0.37786064238000644,0.0002726084093821117,0.01285783231385468,5,-0.2871395665069339,-0.1827620637099748,-0.016229434711753154,no_fit,-0.2871395665069339,0.9996723626647342,-1.9623789704203023
heat,0.1,103,1,2,False,0.971222285364716,0.029138168320059776,0.25584990717470646,0.37563846839854864,0.0001703409489466931,0.011744027792736197,5,-1.5728843691306056,-1.4891101299004992,-2.3127572788304014,no_fit,-2.3127572788304014,0.9996723626647342,-1.9623789704203023
heat,0.1,103,1,3,False,0.9847044024717602,0.02267606370151043,0.07315900549292564,0.3836084165928899,0.0006605316791393162,0.01496727620143199,5,3.038509497218115,4.772507296847262,4.333184247468705,no_fit,3.038509497218115,0.9996723626647342,-1.9623789704203023
heat,0.1,103,2,0,False,0.9998353555776981,0.016561437398195267,0.13379839807748795,0.37859339189515157,0.0002758149617555056,0.012903033921185213,5,0.1368276334441709,-0.14180208020899537,0.07697071654032103,ungated,-0.14180208020899537,0.9996723626647342,-1.9623789704203023
heat,0.1,103,2,1,False,0.9845002597572936,0.02413066104054451,0.07681404333561659,0.38053770829768085,0.0004459519754970902,0.013924265222991214,5,1.2618046739763435,2.0315007273747,2.182623975630955,no_fit,1.2618046739763435,0.9996723626647342,-1.9623789704203023
heat,0.1,103,2,2,False,0.9999890104614831,0.0160517580807209,0.13977591041475534,0.3774293846547323,0.0002462966133576802,0.012671985988094431,5,-0.5366643037639024,-0.5188647077784816,-0.3994216859040554,ungated,-0.5366643037639024,0.9996723626647342,-1.9623789704203023
heat,0.1,103,2,3,False,0.9562074057432858,0.026112768799066544,0.032789254328235984,0.38630044123721446,0.0010078193112247787,0.01651087487958792,5,4.596108822858886,9.20870356744133,7.51589474766494,no_fit,4.596108822858886,0.9996723626647342,-1.9623789704203023
heat,0.1,103,3,0,False,0.7831028772202492,0.09845788776874542,6.787302208977053e-05,0.31449388100408343,0.006992635275364841,0.01277719563776309,5,-36.95100332245773,85.65777864932173,-0.1824923366755097,no_fit,-36.95100332245773,0.9996723626647342,-1.9623789704203023
heat,0.1,103,3,1,False,0.9123566586811377,0.03803781792521477,0.0051210070960223675,0.3914573468146871,0.0024646280757746877,0.020725765982682665,5,7.5798826403827055,27.817744060638855,16.206481466117804,no_fit,7.5798826403827055,0.9996723626647342,-1.9623789704203023
heat,0.1,103,3,2,False,0.8703317497698855,0.06267397850751877,0.00031264684912457597,0.4094615379717792,0.0093001653839213,0.03588213526803202,5,17.99706662274943,115.1337965552591,47.45704960404944,no_fit,17.99706662274943,0.9996723626647342,-1.9623789704203023
heat,0.1,103,3,3,False,0.9407270179301879,0.03250357508659363,0.019023091299459338,0.3832995888374652,0.0011120545973807667,0.016708425713056918,5,2.8598224615689993,10.540188322405788,7.92322025325259,no_fit,2.8598224615689993,0.9996723626647342,-1.9623789704203023
heat,0.1,104,0,0,False,0.999903479295954,0.016407255083322525,0.14242363534867764,0.3770232080410105,0.00034754814103479456,0.012715160096459855,5,-0.7716771670220056,0.774505997005592,-0.31040198798917745,ungated,-0.7716771670220056,0.9996723626647342,-1.9623789704203023
heat,0.1,104,0,1,False,0.9993587409128126,0.017649812623858452,0.14043721742928028,0.37740066821576695,0.0002506188339050281,0.012675860715076839,5,-0.553279569921116,-0.46365335873708696,-0.39143247573769624,no_fit,-0.553279569921116,0.9996723626647342,-1.9623789704203023
heat,0.1,104,0,2,False,0.6912662722381132,0.0806465595960617,0.6939618065953255,0.3794171478609936,0.00018797501476537426,0.010951545894752853,5,0.6134509584175125,-1.2638554136571263,-3.9467574199423634,no_fit,-3.9467574199423634,0.9996723626647342,-1.9623789704203023
heat,0.1,104,0,3,False,0.9271789979922056,0.04240472614765167,0.36025841906666756,0.3678550478166051,6.514281114534861e-06,0.00907064312936862,5,-6.076353783934421,-3.5818055953181283,-7.824947435230655,acf_or_spectral,-7.824947435230655,0.9996723626647342,-1.9623789704203023
heat,0.1,104,1,0,False,0.5791940830248286,0.16525045037269592,0.12991701520513743,0.6287705906905405,0.17908544117378794,0.25654105790668075,5,144.88878484747895,2283.94356020224,502.428591095012,no_fit,144.88878484747895,0.9996723626647342,-1.9623789704203023
heat,0.1,104,1,1,False,0.5689453947704681,0.1645306944847107,4.1494334368508135e-06,0.3919422428975464,0.010266021174886484,0.03385287815380158,5,7.860442409127715,127.47148284740157,43.272971179743664,no_fit,7.860442409127715,0.9996723626647342,-1.9623789704203023
heat,0.1,104,1,2,False,0.9913813265014783,0.022125886753201485,0.178150936961174,0.38436453232032197,0.0007049075542633443,0.01518110402461025,5,3.475996334360372,5.339357577542305,4.774070902591121,no_fit,3.475996334360372,0.9996723626647342,-1.9623789704203023
heat,0.1,104,1,3,False,0.9989839355354636,0.018144674599170685,0.14588379953056574,0.3749730653752068,0.0003531267620591506,0.012008587028096943,5,-1.9578850423679872,0.8457664033572231,-1.7672686954167052,no_fit,-1.9578850423679872,0.9996723626647342,-1.9623789704203023
heat,0.1,104,2,0,False,0.9988218303202389,0.018021943047642708,0.1592750269919634,0.37809042744002097,0.00026997283437616044,0.012738678163726772,5,-0.1541864543296267,-0.21642847429321896,-0.2619106277062334,no_fit,-0.2619106277062334,0.9996723626647342,-1.9623789704203023
heat,0.1,104,2,1,False,0.9800111653578534,0.024321211501955986,0.0682487366721034,0.37628724406387526,0.00026126260327326463,0.012674216305247394,5,-1.197504247356709,-0.3276915633431913,-0.3948230464247953,no_fit,-1.197504247356709,0.9996723626647342,-1.9623789704203023
heat,0.1,104,2,2,False,0.9975379483826511,0.01918439194560051,0.16976390033960342,0.3755699142761834,0.00016082882994594575,0.012006748449621497,5,-1.612549628135976,-1.6106164057881993,-1.7710596179550846,acf_or_spectral,-1.7710596179550846,0.9996723626647342,-1.9623789704203023
heat,0.1,104,2,3,False,0.9571609249464951,0.02859601192176342,0.0402101562358439,0.3865889429387147,0.0009359404145282716,0.0162230492993876,5,4.763035250018598,8.2905341194116,6.922433824633433,no_fit,4.763035250018598,0.9996723626647342,-1.9623789704203023
heat,0.1,104,3,0,False,0.8671684889336657,0.05080236494541168,0.005355540895834565,0.3975294187657559,0.004233348159620358,0.02273434320337897,5,11.093169636535043,50.41108950332973,20.3479204950772,no_fit,11.093169636535043,0.9996723626647342,-1.9623789704203023
heat,0.1,104,3,1,False,0.9509726459995603,0.03360350802540779,0.033074179431423545,0.38495337685938064,0.0010375093295017868,0.0161517832825733,5,3.816700443023966,9.587959078394627,6.775492068831332,no_fit,3.816700443023966,0.9996723626647342,-1.9623789704203023
heat,0.1,104,3,2,False,0.889557668341556,0.043125979602336884,0.0032612015202175826,0.41590166547898466,0.007261503639654486,0.0327424374134484,5,21.723309725096914,89.09225982499726,40.983379037575006,no_fit,21.723309725096914,0.9996723626647342,-1.9623789704203023
heat,0.1,104,3,3,False,0.9959408304734325,0.020414303988218307,0.1043494762852788,0.38249781368419045,0.0005064700457657239,0.014255737257005534,5,2.3959171846655667,2.8045488086354675,2.866078514759687,no_fit,2.3959171846655667,0.9996723626647342,-1.9623789704203023
heat,0.1,105,0,0,False,0.6484176560611333,0.12071362137794495,0.4498720895498991,0.5234533266387326,0.05341382920535548,0.10459169219473491,5,83.95245582416634,678.634632308398,189.12769974719333,no_fit,83.95245582416634,0.9996723626647342,-1.9623789704203023
heat,0.1,105,0,1,False,0.9996229869413603,0.017325665801763535,0.13005712069571018,0.3824322658567985,0.0005672180767343805,0.01448415297058519,5,2.35799136108214,3.5805343708358803,3.3370436045252987,no_fit,2.35799136108214,0.9996723626647342,-1.9623789704203023
heat,0.1,105,0,2,False,0.9995455265971085,0.017649751156568527,0.1508587785065174,0.38087582055174835,0.00045489136346725544,0.013642980734506835,5,1.457435653817742,2.145691029334205,1.6026499786908481,no_fit,1.457435653817742,0.9996723626647342,-1.9623789704203023
heat,0.1,105,0,3,False,0.9981187260199855,0.019922660663723946,0.16358648240566254,0.3813496128450549,0.0006459140411523781,0.014087235859967254,5,1.7315707952266268,4.585783943835396,2.5186493719126912,no_fit,1.7315707952266268,0.9996723626647342,-1.9623789704203023
heat,0.1,105,1,0,False,0.9969979069145078,0.02025696076452732,0.1798610221594572,0.37603485651743174,0.00015095678180546287,0.011898508243170298,5,-1.343535106683851,-1.7367203585289006,-1.9942376022917871,acf_or_spectral,-1.9942376022917871,0.9996723626647342,-1.9623789704203023
heat,0.1,105,1,1,False,0.9997405901391915,0.017088819295167923,0.13129332102835178,0.3812170339297061,0.00043141549952568654,0.013802076494535454,5,1.6548609368763658,1.8458141248755586,1.9306858555968254,ungated,1.6548609368763658,0.9996723626647342,-1.9623789704203023
heat,0.1,105,1,2,False,0.9998478916333609,0.016666077077388763,0.13383780606091022,0.381344435381121,0.00044353890574281175,0.01386532640086193,5,1.7285751263909064,2.0006765630348102,2.0610993781337794,ungated,1.7285751263909064,0.9996723626647342,-1.9623789704203023
heat,0.1,105,1,3,False,0.9458500066192506,0.026684008538722992,0.016418191022239625,0.3967285862670898,0.002462512452104826,0.021353219724195363,5,10.629809777440379,27.790719424668197,17.50021385897371,no_fit,10.629809777440379,0.9996723626647342,-1.9623789704203023
heat,0.1,105,2,0,False,0.9976037125322954,0.019731780514121056,0.16667925380170345,0.3810075590702354,0.00045104816712008807,0.013960623350512643,5,1.5336592604585622,2.0965986582639067,2.2575899599036093,no_fit,1.5336592604585622,0.9996723626647342,-1.9623789704203023
heat,0.1,105,2,1,False,0.9690529316465776,0.023854795843362808,0.04066436551511288,0.3835257486097341,0.0008248497733110136,0.015744100707049763,5,2.990677990516627,6.871480163166399,5.934900772513355,no_fit,2.990677990516627,0.9996723626647342,-1.9623789704203023
heat,0.1,105,2,2,False,0.9712850083647653,0.027714494615793228,0.060980191454291344,0.3729808383358301,0.00023235671947561013,0.011909235241031354,5,-3.1105830682194613,-0.696930666766904,-1.9721198528980464,no_fit,-3.1105830682194613,0.9996723626647342,-1.9623789704203023
heat,0.1,105,2,3,False,0.8063508001506338,0.08862967789173126,1.4962357568037987e-05,0.32476318338690635,0.003654399257915696,0.008651772928259182,5,-31.00920836155034,43.01568949100011,-8.688606238620514,no_fit,-31.00920836155034,0.9996723626647342,-1.9623789704203023
heat,0.1,105,3,0,False,0.9340426811913366,0.029531609266996384,0.008830180624499917,0.4001824462533571,0.003295080822095839,0.023638966248313298,5,12.628205296147597,38.42581367144463,22.2131418797389,no_fit,12.628205296147597,0.9996723626647342,-1.9623789704203023
heat,0.1,105,3,1,False,0.9186892506881862,0.03529268875718117,0.0025444533384870738,0.41728219987852866,0.007812864813492982,0.03390566976423465,5,22.52208378323454,96.13525864544125,43.38182098327441,no_fit,22.52208378323454,0.9996723626647342,-1.9623789704203023
heat,0.1,105,3,2,False,0.923625227510791,0.03204444423317909,0.009664733428508043,0.3972708265170931,0.0026788647844282277,0.021919019760194416,5,10.943548750640742,30.554369267376142,18.666823898920686,no_fit,10.943548750640742,0.9996723626647342,-1.9623789704203023
heat,0.1,105,3,3,False,0.9310291068879306,0.030009422451257706,0.007396171800792217,0.40448787503248634,0.004168400366977548,0.0258706993921132,5,15.11931657817255,49.58145686200823,26.814700957836518,no_fit,15.11931657817255,0.9996723626647342,-1.9623789704203023
heat,0.1,106,0,0,False,0.9995327532195966,0.017829714342951775,0.14906249195337296,0.3808850018594663,0.00046828593276363253,0.013725153136021895,5,1.462747937544453,2.3167910999067707,1.7720793574726212,no_fit,1.462747937544453,0.9996723626647342,-1.9623789704203023
heat,0.1,106,0,1,False,0.9999346683146392,0.016252636909484863,0.13491859659552574,0.3782022024948182,0.0002918342623423095,0.012986543504663982,5,-0.08951366229459443,0.06282588507142843,0.2491571999612692,ungated,-0.08951366229459443,0.9996723626647342,-1.9623789704203023
heat,0.1,106,0,2,False,0.9991367695961338,0.01814855821430683,0.1590402666479349,0.376622209170445,0.000243162990877135,0.012448527561726796,5,-1.003694199886995,-0.5588930965758787,-0.8601654595429669,no_fit,-1.003694199886995,0.9996723626647342,-1.9623789704203023
heat,0.1,106,0,3,False,0.999256027063198,0.01716320402920246,0.12267646845430136,0.37921012555028943,0.0003270264490924644,0.013220160876256458,5,0.49366832112804576,0.5123652098023144,0.7308474683695633,no_fit,0.49366832112804576,0.9996723626647342,-1.9623789704203023
heat,0.1,106,1,0,False,0.9998674893111376,0.016412537544965744,0.13451808784157038,0.37944650394451557,0.000364055650172571,0.013249101894151058,5,0.6304363214577949,0.9853702596746996,0.7905202854320601,ungated,0.6304363214577949,0.9996723626647342,-1.9623789704203023
heat,0.1,106,1,1,False,0.9998285102776233,0.01677582785487175,0.1352735636755824,0.3751865714686391,0.00017167625440732046,0.012067829874092396,5,-1.8343509031648249,-1.4720531530396552,-1.64511723812439,ungated,-1.8343509031648249,0.9996723626647342,-1.9623789704203023
heat,0.1,106,1,2,False,0.9998918176615388,0.01628868095576763,0.13320431485772133,0.37934228773218504,0.0003387058254149893,0.013287147629650232,5,0.5701370584517531,0.6615556816130106,0.8689659096571141,ungated,0.5701370584517531,0.9996723626647342,-1.9623789704203023
heat,0.1,106,1,3,False,0.9999075267693854,0.016331009566783905,0.13593998923897743,0.37931265674934234,0.00031694590690373604,0.01316676629720981,5,0.5529926392908203,0.383597987673891,0.6207544177663185,ungated,0.383597987673891,0.9996723626647342,-1.9623789704203023
heat,0.1,106,2,0,False,0.9515130034156477,0.02581748738884926,0.02449908759444952,0.38509886129300597,0.0010079609718855942,0.016448942491735154,5,3.9008774048447976,9.210513117903652,7.388197786070808,no_fit,3.9008774048447976,0.9996723626647342,-1.9623789704203023
heat,0.1,106,2,1,False,0.8861127519732582,0.05176316201686859,0.0005446636423585005,0.35324560146801276,0.0050776944228456845,0.01971287561539564,5,-14.529346154760955,61.19663266107877,14.118026187467725,no_fit,-14.529346154760955,0.9996723626647342,-1.9623789704203023
heat,0.1,106,2,2,False,0.9998001953355773,0.016709160059690475,0.14241610374301672,0.37571810292589036,0.0002038550687156963,0.012001897099555486,5,-1.5268080130516632,-1.061006162481043,-1.781062504724635,ungated,-1.781062504724635,0.9996723626647342,-1.9623789704203023
heat,0.1,106,2,3,False,0.9986838681106919,0.019060125574469566,0.16541877202689648,0.3740026384484354,0.00013454805416808686,0.01123344977965028,5,-2.519371851156858,-1.9463228022237804,-3.365506303829063,acf_or_spectral,-3.365506303829063,0.9996723626647342,-1.9623789704203023
heat,0.1,106,3,0,False,0.928272140813367,0.029652636498212814,0.0031174522591754794,0.4259035000380654,0.010232013149275673,0.03841828639660849,5,27.510348412591362,127.03706980631804,52.68628110135023,no_fit,27.510348412591362,0.9996723626647342,-1.9623789704203023
heat,0.1,106,3,1,False,0.6591855124516778,0.12986427545547485,2.0910119587824738e-05,0.4040914048247526,0.009527354184055165,0.035182492978411986,5,14.889919819303834,118.03586969222175,46.01447330940319,no_fit,14.889919819303834,0.9996723626647342,-1.9623789704203023
heat,0.1,106,3,2,False,0.9205543700039213,0.029183458536863327,0.0018418841063976288,0.3894507415867151,0.00308587167045991,0.021625016627821264,5,6.418865427369564,35.75340966820311,18.060625623594042,no_fit,6.418865427369564,0.9996723626647342,-1.9623789704203023
heat,0.1,106,3,3,False,0.9288041205091211,0.028205569833517075,0.005947200523223728,0.39533483497879074,0.003971546341762476,0.024516078030333482,5,9.823388457582718,47.066875253482564,24.021638426144644,no_fit,9.823388457582718,0.9996723626647342,-1.9623789704203023
heat,0.1,107,0,0,False,0.7127169322578573,0.09050631523132324,0.4701758734881878,0.46292020850606597,0.020402263334966284,0.05637462281162624,5,48.92813159253149,256.9502074376248,89.71003686240554,no_fit,48.92813159253149,0.9996723626647342,-1.9623789704203023
heat,0.1,107,0,1,False,0.9992035075694993,0.0180229339748621,0.15469501540064812,0.3804179717903337,0.00039094423507017584,0.013581524104631636,5,1.192525403635455,1.3288407118990178,1.4759339714938602,no_fit,1.192525403635455,0.9996723626647342,-1.9623789704203023
heat,0.1,107,0,2,False,0.9974813154522933,0.019795440137386322,0.17033307068049908,0.3756022888681577,0.00022137961553677548,0.011899204543766303,5,-1.5938177629825927,-0.8371504242715369,-1.9928019161581068,no_fit,-1.9928019161581068,0.9996723626647342,-1.9623789704203023
heat,0.1,107,0,3,False,0.9993973053965263,0.018110616132616997,0.15931592509150505,0.37600894417542463,0.00017076853671094984,0.011943764124678487,5,-1.3585279287299392,-1.4836481926764271,-1.9009255443650324,no_fit,-1.9009255443650324,0.9996723626647342,-1.9623789704203023
heat,0.1,107,1,0,False,0.6290168949583681,0.13780450820922852,0.19710638280957937,0.5768473376544433,0.10480909307845092,0.1701172915853987,5,114.8461089438219,1335.1494541892894,324.23342130784016,no_fit,114.8461089438219,0.9996723626647342,-1.9623789704203023
heat,0.1,107,1,1,False,0.9998310822439301,0.016733678057789803,0.13314748834818602,0.3780809763953213,0.00038068991612504434,0.013306524401003017,5,-0.15965480725940423,1.197853693476548,0.9089184274437232,ungated,-0.15965480725940423,0.9996723626647342,-1.9623789704203023
heat,0.1,107,1,2,False,0.9996160303571204,0.0177017655223608,0.13836264051496983,0.37528046115500546,0.0001335972485348347,0.011742662374061946,5,-1.780026544553476,-1.958468240225601,-2.31557260409156,acf_or_spectral,-2.31557260409156,0.9996723626647342,-1.9623789704203023
heat,0.1,107,1,3,False,0.9997673427902061,0.016567520797252655,0.13697433937340975,0.3778792193498922,0.00045287665070154436,0.012707900028663762,5,-0.27639097405718227,2.119955412998273,-0.325371354271849,ungated,-0.325371354271849,0.9996723626647342,-1.9623789704203023
heat,0.1,107,2,0,False,0.9998882922597259,0.0162538792937994,0.14240782149136066,0.3763990988076057,0.0002056602534629636,0.012385021921574733,5,-1.1327853474864746,-1.0379470233015924,-0.9911062737545467,ungated,-1.1327853474864746,0.9996723626647342,-1.9623789704203023
heat,0.1,107,2,1,False,0.9949686523847707,0.019560759887099266,0.09560541342943907,0.38085878092060665,0.0004704043186492799,0.014064857468949218,5,1.4475765620626126,2.3438510199769316,2.4725078837924195,no_fit,1.4475765620626126,0.9996723626647342,-1.9623789704203023
heat,0.1,107,2,2,False,0.8998008656858679,0.035044074058532715,0.0015703612589277327,0.40267451811861604,0.005340282816854086,0.02833171305138291,5,14.07011239939762,64.55089450796969,31.88900824076412,no_fit,14.07011239939762,0.9996723626647342,-1.9623789704203023
heat,0.1,107,2,3,False,0.9975592119640152,0.018575280904769897,0.11143768485635519,0.37980673794440034,0.0003701482664911072,0.013473113180895108,5,0.8388668930264236,1.0631963591189773,1.2524039891253693,no_fit,0.8388668930264236,0.9996723626647342,-1.9623789704203023
heat,0.1,107,3,0,False,0.928530211870508,0.03086431510746479,0.010417822282761335,0.3836761278029963,0.0013372393902047735,0.0175426699169809,5,3.077687049111038,13.41666259280113,9.643329129433225,no_fit,3.077687049111038,0.9996723626647342,-1.9623789704203023
heat,0.1,107,3,1,False,0.7764995139111796,0.11052859574556351,6.216839256012463e-05,0.37287697946801374,0.002966896030610712,0.019278295545950782,5,-3.1706755725037996,34.233634009562124,13.221975569019067,no_fit,-3.1706755725037996,0.9996723626647342,-1.9623789704203023
heat,0.1,107,3,2,False,0.7842832929111311,0.10177019238471985,4.903837270830991e-05,0.37594301949924624,0.005950845025323616,0.02684354093389106,5,-1.3966717961625883,72.35011780859004,28.820580487185733,no_fit,-1.3966717961625883,0.9996723626647342,-1.9623789704203023
heat,0.1,107,3,3,False,0.9023539967964763,0.03500492870807648,0.006975931813940406,0.3891733381815306,0.00186059319791952,0.018895794036008214,5,6.258360449171546,20.10189982985317,12.43330453083867,no_fit,6.258360449171546,0.9996723626647342,-1.9623789704203023
heat,0.1,108,0,0,False,0.9999248508543179,0.016133731231093407,0.1341695999726653,0.3769324023515852,0.00022476817026433754,0.012512426789522425,5,-0.8242171320299093,-0.7938655720156538,-0.7284131160500719,ungated,-0.8242171320299093,0.9996723626647342,-1.9623789704203023
heat,0.1,108,0,1,False,0.9990944368579314,0.017225785180926323,0.12075245194137096,0.38092258575402704,0.0004267637484191879,0.013822966030310645,5,1.4844938933053788,1.7863934055528996,1.9737575074431155,no_fit,1.4844938933053788,0.9996723626647342,-1.9623789704203023
heat,0.1,108,0,2,False,0.9985902336402226,0.018326854333281517,0.1564792785793543,0.37970658678086394,0.00037198711509620346,0.01337438215513518,5,0.7809196579907747,1.0866855149957046,1.0488327650578102,no_fit,0.7809196579907747,0.9996723626647342,-1.9623789704203023
heat,0.1,108,0,3,False,0.9999715982961198,0.01608913578093052,0.14235374983400106,0.37576267321324636,0.00018743596272361124,0.012232483945435677,5,-1.501019746337363,-1.2707411776072135,-1.3056208073614577,ungated,-1.501019746337363,0.9996723626647342,-1.9623789704203023
heat,0.1,108,1,0,False,0.9998617375223725,0.016581743955612183,0.13515963405370712,0.3763746143726476,0.00024231611813336053,0.01245416843599672,5,-1.1469519857673907,-0.5697109125891929,-0.8485346710334692,ungated,-1.1469519857673907,0.9996723626647342,-1.9623789704203023
heat,0.1,108,1,1,False,0.9998379230828919,0.01654903031885624,0.14449484646320343,0.3758148300240992,0.00021206188476136111,0.012334642740236606,5,-1.470841934413073,-0.9561736162812101,-1.0949819453945997,ungated,-1.470841934413073,0.9996723626647342,-1.9623789704203023
heat,0.1,108,1,2,False,0.9994679873042405,0.017142169177532196,0.12496833223849535,0.3775869153181637,0.0002745353988680202,0.012867700305383176,5,-0.44551742082367246,-0.15814701041962964,0.004117149344093769,no_fit,-0.44551742082367246,0.9996723626647342,-1.9623789704203023
heat,0.1,108,1,3,False,0.9996031023596557,0.01677045039832592,0.12717188615351915,0.3803704898550738,0.00038769244620896716,0.013564446485021451,5,1.1650524640779223,1.2873028847894612,1.4407220216387162,no_fit,1.1650524640779223,0.9996723626647342,-1.9623789704203023
heat,0.1,108,2,0,False,0.9979779041993473,0.018336564302444458,0.10988120082765818,0.3784704141854066,0.0003213341014199965,0.013171718074217716,5,0.06567301078073413,0.4396520775669782,0.6309643725302853,no_fit,0.06567301078073413,0.9996723626647342,-1.9623789704203023
heat,0.1,108,2,1,False,0.9488602737634121,0.02781856432557106,0.018827306921593845,0.400342883799679,0.0029041704738602316,0.022589773214076146,5,12.721034094905171,33.43238785156782,20.049834969688536,no_fit,12.721034094905171,0.9996723626647342,-1.9623789704203023
heat,0.1,108,2,2,False,0.9994332626091655,0.017281224951148033,0.12440571375191212,0.3767028890919759,0.00023294276150470292,0.012541762144787211,5,-0.9570129811120214,-0.6894446602878911,-0.6679272238622378,no_fit,-0.9570129811120214,0.9996723626647342,-1.9623789704203023
heat,0.1,108,2,3,False,0.9369248370275123,0.032720427960157394,0.013462070375680923,0.40358448840746053,0.0037040814367931855,0.024733042693057893,5,14.596619135227648,43.65032164109369,24.468992858353324,no_fit,14.596619135227648,0.9996723626647342,-1.9623789704203023
heat,0.1,108,3,0,False,0.8328741522151986,0.07706120610237122,2.810084561133408e-05,0.42561539609769183,0.020298961103209705,0.05432038224554133,5,27.343652129113295,255.63064136926042,85.47444563514547,no_fit,27.343652129113295,0.9996723626647342,-1.9623789704203023
heat,0.1,108,3,1,False,0.9164753520740612,0.03145246580243111,0.006237025430891663,0.4118454264175706,0.005416494991471035,0.028826288630184875,5,19.376379045982898,65.52441655014357,32.90876221572486,no_fit,19.376379045982898,0.9996723626647342,-1.9623789704203023
heat,0.1,108,3,2,False,0.8229089533623084,0.08267051726579666,3.056495643249946e-05,0.4310016009536196,0.021804962566659498,0.05524878882202385,5,30.460097986710984,274.8680614741638,87.38870573476683,no_fit,30.460097986710984,0.9996723626647342,-1.9623789704203023
heat,0.1,108,3,3,False,0.8864041087563289,0.04938173666596413,0.0012659912172239274,0.4509727938532363,0.020944952757966064,0.05547694562599871,5,42.01538469564439,263.88243470971497,87.85913698479193,no_fit,42.01538469564439,0.9996723626647342,-1.9623789704203023
heat,0.1,109,0,0,False,0.9996516495986384,0.01742572709918022,0.13531989883631468,0.38407307077985575,0.0008097709365634635,0.015368746481352096,5,3.3073573511187044,6.678865531477133,5.160966554813597,no_fit,3.3073573511187044,0.9996723626647342,-1.9623789704203023
heat,0.1,109,0,1,False,0.5783281300389356,0.1668352335691452,0.3434553691186011,0.6092909290932946,0.1376549245009268,0.20948293589022837,5,133.61789703018204,1754.7168139191967,405.4005350460103,no_fit,133.61789703018204,0.9996723626647342,-1.9623789704203023
heat,0.1,109,0,2,False,0.9980058709190964,0.01913333125412464,0.12797863129526377,0.40235212200576675,0.0031536065488809942,0.0223332938469762,5,13.883574743057089,36.6186440943079,19.521006080221053,no_fit,13.883574743057089,0.9996723626647342,-1.9623789704203023
heat,0.1,109,0,3,False,0.9872286911531913,0.025625331327319145,0.21229554526507854,0.3901070672414434,0.0011478258080974903,0.016824245329619618,5,6.798613955809212,10.997124006015484,8.162026048424158,no_fit,6.798613955809212,0.9996723626647342,-1.9623789704203023
heat,0.1,109,1,0,False,0.9970559262256916,0.019557451829314232,0.11251284088939428,0.37915238949033286,0.0004156479237078293,0.01352861668746565,5,0.4602623683842243,1.6444016512454174,1.366845388732432,no_fit,0.4602623683842243,0.9996723626647342,-1.9623789704203023
heat,0.1,109,1,1,False,0.9724352637667149,0.02794983610510826,0.24581699632108212,0.3784147153230421,0.0002846602944294148,0.01277595224002618,5,0.03344577592208724,-0.028813225453282316,-0.18505606978126363,no_fit,-0.18505606978126363,0.9996723626647342,-1.9623789704203023
heat,0.1,109,1,2,False,0.9857987307734303,0.02339448221027851,0.07926481496542692,0.38145166822603976,0.0004752434454488104,0.014092894773998735,5,1.790619806139337,2.4056652462195927,2.530317356190327,no_fit,1.790619806139337,0.9996723626647342,-1.9623789704203023
heat,0.1,109,1,3,False,0.999818560206808,0.01669372245669365,0.1428577173501253,0.3812566778360721,0.00043566392813488035,0.013812117159150178,5,1.6777988107742348,1.9000828675855,1.9513884703052073,ungated,1.6777988107742348,0.9996723626647342,-1.9623789704203023
heat,0.1,109,2,0,False,0.7370880432012193,0.1122681200504303,2.819469727910473e-05,0.36934244351374224,0.007380395682021002,0.027019479076205447,5,-5.215750022484434,90.61096762286049,29.18334328353509,no_fit,-5.215750022484434,0.9996723626647342,-1.9623789704203023
heat,0.1,109,2,1,False,0.8903852998979063,0.03880257532000542,0.001707390882074833,0.3903927616279428,0.0021794229100513566,0.020339874134604176,5,6.963916076905677,24.17457921500839,15.41081996795768,no_fit,6.963916076905677,0.9996723626647342,-1.9623789704203023
heat,0.1,109,2,2,False,0.9951484675292636,0.021436695009469986,0.0913422666490078,0.3853109460694295,0.0013305613264968535,0.016238248395710357,5,4.023589173265053,13.331358082709697,6.953772490663984,no_fit,4.023589173265053,0.9996723626647342,-1.9623789704203023
heat,0.1,109,2,3,False,0.9477402619745043,0.0271000973880291,0.02322471351362765,0.3897830296519389,0.0012913370310566495,0.017560383595910597,5,6.611126544815948,12.830313251070853,9.679852555323949,no_fit,6.611126544815948,0.9996723626647342,-1.9623789704203023
heat,0.1,109,3,0,False,0.9325682000455175,0.0312739759683609,0.01591918198391795,0.3930716294968871,0.0017247966320930574,0.019104643086259785,5,8.513902922288127,18.367256372321147,12.863925568935038,no_fit,8.513902922288127,0.9996723626647342,-1.9623789704203023
heat,0.1,109,3,1,False,0.9933670364032151,0.020864620804786682,0.17806665413081646,0.37176690891771325,0.00012891958660361108,0.011273065670391071,5,-3.8129598636996374,-2.0182199402495384,-3.2838232127383313,acf_or_spectral,-3.8129598636996374,0.9996723626647342,-1.9623789704203023
heat,0.1,109,3,2,False,0.9878639389986065,0.02219274826347828,0.0746731087565422,0.3858807606531033,0.0009055761615601606,0.01586849223486963,5,4.353282593101202,7.902666043120991,6.191380793732799,no_fit,4.353282593101202,0.9996723626647342,-1.9623789704203023
heat,0.1,109,3,3,False,0.9333065994570688,0.029492409899830818,0.011829401249997318,0.39404126374213144,0.0023497731759728867,0.020873371731921816,5,9.074931087351487,26.350606071587695,16.510826354877373,no_fit,9.074931087351487,0.9996723626647342,-1.9623789704203023
heat,0.1,110,0,0,False,0.7843624956557981,0.060089047998189926,0.5288663618266582,0.37565480204343765,9.966173154270577e-05,0.011364804868445285,5,-1.5634337594127432,-2.391955067893904,-3.0946682768999927,acf_or_spectral,-3.0946682768999927,0.9996723626647342,-1.9623789704203023
heat,0.1,110,0,1,False,0.9923804423126897,0.022179285064339638,0.19781596027314663,0.37905016074146547,0.000253520405525868,0.012725076446916382,5,0.4011130472096755,-0.42658915024242944,-0.28995569377537384,no_fit,-0.42658915024242944,0.9996723626647342,-1.9623789704203023
heat,0.1,110,0,2,False,0.8490020929788472,0.056646913290023804,0.47435178980231285,0.36543395951104624,4.1418689407795095e-05,0.00846258180375711,5,-7.477189961272406,-3.1359423062397855,-9.07869505316655,acf_or_spectral,-9.07869505316655,0.9996723626647342,-1.9623789704203023
heat,0.1,110,0,3,False,0.9989299204832446,0.018295714631676674,0.14552241656929255,0.3846928468765426,0.0007096662895018069,0.015170500913087304,5,3.665958388550852,5.400144894933492,4.752208591579589,no_fit,3.665958388550852,0.9996723626647342,-1.9623789704203023
heat,0.1,110,1,0,False,0.9991985117722437,0.017596693709492683,0.14150645025074482,0.389041466803031,0.0011317961493140598,0.016915652290187093,5,6.182059970030177,10.792363726799868,8.350495951454054,no_fit,6.182059970030177,0.9996723626647342,-1.9623789704203023
heat,0.1,110,1,1,False,0.984985285112261,0.022519683465361595,0.06900921883061528,0.3824470373334854,0.00068633551248052,0.014917675874734727,5,2.366538103837527,5.102121307423687,4.2309144782427195,no_fit,2.366538103837527,0.9996723626647342,-1.9623789704203023
heat,0.1,110,1,2,False,0.5693636722076196,0.16308951377868652,0.25442760554142296,0.6247376955906734,0.15930594637129541,0.2344785849427105,5,142.5553609313286,2031.2834797089065,456.9384871214776,no_fit,142.5553609313286,0.9996723626647342,-1.9623789704203023
heat,0.1,110,1,3,False,0.993931655898816,0.022241655737161636,0.16430642642080784,0.3866439986464587,0.001004098354128936,0.016419364119536255,5,4.794890357079198,9.161172660876952,7.327210822873475,no_fit,4.794890357079198,0.9996723626647342,-1.9623789704203023
heat,0.1,110,2,0,False,0.951412390111469,0.029546573758125305,0.029533263063058257,0.37012532788044195,0.0002599405200871788,0.011632836053906106,5,-4.762774911652143,-0.34457964099890764,-2.542020959680651,no_fit,-4.762774911652143,0.9996723626647342,-1.9623789704203023
heat,0.1,110,2,1,False,0.6476778841746883,0.14074911177158356,1.1257936193942442e-05,0.3723051769305341,0.00315924330035068,0.020070126221695846,5,-3.5015192178826164,36.69064704960443,14.854632970023083,no_fit,-3.5015192178826164,0.9996723626647342,-1.9623789704203023
heat,0.1,110,2,2,False,0.890486051001343,0.05535513535141945,0.11174086015671492,0.45285781842758066,0.019233707966988086,0.05449203675343074,5,43.106055619480514,242.02326939990084,85.82837610450706,no_fit,43.106055619480514,0.9996723626647342,-1.9623789704203023
heat,0.1,110,2,3,False,0.8823258311831006,0.03615408390760422,0.0010087621049024165,0.38370312063535583,0.004083101588704463,0.024407214136329,5,3.09330504041322,48.491864008415995,23.797174474831703,no_fit,3.09330504041322,0.9996723626647342,-1.9623789704203023
heat,0.1,110,3,0,False,0.9912067067525215,0.02181699499487877,0.08584145829081535,0.37680466133772883,0.0005135720844583907,0.013103129522610543,5,-0.8981277915994025,2.895269106887466,0.48954322046361565,no_fit,-0.8981277915994025,0.9996723626647342,-1.9623789704203023
heat,0.1,110,3,1,False,0.905751863098563,0.03928803652524948,0.015046729473397136,0.3902112472135728,0.0013575477651829528,0.01781133046925908,5,6.858892250317457,13.676078503465792,10.197274123572369,no_fit,6.858892250317457,0.9996723626647342,-1.9623789704203023
heat,0.1,110,3,2,False,0.9645419562649754,0.02709335647523403,0.04336479213088751,0.38723566422489875,0.0009880657670896615,0.0164019318028944,5,5.137226712701339,8.956374976592873,7.2912675313923865,no_fit,5.137226712701339,0.9996723626647342,-1.9623789704203023
heat,0.1,110,3,3,False,0.9768390596146119,0.023731384426355362,0.05496979225426912,0.38064237139469165,0.0005284785019466945,0.014349217091486597,5,1.3223625034401927,3.0856812827326983,3.058822428686147,no_fit,1.3223625034401927,0.9996723626647342,-1.9623789704203023
heat,0.1,111,0,0,False,0.9981464601031917,0.019880028441548347,0.16771453246474266,0.3855271375464007,0.0007416937698662999,0.015191251036389082,5,4.148677069265403,5.809258770070066,4.794992792063509,no_fit,4.148677069265403,0.9996723626647342,-1.9623789704203023
heat,0.1,111,0,1,False,0.9788817806389433,0.027313824743032455,0.23877418600022793,0.38045191190732464,0.0004188952923667175,0.013731612503273892,5,1.2121630779965307,1.6858830154025457,1.7853977777773815,no_fit,1.2121630779965307,0.9996723626647342,-1.9623789704203023
heat,0.1,111,0,2,False,0.5691871518370142,0.16989825665950775,0.3155570491217077,0.6127600128380549,0.1459610849399343,0.21907581007313884,5,135.6251009808672,1860.8183693970298,425.179860994569,no_fit,135.6251009808672,0.9996723626647342,-1.9623789704203023
heat,0.1,111,0,3,False,0.9986516277500361,0.018745645880699158,0.16535678692162037,0.38151812659914436,0.0004001295577307014,0.013612789924190356,5,1.829072469397504,1.4461725439776194,1.540400243469203,no_fit,1.4461725439776194,0.9996723626647342,-1.9623789704203023
heat,0.1,111,1,0,False,0.9525455066339535,0.03601611405611038,0.3125261552631855,0.37236083522730645,5.4781502592927945e-05,0.010762703070658942,5,-3.4693154541831697,-2.965247883116927,-4.336128081912888,acf_or_spectral,-4.336128081912888,0.9996723626647342,-1.9623789704203023
heat,0.1,111,1,1,False,0.9998316854182064,0.016517560929059982,0.13158680964261293,0.376969903839224,0.0002372022655737177,0.01260472233273998,5,-0.8025188567262678,-0.6350344414382502,-0.5381110649555746,ungated,-0.8025188567262678,0.9996723626647342,-1.9623789704203023
heat,0.1,111,1,2,False,0.9619244162464514,0.025230862200260162,0.03156885551288724,0.3852757065951854,0.0011214502243152465,0.016456798380199294,5,4.00319969375777,10.660206547403721,7.4043956612420025,no_fit,4.00319969375777,0.9996723626647342,-1.9623789704203023
heat,0.1,111,1,3,False,0.9270213120225981,0.03803906589746475,0.3321189433336258,0.383053105923167,0.0005163384380421588,0.01428917721330304,5,2.7172080089479116,2.9306060619577137,2.9350275891145072,no_fit,2.7172080089479116,0.9996723626647342,-1.9623789704203023
heat,0.1,111,2,0,False,0.998185236455687,0.017808472737669945,0.11595422867685556,0.3776062405934147,0.0002681393033756802,0.012761274282820294,5,-0.43433586059455453,-0.23984970394515054,-0.21532021109059074,no_fit,-0.43433586059455453,0.9996723626647342,-1.9623789704203023
heat,0.1,111,2,1,False,0.9999234651776433,0.016258258372545242,0.13516863994300365,0.376294802036761,0.00019933369151005722,0.012341903699979501,5,-1.1931312214652503,-1.1187615065949652,-1.0800107400273982,ungated,-1.1931312214652503,0.9996723626647342,-1.9623789704203023
heat,0.1,111,2,2,False,0.9497343253800972,0.02909909375011921,0.03269026102498174,0.3826868411847334,0.0007938367399640623,0.015411561180898843,5,2.505288065795495,6.475324670823099,5.249245195977615,no_fit,2.505288065795495,0.9996723626647342,-1.9623789704203023
heat,0.1,111,2,3,False,0.9998766355270842,0.016725333407521248,0.14015244599431753,0.3793068078464412,0.0003210764706548493,0.013196740844282233,5,0.5496084773984967,0.43636114367257745,0.6825582447947243,ungated,0.43636114367257745,0.9996723626647342,-1.9623789704203023
heat,0.1,111,3,0,False,0.8965894120925353,0.0340767502784729,0.0018774390337057412,0.37993365076134805,0.00283480691308762,0.020407685190653863,5,0.9122983597515449,32.54634889945546,15.550638019872942,no_fit,0.9122983597515449,0.9996723626647342,-1.9623789704203023
heat,0.1,111,3,1,False,0.9171364988740496,0.03451748937368393,0.005251288821455091,0.398588725668985,0.003758851538176915,0.02395501646756833,5,11.706082197196324,44.34994609371102,22.86479853483141,no_fit,11.706082197196324,0.9996723626647342,-1.9623789704203023
heat,0.1,111,3,2,False,0.9096894200414682,0.035025447607040405,0.0027136341959703714,0.402850480293768,0.004754862745797287,0.026840636287128482,5,14.171923713024645,57.07283282072253,28.814591463042706,no_fit,14.171923713024645,0.9996723626647342,-1.9623789704203023
heat,0.1,111,3,3,False,0.6383464144649776,0.14340800046920776,1.762197803145682e-05,0.4044402217261578,0.007569648347403665,0.032708590662071234,5,15.09174448370514,93.02845068532656,40.91359120183111,no_fit,15.09174448370514,0.9996723626647342,-1.9623789704203023
heat,0.1,112,0,0,False,0.9888702696194865,0.023745592683553696,0.1999306082725525,0.3830996758456774,0.0006369080531403414,0.014505123722195744,5,2.7441532600065393,4.470742903669069,3.3802827134286906,no_fit,2.7441532600065393,0.9996723626647342,-1.9623789704203023
heat,0.1,112,0,1,False,0.998783320785809,0.018486613407731056,0.13303808588534594,0.37715027021612035,0.0002440116351522506,0.01264757046311657,5,-0.6981592820045848,-0.5480526513065743,-0.4497634935348294,no_fit,-0.6981592820045848,0.9996723626647342,-1.9623789704203023
heat,0.1,112,0,2,False,0.5971090602740943,0.1468014419078827,0.2794516319409013,0.5816185728844561,0.11305724568735677,0.18008889989293514,5,117.60673477702487,1440.5100269894012,344.79365040971703,no_fit,117.60673477702487,0.9996723626647342,-1.9623789704203023
heat,0.1,112,0,3,False,0.9983790207894752,0.02033141441643238,0.16271050460636616,0.3838026805634063,0.0010682558513810379,0.015168805623875415,5,3.1509101879437766,9.980710196179631,4.748713113867732,no_fit,3.1509101879437766,0.9996723626647342,-1.9623789704203023
heat,0.1,112,1,0,False,0.927491566977152,0.03962523490190506,0.34320758283138275,0.37127874620417434,1.5748798293597227e-05,0.010003546511768024,5,-4.095409697513084,-3.4638453603840715,-5.901415475240709,acf_or_spectral,-5.901415475240709,0.9996723626647342,-1.9623789704203023
heat,0.1,112,1,1,False,0.8715283657172983,0.04735758155584335,0.3658232279121876,0.3883584512886252,0.0012676724461689179,0.017342006636851093,5,5.786868749591853,12.528025655645408,9.229586141886791,no_fit,5.786868749591853,0.9996723626647342,-1.9623789704203023
heat,0.1,112,1,2,False,0.997336711745614,0.018277930095791817,0.10698435828089714,0.3790783719185793,0.0003823205490260653,0.013552690137452148,5,0.4174359700107963,1.2186831354891474,1.4164818798309518,no_fit,0.4174359700107963,0.9996723626647342,-1.9623789704203023
heat,0.1,112,1,3,False,0.9995182613234066,0.017205681651830673,0.13020126055926085,0.3807959319163964,0.0003876400420880365,0.01354701884061927,5,1.411212271423037,1.286633482990035,1.4047883637408143,no_fit,1.286633482990035,0.9996723626647342,-1.9623789704203023
heat,0.1,112,2,0,False,0.9600013165589014,0.031022517010569572,0.27330939657986164,0.374498819311458,9.523773850759088e-05,0.011387929951895479,5,-2.232282734320861,-2.4484664423003535,-3.0469872008817287,acf_or_spectral,-3.0469872008817287,0.9996723626647342,-1.9623789704203023
heat,0.1,112,2,1,False,0.9961883557155891,0.01892027258872986,0.10055189672857523,0.3845098855208583,0.000713005622234913,0.015250844222134834,5,3.5600973650149084,5.4428009933609545,4.917866606803839,no_fit,3.5600973650149084,0.9996723626647342,-1.9623789704203023
heat,0.1,112,2,2,False,0.9735973636006211,0.027252141386270523,0.0613285512663424,0.3824221340835303,0.0006087638829784855,0.014625914106685397,5,2.352129140153606,4.111233807530957,3.629337620302045,no_fit,2.352129140153606,0.9996723626647342,-1.9623789704203023
heat,0.1,112,2,3,False,0.9995204424635467,0.01719166524708271,0.15231324918568134,0.3756473928703481,0.00017117261149127345,0.012100818632176666,5,-1.5677206900811451,-1.4784866065216065,-1.577098478955283,no_fit,-1.577098478955283,0.9996723626647342,-1.9623789704203023
heat,0.1,112,3,0,False,0.8639675723359762,0.06683574616909027,0.0027543081087060273,0.26504620666834644,0.026111955710571927,0.01498668321076178,5,-65.56131503049677,329.88489811692875,4.373199112242441,no_fit,-65.56131503049677,0.9996723626647342,-1.9623789704203023
heat,0.1,112,3,1,False,0.7363936383155633,0.1125665009021759,2.4562144972151145e-05,0.4832838751341087,0.05230071312265969,0.1010572575774564,5,60.71050270651184,664.4158667706198,181.8401305571833,no_fit,60.71050270651184,0.9996723626647342,-1.9623789704203023
heat,0.1,112,3,2,False,0.892680052447785,0.034514669328927994,0.0005965502714389004,0.3790610865169022,0.002415361129530399,0.020184399313435724,5,0.40743467598383987,27.18841602531542,15.090250021344279,no_fit,0.40743467598383987,0.9996723626647342,-1.9623789704203023
heat,0.1,112,3,3,False,0.9316186019433884,0.030898144468665123,0.012998839723877609,0.38410263518777177,0.0010578582175304343,0.016469993799383013,5,3.324463250178744,9.847892496240062,7.431602991608913,no_fit,3.324463250178744,0.9996723626647342,-1.9623789704203023
heat,0.1,113,0,0,False,0.6074035423187983,0.1364433914422989,0.26999827614054084,0.5695209898526263,0.09811556645222519,0.16193487766124676,5,110.60710079819512,1249.6474232702112,307.362290824325,no_fit,110.60710079819512,0.9996723626647342,-1.9623789704203023
heat,0.1,113,0,1,False,0.9996024554136725,0.016930613666772842,0.1286390544846654,0.3784197424493375,0.0003313292206211125,0.01317419316271969,5,0.036354459742701094,0.5673281202117179,0.6360677004066484,no_fit,0.036354459742701094,0.9996723626647342,-1.9623789704203023
heat,0.1,113,0,2,False,0.9997237395434897,0.01725364848971367,0.13374307099729776,0.3809588525964088,0.0003380547985820932,0.013280839967872706,5,1.5054778056763438,0.6532395697180738,0.8559602873699788,ungated,0.6532395697180738,0.9996723626647342,-1.9623789704203023
heat,0.1,113,0,3,False,0.9998171072397661,0.016869936138391495,0.14298633392900229,0.37651144890334154,0.00021422721005293988,0.012233555034292007,5,-1.0677798380745285,-0.9285140998007589,-1.3034123539610194,ungated,-1.3034123539610194,0.9996723626647342,-1.9623789704203023
heat,0.1,113,1,0,False,0.9996292272710275,0.016945229843258858,0.12644959148019552,0.38299165377261524,0.0005497318636144399,0.014405192427815563,5,2.681651934652535,3.357168301149861,3.1742366831859297,no_fit,2.681651934652535,0.9996723626647342,-1.9623789704203023
heat,0.1,113,1,1,False,0.999014452294132,0.017630012705922127,0.12024406809359789,0.3824704658422028,0.0005138480397768029,0.014293578069529843,5,2.3800937856014053,2.898794115673524,2.9441016130309,no_fit,2.3800937856014053,0.9996723626647342,-1.9623789704203023
heat,0.1,113,1,2,False,0.9919815502335972,0.021618980914354324,0.1927544567734003,0.37949408144739527,0.0003216880435742051,0.01319084887618474,5,0.6579645562224107,0.44417327763125214,0.6704097317154587,no_fit,0.44417327763125214,0.9996723626647342,-1.9623789704203023
heat,0.1,113,1,3,False,0.999335250377447,0.01737489178776741,0.12334655970335007,0.37968735070196613,0.00043987059298927983,0.013627032187036297,5,0.769789706568387,1.9538181268190733,1.5697660366302093,no_fit,0.769789706568387,0.9996723626647342,-1.9623789704203023
heat,0.1,113,2,0,False,0.9998620642115182,0.016897255554795265,0.14051998127251863,0.3813306362872323,0.00044948198636558323,0.013950404352045259,5,1.7205910021070432,2.076592517588846,2.236519642738989,ungated,1.7205910021070432,0.9996723626647342,-1.9623789704203023
heat,0.1,113,2,1,False,0.9876867487550137,0.02164795622229576,0.08107878174632788,0.3775575301628285,0.0002804281881574754,0.012844792716765167,5,-0.4625196047488545,-0.08287346925636542,-0.043115479097784855,no_fit,-0.4625196047488545,0.9996723626647342,-1.9623789704203023
heat,0.1,113,2,2,False,0.9701749184057956,0.026808302849531174,0.05427894368767738,0.38384739002131424,0.0006729214866966326,0.015044348186496853,5,3.176778978422359,4.930772702813748,4.492097195249894,no_fit,3.176778978422359,0.9996723626647342,-1.9623789704203023
heat,0.1,113,2,3,False,0.9622042523062837,0.029880434274673462,0.0504976324737072,0.38286613765682587,0.0005857358204602748,0.01465705169491854,5,2.609028596035356,3.8170770463216956,3.6935394950657656,no_fit,2.609028596035356,0.9996723626647342,-1.9623789704203023
heat,0.1,113,3,0,False,0.8873740441295629,0.03932562842965126,0.0012734278716379777,0.3879338765767819,0.0028491101125700065,0.02202513060742689,5,5.541210788679271,32.729055665660454,18.885611406613407,no_fit,5.541210788679271,0.9996723626647342,-1.9623789704203023
heat,0.1,113,3,1,False,0.8045561878589069,0.0930914431810379,0.00015251296099449974,0.32688035418138517,0.0031427342026591923,0.0056984009132526915,5,-29.78421816367124,36.4797624950061,-14.778095855427072,no_fit,-29.78421816367124,0.9996723626647342,-1.9623789704203023
heat,0.1,113,3,2,False,0.7615592922973369,0.11280083656311035,6.486884194600862e-05,0.3746633348599169,0.005722273871047601,0.025551186584711387,5,-2.137094412818238,69.43038670248744,26.155904872133856,no_fit,-2.137094412818238,0.9996723626647342,-1.9623789704203023
heat,0.1,113,3,3,False,0.9079198011435676,0.03187203034758568,0.006119178899098188,0.3887974666195115,0.0017905162137492958,0.019150210297273887,5,6.0408820197809305,19.20674772217913,12.957879549986963,no_fit,6.0408820197809305,0.9996723626647342,-1.9623789704203023
heat,0.1,114,0,0,False,0.9991728341140159,0.01724410615861416,0.12404171098023653,0.3769345797706533,0.0003019346323193783,0.012544370364846931,5,-0.8229572823181807,0.1918463841742198,-0.6625493950986047,no_fit,-0.8229572823181807,0.9996723626647342,-1.9623789704203023
heat,0.1,114,0,1,False,0.9998679932019252,0.01688269153237343,0.14058829937130213,0.37148475745203924,0.0001305311472867423,0.01106211291322868,5,-3.976212058878801,-1.997634123676078,-3.7187818355768663,ungated,-3.976212058878801,0.9996723626647342,-1.9623789704203023
heat,0.1,114,0,2,False,0.9998684392981109,0.01659395918250084,0.1381094427779317,0.37571233541516935,0.0001771886926437208,0.012116922874120814,5,-1.5301450816140227,-1.401638154960537,-1.5438935140517285,ungated,-1.5438935140517285,0.9996723626647342,-1.9623789704203023
heat,0.1,114,0,3,False,0.9997951984674157,0.016703125089406967,0.13851668499410152,0.3810482082329669,0.000530686675024326,0.013773823349294565,5,1.5571787733991023,3.113888129930195,1.8724313472882452,ungated,1.5571787733991023,0.9996723626647342,-1.9623789704203023
heat,0.1,114,1,0,False,0.9998664638585335,0.016413655132055283,0.13378682173788548,0.3789166418233483,0.00033237160606960177,0.01323681432260469,5,0.3238593053993716,0.5806433840215489,0.7651848251625192,ungated,0.3238593053993716,0.9996723626647342,-1.9623789704203023
heat,0.1,114,1,1,False,0.9999507209322545,0.016246210783720016,0.13611523061990738,0.3768013107535969,0.00022911058783619924,0.01254647759460426,5,-0.9000664319440917,-0.7383962294364903,-0.6582045466804984,ungated,-0.9000664319440917,0.9996723626647342,-1.9623789704203023
heat,0.1,114,1,2,False,0.9999312027138847,0.01617540791630745,0.14040085952728987,0.3799335928463088,0.0003614359172394101,0.013414263512203956,5,0.9122648502417814,0.9519062131774116,1.1310632150453077,ungated,0.9122648502417814,0.9996723626647342,-1.9623789704203023
heat,0.1,114,1,3,False,0.9981195486830933,0.018290743231773376,0.11624334938824177,0.37885384710265335,0.0003450444049345621,0.013330097686607305,5,0.28752642307809656,0.7425236753671706,0.9575236411424819,no_fit,0.28752642307809656,0.9996723626647342,-1.9623789704203023
heat,0.1,114,2,0,False,0.9205379090382535,0.032037682831287384,0.006321763095911592,0.4025005045973823,0.003860926432313956,0.025074987590668826,5,13.969428572487828,45.65383434902497,25.174041153299395,no_fit,13.969428572487828,0.9996723626647342,-1.9623789704203023
heat,0.1,114,2,1,False,0.903121155210784,0.04664801061153412,0.0018534455593908206,0.44358283481842387,0.018627133386808735,0.05321779059197018,5,37.73957123553959,234.27498342072548,83.2010373439166,no_fit,37.73957123553959,0.9996723626647342,-1.9623789704203023
heat,0.1,114,2,2,False,0.9269420355584724,0.03169611096382141,0.009066222351975739,0.3900089843261199,0.001983355484912559,0.019678523573631562,5,6.741863404477216,21.67004550915021,14.047196505133247,no_fit,6.741863404477216,0.9996723626647342,-1.9623789704203023
heat,0.1,114,2,3,False,0.9972972398124058,0.0184622872620821,0.16329071670770645,0.37930516963259664,0.00032842239767350706,0.013246263147030498,5,0.5486606106005639,0.5301968321148492,0.7846671382404593,no_fit,0.5301968321148492,0.9996723626647342,-1.9623789704203023
heat,0.1,114,3,0,False,0.8902306266310351,0.052519749850034714,0.00029794177316944115,0.38952972362560756,0.005931501485724475,0.025006880257220584,5,6.464564255118402,72.10302654963994,25.033612213851836,no_fit,6.464564255118402,0.9996723626647342,-1.9623789704203023
heat,0.1,114,3,1,False,0.8974822971197662,0.03937749192118645,0.00028868691333627794,0.4144696721449197,0.0071922611193090975,0.03249118584483535,5,20.894761644690576,88.20776702380486,40.46532922519059,no_fit,20.894761644690576,0.9996723626647342,-1.9623789704203023
heat,0.1,114,3,2,False,0.8455533580895519,0.06623168289661407,0.00011577877012314275,0.31062301953852867,0.004885787135075848,0.008751142156081164,5,-39.19067494697576,58.745239879849905,-8.483719120445963,no_fit,-39.19067494697576,0.9996723626647342,-1.9623789704203023
heat,0.1,114,3,3,False,0.8116485012991678,0.08146601170301437,2.614518575683178e-05,0.43406944520939317,0.0164690053707667,0.04945620505428297,5,32.23514568326086,206.70740377863143,75.44511091199853,no_fit,32.23514568326086,0.9996723626647342,-1.9623789704203023
heat,0.1,115,0,0,False,0.999274517966618,0.01761251501739025,0.15649488940835,0.3771596895723679,0.00022466525173593524,0.012431222304690308,5,-0.6927092639410158,-0.7951802367191781,-0.8958467697552974,no_fit,-0.8958467697552974,0.9996723626647342,-1.9623789704203023
heat,0.1,115,0,1,False,0.9998247640779673,0.01654859259724617,0.13336002733558416,0.3838048774853635,0.0006575212467671361,0.01484850235757589,5,3.152181321982724,4.734052518650455,4.0882871992015435,ungated,3.152181321982724,0.9996723626647342,-1.9623789704203023
heat,0.1,115,0,2,False,0.7905726365689876,0.05697300657629967,0.4763050116598606,0.3907009220412161,0.0011125547067053249,0.016855944716212518,5,7.142216989906462,10.546576638359259,8.227386282263907,no_fit,7.142216989906462,0.9996723626647342,-1.9623789704203023
heat,0.1,115,0,3,False,0.9989922922990586,0.018224090337753296,0.12327958829700947,0.38222459763791294,0.0005630541491502277,0.014511373542254534,5,2.2378350027905745,3.527345030608247,3.3931690732105033,no_fit,2.2378350027905745,0.9996723626647342,-1.9623789704203023
heat,0.1,115,1,0,False,0.9992421655977454,0.017427928745746613,0.12316681537777185,0.37622337469923306,0.00024335427611572305,0.012579156552793873,5,-1.2344589162173856,-0.5564496497506974,-0.5908245567664062,no_fit,-1.2344589162173856,0.9996723626647342,-1.9623789704203023
heat,0.1,115,1,1,False,0.9996439552477134,0.01700245402753353,0.1281437585130334,0.381176031129943,0.00045916162514710447,0.013895593596082006,5,1.6311368103551065,2.200238664171789,2.1235066096257826,no_fit,1.6311368103551065,0.9996723626647342,-1.9623789704203023
heat,0.1,115,1,2,False,0.9990159303135053,0.017526067793369293,0.1212704237550497,0.37984352431746843,0.0003459321183848065,0.013319689053650031,5,0.8601514046687749,0.753863183986243,0.9360623209984541,no_fit,0.753863183986243,0.9996723626647342,-1.9623789704203023
heat,0.1,115,1,3,False,0.9999407197563294,0.016286002472043037,0.136452273465693,0.37918908116852834,0.0003153887203190121,0.013156128222380131,5,0.4814920897890383,0.3637067370748158,0.5988200167193171,ungated,0.3637067370748158,0.9996723626647342,-1.9623789704203023
heat,0.1,115,2,0,False,0.9998575193012282,0.016400743275880814,0.13595258817076683,0.3760004977321853,0.0002909528069792093,0.012444746540447135,5,-1.3634150215436618,0.05156631624947295,-0.8679614600828357,ungated,-1.3634150215436618,0.9996723626647342,-1.9623789704203023
heat,0.1,115,2,1,False,0.9982333885630096,0.019609179347753525,0.17164982669055462,0.3771218818578803,0.0002473380624560688,0.012268406219289154,5,-0.7145847214016405,-0.5055614047540073,-1.23155349971063,no_fit,-1.23155349971063,0.9996723626647342,-1.9623789704203023
heat,0.1,115,2,2,False,0.9293961477886424,0.03121967986226082,0.008406100445427,0.40102656981273865,0.0033070324676838115,0.023675405478563477,5,13.11661326433695,38.578482066994574,22.288275087856743,no_fit,13.11661326433695,0.9996723626647342,-1.9623789704203023
heat,0.1,115,2,3,False,0.999132067017011,0.018550245091319084,0.16349769569933414,0.3750729304920981,0.00013723935910620695,0.011703314676339971,5,-1.9001033132694543,-1.9119445064640808,-2.3967027141846087,acf_or_spectral,-2.3967027141846087,0.9996723626647342,-1.9623789704203023
heat,0.1,115,3,0,False,0.9095256118397006,0.037072233855724335,0.002427285711746663,0.38278954741057386,0.0018061268588751896,0.018848700038047363,5,2.5647136540587687,19.40615558842879,12.336202503007653,no_fit,2.5647136540587687,0.9996723626647342,-1.9623789704203023
heat,0.1,115,3,1,False,0.8788127762774981,0.055973999202251434,0.0002615689390950138,0.38555809052694506,0.003898403583170433,0.023369247064494097,5,4.166586393284439,46.132561437184215,21.65701411765033,no_fit,4.166586393284439,0.9996723626647342,-1.9623789704203023
heat,0.1,115,3,2,False,0.8408536689076501,0.07468383759260178,0.0001107151201722445,0.37727140229749506,0.0037131299989408657,0.022256655618792295,5,-0.6280725357110535,43.765906516410816,19.36298748574496,no_fit,-0.6280725357110535,0.9996723626647342,-1.9623789704203023
heat,0.1,115,3,3,False,0.8106466752443743,0.07814427465200424,4.132760773245536e-05,0.36418886535075234,0.0023406087782558782,0.015252117670248314,5,-8.1975986055698,26.233541531366956,4.9204923000877105,no_fit,-8.1975986055698,0.9996723626647342,-1.9623789704203023
heat,0.1,116,0,0,False,0.9999513717594843,0.01635330729186535,0.13945492822676897,0.37713068502402636,0.00026092263805039206,0.012653135469796215,5,-0.7094912295268584,-0.3320342243380057,-0.43828913465928976,ungated,-0.7094912295268584,0.9996723626647342,-1.9623789704203023
heat,0.1,116,0,1,False,0.9986910081700184,0.01783023402094841,0.12462164182215929,0.37525243290024085,0.00022156721026730627,0.012025866609136555,5,-1.7962436289001167,-0.8347541194018058,-1.7316403259499293,no_fit,-1.7962436289001167,0.9996723626647342,-1.9623789704203023
heat,0.1,116,0,2,False,0.999601697792502,0.017075009644031525,0.12992735859006643,0.3792163406770902,0.00034559135289397545,0.013298782119388007,5,0.49726437933429496,0.7495103004974357,0.8929547956135842,no_fit,0.49726437933429496,0.9996723626647342,-1.9623789704203023
heat,0.1,116,0,3,False,0.9998462047677628,0.016774175688624382,0.14783481508493423,0.3748344616306015,0.00014430810954090835,0.011868832718271896,5,-2.038080853198924,-1.8216494270572055,-2.0554248823986954,ungated,-2.0554248823986954,0.9996723626647342,-1.9623789704203023
heat,0.1,116,1,0,False,0.9998525667156491,0.01657417230308056,0.13509502075612545,0.3789782389308065,0.00029889863658646705,0.013036157098545763,5,0.3594992514305637,0.15306506372522083,0.3514543244889081,ungated,0.15306506372522083,0.9996723626647342,-1.9623789704203023
heat,0.1,116,1,1,False,0.9999389019051214,0.01615934632718563,0.14060599729418755,0.3757002227747547,0.00017379218582421895,0.012060015932647437,5,-1.5371534277602594,-1.445024585957923,-1.6612286237045462,ungated,-1.6612286237045462,0.9996723626647342,-1.9623789704203023
heat,0.1,116,1,2,False,0.9998440252797489,0.01651904545724392,0.14068767987191677,0.3786227280213455,0.0002826736197550821,0.01293513548465047,5,0.1538014492199365,-0.0541906877263692,0.14316018959405963,ungated,-0.0541906877263692,0.9996723626647342,-1.9623789704203023
heat,0.1,116,1,3,False,0.9998483697337407,0.016502266749739647,0.1341596907004714,0.37620202331354746,0.00019985399150243641,0.012344025360796762,5,-1.2468127793276271,-1.1121152783030959,-1.0756361365397749,ungated,-1.2468127793276271,0.9996723626647342,-1.9623789704203023
heat,0.1,116,2,0,False,0.9996590452289685,0.017382029443979263,0.15100391767919064,0.3718221318533622,4.457558706499041e-05,0.010541237829694032,5,-3.781007998954239,-3.095616604085064,-4.792762152557191,acf_or_spectral,-4.792762152557191,0.9996723626647342,-1.9623789704203023
heat,0.1,116,2,1,False,0.9152957389564841,0.04186262562870979,0.0017947904707398266,0.3885975199925113,0.0032331487213821345,0.022758586881097227,5,5.925193356961215,37.63470299305289,20.397907974808298,no_fit,5.925193356961215,0.9996723626647342,-1.9623789704203023
heat,0.1,116,2,2,False,0.9999046008160112,0.016390619799494743,0.13843610044568777,0.37603819968597835,0.00018872134380678316,0.012230739496746537,5,-1.3416007569799278,-1.2543219267020842,-1.3092176458652391,ungated,-1.3416007569799278,0.9996723626647342,-1.9623789704203023
heat,0.1,116,2,3,False,0.9993345079876187,0.018149130046367645,0.15878713130950928,0.3734173749389955,8.727310436241597e-05,0.01127664342148798,5,-2.8580039842421177,-2.550205395914389,-3.276446330298382,acf_or_spectral,-3.276446330298382,0.9996723626647342,-1.9623789704203023
heat,0.1,116,3,0,False,0.9051269175844231,0.03302369639277458,0.001330236525973305,0.3757893375253065,0.004487177391221788,0.021251837469805582,5,-1.4855918361318792,53.65346322057434,17.291176127764064,no_fit,-1.4855918361318792,0.9996723626647342,-1.9623789704203023
heat,0.1,116,3,1,False,0.8082092182896315,0.08138411492109299,1.663642285620881e-05,0.3579170034489969,0.0010737341058333696,0.012000130868102995,5,-11.826483611983786,10.050688536107437,-1.784704256605594,no_fit,-11.826483611983786,0.9996723626647342,-1.9623789704203023
heat,0.1,116,3,2,False,0.9186852312185796,0.02945837564766407,0.005161520617548376,0.40308466599837167,0.00466389831315454,0.025449830715485386,5,14.307423028134696,55.9108678108452,25.946921543884645,no_fit,14.307423028134696,0.9996723626647342,-1.9623789704203023
heat,0.1,116,3,3,False,0.901815511359684,0.033875055611133575,0.00040435830669594,0.3965134467019111,0.0037710591042498433,0.023649816952084627,5,10.505330515206474,44.50588357631169,22.23551469549486,no_fit,10.505330515206474,0.9996723626647342,-1.9623789704203023
heat,0.1,117,0,0,False,0.9999239188676271,0.016259612515568733,0.1422148970887065,0.38073602146889424,0.00034956770873815785,0.013268392098172965,5,1.3765482229995174,0.8003036295330519,0.8302943120364343,ungated,0.8003036295330519,0.9996723626647342,-1.9623789704203023
heat,0.1,117,0,1,False,0.9999721932726617,0.016104822978377342,0.14282777532935143,0.3786856712366974,0.00027912193786666043,0.012863806125797832,5,0.19022025021139502,-0.09955930005828027,-0.003912169695444793,ungated,-0.09955930005828027,0.9996723626647342,-1.9623789704203023
heat,0.1,117,0,2,False,0.9998611190729277,0.01676129177212715,0.14483997225761414,0.37842038430133645,0.0003299439133073274,0.013157415362989054,5,0.03672583384687831,0.549632427733018,0.6014739422436263,ungated,0.03672583384687831,0.9996723626647342,-1.9623789704203023
heat,0.1,117,0,3,False,0.9998895267820437,0.016593484207987785,0.14241208042949438,0.37935947677998727,0.0003905327428590428,0.013305806547612629,5,0.5800826023462393,1.3235843766778497,0.9074383021005733,ungated,0.5800826023462393,0.9996723626647342,-1.9623789704203023
heat,0.1,117,1,0,False,0.9999789411085026,0.016001679003238678,0.14315107464790344,0.377249449060312,0.00022032538858354767,0.012509896528340588,5,-0.6407746287264616,-0.8506169495554493,-0.7336302032020852,ungated,-0.8506169495554493,0.9996723626647342,-1.9623789704203023
heat,0.1,117,1,1,False,0.9213157631131932,0.039004310965538025,0.025470493361353874,0.38462100219191275,0.0007982470770079558,0.015652544032924764,5,3.624389217716463,6.5316616057974155,5.746122178553429,no_fit,3.624389217716463,0.9996723626647342,-1.9623789704203023
heat,0.1,117,1,2,False,0.9998954559271682,0.01654299534857273,0.13450022973120213,0.37932093828000024,0.0003409523678846414,0.013298722524826376,5,0.5577843140606712,0.6902526532435735,0.8928319189619378,ungated,0.5577843140606712,0.9996723626647342,-1.9623789704203023
heat,0.1,117,1,3,False,0.9866413590319598,0.0234186053276062,0.08147711865603924,0.38070492665810474,0.00044001702232754174,0.01390000820421322,5,1.3585568363237817,1.955688591598951,2.1326089882765924,no_fit,1.3585568363237817,0.9996723626647342,-1.9623789704203023
heat,0.1,117,2,0,False,0.9352807377200499,0.03256867080926895,0.025912248995155096,0.38648729300687545,0.0009410764976891728,0.016259023971376102,5,4.704220831057743,8.356141618380189,6.996609170789923,no_fit,4.704220831057743,0.9996723626647342,-1.9623789704203023
heat,0.1,117,2,1,False,0.9813405471681403,0.024632010608911514,0.07099412987008691,0.38317903031548417,0.0005992084057571175,0.0147323429816369,5,2.790067575433854,3.9891736807172626,3.848780862011015,no_fit,2.790067575433854,0.9996723626647342,-1.9623789704203023
heat,0.1,117,2,2,False,0.9998562345442867,0.016917705535888672,0.14869316667318344,0.37445785335265713,0.0001307228967587391,0.011746183615177017,5,-2.2559855447453483,-1.9951847468081125,-2.3083122382793464,ungated,-2.3083122382793464,0.9996723626647342,-1.9623789704203023
heat,0.1,117,2,3,False,0.9983407668921959,0.017732715234160423,0.11452188063412905,0.3788918979704323,0.000338905066064126,0.01323711580701693,5,0.30954256847911416,0.6641007495710695,0.7658064489161911,no_fit,0.30954256847911416,0.9996723626647342,-1.9623789704203023
heat,0.1,117,3,0,False,0.8561684492309906,0.06142215058207512,3.150458042000537e-05,0.3784175941869939,0.00515264067571483,0.0241048873095994,5,0.035111480045324835,62.153984022762984,23.17381376615785,no_fit,0.035111480045324835,0.9996723626647342,-1.9623789704203023
heat,0.1,117,3,1,False,0.8829620131469075,0.05943388491868973,0.00024211460913647898,0.4378084702487957,0.015873535553700573,0.047992745551952945,5,34.3985370519861,199.1009682546908,72.42763752944668,no_fit,34.3985370519861,0.9996723626647342,-1.9623789704203023
heat,0.1,117,3,2,False,0.9124740925363756,0.032333582639694214,0.001321983669186011,0.38972384524023707,0.004029701179530035,0.022286635678178023,5,6.576882579052275,47.809735783448,19.42480267848499,no_fit,6.576882579052275,0.9996723626647342,-1.9623789704203023
heat,0.1,117,3,3,False,0.7584621405767177,0.10414651781320572,2.4192027012759354e-05,0.39222085747786556,0.0061032300411914394,0.027969894378422185,5,8.021648170499063,74.29665945485546,31.142982666957018,no_fit,8.021648170499063,0.9996723626647342,-1.9623789704203023
heat,0.1,118,0,0,False,0.6239703998562378,0.13109591603279114,0.280120606534183,0.5501819279448661,0.08136003554116458,0.14104780271659123,5,99.41756364088934,1035.6149704209288,264.2957129077394,no_fit,99.41756364088934,0.9996723626647342,-1.9623789704203023
heat,0.1,118,0,1,False,0.9989587150698547,0.018133495002985,0.12782247178256512,0.3797110969910482,0.00035688780729199385,0.013416470972625065,5,0.7835292553272369,0.8938093893261821,1.1356147267565169,no_fit,0.7835292553272369,0.9996723626647342,-1.9623789704203023
heat,0.1,118,0,2,False,0.9994503605754823,0.017731234431266785,0.14171591121703386,0.3839302231228314,0.0005692097065388342,0.013987971716178712,5,3.224706022231528,3.605975129142951,2.3139789240821664,no_fit,2.3139789240821664,0.9996723626647342,-1.9623789704203023
heat,0.1,118,0,3,False,0.999243184422869,0.01760765351355076,0.12196083273738623,0.38511421795166845,0.0006796128480618968,0.015052647113721509,5,3.9097627325579754,5.016247075038087,4.509208561819492,no_fit,3.9097627325579754,0.9996723626647342,-1.9623789704203023
heat,0.1,118,1,0,False,0.8926832637230188,0.04636286199092865,0.4036743976175785,0.3764317860370812,0.00019247676556901922,0.011676899330872882,5,-1.113872590987205,-1.2063507740408237,-2.4511679055417646,no_fit,-2.4511679055417646,0.9996723626647342,-1.9623789704203023
heat,0.1,118,1,1,False,0.9986674942570987,0.017512209713459015,0.11249488405883312,0.38265790490310114,0.0005709126878740943,0.014570360683174294,5,2.4885455991721046,3.6277287384005166,3.5147932981069374,no_fit,2.4885455991721046,0.9996723626647342,-1.9623789704203023
heat,0.1,118,1,2,False,0.9997942376806171,0.016698991879820824,0.1492620799690485,0.3784805203974526,0.00025148457981994613,0.012721637061557114,5,0.07152044204434514,-0.45259445987570684,-0.29704728309329215,ungated,-0.45259445987570684,0.9996723626647342,-1.9623789704203023
heat,0.1,118,1,3,False,0.9994928727143941,0.017157696187496185,0.1264246068894863,0.37877512571811056,0.00032976149722206477,0.013185471786392847,5,0.24197840934209183,0.5473022740437574,0.659322834335113,no_fit,0.24197840934209183,0.9996723626647342,-1.9623789704203023
heat,0.1,118,2,0,False,0.9919287534023915,0.021649088710546494,0.09617970231920481,0.381038510158509,0.00042242972497453244,0.013739959998456938,5,1.551567489614033,1.731031288202529,1.8026092854998146,no_fit,1.551567489614033,0.9996723626647342,-1.9623789704203023
heat,0.1,118,2,1,False,0.9920818492551836,0.021326499059796333,0.09231530409306288,0.3805842010878794,0.00044106102398808666,0.013899907457607271,5,1.2887052964550627,1.9690245006412392,2.132401261174238,no_fit,1.2887052964550627,0.9996723626647342,-1.9623789704203023
heat,0.1,118,2,2,False,0.9471004231040083,0.03173910081386566,0.03608001535758376,0.3831323092633162,0.0006860392226749621,0.015105618618775615,5,2.763034881099695,5.098336549174341,4.618429285918786,no_fit,2.763034881099695,0.9996723626647342,-1.9623789704203023
heat,0.1,118,2,3,False,0.9997788268052982,0.01662416383624077,0.13222695142030716,0.3767837381248236,0.00021436302646369166,0.012444183909258793,5,-0.9102339149144959,-0.9267792028473475,-0.869121536348911,ungated,-0.9267792028473475,0.9996723626647342,-1.9623789704203023
heat,0.1,118,3,0,False,0.8597557536064097,0.05974973738193512,0.0011412553867558017,0.3612908690861276,0.005646922886589928,0.02504034930939098,5,-9.87437264142619,68.4678653646862,25.102621280315667,no_fit,-9.87437264142619,0.9996723626647342,-1.9623789704203023
heat,0.1,118,3,1,False,0.8985793516251913,0.03976234048604965,0.0018841596611309797,0.38364471098971203,0.003519802943081492,0.02302908398069255,5,3.05950935252548,41.296377846304786,20.955639703487385,no_fit,3.05950935252548,0.9996723626647342,-1.9623789704203023
heat,0.1,118,3,2,False,0.6209852136379868,0.14346978068351746,1.015577595353534e-05,0.35072577832702556,0.0017001984818556274,0.011693238424889346,5,-15.987310082918249,18.053043563498903,-2.417478704568868,no_fit,-15.987310082918249,0.9996723626647342,-1.9623789704203023
heat,0.1,118,3,3,False,0.9475961711426104,0.030837418511509895,0.022245524916797876,0.39003623862756276,0.0013804668687906418,0.017743380297662086,5,6.757632681195275,13.968843441103331,10.057169232519824,no_fit,6.757632681195275,0.9996723626647342,-1.9623789704203023
heat,0.1,119,0,0,False,0.9200581270012792,0.03460219129920006,0.017195763299241662,0.3913721975195896,0.0014611183655357787,0.01821029325459128,5,7.530615452245259,14.999072669049347,11.019886285680002,no_fit,7.530615452245259,0.9996723626647342,-1.9623789704203023
heat,0.1,119,0,1,False,0.9852286452322877,0.026737967506051064,0.23177598975598812,0.37782757263106675,0.00031481475655640613,0.012526149458612572,5,-0.30627364789662587,0.35637501642631825,-0.7001186612659399,no_fit,-0.7001186612659399,0.9996723626647342,-1.9623789704203023
heat,0.1,119,0,2,False,0.9944365485273103,0.022480791434645653,0.190769886597991,0.38823255685599656,0.0008689590368205504,0.01588237094913688,5,5.714026517713452,7.434924790044169,6.21999699446729,no_fit,5.714026517713452,0.9996723626647342,-1.9623789704203023
heat,0.1,119,0,3,False,0.999839445239965,0.016739260405302048,0.14631512574851513,0.37796880710073877,0.0002666410027676485,0.01267819424688222,5,-0.22455570553597695,-0.25898875456340964,-0.38662102034800827,ungated,-0.38662102034800827,0.9996723626647342,-1.9623789704203023
heat,0.1,119,1,0,False,0.9542169562471526,0.0342160239815712,0.2934030257165432,0.36977593675027975,1.7011500503745698e-05,0.009966911079352223,5,-4.964931823503908,-3.4477158057497936,-5.97695322807702,acf_or_spectral,-5.97695322807702,0.9996723626647342,-1.9623789704203023
heat,0.1,119,1,1,False,0.9988486754736026,0.017468633130192757,0.11741148121654987,0.3803842395508472,0.0004163218482207574,0.013707720514845815,5,1.173008006724811,1.6530102544166867,1.7361354380794418,no_fit,1.173008006724811,0.9996723626647342,-1.9623789704203023
heat,0.1,119,1,2,False,0.9998725756284899,0.016398854553699493,0.13356765639036894,0.3815359532635241,0.00045242248330887346,0.013924503615602398,5,1.8393869367909619,2.114153951882329,2.183115511855703,ungated,1.8393869367909619,0.9996723626647342,-1.9623789704203023
heat,0.1,119,1,3,False,0.9998753369474469,0.01650814898312092,0.13467395678162575,0.37792547888224237,0.0002566440240268544,0.012738692688316561,5,-0.24962531403807028,-0.38668855066845903,-0.26188067978966123,ungated,-0.38668855066845903,0.9996723626647342,-1.9623789704203023
heat,0.1,119,2,0,False,0.9591302451718209,0.02861667610704899,0.04215013422071934,0.38468155231717904,0.0007568817727681958,0.015471491176575728,5,3.659423382236863,6.003267872630281,5.372813471343984,no_fit,3.659423382236863,0.9996723626647342,-1.9623789704203023
heat,0.1,119,2,1,False,0.7310094068529143,0.07813752442598343,0.6334995180368423,0.3590170458996991,0.000367077783397765,0.006157659747046162,5,-11.190001556367273,1.023974502683114,-13.831160662162608,no_fit,-13.831160662162608,0.9996723626647342,-1.9623789704203023
heat,0.1,119,2,2,False,0.9768595069350632,0.02295883372426033,0.05324903363361955,0.385780768207211,0.0008787228266847013,0.01596135134028592,5,4.295427191732826,7.559645869001429,6.382844840722222,no_fit,4.295427191732826,0.9996723626647342,-1.9623789704203023
heat,0.1,119,2,3,False,0.9998411772868723,0.016945382580161095,0.13615084998309612,0.37582175596343637,0.0001735239237028595,0.012099528591197154,5,-1.4668346016928009,-1.4484513230840625,-1.5797583846867929,ungated,-1.5797583846867929,0.9996723626647342,-1.9623789704203023
heat,0.1,119,3,0,False,0.89260976050757,0.04395860433578491,0.002076383330859244,0.4309232808040704,0.010298543590610179,0.03818445287880472,5,30.414782126628076,127.88691894709159,52.20414516605584,no_fit,30.414782126628076,0.9996723626647342,-1.9623789704203023
heat,0.1,119,3,1,False,0.7598392460420025,0.10904183983802795,2.928815388258954e-05,0.4184916875490742,0.016897329922452162,0.046480393110655105,5,23.221890593690098,212.178752606635,69.30935292410717,no_fit,23.221890593690098,0.9996723626647342,-1.9623789704203023
heat,0.1,119,3,2,False,0.8324055706000797,0.07837548851966858,6.577272870345041e-05,0.45135985691617264,0.030285109789827215,0.07061618096770693,5,42.23933850196676,383.19209610678104,119.07437703964852,no_fit,42.23933850196676,0.9996723626647342,-1.9623789704203023
heat,0.1,119,3,3,False,0.9130631843461975,0.03220788389444351,0.0020790575654245913,0.39374508838169586,0.003336154220456187,0.02340009965285359,5,8.903564698615615,38.95047864592884,21.720628357750165,no_fit,8.903564698615615,0.9996723626647342,-1.9623789704203023
heat,0.25,100,0,0,False,0.975360286006091,0.030793186277151108,0.24669286236166954,0.33390529340486375,0.0008341639370165058,0.015036191307976112,5,4.45674337841682,10.444889885029426,5.375771282984408,no_fit,4.45674337841682,0.9996757509574082,-2.0375126557402155
heat,0.25,100,0,1,False,0.6023079711862576,0.14806193113327026,0.3160023153759539,0.5662981913551322,0.10854676560464183,0.17605985782453198,5,128.11893400906425,1736.9906713345702,342.88808252383507,no_fit,128.11893400906425,0.9996757509574082,-2.0375126557402155
heat,0.25,100,0,2,False,0.9966029726239184,0.020517228171229362,0.10594312846660614,0.32028897131446177,0.00061605042303677,0.012727923221922144,5,-2.7888490337571517,6.948706879433749,0.5375452411778857,no_fit,-2.7888490337571517,0.9996757509574082,-2.0375126557402155
heat,0.25,100,0,3,False,0.998053011480686,0.019310759380459785,0.11595124006271362,0.3267262464702464,0.00028656267029067266,0.013010053385592992,5,0.6365893272160037,1.667285014808525,1.1289018142286982,no_fit,0.6365893272160037,0.9996757509574082,-2.0375126557402155
heat,0.25,100,1,0,False,0.9227088092518644,0.0344216488301754,0.014964142348617315,0.34649848759131097,0.0019637217709783357,0.020323720857532066,5,11.157903327230988,28.550787272486648,16.458653430879338,no_fit,11.157903327230988,0.9996757509574082,-2.0375126557402155
heat,0.25,100,1,1,False,0.9992073954560247,0.017801422625780106,0.12688885442912579,0.322482028999735,0.00015982456466091485,0.011660069946754763,5,-1.621867082362493,-0.3642241887216881,-1.7007196969192622,no_fit,-1.7007196969192622,0.9996757509574082,-2.0375126557402155
heat,0.25,100,1,2,False,0.9996595497523156,0.017355944961309433,0.14169579185545444,0.3322601800326908,0.0005374757370711306,0.01459376801199152,5,3.5813365771202843,5.689218291447366,4.448433628806711,no_fit,3.5813365771202843,0.9996757509574082,-2.0375126557402155
heat,0.25,100,1,3,False,0.5289684254223403,0.19278724491596222,0.23263972933636978,0.6594508755683627,0.20998127555460083,0.29299686662198643,5,177.6878541203757,3362.903726409737,587.9929230893839,no_fit,177.6878541203757,0.9996757509574082,-2.0375126557402155
heat,0.25,100,2,0,False,0.6118520260221689,0.1479543149471283,2.154256634412377e-06,0.3512377055271706,0.004981590460941848,0.02761094568210419,5,13.679762114627637,76.92477856928444,31.7329801573805,no_fit,13.679762114627637,0.9996757509574082,-2.0375126557402155
heat,0.25,100,2,1,False,0.9128465821943296,0.03736216947436333,0.006320901622530073,0.3548724920952415,0.0034257331967408574,0.02445635331265045,5,15.613924791056297,51.98564652294338,25.12082317033529,no_fit,15.613924791056297,0.9996757509574082,-2.0375126557402155
heat,0.25,100,2,2,False,0.9556887225618246,0.030253183096647263,0.039482767693698406,0.31657116501897326,4.4031806762149855e-05,0.010513155235586038,5,-4.767188625438251,-2.220288331424595,-4.104700697580982,acf_or_spectral,-4.767188625438251,0.9996757509574082,-2.0375126557402155
heat,0.25,100,2,3,False,0.9954131122810173,0.020577680319547653,0.12753896694630384,0.31133259315771766,0.0002330944444926459,0.008638628860547096,5,-7.554766377825354,0.8102326526528222,-8.033786048871734,no_fit,-8.033786048871734,0.9996757509574082,-2.0375126557402155
heat,0.25,100,3,0,False,0.9495323620350505,0.027660546824336052,0.024418822024017572,0.3385606140416658,0.0011708030400370733,0.017417059414447676,5,6.933958272299682,15.840942103549121,10.3661699911906,no_fit,6.933958272299682,0.9996757509574082,-2.0375126557402155
heat,0.25,100,3,1,False,0.9247004315972894,0.03452577441930771,0.008979881415143609,0.3548177048645444,0.0036855124539753054,0.024985599078177007,5,15.584771107676335,56.149697652914746,26.23014433660581,no_fit,15.584771107676335,0.9996757509574082,-2.0375126557402155
heat,0.25,100,3,2,False,0.9095047692032207,0.032792381942272186,0.004321218759287149,0.34344187032515594,0.0026135368825669896,0.02170341840591742,5,9.531399288656283,38.96679730534772,19.35055695315442,no_fit,9.531399288656283,0.9996757509574082,-2.0375126557402155
heat,0.25,100,3,3,False,0.9951835716205419,0.020743297412991524,0.1051908228546381,0.3194673918501362,0.00010736913631578544,0.011224741344197776,5,-3.226032429772114,-1.2050422278484234,-2.6131865781969394,no_fit,-3.226032429772114,0.9996757509574082,-2.0375126557402155
heat,0.25,101,0,0,False,0.999739853541529,0.01697288267314434,0.14712193049490452,0.32598889383418483,0.0001756566155901992,0.012360083657061002,5,0.24422517561371135,-0.11044923276993646,-0.23346180634421385,ungated,-0.23346180634421385,0.9996757509574082,-2.0375126557402155
heat,0.25,101,0,1,False,0.5381113744225079,0.1923421174287796,0.34966060938313603,0.6271660301199269,0.17284164493632043,0.25137857286954485,5,160.508264091855,2767.5855224501397,500.75924608922077,no_fit,160.508264091855,0.9996757509574082,-2.0375126557402155
heat,0.25,101,0,2,False,0.9984317987054167,0.01917377859354019,0.15707743912935257,0.3260136441167999,0.0003228140049953624,0.01271710367546429,5,0.2573954325101203,2.248364554595648,0.5148670211959031,no_fit,0.2573954325101203,0.9996757509574082,-2.0375126557402155
heat,0.25,101,0,3,False,0.9975244446984803,0.020769616588950157,0.17539307847619057,0.32688044464386445,0.00047720148461922844,0.012903105108024315,5,0.7186421098485205,4.723070833399891,0.904733770323668,no_fit,0.7186421098485205,0.9996757509574082,-2.0375126557402155
heat,0.25,101,1,0,False,0.9948076497935433,0.020324526354670525,0.09681532438844442,0.3495781360117016,0.002153486979471559,0.020417478715514616,5,12.796662830626914,31.59256989696432,16.655173805984745,no_fit,12.796662830626914,0.9996757509574082,-2.0375126557402155
heat,0.25,101,1,1,False,0.5657826340445846,0.16507607698440552,0.19072695553768426,0.6216860149581314,0.16194335978816068,0.23873710069803744,5,157.59220819869336,2592.8948367154085,474.2621939328927,no_fit,157.59220819869336,0.9996757509574082,-2.0375126557402155
heat,0.25,101,1,2,False,0.981510752465647,0.02748570777475834,0.05558495642617345,0.3542313060448588,0.003010191964018326,0.023283475840095727,5,15.272733333436507,45.324857058500704,22.662423140526187,no_fit,15.272733333436507,0.9996757509574082,-2.0375126557402155
heat,0.25,101,1,3,False,0.9701113235606187,0.025224171578884125,0.05805915081873536,0.31530945962465984,1.2531543018453671e-05,0.009610722148994553,5,-5.438574258852449,-2.7252120510191733,-5.996238031097051,acf_or_spectral,-5.996238031097051,0.9996757509574082,-2.0375126557402155
heat,0.25,101,2,0,False,0.9998813719671831,0.01639278046786785,0.1386574963107705,0.3256177692147012,0.000174675324300499,0.012476897751757055,5,0.04674029613975875,-0.12617853751584804,0.011385401145740682,ungated,-0.12617853751584804,0.9996757509574082,-2.0375126557402155
heat,0.25,101,2,1,False,0.9518239291366517,0.02832978218793869,0.04019892914220691,0.32385805737970114,0.00016532858163892145,0.01232252634755752,5,-0.8896472712692617,-0.2759992535954558,-0.3121834912289945,no_fit,-0.8896472712692617,0.9996757509574082,-2.0375126557402155
heat,0.25,101,2,2,False,0.9843277047472969,0.023210693150758743,0.07398938946425915,0.32678601948815056,0.0002704505382996208,0.013194238851044345,5,0.6683960751839022,1.4090205862400893,1.5149622206663216,no_fit,0.6683960751839022,0.9996757509574082,-2.0375126557402155
heat,0.25,101,2,3,False,0.9994537105393325,0.017240365967154503,0.1406770795583725,0.31914876613260157,2.5261589653559216e-05,0.010566072440828364,5,-3.3955813039809244,-2.521159711968639,-3.9937840315273765,acf_or_spectral,-3.9937840315273765,0.9996757509574082,-2.0375126557402155
heat,0.25,101,3,0,False,0.8578892853813012,0.05011871084570885,0.0008216738860937767,0.3386654161680197,0.003044740568731147,0.022584660382379544,5,6.989726157815896,45.87864321535127,21.197676837284035,no_fit,6.989726157815896,0.9996757509574082,-2.0375126557402155
heat,0.25,101,3,1,False,0.9411600469480701,0.03306559473276138,0.021834837971255183,0.3362497988945745,0.0009673664532674261,0.01667917534304359,5,5.7043145708258765,12.58001835608013,8.819534246551187,no_fit,5.7043145708258765,0.9996757509574082,-2.0375126557402155
heat,0.25,101,3,2,False,0.9481017935287347,0.03214753046631813,0.030997215770184994,0.3262253055246445,0.0011129549026124889,0.013867778761281167,5,0.37002586828029616,14.913683304775263,2.926729923730094,no_fit,0.37002586828029616,0.9996757509574082,-2.0375126557402155
heat,0.25,101,3,3,False,0.6299231180554015,0.13017702102661133,2.0562550730574003e-05,0.37213764703775354,0.01093836429951275,0.03849995411044414,5,24.801154265794725,172.40703953787067,54.55679532241558,no_fit,24.801154265794725,0.9996757509574082,-2.0375126557402155
heat,0.25,102,0,0,False,0.9988253274974789,0.018055157735943794,0.12512160651385784,0.32845130640974346,0.0003757544862855364,0.01329521147054024,5,1.5545377368658981,3.0969575996463017,1.7266050363799894,no_fit,1.5545377368658981,0.9996757509574082,-2.0375126557402155
heat,0.25,102,0,1,False,0.9994024213876362,0.017200695350766182,0.12759857717901468,0.3288190189417332,0.0002970669826741646,0.013406701505350616,5,1.7502069575230863,1.8356606361560623,1.960292792616144,no_fit,1.7502069575230863,0.9996757509574082,-2.0375126557402155
heat,0.25,102,0,2,False,0.976280273212072,0.029171613976359367,0.25231812335550785,0.32407052922655566,0.00013373826009829392,0.011638303216488365,5,-0.7765855802231245,-0.7823665267480314,-1.7463436700860457,no_fit,-1.7463436700860457,0.9996757509574082,-2.0375126557402155
heat,0.25,102,0,3,False,0.999589718884221,0.017091168090701103,0.1370864761993289,0.3210029612633969,6.251909773143506e-05,0.011155372804104901,5,-2.408916764086518,-1.9239520277862865,-2.7585859272531397,acf_or_spectral,-2.7585859272531397,0.9996757509574082,-2.0375126557402155
heat,0.25,102,1,0,False,0.9998219106382458,0.016979064792394638,0.15001509338617325,0.3242615926645827,0.0001246714866710763,0.011980457601816766,5,-0.6749158497612918,-0.9276995627137433,-1.0291738285863297,ungated,-1.0291738285863297,0.9996757509574082,-2.0375126557402155
heat,0.25,102,1,1,False,0.9997313668470972,0.016973625868558884,0.13437242805957794,0.3265208464038918,0.00020213289918514024,0.01268368574351437,5,0.5272907110141992,0.3139441533481033,0.4448216440578313,ungated,0.3139441533481033,0.9996757509574082,-2.0375126557402155
heat,0.25,102,1,2,False,0.9999670570193,0.016357218846678734,0.142209243029356,0.3287138374242827,0.00030918776449443764,0.013328000652247499,5,1.6942371883239755,2.0299469535940027,1.7953325268236084,ungated,1.6942371883239755,0.9996757509574082,-2.0375126557402155
heat,0.25,102,1,3,False,0.9998847063999652,0.01671702414751053,0.1373070552945137,0.3219734754255842,0.0001322252175175434,0.011729373376814166,5,-1.8924814151894456,-0.8066193740890453,-1.5554568212048856,ungated,-1.8924814151894456,0.9996757509574082,-2.0375126557402155
heat,0.25,102,2,0,False,0.9636152205743145,0.030119532719254494,0.023665650049224496,0.365801165772274,0.0053637118450908915,0.029206353144179367,5,21.429350905663895,83.0498749237483,35.07702064251334,no_fit,21.429350905663895,0.9996757509574082,-2.0375126557402155
heat,0.25,102,2,1,False,0.9450770423902265,0.02885248325765133,0.018850552616640925,0.3360029270315857,0.0011007229491392899,0.016939261939366616,5,5.572947753459535,14.717614995765265,9.364686584383,no_fit,5.572947753459535,0.9996757509574082,-2.0375126557402155
heat,0.25,102,2,2,False,0.9559375482455672,0.025892941281199455,0.030215302016586065,0.3384017460569448,0.0009985345577088111,0.016875102826695167,5,6.8494205640265,13.079617831033916,9.23020641216138,no_fit,6.8494205640265,0.9996757509574082,-2.0375126557402155
heat,0.25,102,2,3,False,0.9739682797017591,0.029464222490787506,0.045657938346266747,0.33060831112130734,0.0009625196186405917,0.016385319211867234,5,2.7023349810385624,12.502327521871454,8.2035995572524,no_fit,2.7023349810385624,0.9996757509574082,-2.0375126557402155
heat,0.25,102,3,0,False,0.798228047190286,0.08578544110059738,6.1007272051938344e-05,0.4233949383507999,0.030383936288509987,0.0716381458762049,5,52.07646683115983,484.1038119273878,124.01582538402756,no_fit,52.07646683115983,0.9996757509574082,-2.0375126557402155
heat,0.25,102,3,1,False,0.9119475088662549,0.033388711512088776,0.000901403880561702,0.29243648927915705,0.0017939337759711525,0.011408138549971606,5,-17.609865395985256,25.829223203084567,-2.2287783968723938,no_fit,-17.609865395985256,0.9996757509574082,-2.0375126557402155
heat,0.25,102,3,2,False,0.8392699270264157,0.08276506513357162,0.0012029711724608205,0.3159660087395285,0.0015445319535840778,0.011065425429425405,5,-5.089207722622725,21.831513950299378,-2.947119370658504,no_fit,-5.089207722622725,0.9996757509574082,-2.0375126557402155
heat,0.25,102,3,3,False,0.7187806298657665,0.11912576109170914,9.674778311818955e-06,0.3439389938244359,0.016500813289323707,0.036207505736253774,5,9.795931386999865,261.568592496376,49.75172805552553,no_fit,9.795931386999865,0.9996757509574082,-2.0375126557402155
heat,0.25,103,0,0,False,0.9989601048781142,0.017845293506979942,0.12505294103175402,0.3264538507138083,0.00019714756180751322,0.012591631359534942,5,0.4916405948892605,0.23403323220068717,0.25187182140828396,no_fit,0.23403323220068717,0.9996757509574082,-2.0375126557402155
heat,0.25,103,0,1,False,0.9982389280853186,0.019080234691500664,0.16844162344932556,0.32175846331474,6.47229476235839e-05,0.011404437718249283,5,-2.0068948455206987,-1.8886260986440397,-2.23653549429252,acf_or_spectral,-2.23653549429252,0.9996757509574082,-2.0375126557402155
heat,0.25,103,0,2,False,0.9997632491410463,0.01647062785923481,0.1461136545985937,0.3275651709945239,0.000217223893180771,0.01286397832951089,5,1.0830024722000378,0.5558405667449021,0.8227224130296957,ungated,0.5558405667449021,0.9996757509574082,-2.0375126557402155
heat,0.25,103,0,3,False,0.6816676979715489,0.09988334774971008,0.34941719844937325,0.4584543215483245,0.0350834972871366,0.07986943094236361,5,70.73245918981183,559.4339691348183,141.26894169457861,no_fit,70.73245918981183,0.9996757509574082,-2.0375126557402155
heat,0.25,103,1,0,False,0.9999625518494034,0.016230491921305656,0.14052336290478706,0.3225612409047134,8.926741979635574e-05,0.011699829500513717,5,-1.5797164065886102,-1.4951980852852094,-1.6173820163571961,ungated,-1.6173820163571961,0.9996757509574082,-2.0375126557402155
heat,0.25,103,1,1,False,0.9130678235788905,0.031062930822372437,0.0036150536325294524,0.35193199859487734,0.003826366115556007,0.025258971639055817,5,14.049213171220002,58.40746778787358,26.80314460947285,no_fit,14.049213171220002,0.9996757509574082,-2.0375126557402155
heat,0.25,103,1,2,False,0.9998293305858792,0.016792146489024162,0.14712450839579105,0.3205148509127139,6.150754679939909e-05,0.011114806177074867,5,-2.6686527360862584,-1.9401663700952516,-2.843615267003919,ungated,-2.843615267003919,0.9996757509574082,-2.0375126557402155
heat,0.25,103,1,3,False,0.999473709044151,0.017329717054963112,0.14322255738079548,0.321072942852353,7.653462667437912e-05,0.01148339435701261,5,-2.3716777749846343,-1.6992944482962424,-2.071039091103369,acf_or_spectral,-2.3716777749846343,0.9996757509574082,-2.0375126557402155
heat,0.25,103,2,0,False,0.9414622972431445,0.02842739038169384,0.021485107950866222,0.3308117868280508,0.0005177299962902536,0.014679380634231442,5,2.810609596390185,5.372710056394064,4.627881250567422,no_fit,2.810609596390185,0.9996757509574082,-2.0375126557402155
heat,0.25,103,2,1,False,0.9996951155233675,0.016628988087177277,0.1335950130596757,0.32797706812975885,0.0005912601390938733,0.013496075418570093,5,1.3021834476381922,6.5513387024527505,2.1476242369181135,ungated,1.3021834476381922,0.9996757509574082,-2.0375126557402155
heat,0.25,103,2,2,False,0.8596126313260264,0.06971855461597443,0.000969120257650502,0.3721565253615984,0.012186498714700343,0.04180304846041109,5,24.811199903603274,192.41362350168401,61.48021864534255,no_fit,24.811199903603274,0.9996757509574082,-2.0375126557402155
heat,0.25,103,2,3,False,0.9698988925028044,0.025735385715961456,0.051146692130714655,0.31617935770512795,2.3614966768948406e-05,0.0102276561472236,5,-4.975679294312257,-2.5475537434101576,-4.70311867709243,acf_or_spectral,-4.975679294312257,0.9996757509574082,-2.0375126557402155
heat,0.25,103,3,0,False,0.6833460775719074,0.13018150627613068,1.7825280679062416e-05,0.33806481940966315,0.006312813847955489,0.025454826045303105,5,6.67013329814111,98.26321146785767,27.213663601800167,no_fit,6.67013329814111,0.9996757509574082,-2.0375126557402155
heat,0.25,103,3,1,False,0.9092187363395576,0.0417780727148056,0.002244893432362005,0.32668500874240236,0.011523722518796256,0.027494478471238114,5,0.6146456800271165,181.78985778284598,31.488860032844997,no_fit,0.6146456800271165,0.9996757509574082,-2.0375126557402155
heat,0.25,103,3,2,False,0.9247175509468958,0.02968531847000122,0.004673903691582382,0.3432429008517949,0.003024177568286564,0.02293823433489044,5,9.425522555066424,45.549034969687554,21.938782567193904,no_fit,9.425522555066424,0.9996757509574082,-2.0375126557402155
heat,0.25,103,3,3,False,0.8820278198973459,0.05591241642832756,0.00040453821202390827,0.32536733259968437,0.0032253874150418357,0.020692294959974246,5,-0.08652341673727341,48.774265877890926,17.231200099762894,no_fit,-0.08652341673727341,0.9996757509574082,-2.0375126557402155
heat,0.25,104,0,0,False,0.9998715413584873,0.016718946397304535,0.14827227778732777,0.3226498446074456,8.500572970960673e-05,0.011653252543677998,5,-1.5325681155930801,-1.5635095263534218,-1.7150092576954918,ungated,-1.7150092576954918,0.9996757509574082,-2.0375126557402155
heat,0.25,104,0,1,False,0.839774663942768,0.05667595565319061,0.47168996930122375,0.30900873292320874,0.0001515992796053856,0.007563228169766834,5,-8.791351703166582,-0.4960688475079071,-10.287870684423957,no_fit,-10.287870684423957,0.9996757509574082,-2.0375126557402155
heat,0.25,104,0,2,False,0.999885700927705,0.016755331307649612,0.14246751181781292,0.3253156218559056,0.0001694243109264539,0.012441201297699175,5,-0.11404002292972244,-0.2103480297473001,-0.0634358532252069,ungated,-0.2103480297473001,0.9996757509574082,-2.0375126557402155
heat,0.25,104,0,3,False,0.9997986537756609,0.016638459637761116,0.14570447895675898,0.3209454390040207,0.00012005357483802279,0.011391497935312236,5,-2.4395258260123387,-1.0017209499147255,-2.2636578182372964,ungated,-2.4395258260123387,0.9996757509574082,-2.0375126557402155
heat,0.25,104,1,0,False,0.8970306887390089,0.04812167212367058,0.4184334725141525,0.3324778780972487,0.0004009884274499241,0.013918818568310589,5,3.69717927195618,3.501437242623994,3.033711484940638,no_fit,3.033711484940638,0.9996757509574082,-2.0375126557402155
heat,0.25,104,1,1,False,0.8665779506820983,0.055719297379255295,0.00033904310839716345,0.3300063978256388,0.003776084606609321,0.023018478777478247,5,2.3820415582678947,57.60149591631205,22.106978260832886,no_fit,2.3820415582678947,0.9996757509574082,-2.0375126557402155
heat,0.25,104,1,2,False,0.5506334111056728,0.182651087641716,0.3734094575047493,0.618239073467826,0.1568684546182969,0.2332399287405189,5,155.7580026811132,2511.5482163884544,462.73989256684035,no_fit,155.7580026811132,0.9996757509574082,-2.0375126557402155
heat,0.25,104,1,3,False,0.9993845929497007,0.0182549599558115,0.15846934542059898,0.32228060053250496,0.00020444987390072725,0.011622812549303946,5,-1.7290523093325976,0.3510833818040841,-1.7788127536510907,no_fit,-1.7788127536510907,0.9996757509574082,-2.0375126557402155
heat,0.25,104,2,0,False,0.9212594721728773,0.03485480695962906,0.00695842580171302,0.3562521777972404,0.003827120133115718,0.025490542773732777,5,16.348090756521703,58.419554078769,27.288527352098765,no_fit,16.348090756521703,0.9996757509574082,-2.0375126557402155
heat,0.25,104,2,1,False,0.616731853649319,0.1477694809436798,1.4666334422486216e-06,0.3744698490911415,0.014931140671045614,0.046327214939855824,5,26.04217848580754,236.4080115115472,70.96306000617307,no_fit,26.04217848580754,0.9996757509574082,-2.0375126557402155
heat,0.25,104,2,2,False,0.9580025472287552,0.02758031338453293,0.04578409204259515,0.323490408848646,0.00013862148741888456,0.012094942822079154,5,-1.0852824353961266,-0.7040923471284427,-0.7892080389009769,no_fit,-1.0852824353961266,0.9996757509574082,-2.0375126557402155
heat,0.25,104,2,3,False,0.9658107399918562,0.026451842859387398,0.043250282760709524,0.32751949837825145,0.00043169793971086575,0.013717559746561421,5,1.058698907719785,3.993685856283078,2.6118646126413543,no_fit,1.058698907719785,0.9996757509574082,-2.0375126557402155
heat,0.25,104,3,0,False,0.9533518317636838,0.0261096004396677,0.026174932718276978,0.33964524865429696,0.0011869433902352141,0.01765947225692316,5,7.511120024723346,16.099658847126715,10.874277404891506,no_fit,7.511120024723346,0.9996757509574082,-2.0375126557402155
heat,0.25,104,3,1,False,0.9481406499377467,0.028603767976164818,0.019762914394959807,0.3432820581112061,0.0017288924655715476,0.019571455168953877,5,9.44635913191793,24.78666366639351,14.881873217685586,no_fit,9.44635913191793,0.9996757509574082,-2.0375126557402155
heat,0.25,104,3,2,False,0.9078658006326862,0.03316077962517738,0.0038047504785936326,0.35510135743239735,0.003653777354859432,0.0250998839778493,5,15.735709876580586,55.64100971246866,26.46969024599149,no_fit,15.735709876580586,0.9996757509574082,-2.0375126557402155
heat,0.25,104,3,3,False,0.9625809408932634,0.027107249945402145,0.03180942893959582,0.3391416916940293,0.0012039077741509748,0.01769870666250634,5,7.243164517634939,16.371584183913473,10.956514353006078,no_fit,7.243164517634939,0.9996757509574082,-2.0375126557402155
heat,0.25,105,0,0,False,0.9932400968003984,0.021306568756699562,0.18911605142056942,0.3253038334807964,0.00016141087408600503,0.012336112570720327,5,-0.12031291811215457,-0.3387969331957796,-0.28370620164844984,no_fit,-0.3387969331957796,0.9996757509574082,-2.0375126557402155
heat,0.25,105,0,1,False,0.9988383705712048,0.017877088859677315,0.1212698370218277,0.32785907589651975,0.00028484548778252546,0.01317673252363968,5,1.2393967696955959,1.6397599697393408,1.4782682293325702,no_fit,1.2393967696955959,0.9996757509574082,-2.0375126557402155
heat,0.25,105,0,2,False,0.9852077837676213,0.02350553497672081,0.07615428697317839,0.32820619375702165,0.0003067451097741923,0.013477790813460662,5,1.4241070401698441,1.9907931764362372,2.1092989431019027,no_fit,1.4241070401698441,0.9996757509574082,-2.0375126557402155
heat,0.25,105,0,3,False,0.9991620144899476,0.017648426815867424,0.12702532205730677,0.325340739889293,0.00016471893524678334,0.012437146981065421,5,-0.10067407646399325,-0.28577139158326514,-0.07193386974142986,no_fit,-0.28577139158326514,0.9996757509574082,-2.0375126557402155
heat,0.25,105,1,0,False,0.9996091925076831,0.01704361103475094,0.14540069457143545,0.3218364965163305,0.00021105351475027547,0.011540129366231354,5,-1.965371387894773,0.4569343971400384,-1.952120148913461,no_fit,-1.965371387894773,0.9996757509574082,-2.0375126557402155
heat,0.25,105,1,1,False,0.9997634691155439,0.01735222525894642,0.1383104370906949,0.3246951019521095,0.00019707589696362502,0.012177243059721931,5,-0.4442344966428122,0.2328845027857648,-0.6167033132081913,ungated,-0.6167033132081913,0.9996757509574082,-2.0375126557402155
heat,0.25,105,1,2,False,0.999441783954067,0.017292853444814682,0.13810910005122423,0.32283533104613776,0.00034905657416336837,0.01205226596408802,5,-1.4338660487775219,2.6690116877066923,-0.8786605106319194,no_fit,-1.4338660487775219,0.9996757509574082,-2.0375126557402155
heat,0.25,105,1,3,False,0.8518773723401223,0.06169647350907326,0.00010757404106698232,0.24004963995992773,0.009412500722162764,0.00647637169362939,5,-45.4862445977278,147.94868200352698,-12.565967123188873,acf_or_spectral,-45.4862445977278,0.9996757509574082,-2.0375126557402155
heat,0.25,105,2,0,False,0.9442476882990689,0.029327815398573875,0.01592717075254768,0.3359541426247569,0.0012807975124332488,0.017426412739092227,5,5.546988325825252,17.604064424968875,10.385774949187528,no_fit,5.546988325825252,0.9996757509574082,-2.0375126557402155
heat,0.25,105,2,1,False,0.9427003712529439,0.02853274717926979,0.01080764306243509,0.3602292348236393,0.0042513287146048045,0.026640913558094597,5,18.464384277043752,65.21927412531223,29.699752426109786,no_fit,18.464384277043752,0.9996757509574082,-2.0375126557402155
heat,0.25,105,2,2,False,0.9514177343225505,0.026856180280447006,0.025580798974260688,0.33166822367444737,0.0006732634670025728,0.01511182605389986,5,3.266341494810199,7.865785644347975,5.534304860433497,no_fit,3.266341494810199,0.9996757509574082,-2.0375126557402155
heat,0.25,105,2,3,False,0.7343934733186007,0.11530111730098724,1.9938739683311724e-05,0.30863037473590693,0.0018449357788278588,0.014266995026971893,5,-8.992685748645007,26.646744008583696,3.7635038429500045,no_fit,-8.992685748645007,0.9996757509574082,-2.0375126557402155
heat,0.25,105,3,0,False,0.9813155264452345,0.021188639104366302,0.05815584072843194,0.32598030177777954,0.00039719551851392833,0.013408132616049518,5,0.23965312316945503,3.4406399837937482,1.9632924602431294,no_fit,0.23965312316945503,0.9996757509574082,-2.0375126557402155
heat,0.25,105,3,1,False,0.9339475706264551,0.026361510157585144,0.007995226769708097,0.3596251509276105,0.004285103860209773,0.026718228685585384,5,18.14293582243736,65.76066235899398,29.861808153306963,no_fit,18.14293582243736,0.9996757509574082,-2.0375126557402155
heat,0.25,105,3,2,False,0.9305114789831606,0.03150682896375656,0.015306354616768658,0.34847880181057167,0.002114206295867736,0.02071778525170332,5,12.211679052095029,30.96293234742383,17.284628812832217,no_fit,12.211679052095029,0.9996757509574082,-2.0375126557402155
heat,0.25,105,3,3,False,0.9217308878224482,0.03305189311504364,0.0017206507618539035,0.3826293528345174,0.010679465848682608,0.03996333719419316,5,30.38405862183802,168.25710702130277,57.62410721210052,no_fit,30.38405862183802,0.9996757509574082,-2.0375126557402155
heat,0.25,106,0,0,False,0.9996691970656874,0.01749264821410179,0.1397838881239295,0.3229743529356917,0.00013664123860445288,0.011605552139263946,5,-1.3598889541266688,-0.7358341320620909,-1.8149912919466786,no_fit,-1.8149912919466786,0.9996757509574082,-2.0375126557402155
heat,0.25,106,0,1,False,0.9998659291028719,0.016553737223148346,0.13656926341354847,0.33171159702143915,0.00045585966832195927,0.014259357050646586,5,3.289421559439088,4.380978800285476,3.7474943264700644,ungated,3.289421559439088,0.9996757509574082,-2.0375126557402155
heat,0.25,106,0,2,False,0.9998618998131957,0.017200764268636703,0.14792495593428612,0.31865996557522336,8.029837515057567e-05,0.010637339515018713,5,-3.6556845525742028,-1.6389646080230829,-3.844405275933804,ungated,-3.844405275933804,0.9996757509574082,-2.0375126557402155
heat,0.25,106,0,3,False,0.997924238476658,0.01876152865588665,0.11825644318014383,0.31937255383646124,3.686428379086576e-05,0.01088341877222511,5,-3.2764981566920977,-2.3351779205527046,-3.3286129042601416,acf_or_spectral,-3.3286129042601416,0.9996757509574082,-2.0375126557402155
heat,0.25,106,1,0,False,0.9997529656702496,0.017537860199809074,0.1527759600430727,0.32040494398344155,8.608565415686774e-05,0.011049968227470784,5,-2.727137017487224,-1.54619921196276,-2.979518309708153,ungated,-2.979518309708153,0.9996757509574082,-2.0375126557402155
heat,0.25,106,1,1,False,0.9999443203440932,0.016233667731285095,0.14100903272628784,0.32516975853172014,0.000140892423991719,0.012231958730216971,5,-0.19165761951094332,-0.6676910728201159,-0.5020169890834388,ungated,-0.6676910728201159,0.9996757509574082,-2.0375126557402155
heat,0.25,106,1,2,False,0.9996169556079014,0.016922451555728912,0.13375823944807053,0.32199856530951576,7.324155550628955e-05,0.011475017811077062,5,-1.879130447767408,-1.7520797124645209,-2.0885966802459017,acf_or_spectral,-2.0885966802459017,0.9996757509574082,-2.0375126557402155
heat,0.25,106,1,3,False,0.9998599368554266,0.016554703935980797,0.14556556940078735,0.32274284933363023,9.279470320827177e-05,0.011722088431252043,5,-1.483077927724022,-1.4386585885082874,-1.5707263705023684,ungated,-1.5707263705023684,0.9996757509574082,-2.0375126557402155
heat,0.25,106,2,0,False,0.9967279619209716,0.019897056743502617,0.13435745611786842,0.31370848354226033,2.6817407641229092e-05,0.008979515725464855,5,-6.290494482073567,-2.4962212094932865,-7.319272982941695,acf_or_spectral,-7.319272982941695,0.9996757509574082,-2.0375126557402155
heat,0.25,106,2,1,False,0.952216070473344,0.03385942801833153,0.026466083712875843,0.24784540006233768,0.006675501378679168,0.004712365307095446,5,-41.33792173417231,104.07679888901762,-16.26339797569948,acf_or_spectral,-41.33792173417231,0.9996757509574082,-2.0375126557402155
heat,0.25,106,2,2,False,0.9802131915835892,0.02498779259622097,0.07779107708483934,0.31636965643836373,1.1478473454359377e-06,0.009698790889917246,5,-4.874416482781717,-2.907683474392671,-5.811642282286216,acf_or_spectral,-5.811642282286216,0.9996757509574082,-2.0375126557402155
heat,0.25,106,2,3,False,0.9899553343260021,0.021825166419148445,0.09637580811977386,0.31277786467531105,8.263326317367722e-05,0.00900633159361951,5,-6.785700526424315,-1.6015382437534442,-7.263065806477501,acf_or_spectral,-7.263065806477501,0.9996757509574082,-2.0375126557402155
heat,0.25,106,3,0,False,0.7879914542777274,0.09657970070838928,5.544482610275736e-05,0.3165738012446553,0.0007165721254458334,0.013020522529157145,5,-4.765785822488111,8.559988368799715,1.1508455751521036,no_fit,-4.765785822488111,0.9996757509574082,-2.0375126557402155
heat,0.25,106,3,1,False,0.8372720122263624,0.06887079030275345,6.562770204254775e-05,0.3287760677639868,0.0020103863420771126,0.019013071456902064,5,1.7273515399215507,29.298782559262474,13.71147770197749,no_fit,1.7273515399215507,0.9996757509574082,-2.0375126557402155
heat,0.25,106,3,2,False,0.918780792559595,0.03191234543919563,0.0019434405257925391,0.33923504878482774,0.002696923790196231,0.021676892047680092,5,7.292842207705786,40.30342190977097,19.294956601534288,no_fit,7.292842207705786,0.9996757509574082,-2.0375126557402155
heat,0.25,106,3,3,False,0.9774192433495325,0.024859456345438957,0.061932908836752176,0.3196485882484559,8.849423117786282e-05,0.011339490186576272,5,-3.1296132029014494,-1.5075916727286087,-2.372668225577038,acf_or_spectral,-3.1296132029014494,0.9996757509574082,-2.0375126557402155
heat,0.25,107,0,0,False,0.9902896665001202,0.02233516424894333,0.09146849904209375,0.3249220610507866,0.0002614811445434814,0.012763981566604904,5,-0.32346376925176806,1.2652484675458575,0.6131250333703973,no_fit,-0.32346376925176806,0.9996757509574082,-2.0375126557402155
heat,0.25,107,0,1,False,0.9992185228549425,0.017850684002041817,0.12858333252370358,0.33181306649932096,0.00039818640780372007,0.013949786813980437,5,3.343416057668969,3.4565231367088787,3.098622217612536,no_fit,3.098622217612536,0.9996757509574082,-2.0375126557402155
heat,0.25,107,0,2,False,0.9479789827767346,0.03521165996789932,0.30607572570443153,0.3181126533071539,6.275550115732035e-05,0.010262213894102182,5,-3.946923375384457,-1.9201626723036112,-4.630684200393519,acf_or_spectral,-4.630684200393519,0.9996757509574082,-2.0375126557402155
heat,0.25,107,0,3,False,0.9989554513450091,0.01838454231619835,0.12815394718199968,0.32299744150179954,0.00014964199112817796,0.0118419774372442,5,-1.3476029389833575,-0.527442596828627,-1.3194340208736233,no_fit,-1.3476029389833575,0.9996757509574082,-2.0375126557402155
heat,0.25,107,1,0,False,0.5828190009088632,0.1576114147901535,0.2924295417033136,0.5922338391863744,0.13250847835298485,0.20471749322023183,5,141.91995398224242,2121.077523025499,402.95567983013405,no_fit,141.91995398224242,0.9996757509574082,-2.0375126557402155
heat,0.25,107,1,1,False,0.9970564455002394,0.019131071865558624,0.1054091602563858,0.32924868736531965,0.00047701686321717474,0.013877062603391069,5,1.9788444889371761,4.720111501827299,2.9461892434406276,no_fit,1.9788444889371761,0.9996757509574082,-2.0375126557402155
heat,0.25,107,1,2,False,0.9995119958385789,0.01696089282631874,0.1241142600774765,0.331305302428668,0.00046248124748261843,0.014156420591299726,5,3.073221839797837,4.487117352222491,3.531735220639887,no_fit,3.073221839797837,0.9996757509574082,-2.0375126557402155
heat,0.25,107,1,3,False,0.999341770554366,0.01788746565580368,0.1502299178391695,0.33073156427230105,0.0006304308845197829,0.01425451341182483,5,2.7679211275535627,7.179214032026796,3.7373418577745454,no_fit,2.7679211275535627,0.9996757509574082,-2.0375126557402155
heat,0.25,107,2,0,False,0.9319051070422765,0.03293600305914879,0.033339499263092875,0.3146349705184611,1.6637573454773125e-05,0.009620496267022572,5,-5.797487122217534,-2.6593957080976045,-5.975751072643411,acf_or_spectral,-5.975751072643411,0.9996757509574082,-2.0375126557402155
heat,0.25,107,2,1,False,0.6216280324123615,0.15067586302757263,7.8255775974867e-06,0.35627771544584275,0.007149708560673601,0.03178854684551792,5,16.361679990950027,111.6779560139007,40.4894061822547,no_fit,16.361679990950027,0.9996757509574082,-2.0375126557402155
heat,0.25,107,2,2,False,0.8989287724332239,0.042530108243227005,0.005701128393411636,0.3544469122014561,0.003720934860675992,0.025240392110729804,5,15.38746287067038,56.71749014804526,26.764201144311887,no_fit,15.38746287067038,0.9996757509574082,-2.0375126557402155
heat,0.25,107,2,3,False,0.9282586758789928,0.028383683413267136,0.013709685066714883,0.3435451718281246,0.0016231913061769115,0.01924508831291097,5,9.586368654179998,23.09235967575852,14.197794695078311,no_fit,9.586368654179998,0.9996757509574082,-2.0375126557402155
heat,0.25,107,3,0,False,0.9455003833820412,0.030306588858366013,0.030734687577933073,0.31796931105565884,0.00011244931118145748,0.011217082047149194,5,-4.023199444860551,-1.1236111385649459,-2.629240783800818,no_fit,-4.023199444860551,0.9996757509574082,-2.0375126557402155
heat,0.25,107,3,1,False,0.9096937964490874,0.03435809910297394,0.002998927258886397,0.3347499939750283,0.002346917448228658,0.0201094911138905,5,4.906230104796298,34.69310367542523,16.009618966088006,no_fit,4.906230104796298,0.9996757509574082,-2.0375126557402155
heat,0.25,107,3,2,False,0.9163530455569638,0.03779652342200279,0.0030620461620856076,0.3804647223239375,0.009024034692963938,0.036966870637440016,5,29.23220349543254,141.72188612666835,51.34338851400973,no_fit,29.23220349543254,0.9996757509574082,-2.0375126557402155
heat,0.25,107,3,3,False,0.9988278423110267,0.018289243802428246,0.12528261728584766,0.3401323216684844,0.001121003068843592,0.017404038177744843,5,7.770304003505607,15.042688892232839,10.338876936760396,no_fit,7.770304003505607,0.9996757509574082,-2.0375126557402155
heat,0.25,108,0,0,False,0.9998362899357972,0.016549261286854744,0.1422858154401183,0.3218729983175005,6.737454247852308e-05,0.011415956407489384,5,-1.9459478481288945,-1.8461231803222313,-2.2123918419214457,ungated,-2.2123918419214457,0.9996757509574082,-2.0375126557402155
heat,0.25,108,0,1,False,0.9970115816083336,0.018802188336849213,0.10717992205172777,0.32941991659394565,0.0003605862836010567,0.013643347005209118,5,2.06995993049606,2.853823593489142,2.456311615996852,no_fit,2.06995993049606,0.9996757509574082,-2.0375126557402155
heat,0.25,108,0,2,False,0.9998825993514144,0.016664518043398857,0.13853586930781603,0.327898044615235,0.0002670037426821723,0.01304298493416266,5,1.2601330192320412,1.3537712436312466,1.1979277115451394,ungated,1.1979277115451394,0.9996757509574082,-2.0375126557402155
heat,0.25,108,0,3,False,0.9572828385508872,0.031890012323856354,0.27990867011249065,0.3211902282686784,5.4884146090625245e-05,0.010994589330880324,5,-2.309267212356647,-2.0463341199734955,-3.095594783350569,acf_or_spectral,-3.095594783350569,0.9996757509574082,-2.0375126557402155
heat,0.25,108,1,0,False,0.9985519059576382,0.01818244159221649,0.12128438986837864,0.3224246573090147,0.00012715391425679404,0.011720366624530817,5,-1.6523960228646806,-0.8879082587296415,-1.5743353490988858,no_fit,-1.6523960228646806,0.9996757509574082,-2.0375126557402155
heat,0.25,108,1,1,False,0.9999115724367676,0.016710598021745682,0.14362378790974617,0.3250352168265432,0.00016313144442157501,0.012308804520946171,5,-0.2632506937404582,-0.31121758399639576,-0.3409450112852169,ungated,-0.3409450112852169,0.9996757509574082,-2.0375126557402155
heat,0.25,108,1,2,False,0.9998188881602913,0.016897348687052727,0.13830846082419157,0.3218355433536375,8.939558901911547e-05,0.011392170668441955,5,-1.9658785900841813,-1.4931436364329727,-2.2622477415797992,ungated,-2.2622477415797992,0.9996757509574082,-2.0375126557402155
heat,0.25,108,1,3,False,0.9542190540076405,0.02958100475370884,0.045587025582790375,0.32815122560902954,0.0002895505966529202,0.013377849776502254,5,1.3948570860810223,1.7151790548386703,1.8998183673495719,no_fit,1.3948570860810223,0.9996757509574082,-2.0375126557402155
heat,0.25,108,2,0,False,0.9011376950162903,0.05623047426342964,0.00536696903873235,0.28256025109692584,0.003411573060503133,0.012915156921844367,5,-22.865263730344484,51.75867100561779,0.9299948740175896,no_fit,-22.865263730344484,0.9996757509574082,-2.0375126557402155
heat,0.25,108,2,1,False,0.9989924590976819,0.019428646191954613,0.1239046212285757,0.3227626484118985,0.00018417116222578089,0.011868954779419766,5,-1.4725423329932157,0.026032054906893195,-1.2628883881366206,no_fit,-1.4725423329932157,0.9996757509574082,-2.0375126557402155
heat,0.25,108,2,2,False,0.9420229876718068,0.02907617948949337,0.00899698946159333,0.3259331114383286,0.0010962478485257087,0.016195273276671078,5,0.21454193946040648,14.645882756767058,7.805255362156154,no_fit,0.21454193946040648,0.9996757509574082,-2.0375126557402155
heat,0.25,108,2,3,False,0.9961120058063799,0.019275275990366936,0.10726773086935282,0.32173456232272213,0.0001248265375775779,0.011489080460889981,5,-2.019613173220235,-0.9252142222393172,-2.0591207805647755,no_fit,-2.0591207805647755,0.9996757509574082,-2.0375126557402155
heat,0.25,108,3,0,False,0.925895753269608,0.030730562284588814,0.003890640218742192,0.36457477698661866,0.007317307941852652,0.03293289174887373,5,20.776758140839156,114.36443837592888,42.88800075871466,no_fit,20.776758140839156,0.9996757509574082,-2.0375126557402155
heat,0.25,108,3,1,False,0.9385539081873022,0.03016793727874756,0.017036026809364557,0.33846982709651496,0.0013417146650215482,0.017653142935446155,5,6.885648222306581,18.580517051596484,10.861010883475721,no_fit,6.885648222306581,0.9996757509574082,-2.0375126557402155
heat,0.25,108,3,2,False,0.7800001806439226,0.10061344504356384,2.109746412770619e-05,0.3782662900735505,0.014117202506460211,0.044955338433438796,5,28.06236160080588,223.36124184236655,68.08754971358991,no_fit,28.06236160080588,0.9996757509574082,-2.0375126557402155
heat,0.25,108,3,3,False,0.8306928224268604,0.07173480093479156,3.839434270958009e-05,0.4304078443315105,0.03398275255007238,0.07598483278785628,5,55.80821304160999,541.7899223584213,133.12666217919502,no_fit,55.80821304160999,0.9996757509574082,-2.0375126557402155
heat,0.25,109,0,0,False,0.996749019930435,0.02105756103992462,0.18058905191719532,0.3296144668365002,0.0004586925481276931,0.013727491645559411,5,2.1734850786146898,4.426387569567979,2.632682286579226,no_fit,2.1734850786146898,0.9996757509574082,-2.0375126557402155
heat,0.25,109,0,1,False,0.5514416279418629,0.17923109233379364,0.26719556795433164,0.6071638702113363,0.1574198657706205,0.23344287588415563,5,149.8646044384944,2520.3868906396465,463.1652782321302,no_fit,149.8646044384944,0.9996757509574082,-2.0375126557402155
heat,0.25,109,0,2,False,0.9992161222372442,0.018904155120253563,0.14155477657914162,0.3494833018484438,0.0020374589383440576,0.02022737749865632,5,12.746199152612112,29.732734354631923,16.256713738222317,no_fit,12.746199152612112,0.9996757509574082,-2.0375126557402155
heat,0.25,109,0,3,False,0.9988166408206353,0.01848898082971573,0.12597531266510487,0.33268370615676024,0.0006522025075294589,0.014917150148752287,5,3.8067056342372574,7.528195518693125,5.126256055492724,no_fit,3.8067056342372574,0.9996757509574082,-2.0375126557402155
heat,0.25,109,1,0,False,0.9993027158405144,0.01743098348379135,0.12691342271864414,0.3228109308733058,0.00021945657902484655,0.012050625779922282,5,-1.4468500033250966,0.5916287128458183,-0.882098404952766,no_fit,-1.4468500033250966,0.9996757509574082,-2.0375126557402155
heat,0.25,109,1,1,False,0.9995390931709882,0.017382290214300156,0.13305483013391495,0.3241114321592581,0.00014213102594194367,0.012064303806521645,5,-0.7548200860715683,-0.6478372865504788,-0.853428691545823,no_fit,-0.853428691545823,0.9996757509574082,-2.0375126557402155
heat,0.25,109,1,2,False,0.9416277814093067,0.03442096710205078,0.03395483992062509,0.32669932768095655,0.00029071758848932044,0.013323677822440436,5,0.6222651525873147,1.7338849889719883,1.786271695513246,no_fit,0.6222651525873147,0.9996757509574082,-2.0375126557402155
heat,0.25,109,1,3,False,0.9992805648474526,0.017285246402025223,0.12323448155075312,0.32882711002273557,0.0003671974171932722,0.013560312304384918,5,1.7545124281727784,2.959794711422596,2.2822674248872996,no_fit,1.7545124281727784,0.9996757509574082,-2.0375126557402155
heat,0.25,109,2,0,False,0.6208980455682164,0.1454220861196518,3.6235854850019678e-06,0.38100115806259305,0.013961856975504994,0.04522666492821138,5,29.517654639421064,220.87117877652952,68.6562613466849,no_fit,29.517654639421064,0.9996757509574082,-2.0375126557402155
heat,0.25,109,2,1,False,0.8824460001138006,0.0547877699136734,0.0003922069809050299,0.32285944705728353,0.0028504650831140607,0.019744227519074765,5,-1.4210333039137044,42.76456450090073,15.244011259063615,no_fit,-1.4210333039137044,0.9996757509574082,-2.0375126557402155
heat,0.25,109,2,2,False,0.9826732601352073,0.02300005778670311,0.10158865712583065,0.2977818251285635,0.000909621627945989,0.0052783822962940066,5,-14.765475801361806,11.654415566659866,-15.077002793185411,no_fit,-15.077002793185411,0.9996757509574082,-2.0375126557402155
heat,0.25,109,2,3,False,0.9323611284657857,0.03152646869421005,0.010339276399463415,0.34511870026658964,0.002061930237290885,0.020272588708893015,5,10.423683285722003,30.12498946043292,16.351478317809217,no_fit,10.423683285722003,0.9996757509574082,-2.0375126557402155
heat,0.25,109,3,0,False,0.9044407916799898,0.04555671289563179,0.001406270093866624,0.34334113870063565,0.004071960463360022,0.024667197699659908,5,9.477797421026796,62.34414630630103,25.562761786634315,no_fit,9.477797421026796,0.9996757509574082,-2.0375126557402155
heat,0.25,109,3,1,False,0.9668101743522761,0.026599548757076263,0.04804609017446637,0.324273729499729,0.00025102459303280936,0.012506943799230504,5,-0.6684575301019993,1.097638414313925,0.07436316799079985,no_fit,-0.6684575301019993,0.9996757509574082,-2.0375126557402155
heat,0.25,109,3,2,False,0.9542819433961502,0.02872472070157528,0.032337918877601624,0.33692415538423887,0.0008937065900646557,0.01642974407326339,5,6.063156865549242,11.399310397067767,8.296715916920125,no_fit,6.063156865549242,0.9996757509574082,-2.0375126557402155
heat,0.25,109,3,3,False,0.949393879941424,0.029377317056059837,0.02136846212670207,0.3260754139591652,0.0007563854424108152,0.01404632227254177,5,0.29026474172384115,9.198163599804868,3.3009645592110046,no_fit,0.29026474172384115,0.9996757509574082,-2.0375126557402155
heat,0.25,110,0,0,False,0.998196309743554,0.019470160827040672,0.1578308865427971,0.333944305201045,0.0006753886111761963,0.014981711043719011,5,4.47750255057209,7.899849984556411,5.26157838013844,no_fit,4.47750255057209,0.9996757509574082,-2.0375126557402155
heat,0.25,110,0,1,False,0.7168798270342945,0.09371692687273026,0.44035246036946774,0.4453679195628573,0.027236880153353783,0.06801292307224419,5,63.76885078667365,433.659050497287,116.41720740570686,no_fit,63.76885078667365,0.9996757509574082,-2.0375126557402155
heat,0.25,110,0,2,False,0.9975383677922605,0.02020220458507538,0.17220588214695454,0.3311886198579358,0.00044405538050687043,0.01416350903935933,5,3.0111320666919075,4.191765625460793,3.5465929029884733,no_fit,3.0111320666919075,0.9996757509574082,-2.0375126557402155
heat,0.25,110,0,3,False,0.9991825715748448,0.017699789255857468,0.14848151989281178,0.32902252014120226,0.0003638012376958816,0.013684842228931286,5,1.85849513820446,2.9053567042304667,2.5432873330880117,no_fit,1.85849513820446,0.9996757509574082,-2.0375126557402155
heat,0.25,110,1,0,False,0.9989746902806402,0.018676545470952988,0.12647888157516718,0.3307927609083602,0.0005410896992772904,0.014624686400951159,5,2.8004854190661144,5.747147179105444,4.513239859737605,no_fit,2.8004854190661144,0.9996757509574082,-2.0375126557402155
heat,0.25,110,1,1,False,0.9988229036522062,0.018967799842357635,0.12979670893400908,0.3145702058935531,9.951771262357552e-05,0.009898659738321368,5,-5.831950031635749,-1.3308941917252965,-5.392708852006968,no_fit,-5.831950031635749,0.9996757509574082,-2.0375126557402155
heat,0.25,110,1,2,False,0.5471770330289515,0.17542904615402222,0.2226663933834061,0.6311822586810751,0.18453171074981006,0.264320776966457,5,162.64540178550024,2954.967811083638,527.8866448859095,no_fit,162.64540178550024,0.9996757509574082,-2.0375126557402155
heat,0.25,110,1,3,False,0.8641061909826137,0.06364915519952774,0.00045667564336326905,0.2513384986832964,0.009200792531827446,0.009316786962929516,5,-39.47915482964717,144.55517114906192,-6.612338422734948,no_fit,-39.47915482964717,0.9996757509574082,-2.0375126557402155
heat,0.25,110,2,0,False,0.8492754544861483,0.053595297038555145,0.0007378645168500952,0.3250550886696698,0.0013598222554411675,0.016892771510549125,5,-0.2526763789718831,18.870767062896757,9.26724070937458,no_fit,-0.2526763789718831,0.9996757509574082,-2.0375126557402155
heat,0.25,110,2,1,False,0.6373582018622856,0.14425678551197052,3.1541590033157263e-06,0.30877624154234634,0.002443098479386613,0.015223473880620328,5,-8.915066299067618,36.234807719615496,5.768323355084831,no_fit,-8.915066299067618,0.9996757509574082,-2.0375126557402155
heat,0.25,110,2,2,False,0.6577620245590836,0.12692703306674957,0.07172993873246014,0.5408976223727542,0.094030834038483,0.15795311837509368,5,114.60264314419486,1504.3120430093697,304.93560253861824,no_fit,114.60264314419486,0.9996757509574082,-2.0375126557402155
heat,0.25,110,2,3,False,0.9899244298141235,0.021555472165346146,0.08942853659391403,0.32061882569449773,0.00010813027979007054,0.011150395133270619,5,-2.6133251017259296,-1.192841714312784,-2.769019332629001,no_fit,-2.769019332629001,0.9996757509574082,-2.0375126557402155
heat,0.25,110,3,0,False,0.9032925586983868,0.03908612206578255,0.013337637530639768,0.34039730113011163,0.0012732058884626215,0.017846620368807575,5,7.911306336132681,17.482376840248904,11.266547641639445,no_fit,7.911306336132681,0.9996757509574082,-2.0375126557402155
heat,0.25,110,3,1,False,0.9484947970620755,0.029522772878408432,0.028090896550565958,0.3366262143676746,0.000996255866316173,0.01677364525353596,5,5.90461484850815,13.043092253243818,9.017547113372336,no_fit,5.90461484850815,0.9996757509574082,-2.0375126557402155
heat,0.25,110,3,2,False,0.9966675958028174,0.01969497837126255,0.10579028818756342,0.32407866477025216,0.00016769050912928893,0.012433685023442201,5,-0.772256449839392,-0.23813946856150678,-0.07919027710134266,no_fit,-0.772256449839392,0.9996757509574082,-2.0375126557402155
heat,0.25,110,3,3,False,0.999383709959257,0.017259620130062103,0.12716933153569698,0.3214883668869586,0.00019405034142790881,0.011778475577058755,5,-2.1506200464005913,0.18438729757618907,-1.4525365645116977,no_fit,-2.1506200464005913,0.9996757509574082,-2.0375126557402155
heat,0.25,111,0,0,False,0.9997379574368452,0.016867605969309807,0.14541907981038094,0.3284235020732653,0.00029813109663763245,0.013384908695474781,5,1.5397423399830956,1.8527175212944997,1.9146141555018346,ungated,1.5397423399830956,0.9996757509574082,-2.0375126557402155
heat,0.25,111,0,1,False,0.9999362216754617,0.016290070489048958,0.13830895442515612,0.3231119022177727,0.00012209658143224169,0.011910862901323246,5,-1.2866954714865606,-0.9689732085909503,-1.1750472192612815,ungated,-1.2866954714865606,0.9996757509574082,-2.0375126557402155
heat,0.25,111,0,2,False,0.9997352192877114,0.016661690548062325,0.1314989123493433,0.3232401495456838,0.00012626865115215316,0.011982929811584922,5,-1.218451796004666,-0.9020983094305527,-1.0239919739510877,ungated,-1.218451796004666,0.9996757509574082,-2.0375126557402155
heat,0.25,111,0,3,False,0.9998263922818442,0.016925552859902382,0.1330334823578596,0.3292778775600863,0.00032411816127445384,0.013599827637971483,5,1.9943773363762267,2.2692691236725735,2.3650932097968953,ungated,1.9943773363762267,0.9996757509574082,-2.0375126557402155
heat,0.25,111,1,0,False,0.998799699836843,0.01985245943069458,0.14456915110349655,0.34291013671187115,0.0013229318905930115,0.017960740297680484,5,9.248450265554817,18.279444387382345,11.505747765359002,no_fit,9.248450265554817,0.9996757509574082,-2.0375126557402155
heat,0.25,111,1,1,False,0.9989474277555843,0.01774406246840954,0.13637708872556686,0.3183141226618511,3.7721515548716673e-05,0.010260033920898836,5,-3.839716391149795,-2.321437189641672,-4.635253515018016,acf_or_spectral,-4.635253515018016,0.9996757509574082,-2.0375126557402155
heat,0.25,111,1,2,False,0.8694998266101417,0.058919720351696014,0.0001458870037822635,0.3747991990012181,0.01827629354172986,0.049581685611155155,5,26.21743397650156,290.0281031978075,77.7845660735614,no_fit,26.21743397650156,0.9996757509574082,-2.0375126557402155
heat,0.25,111,1,3,False,0.9980140612618843,0.01964288204908371,0.172559455037117,0.3257056161557913,0.00021882083823485457,0.01258145543502152,5,0.0934858949563267,0.5814383027910776,0.23054265982703087,no_fit,0.0934858949563267,0.9996757509574082,-2.0375126557402155
heat,0.25,111,2,0,False,0.99689841401679,0.01943686231970787,0.10259782429784536,0.33323278284158475,0.0006363973951045549,0.015143352707900331,5,4.09888334822292,7.274852365152385,5.600386040222651,no_fit,4.09888334822292,0.9996757509574082,-2.0375126557402155
heat,0.25,111,2,1,False,0.9851961942539081,0.0224921777844429,0.07487300783395767,0.3226732386818326,0.00010953627208490965,0.011891545252254072,5,-1.52011953169921,-1.1703047963679765,-1.2155378162407415,no_fit,-1.52011953169921,0.9996757509574082,-2.0375126557402155
heat,0.25,111,2,2,False,0.6640269425009876,0.13712218403816223,1.0618703072395874e-05,0.36675113724643615,0.007835802301083602,0.033687112342338656,5,21.93485496610492,122.67548308913673,44.468878533967775,no_fit,21.93485496610492,0.9996757509574082,-2.0375126557402155
heat,0.25,111,2,3,False,0.9410158658184166,0.026577603071928024,0.01075247023254633,0.35465737398734165,0.0036194852342725896,0.024944348071248755,5,15.499454956987138,55.09133478846237,26.1436805080857,no_fit,15.499454956987138,0.9996757509574082,-2.0375126557402155
heat,0.25,111,3,0,False,0.9370546692558518,0.03165629506111145,0.006020879605785012,0.3614717059599476,0.00516735703792452,0.028704135041229286,5,19.125534871000873,79.90246636865133,34.02435058263585,no_fit,19.125534871000873,0.9996757509574082,-2.0375126557402155
heat,0.25,111,3,1,False,0.9659972037736297,0.028086762875318527,0.04889274947345257,0.3306371064196616,0.0005573694862758649,0.014556577290666228,5,2.7176576940205766,6.008098981681151,4.370480328010873,no_fit,2.7176576940205766,0.9996757509574082,-2.0375126557402155
heat,0.25,111,3,2,False,0.9311747465408824,0.03241745010018349,0.0050129363662563264,0.36300720490726374,0.006339416424457711,0.031148281988468654,5,19.942613039959383,98.68962922701022,39.147384376492546,no_fit,19.942613039959383,0.9996757509574082,-2.0375126557402155
heat,0.25,111,3,3,False,0.9344958409736146,0.03118963912129402,0.010849911835975945,0.354686346793205,0.00348334725942275,0.024572952949999415,5,15.514872126243935,52.90915329314044,25.36522086629415,no_fit,15.514872126243935,0.9996757509574082,-2.0375126557402155
heat,0.25,112,0,0,False,0.9989158359020943,0.01756395399570465,0.12589576747268438,0.32169866760176846,0.00011346833002392451,0.011346888339587696,5,-2.0387136701130277,-1.10727709169912,-2.3571613887510225,no_fit,-2.3571613887510225,0.9996757509574082,-2.0375126557402155
heat,0.25,112,0,1,False,0.999011833327582,0.01787836290895939,0.1483757859095931,0.3102105753950967,0.00011578063156610435,0.008225906881915226,5,-8.151820658210015,-1.0702127704286233,-8.898868504894539,no_fit,-8.898868504894539,0.9996757509574082,-2.0375126557402155
heat,0.25,112,0,2,False,0.762251944198821,0.07967604696750641,0.3292601406574249,0.4131121868371549,0.017285750820016085,0.05203583886167954,5,46.60475238074636,274.1505054883234,82.92857349584033,no_fit,46.60475238074636,0.9996757509574082,-2.0375126557402155
heat,0.25,112,0,3,False,0.999181288833625,0.01776750385761261,0.1405937885865569,0.32531097671013764,0.00016478162458326284,0.012272097690444211,5,-0.11651182351628701,-0.2847665322839369,-0.41788405676254003,no_fit,-0.41788405676254003,0.9996757509574082,-2.0375126557402155
heat,0.25,112,1,0,False,0.983350861490648,0.0236828550696373,0.08920526504516602,0.31812147680391295,8.689118921111517e-05,0.010309081392031006,5,-3.9422281676226327,-1.5332871373476442,-4.532447972823786,acf_or_spectral,-4.532447972823786,0.9996757509574082,-2.0375126557402155
heat,0.25,112,1,1,False,0.9958164933396846,0.019363868981599808,0.10672481451183558,0.32418881993548176,0.00016609679010565442,0.012215320388171483,5,-0.7136400757517063,-0.2636854939519517,-0.5368916469549964,no_fit,-0.7136400757517063,0.9996757509574082,-2.0375126557402155
heat,0.25,112,1,2,False,0.9999371911633278,0.016436992213129997,0.14619038999080658,0.32349272694807935,0.00010635747608166114,0.011836899926184696,5,-1.0840489155400712,-1.2212583221813538,-1.3300766955196361,ungated,-1.3300766955196361,0.9996757509574082,-2.0375126557402155
heat,0.25,112,1,3,False,0.9992715176255607,0.018275942653417587,0.15987513028085232,0.3275869129232841,0.0002478466061521219,0.012900744853108796,5,1.0945719072504887,1.046697858079992,0.8997865777221845,no_fit,0.8997865777221845,0.9996757509574082,-2.0375126557402155
heat,0.25,112,2,0,False,0.9075344338824867,0.04934173822402954,0.005488891154527664,0.37644362811215965,0.01096619985059448,0.0403373654710099,5,27.09247666493757,172.85322088109717,58.4080860576255,no_fit,27.09247666493757,0.9996757509574082,-2.0375126557402155
heat,0.25,112,2,1,False,0.9191145203965502,0.03212299570441246,0.006193349952809513,0.3545755131015883,0.0037639047252250347,0.024452147124923534,5,15.455894690952716,57.4062622807205,25.112006825682755,no_fit,15.455894690952716,0.9996757509574082,-2.0375126557402155
heat,0.25,112,2,2,False,0.9018208312599509,0.05348166078329086,0.007553830510005355,0.3480824983079205,0.00444748574128693,0.02619933998471176,5,12.000795846434709,68.363512419405,28.77419582589413,no_fit,12.000795846434709,0.9996757509574082,-2.0375126557402155
heat,0.25,112,2,3,False,0.9961022245595428,0.01956051029264927,0.11577823664993048,0.31779537600530944,2.0185573488895733e-05,0.0101790421856407,5,-4.115754723198973,-2.6025241406425734,-4.805015565216831,acf_or_spectral,-4.805015565216831,0.9996757509574082,-2.0375126557402155
heat,0.25,112,3,0,False,0.7549419803107277,0.09915131330490112,2.2385699821825256e-05,0.5124213062706803,0.09808274955053314,0.15874086291850448,5,99.44966875757302,1569.2609675159704,306.5867479091443,no_fit,99.44966875757302,0.9996757509574082,-2.0375126557402155
heat,0.25,112,3,1,False,0.770546718478038,0.09980840981006622,7.7838923004947e-06,0.42220271201117726,0.03092368224697234,0.07003749153649691,5,51.4420527755425,492.75550256720004,120.66078722485737,no_fit,51.4420527755425,0.9996757509574082,-2.0375126557402155
heat,0.25,112,3,2,False,0.9088921196131999,0.04134168475866318,0.0007071376276144292,0.4205445205117728,0.02599455581652008,0.06534888193930105,5,50.55968676905055,413.7455973846136,110.833266240587,no_fit,50.55968676905055,0.9996757509574082,-2.0375126557402155
heat,0.25,112,3,3,False,0.9135510687672138,0.032127559185028076,0.0010313764651073143,0.3611643129052581,0.011066286793831225,0.03679322350197173,5,18.961963183299442,174.45753353298926,50.97941688611099,no_fit,18.961963183299442,0.9996757509574082,-2.0375126557402155
heat,0.25,113,0,0,False,0.586118746186922,0.14720702171325684,0.23429951816797256,0.5833967431079299,0.12793379154744378,0.19917405323660428,5,137.2175096755846,2047.74899801287,391.33639875441276,no_fit,137.2175096755846,0.9996757509574082,-2.0375126557402155
heat,0.25,113,0,1,False,0.9998607080850024,0.016823899000883102,0.14217637944966555,0.3259228211267883,0.00020130756736005148,0.01253338268808068,5,0.20906620212690238,0.3007147525273881,0.12978018013258555,ungated,0.12978018013258555,0.9996757509574082,-2.0375126557402155
heat,0.25,113,0,2,False,0.9990973611522148,0.018727192655205727,0.14974884875118732,0.3351300019389946,0.0006554423252469153,0.015410928409415953,5,5.108442038532855,7.5801271731712205,6.161235854440143,no_fit,5.108442038532855,0.9996757509574082,-2.0375126557402155
heat,0.25,113,0,3,False,0.9993543808748075,0.017394647002220154,0.13024034164845943,0.32021971521909787,5.4305018559667627e-05,0.011113512972302841,5,-2.8257019692072607,-2.0556170653300803,-2.8463258780647416,acf_or_spectral,-2.8463258780647416,0.9996757509574082,-2.0375126557402155
heat,0.25,113,1,0,False,0.9985963222668641,0.01946556568145752,0.13013973645865917,0.3429889730643365,0.001433156249731718,0.018503691630400478,5,9.29040110025409,20.046251607127672,12.643796371268643,no_fit,9.29040110025409,0.9996757509574082,-2.0375126557402155
heat,0.25,113,1,1,False,0.664444639062513,0.1437668651342392,4.987372619780217e-06,0.2961239571013322,0.0045102946583148885,0.011161130429277917,5,-15.647669680056854,69.37028849809134,-2.7465177051001968,no_fit,-15.647669680056854,0.9996757509574082,-2.0375126557402155
heat,0.25,113,1,2,False,0.9940731145745797,0.020841633901000023,0.10376274306327105,0.3257275805930445,0.00016889260947519592,0.012429874133937473,5,0.10517373245333886,-0.21887077345089032,-0.08717806021701383,no_fit,-0.21887077345089032,0.9996757509574082,-2.0375126557402155
heat,0.25,113,1,3,False,0.9339412151336755,0.029512621462345123,0.02611819445155561,0.32353883504941816,0.000296485795299538,0.012338780134644725,5,-1.0595136183443798,1.8263446731734796,-0.27811487656572514,no_fit,-1.0595136183443798,0.9996757509574082,-2.0375126557402155
heat,0.25,113,2,0,False,0.9928273713142212,0.02398223616182804,0.1289345920085907,0.3465554474356989,0.002071171120584374,0.020647943107362524,5,11.188213113791239,30.27311333656465,17.138236769547973,no_fit,11.188213113791239,0.9996757509574082,-2.0375126557402155
heat,0.25,113,2,1,False,0.8156551228207601,0.08065378665924072,6.705331088596722e-05,0.3711931283086576,0.018004825310809068,0.048526179060585005,5,24.298551750133182,285.67668728511643,75.5721803844294,no_fit,24.298551750133182,0.9996757509574082,-2.0375126557402155
heat,0.25,113,2,2,False,0.9374001858543396,0.029760057106614113,0.010851100436411798,0.35756894104397985,0.003657205273235234,0.025093656045163983,5,17.04877407804288,55.695956468180285,26.456636239705663,no_fit,17.04877407804288,0.9996757509574082,-2.0375126557402155
heat,0.25,113,2,3,False,0.9879651047606821,0.023468270897865295,0.10566377732902765,0.3093258831608672,0.00011282310956621413,0.007835160635405132,5,-8.622587969447553,-1.1176194531509611,-9.717888911157301,no_fit,-9.717888911157301,0.9996757509574082,-2.0375126557402155
heat,0.25,113,3,0,False,0.9215492746867064,0.03208213672041893,0.010164980310946703,0.3512957131428358,0.0027995849698996354,0.02266803381097778,5,13.71062944701899,41.94899748766383,21.372431015915108,no_fit,13.71062944701899,0.9996757509574082,-2.0375126557402155
heat,0.25,113,3,1,False,0.9175575563204283,0.03820409998297691,0.007785403169691563,0.3557367696180302,0.003794088792363655,0.025417748865254775,5,16.073828913443666,57.89008843456261,27.135948288249544,no_fit,16.073828913443666,0.9996757509574082,-2.0375126557402155
heat,0.25,113,3,2,False,0.9154380347882344,0.03693627193570137,0.0071158602950163186,0.3514888697698412,0.003321788199820851,0.02361430909901334,5,13.81341301674504,50.31949239467517,23.35586342957305,no_fit,13.81341301674504,0.9996757509574082,-2.0375126557402155
heat,0.25,113,3,3,False,0.9427552826361527,0.030565034598112106,0.026828530710190535,0.3363374258538997,0.0009024152569745373,0.01649014644227826,5,5.750943111732378,11.53890327554732,8.423321797978824,no_fit,5.750943111732378,0.9996757509574082,-2.0375126557402155
heat,0.25,114,0,0,False,0.9996931879093248,0.016966022551059723,0.1448282627388835,0.3194557074433199,6.107361254415014e-05,0.010742650994760253,5,-3.232250000773046,-1.9471219848165298,-3.623668028442878,ungated,-3.623668028442878,0.9996757509574082,-2.0375126557402155
heat,0.25,114,0,1,False,0.9999197221917913,0.016361592337489128,0.13524560537189245,0.3255020363761071,0.00026082651922351057,0.01268891058304012,5,-0.014844100262555022,1.2547553537678307,0.4557731253049523,ungated,-0.014844100262555022,0.9996757509574082,-2.0375126557402155
heat,0.25,114,0,2,False,0.999757098249677,0.016903283074498177,0.13178027886897326,0.3298177588975097,0.0003602894094060379,0.013785936271912312,5,2.2816619713854553,2.849064940545148,2.75518465748349,ungated,2.2816619713854553,0.9996757509574082,-2.0375126557402155
heat,0.25,114,0,3,False,0.9995014309554675,0.017307568341493607,0.13506609294563532,0.32378271236196454,0.00013596928977270052,0.01201260181964693,5,-0.9297402776760502,-0.7466049277057792,-0.9617982092901918,no_fit,-0.9617982092901918,0.9996757509574082,-2.0375126557402155
heat,0.25,114,1,0,False,0.999774523809604,0.01661648601293564,0.13524782843887806,0.3259357519573932,0.000234024749412999,0.012556739016750458,5,0.21594702702897375,0.8251446871857336,0.17873601775554182,ungated,0.17873601775554182,0.9996757509574082,-2.0375126557402155
heat,0.25,114,1,1,False,0.9992706741581305,0.017565852031111717,0.1288259346038103,0.3221957224841623,0.00016760198923507783,0.011642833832489378,5,-1.7742180845653466,-0.2395583707842582,-1.7368473102594018,no_fit,-1.7742180845653466,0.9996757509574082,-2.0375126557402155
heat,0.25,114,1,2,False,0.9997590873255062,0.01755395159125328,0.1535478886216879,0.319806673446164,3.0409037229727398e-05,0.010763781503657987,5,-3.0454920355710846,-2.4386502956118616,-3.5793776017618018,ungated,-3.5793776017618018,0.9996757509574082,-2.0375126557402155
heat,0.25,114,1,3,False,0.9998805611160668,0.016882752999663353,0.14562359359115362,0.31865439266824086,4.5147803807565586e-05,0.010635394004740742,5,-3.6586500385753458,-2.2023998024963047,-3.8484831465019367,ungated,-3.8484831465019367,0.9996757509574082,-2.0375126557402155
heat,0.25,114,2,0,False,0.9331459705770996,0.028262406587600708,0.009887308697216213,0.3177436277983867,0.00028901005596117767,0.012355509604435473,5,-4.143291264486224,1.7065146252679344,-0.24304921114486722,no_fit,-4.143291264486224,0.9996757509574082,-2.0375126557402155
heat,0.25,114,2,1,False,0.937372651059716,0.029856212437152863,0.011898079072125256,0.343659448748012,0.0020221825996716092,0.02034357032313692,5,9.647178319089914,29.487867016153757,16.50025873746637,no_fit,9.647178319089914,0.9996757509574082,-2.0375126557402155
heat,0.25,114,2,2,False,0.852721847244016,0.0695028081536293,0.0016560636140638962,0.2210963682999773,0.014422229082822308,0.009639685764096434,5,-55.57176405103228,228.25057085767585,-5.935529087583328,acf_or_spectral,-55.57176405103228,0.9996757509574082,-2.0375126557402155
heat,0.25,114,2,3,False,0.9991246983877332,0.017795002087950706,0.13963693752884865,0.31210588821747137,0.00022685612179226814,0.008759458793539426,5,-7.143276345485962,0.7102373914215129,-7.780521477063432,no_fit,-7.780521477063432,0.9996757509574082,-2.0375126557402155
heat,0.25,114,3,0,False,0.8886073409161747,0.04827244579792023,0.00022057808382669464,0.3078201031486316,0.002623435422842142,0.01563883548741074,5,-9.423851934754875,39.12546289033942,6.638938581661676,no_fit,-9.423851934754875,0.9996757509574082,-2.0375126557402155
heat,0.25,114,3,1,False,0.7474316389698245,0.10646750032901764,6.654679253870199e-06,0.4572002231803768,0.0438240954259619,0.09154411803707807,5,70.06512144922425,699.5386793571356,165.73957206583324,no_fit,70.06512144922425,0.9996757509574082,-2.0375126557402155
heat,0.25,114,3,2,False,0.8664929804996993,0.054289527237415314,8.949760785981198e-05,0.37712730219676904,0.013443574752818247,0.04339137871941573,5,27.456277089674703,212.56353444034178,64.80942501809223,no_fit,27.456277089674703,0.9996757509574082,-2.0375126557402155
heat,0.25,114,3,3,False,0.9241174368960788,0.03258126974105835,0.003975580009864643,0.3669517545144927,0.0066310933480452,0.03189512552157034,5,22.041608533296614,103.36497411859612,40.7127995259887,no_fit,22.041608533296614,0.9996757509574082,-2.0375126557402155
heat,0.25,115,0,0,False,0.9991546169980391,0.01767190732061863,0.1288464143872261,0.3199930713451624,4.451141290057821e-05,0.011031867964652279,5,-2.946304957470146,-2.2126006334000317,-3.0174572144051983,acf_or_spectral,-3.0174572144051983,0.9996757509574082,-2.0375126557402155
heat,0.25,115,0,1,False,0.999788905515148,0.0168146975338459,0.1453683152794838,0.3254958949709562,0.0001875578348564189,0.01253720162383208,5,-0.018112098644630106,0.08031767472342902,0.13778482851638396,ungated,-0.018112098644630106,0.9996757509574082,-2.0375126557402155
heat,0.25,115,0,2,False,0.9998027143454505,0.01721491664648056,0.14956402778625488,0.31991719841748956,4.278183808706869e-05,0.010811148446763116,5,-2.9866788782239304,-2.240324317089159,-3.4800945163019255,ungated,-3.4800945163019255,0.9996757509574082,-2.0375126557402155
heat,0.25,115,0,3,False,0.9980383506090478,0.018858520314097404,0.12940150778740644,0.3168508599657839,1.7269928177372133e-05,0.009907509196756425,5,-4.618355807671478,-2.6492595739612104,-5.374160018569873,acf_or_spectral,-5.374160018569873,0.9996757509574082,-2.0375126557402155
heat,0.25,115,1,0,False,0.793380533960483,0.08981838822364807,1.9149009631291847e-05,0.3613926902855332,0.00963644410879151,0.03694361330046668,5,19.083488614517037,151.53831314678436,51.294640167105264,no_fit,19.083488614517037,0.9996757509574082,-2.0375126557402155
heat,0.25,115,1,1,False,0.9993103023366715,0.018380051478743553,0.14852555003017187,0.32848821080737545,0.0008684778252759989,0.013718927453056383,5,1.5741755084816753,10.994913727201325,2.614731382416257,no_fit,1.5741755084816753,0.9996757509574082,-2.0375126557402155
heat,0.25,115,1,2,False,0.9971295604964118,0.02184729091823101,0.17035543359816074,0.2975686181620031,0.0009640725112814879,0.0055231259708136285,5,-14.878928668360425,12.527219133406906,-14.56400985844682,no_fit,-14.878928668360425,0.9996757509574082,-2.0375126557402155
heat,0.25,115,1,3,False,0.9998263306553227,0.01696377620100975,0.14914860762655735,0.3205640478484658,3.366479150535408e-05,0.010904086009454476,5,-2.642473791286076,-2.386463191011369,-3.2852935142900423,ungated,-3.2852935142900423,0.9996757509574082,-2.0375126557402155
heat,0.25,115,2,0,False,0.9464639266085092,0.029250169172883034,0.016091761295683682,0.3504635711474576,0.002723245388353993,0.022597230637396833,5,13.26782545872219,40.725335813591876,21.22402461531911,no_fit,13.26782545872219,0.9996757509574082,-2.0375126557402155
heat,0.25,115,2,1,False,0.9986205747078772,0.017953917384147644,0.11389301251620054,0.32914571138292903,0.00035975120746131544,0.013728062161793174,5,1.9240483412188756,2.840437999195278,2.633878112365728,no_fit,1.9240483412188756,0.9996757509574082,-2.0375126557402155
heat,0.25,115,2,2,False,0.9951649363334335,0.01946570910513401,0.10215931199491024,0.3237426687370383,0.0001255837186740433,0.012033536718546742,5,-0.9510485122342072,-0.9130772224114817,-0.9179177893114133,no_fit,-0.9510485122342072,0.9996757509574082,-2.0375126557402155
heat,0.25,115,2,3,False,0.963123766859206,0.029478682205080986,0.05267221247777343,0.3250798493898275,0.00024947952869888734,0.0127242362987146,5,-0.23950056799273287,1.0728722842000797,0.5298172965839902,no_fit,-0.23950056799273287,0.9996757509574082,-2.0375126557402155
heat,0.25,115,3,0,False,0.9625974656898153,0.02458099275827408,0.03271173289977014,0.3236290241577109,0.00026367827496593743,0.012818541201548192,5,-1.0115216925976216,1.300466689030207,0.7274843004801976,no_fit,-1.0115216925976216,0.9996757509574082,-2.0375126557402155
heat,0.25,115,3,1,False,0.9179448252811999,0.030304843559861183,0.0019204409327358007,0.3346781884436865,0.0021175268299066957,0.019298951367878174,5,4.86802054941211,31.016157819173326,14.310693901547475,no_fit,4.86802054941211,0.9996757509574082,-2.0375126557402155
heat,0.25,115,3,2,False,0.9140385639708316,0.03629819303750992,0.0010130663722520694,0.3640391655072056,0.006920283324222669,0.03236405439129552,5,20.491745606224978,108.0004552570744,41.69569396661574,no_fit,20.491745606224978,0.9996757509574082,-2.0375126557402155
heat,0.25,115,3,3,False,0.7472253523368154,0.10767188668251038,2.182950083806645e-05,0.3777419356410223,0.01568330053097392,0.04790220912396112,5,27.78333922806882,248.46452498377926,74.26431341052044,no_fit,27.78333922806882,0.9996757509574082,-2.0375126557402155
heat,0.25,116,0,0,False,0.9985750777775301,0.018139386549592018,0.12001774553209543,0.3278118599863392,0.00027180889254102363,0.013245800495554676,5,1.2142719791488819,1.4307939047645557,1.6230375749700419,no_fit,1.2142719791488819,0.9996757509574082,-2.0375126557402155
heat,0.25,116,0,1,False,0.9996874625571264,0.016647886484861374,0.12653873208910227,0.33191088039630734,0.0004903867612581591,0.014502619165273718,5,3.395465328030253,4.934420140776554,4.257381849970831,ungated,3.395465328030253,0.9996757509574082,-2.0375126557402155
heat,0.25,116,0,2,False,0.9998844451116523,0.016734905540943146,0.14420665800571442,0.3186367632160508,9.881508513428713e-05,0.011174581495820226,5,-3.6680311199107587,-1.3421567414063889,-2.718323709425142,ungated,-3.6680311199107587,0.9996757509574082,-2.0375126557402155
heat,0.25,116,0,3,False,0.9991848963548454,0.018711302429437637,0.1572244744747877,0.3316884611665738,0.00048429154994189213,0.01421459811816641,5,3.2771103807413016,4.8367188391441065,3.653677739897035,no_fit,3.2771103807413016,0.9996757509574082,-2.0375126557402155
heat,0.25,116,1,0,False,0.9997233018635294,0.017366791144013405,0.15279116481542587,0.3206071235341351,3.601859175758745e-05,0.010913799462174866,5,-2.6195521198418694,-2.348733679023452,-3.2649337128477454,ungated,-3.2649337128477454,0.9996757509574082,-2.0375126557402155
heat,0.25,116,1,1,False,0.9980816750851342,0.019359637051820755,0.1681563463062048,0.32372285590720506,0.00023456547374213228,0.012112808489082433,5,-0.9615914245235979,0.833812060315138,-0.751760856802957,no_fit,-0.9615914245235979,0.9996757509574082,-2.0375126557402155
heat,0.25,116,1,2,False,0.7821989346685689,0.06742579489946365,0.34391022473573685,0.3828982641341553,0.008358170787866048,0.035728956004606516,5,30.527153185793562,131.04862692981226,48.74866788762562,no_fit,30.527153185793562,0.9996757509574082,-2.0375126557402155
heat,0.25,116,1,3,False,0.9996788080591341,0.017296528443694115,0.1396644450724125,0.32898448958201765,0.0003225804668307887,0.013499061912991567,5,1.8382581072919073,2.244621126931572,2.153884053605346,ungated,1.8382581072919073,0.9996757509574082,-2.0375126557402155
heat,0.25,116,2,0,False,0.9903717961134706,0.020450608804821968,0.09682125225663185,0.31346389334550695,5.918539953246604e-05,0.009255345096207315,5,-6.420647166618069,-1.9773885103606916,-6.741123134280628,acf_or_spectral,-6.741123134280628,0.9996757509574082,-2.0375126557402155
heat,0.25,116,2,1,False,0.9416570506692419,0.03743671998381615,0.02011282369494438,0.22089135103366025,0.014791727413580216,0.0039155724593609945,5,-55.68085896956675,234.17332988814928,-17.933508968926574,acf_or_spectral,-55.68085896956675,0.9996757509574082,-2.0375126557402155
heat,0.25,116,2,2,False,0.9996769216324057,0.017597410827875137,0.1416706908494234,0.3227957946286001,0.00013808721067606032,0.011779878250992252,5,-1.4549043853425379,-0.712656370670426,-1.4495965015293215,ungated,-1.4549043853425379,0.9996757509574082,-2.0375126557402155
heat,0.25,116,2,3,False,0.9997394381266118,0.017289401963353157,0.15073620900511742,0.3191547813969775,2.8948348474880023e-05,0.01077412674494612,5,-3.3923804283237438,-2.462063953518618,-3.557693545169144,ungated,-3.557693545169144,0.9996757509574082,-2.0375126557402155
heat,0.25,116,3,0,False,0.9427217168987404,0.02862289547920227,0.014775960356928408,0.3160564411168453,0.00022498607514350854,0.01158640676196323,5,-5.041086347221135,0.6802620579643119,-1.85512080012477,no_fit,-5.041086347221135,0.9996757509574082,-2.0375126557402155
heat,0.25,116,3,1,False,0.7850863369329657,0.09361850470304489,6.0176007536938414e-05,0.3240174350148187,0.0021724695379163224,0.018563140355038733,5,-0.8048383650160665,31.896844937177896,12.768403373997124,no_fit,-0.8048383650160665,0.9996757509574082,-2.0375126557402155
heat,0.25,116,3,2,False,0.925120351362683,0.03412144258618355,0.004131786641664803,0.2632669385416748,0.01082753671603975,0.010724947924336368,5,-33.13172762036699,170.63056312052436,-3.6607744013387564,no_fit,-33.13172762036699,0.9996757509574082,-2.0375126557402155
heat,0.25,116,3,3,False,0.9112644472558536,0.04065624251961708,0.0011791158394771628,0.3676981171605699,0.0088625647590117,0.03583845821450955,5,22.438767141123535,139.13365384019517,48.9781890800682,no_fit,22.438767141123535,0.9996757509574082,-2.0375126557402155
heat,0.25,117,0,0,False,0.9994772181586297,0.0172438807785511,0.1474394928663969,0.3289070582324687,0.00028997022769548016,0.01332481116667547,5,1.797054910493866,1.7219054006429697,1.7886472322307523,no_fit,1.7219054006429697,0.9996757509574082,-2.0375126557402155
heat,0.25,117,0,1,False,0.9984256277194543,0.018594739958643913,0.13019197154790163,0.32104810157649494,5.560194422159735e-05,0.011044827373018245,5,-2.3848964517073834,-2.0348283971910632,-2.990293754744059,acf_or_spectral,-2.990293754744059,0.9996757509574082,-2.0375126557402155
heat,0.25,117,0,2,False,0.9994659370064274,0.017351295799016953,0.13280173391103745,0.32609026876728664,0.00027424863109855096,0.012791557636251127,5,0.29816936415379025,1.4699009381953958,0.670925623821356,no_fit,0.29816936415379025,0.9996757509574082,-2.0375126557402155
heat,0.25,117,0,3,False,0.9998743465695624,0.016575368121266365,0.13899800274521112,0.3252899956797107,0.00017992884222483132,0.012491252791402157,5,-0.12767636514889136,-0.04196889937142132,0.04147416209240742,ungated,-0.12767636514889136,0.9996757509574082,-2.0375126557402155
heat,0.25,117,1,0,False,0.9999101114267848,0.01660722866654396,0.1456142021343112,0.32050546806225483,6.122727243537457e-05,0.011032178904749754,5,-2.67364559022408,-1.9446589411905835,-3.016805471011033,ungated,-3.016805471011033,0.9996757509574082,-2.0375126557402155
heat,0.25,117,1,1,False,0.9995188581694374,0.01707116700708866,0.13323773629963398,0.3254347465986368,0.0001644110858021533,0.012308637454904011,5,-0.05065070778979719,-0.2907059688910133,-0.3412951886674562,no_fit,-0.3412951886674562,0.9996757509574082,-2.0375126557402155
heat,0.25,117,1,2,False,0.9998604347561826,0.01652209833264351,0.14183036051690578,0.3252587082005308,0.00016107975010861428,0.012370472150908314,5,-0.14432523113755605,-0.3441045824164801,-0.21168709058616003,ungated,-0.3441045824164801,0.9996757509574082,-2.0375126557402155
heat,0.25,117,1,3,False,0.9933507158932572,0.020052555948495865,0.09118170011788607,0.32847466445787654,0.00032090013254227213,0.013571335983779204,5,1.5669671502708256,2.217686728984193,2.3053735160056577,no_fit,1.5669671502708256,0.9996757509574082,-2.0375126557402155
heat,0.25,117,2,0,False,0.9527678930998298,0.027458403259515762,0.03710542060434818,0.31729241382017126,0.00010275796157526058,0.010333508482484799,5,-4.3833937352649714,-1.2789556249117198,-4.481247773907056,no_fit,-4.481247773907056,0.9996757509574082,-2.0375126557402155
heat,0.25,117,2,1,False,0.9596611059367831,0.02622408978641033,0.03314085979945958,0.3331108826678438,0.0006734561706136857,0.015353932387273872,5,4.03401715542605,7.8688745271869935,6.041769818292401,no_fit,4.03401715542605,0.9996757509574082,-2.0375126557402155
heat,0.25,117,2,2,False,0.9982699778351815,0.018497969955205917,0.1240830235183239,0.3239665178609233,0.00015694795869071476,0.01170493841329251,5,-0.8319326817827296,-0.4103338530121043,-1.6066735223997521,no_fit,-1.6066735223997521,0.9996757509574082,-2.0375126557402155
heat,0.25,117,2,3,False,0.9108278868979997,0.047849975526332855,0.004236652748659253,0.2921508337383978,0.0015840332475146107,0.010398146218949576,5,-17.7618699978799,22.464687704731663,-4.34576438628117,no_fit,-17.7618699978799,0.9996757509574082,-2.0375126557402155
heat,0.25,117,3,0,False,0.8721204892288987,0.057095687836408615,0.00022663113304588478,0.3607653145952988,0.00983113532975922,0.03681993394440444,5,18.749646001911017,154.6590557622521,51.03540308587129,no_fit,18.749646001911017,0.9996757509574082,-2.0375126557402155
heat,0.25,117,3,1,False,0.8722202205688037,0.06279067695140839,0.00028626381026697345,0.31933554320906415,0.0015211424652455553,0.015435546934759155,5,-3.296192455876392,21.4565993925232,6.2128373088578455,no_fit,-3.296192455876392,0.9996757509574082,-2.0375126557402155
heat,0.25,117,3,2,False,0.9373103141828385,0.02952769212424755,0.012975781690329313,0.3336592949083137,0.0010590736007960381,0.016651470601573452,5,4.3258413016169746,14.050009668544048,8.76146395459845,no_fit,4.3258413016169746,0.9996757509574082,-2.0375126557402155
heat,0.25,117,3,3,False,0.7451260690443551,0.11449162662029266,3.7622633044520626e-05,0.25796361898875686,0.005232443553559657,0.005777115091950898,5,-35.95375927156024,80.94575050866176,-14.031638082548534,no_fit,-35.95375927156024,0.9996757509574082,-2.0375126557402155
heat,0.25,118,0,0,False,0.9996924314654554,0.016655592247843742,0.1334404218941927,0.32690692869273597,0.00032313748274705536,0.012889443420958421,5,0.7327349480079769,2.2535496410101574,0.8760983052593762,ungated,0.7327349480079769,0.9996757509574082,-2.0375126557402155
heat,0.25,118,0,1,False,0.9994899105770334,0.017672935500741005,0.12972075585275888,0.3289773463176967,0.0003529541950410026,0.013616696557180261,5,1.8344569940824564,2.731487394167988,2.400451167005655,no_fit,1.8344569940824564,0.9996757509574082,-2.0375126557402155
heat,0.25,118,0,2,False,0.5543958175524513,0.1812225580215454,0.3052051276899874,0.6106468333830068,0.1566128596440994,0.2327197674379637,5,151.7179780118418,2507.4512359272253,461.6496128133023,no_fit,151.7179780118418,0.9996757509574082,-2.0375126557402155
heat,0.25,118,0,3,False,0.99932822479555,0.017870817333459854,0.1322130775079131,0.3298079062810193,0.00044235906725619966,0.01352036757857569,5,2.2764191427560445,4.164575097689492,2.198541615995917,no_fit,2.198541615995917,0.9996757509574082,-2.0375126557402155
heat,0.25,118,1,0,False,0.9998302772872908,0.01659710519015789,0.13710004650056362,0.3229431560080719,0.00013232192783652823,0.011911598580740049,5,-1.37648963531977,-0.8050691859895958,-1.1735052045645058,ungated,-1.37648963531977,0.9996757509574082,-2.0375126557402155
heat,0.25,118,1,1,False,0.9589251982895366,0.02770308218896389,0.03927049180492759,0.3346576798084178,0.0007313735912493746,0.015781470372293042,5,4.85710738129664,8.797243879730845,6.937907240751604,no_fit,4.85710738129664,0.9996757509574082,-2.0375126557402155
heat,0.25,118,1,2,False,0.997726645972377,0.020292483270168304,0.17880663461983204,0.3222064229076673,9.263375524935433e-05,0.011325251619730208,5,-1.768524116191184,-1.4412384539576368,-2.4025128546861296,no_fit,-2.4025128546861296,0.9996757509574082,-2.0375126557402155
heat,0.25,118,1,3,False,0.9999070522241823,0.016369057819247246,0.1437728125602007,0.322407418803467,9.363161783719292e-05,0.011728870277420722,5,-1.6615690715164604,-1.4252435247216375,-1.5565113384863414,ungated,-1.6615690715164604,0.9996757509574082,-2.0375126557402155
heat,0.25,118,2,0,False,0.9954454119207119,0.02009168639779091,0.14195116236805916,0.30552675723979683,0.00022494176120609077,0.007149414518390398,5,-10.644199808815264,0.6795517414319515,-11.15524133198474,no_fit,-11.15524133198474,0.9996757509574082,-2.0375126557402155
heat,0.25,118,2,1,False,0.7555860790307665,0.1025058925151825,8.293968846828648e-06,0.35211070359637253,0.010866516588449008,0.036033924727151376,5,14.144306662270997,171.25537891020622,49.38789503124369,no_fit,14.144306662270997,0.9996757509574082,-2.0375126557402155
heat,0.25,118,2,2,False,0.9256838371236946,0.031512923538684845,0.010082126944325864,0.32748082569922404,0.0004817262744635604,0.014204893117481765,5,1.0381201884548423,4.795599550529794,3.633335654273665,no_fit,1.0381201884548423,0.9996757509574082,-2.0375126557402155
heat,0.25,118,2,3,False,0.954848885298774,0.027413878589868546,0.03322571935132146,0.3294208576250695,0.0003997723663159056,0.013989724039809604,5,2.0704606771679863,3.4819447673850874,3.182332306233353,no_fit,2.0704606771679863,0.9996757509574082,-2.0375126557402155
heat,0.25,118,3,0,False,0.9233610584667876,0.035944607108831406,0.007952942163683474,0.3531923702665779,0.0033954216608091427,0.023477896836606463,5,14.719889096801243,51.49977714756937,23.069937646347856,no_fit,14.719889096801243,0.9996757509574082,-2.0375126557402155
heat,0.25,118,3,1,False,0.9143144826416763,0.03245275840163231,0.005095831700600684,0.3406440253738209,0.0018510338122760825,0.019642357665269616,5,8.042594601513771,26.744490546706107,15.030487802870246,no_fit,8.042594601513771,0.9996757509574082,-2.0375126557402155
heat,0.25,118,3,2,False,0.8162788240003939,0.08185247331857681,0.00010637558489179355,0.265634866237154,0.011227386491677918,0.020358645760284448,5,-31.871692874638235,177.03983123449956,16.531857481580833,no_fit,-31.871692874638235,0.9996757509574082,-2.0375126557402155
heat,0.25,118,3,3,False,0.9703416584411211,0.02435118332505226,0.04311652621254325,0.3303641058863197,0.0004962510884931426,0.014550603728809609,5,2.5723871444721205,5.028420557550848,4.35795949357589,no_fit,2.5723871444721205,0.9996757509574082,-2.0375126557402155
heat,0.25,119,0,0,False,0.9995490633136503,0.017237918451428413,0.13930479809641838,0.3181636820949358,2.388561368014497e-05,0.01045712375573676,5,-3.919769655378405,-2.5432154925875596,-4.222145012912298,acf_or_spectral,-4.222145012912298,0.9996757509574082,-2.0375126557402155
heat,0.25,119,0,1,False,0.9983402947906607,0.018180277198553085,0.11391761340200901,0.3251738692461539,0.00020805410927171846,0.01263759395343101,5,-0.18947020347363566,0.40885635617098665,0.34821133243843105,no_fit,-0.18947020347363566,0.9996757509574082,-2.0375126557402155
heat,0.25,119,0,2,False,0.9991522899924792,0.017366770654916763,0.12200508080422878,0.33130469860739664,0.0004322124527926714,0.014262750755824732,5,3.0729005310925115,4.001933084343109,3.7546076738625627,no_fit,3.0729005310925115,0.9996757509574082,-2.0375126557402155
heat,0.25,119,0,3,False,0.9996366557163778,0.01738155446946621,0.13514440413564444,0.32602889694353937,0.00029662748130881164,0.012702388688305845,5,0.26551185080237355,1.8286157851679394,0.484023795270378,no_fit,0.26551185080237355,0.9996757509574082,-2.0375126557402155
heat,0.25,119,1,0,False,0.9997942750463774,0.01654171571135521,0.1369298817589879,0.32311861221247795,9.429090988623203e-05,0.01175372230952825,5,-1.283124912094726,-1.41467560705566,-1.504420444165655,ungated,-1.504420444165655,0.9996757509574082,-2.0375126557402155
heat,0.25,119,1,1,False,0.9998033939534016,0.01724832132458687,0.13639120012521744,0.3211280337093321,0.00010187559857321093,0.011392303247094757,5,-2.3423625243128585,-1.2930991893165322,-2.261969851201964,ungated,-2.3423625243128585,0.9996757509574082,-2.0375126557402155
heat,0.25,119,1,2,False,0.9048726395384239,0.04612872377038002,0.0006373726173478644,0.4057653266163582,0.020915907010446544,0.057555406625201776,5,42.695300598122174,332.33896960073076,94.49781740400425,no_fit,42.695300598122174,0.9996757509574082,-2.0375126557402155
heat,0.25,119,1,3,False,0.9991602539305526,0.01838931068778038,0.14553796779364347,0.32093900772555345,0.0002002091082209086,0.01098572339817934,5,-2.442948073382349,0.28310734203484345,-3.1141781475351586,no_fit,-3.1141781475351586,0.9996757509574082,-2.0375126557402155
heat,0.25,119,2,0,False,0.9345877330873898,0.030403820797801018,0.01473487471230328,0.3331604155668315,0.0007435495131692814,0.015791824235091168,5,4.060374874836309,8.992414048314682,6.959609368388269,no_fit,4.060374874836309,0.9996757509574082,-2.0375126557402155
heat,0.25,119,2,1,False,0.9940764046469599,0.022849751636385918,0.11568114440888166,0.31958987092196717,9.574319190937632e-05,0.010720449818101867,5,-3.1608581905306443,-1.3913967022505185,-3.670202619340842,no_fit,-3.670202619340842,0.9996757509574082,-2.0375126557402155
heat,0.25,119,2,2,False,0.7161757587446327,0.11827262490987778,1.3836203493156063e-05,0.3496146554494373,0.005921895275914768,0.02867014845722458,5,12.816095755259411,91.9971033152584,33.95311328710805,no_fit,12.816095755259411,0.9996757509574082,-2.0375126557402155
heat,0.25,119,2,3,False,0.9878223002044896,0.021931380033493042,0.07612377218902111,0.3286317536550929,0.0003097073190949013,0.013518857432981096,5,1.650558320326036,2.0382749931156114,2.195376287935964,no_fit,1.650558320326036,0.9996757509574082,-2.0375126557402155
heat,0.25,119,3,0,False,0.9453017512466182,0.02869018353521824,0.018029423896223307,0.3430368929252453,0.002106692624164197,0.019611048817775346,5,9.315900480945,30.842494274421263,14.96486315458917,no_fit,9.315900480945,0.9996757509574082,-2.0375126557402155
heat,0.25,119,3,1,False,0.7712500000151612,0.09595029801130295,4.499194255913608e-05,0.36014287708001413,0.011993409714613424,0.03904318776859829,5,18.418431118195972,189.31856318949232,55.69543569419333,no_fit,18.418431118195972,0.9996757509574082,-2.0375126557402155
heat,0.25,119,3,2,False,0.9215511193089384,0.027678003534674644,0.0027964182809228078,0.3822710803783528,0.010038202701521677,0.038729896976127776,5,30.193412706396067,157.97817805302645,55.03876514541826,no_fit,30.193412706396067,0.9996757509574082,-2.0375126557402155
heat,0.25,119,3,3,False,0.9717378352245385,0.023616623133420944,0.04860649863258004,0.32699989425177794,0.0003018663524419563,0.013437220531503043,5,0.7822042940410653,1.9125906471102752,2.024261942470688,no_fit,0.7822042940410653,0.9996757509574082,-2.0375126557402155
heat,0.4,100,0,0,False,0.9992809953288555,0.018505169078707695,0.15831938944756985,0.321204736553033,0.00013556501166900548,0.011356547109355663,5,-1.7670907990222797,-0.4163684472433058,-1.539454264341513,no_fit,-1.7670907990222797,0.9996767634444282,-2.0407635334741103
heat,0.4,100,0,1,False,0.9973902762097339,0.020459404215216637,0.17929468676447868,0.3194475996741254,4.0384383942106486e-05,0.010682592303733049,5,-2.7693058409925815,-2.071769629698557,-2.9783318101559733,acf_or_spectral,-2.9783318101559733,0.9996767634444282,-2.0407635334741103
heat,0.4,100,0,2,False,0.9920934677288827,0.021281404420733452,0.09298922028392553,0.33275746406102247,0.0006112775964465754,0.014631265494300773,5,4.822217878790713,7.85732331290338,5.451991918181565,no_fit,4.822217878790713,0.9996767634444282,-2.0407635334741103
heat,0.4,100,0,3,False,0.9998046362034438,0.016939818859100342,0.1430167080834508,0.32109150888777327,9.403921578282539e-05,0.011450412094836411,5,-1.8316722614300505,-1.138593686286889,-1.3390547437509934,ungated,-1.8316722614300505,0.9996767634444282,-2.0407635334741103
heat,0.4,100,1,0,False,0.8283002156086068,0.07434892654418945,2.5860149662548793e-05,0.3556721691976374,0.007551566921838693,0.031787838961110794,5,17.89203756438459,128.56427209244768,42.0808698764052,no_fit,17.89203756438459,0.9996767634444282,-2.0407635334741103
heat,0.4,100,1,1,False,0.9918272780011885,0.019991006702184677,0.09178098198026419,0.3134000776730336,0.00015586310767446072,0.009237231109794493,5,-6.218620227876643,-0.06333975924774735,-6.064143722467356,no_fit,-6.218620227876643,0.9996767634444282,-2.0407635334741103
heat,0.4,100,1,2,False,0.9961438853044746,0.023522214964032173,0.1935380194336176,0.3072619226547178,0.00019688766028219814,0.00727102533298459,5,-9.71962880788325,0.6501677529259043,-10.261946481791602,no_fit,-10.261946481791602,0.9996767634444282,-2.0407635334741103
heat,0.4,100,1,3,False,0.9993698509733728,0.01760125905275345,0.14767772518098354,0.32166707052618343,0.0001320590742989185,0.011360001476894118,5,-1.5033901915924701,-0.47734443581010383,-1.5320792714716562,no_fit,-1.5320792714716562,0.9996767634444282,-2.0407635334741103
heat,0.4,100,2,0,False,0.6322861901790787,0.14955462515354156,2.178162930022154e-06,0.3574454367466581,0.005785184154725183,0.029258460676386263,5,18.90345302802861,97.84297731660001,36.68070715273622,no_fit,18.90345302802861,0.9996767634444282,-2.0407635334741103
heat,0.4,100,2,1,False,0.926378205105214,0.03452135622501373,0.010494910064153373,0.3434538880554565,0.0023023285304113144,0.020025282980382992,5,10.923118241873667,37.268431250849424,16.968091481095392,no_fit,10.923118241873667,0.9996767634444282,-2.0407635334741103
heat,0.4,100,2,2,False,0.9691079572348547,0.026176579296588898,0.05038840509951115,0.30892026125352545,0.00010601498350595209,0.008069733139147972,5,-8.773765165525328,-0.9303086547302973,-8.556724234888085,no_fit,-8.773765165525328,0.9996767634444282,-2.0407635334741103
heat,0.4,100,2,3,False,0.6037166070276241,0.15806233882904053,0.13684729032684118,0.5885377979137358,0.13685997895910393,0.20883012062151685,5,150.71119278138522,2377.522944671206,420.06194756243923,no_fit,150.71119278138522,0.9996767634444282,-2.0407635334741103
heat,0.4,100,3,0,False,0.8972684410929068,0.04192650690674782,0.004355634329840541,0.36381319022167735,0.005574999196650696,0.029366268925344406,5,22.535417272151992,94.1873970116544,36.910875210572286,no_fit,22.535417272151992,0.9996767634444282,-2.0407635334741103
heat,0.4,100,3,1,False,0.9086712730339441,0.03605698049068451,0.013290019240230322,0.33886045189000413,0.0011698270424868535,0.017332293629941382,5,8.303168211453283,17.571730913658193,11.218623007629732,no_fit,8.303168211453283,0.9996767634444282,-2.0407635334741103
heat,0.4,100,3,2,False,0.9684596329944001,0.02480490505695343,0.0376339303329587,0.3323284063310833,0.000775244014999045,0.015593559668189738,5,4.577496983122071,10.709061209962888,7.506467185254942,no_fit,4.577496983122071,0.9996767634444282,-2.0407635334741103
heat,0.4,100,3,3,False,0.965035905633741,0.026785872876644135,0.048880011308938265,0.32906419078686877,0.00039064573873257274,0.013811338947082525,5,2.7156921585150697,4.020048366629412,3.7014681617412264,no_fit,2.7156921585150697,0.9996767634444282,-2.0407635334741103
heat,0.4,101,0,0,False,0.9997564985769098,0.017013361677527428,0.13252031430602074,0.3290722948185545,0.0003578469426480618,0.013540478041468209,5,2.72031444067961,3.4496049148673924,3.1231865442262925,ungated,2.72031444067961,0.9996767634444282,-2.0407635334741103
heat,0.4,101,0,1,False,0.5655489033587446,0.167954221367836,0.2677015976514667,0.6090756210374468,0.1552461895148991,0.23043834140608072,5,162.4253144932379,2697.2997251129773,466.1949870964287,no_fit,162.4253144932379,0.9996767634444282,-2.0407635334741103
heat,0.4,101,0,2,False,0.9999132042044363,0.01653328537940979,0.13892027735710144,0.32863576390488763,0.00030065380495901536,0.013210869311335784,5,2.4713310784762346,2.454890023614194,2.4194797129442946,ungated,2.4194797129442946,0.9996767634444282,-2.0407635334741103
heat,0.4,101,0,3,False,0.9993078761340616,0.017790537327528,0.1331953490152955,0.32652472078581474,0.00023478755606361678,0.012726120553777419,5,1.2672591626343215,1.309330586685619,1.3845525979609266,no_fit,1.2672591626343215,0.9996767634444282,-2.0407635334741103
heat,0.4,101,1,0,False,0.7568784260479554,0.10283419489860535,1.4619322769249266e-05,0.3542789957607916,0.005602230463552317,0.028173053481130778,5,17.097415704675875,94.66100884323467,34.36338850126407,no_fit,17.097415704675875,0.9996767634444282,-2.0407635334741103
heat,0.4,101,1,1,False,0.8939427657689613,0.04470887780189514,0.0004792350373463705,0.3707316220865349,0.008734749648027548,0.035721598191310086,5,26.481470971803155,149.1424310179548,50.47935265262804,no_fit,26.481470971803155,0.9996767634444282,-2.0407635334741103
heat,0.4,101,1,2,False,0.7167391973002223,0.11298054456710815,2.806358224916039e-06,0.41683732353539227,0.02424075834635122,0.0626076592080734,5,52.7786980503013,418.82614447293764,107.88045606442056,no_fit,52.7786980503013,0.9996767634444282,-2.0407635334741103
heat,0.4,101,1,3,False,0.9218513243964367,0.029359392821788788,0.014739839360117912,0.31956470640348883,0.00016213186374446032,0.01129571690867651,5,-2.7025118836789392,0.04568774412800684,-1.669325301886474,no_fit,-2.7025118836789392,0.9996767634444282,-2.0407635334741103
heat,0.4,101,2,0,False,0.9976854591800127,0.017632097005844116,0.10571620613336563,0.3309343545106729,0.0005201058566519524,0.01427507937658099,5,3.782374121339108,6.271645539317229,4.691542993947905,no_fit,3.782374121339108,0.9996767634444282,-2.0407635334741103
heat,0.4,101,2,1,False,0.999152109002186,0.01747090555727482,0.12005063705146313,0.3276309631472526,0.00033000075247831165,0.013241259707736186,5,1.8982246542851668,2.9652982105016377,2.4843624893918075,no_fit,1.8982246542851668,0.9996767634444282,-2.0407635334741103
heat,0.4,101,2,2,False,0.8469522914565648,0.05398385599255562,0.001075599851901643,0.35890067629956574,0.005354148917776601,0.02873519100339626,5,19.733475428162233,90.34632323934485,35.56353879576393,no_fit,19.733475428162233,0.9996767634444282,-2.0407635334741103
heat,0.4,101,2,3,False,0.9744287145596523,0.026296962052583694,0.06869498919695616,0.3207049228574246,6.871084064335943e-05,0.011196016671180122,5,-2.052168649208283,-1.5791100303884178,-1.8821829473088458,acf_or_spectral,-2.052168649208283,0.9996767634444282,-2.0407635334741103
heat,0.4,101,3,0,False,0.9444118585362692,0.03112933225929737,0.02965590264648199,0.3370612547035935,0.0009473604075030577,0.016481935313157472,5,7.276963306567098,13.702545141258216,9.40312814401407,no_fit,7.276963306567098,0.9996767634444282,-2.0407635334741103
heat,0.4,101,3,1,False,0.9898020738160183,0.020436882972717285,0.08252414036542177,0.32562197497949463,0.00018596490941504614,0.01240435675187216,5,0.7523616398345675,0.4601970085321109,0.6975945026185273,no_fit,0.4601970085321109,0.9996767634444282,-2.0407635334741103
heat,0.4,101,3,2,False,0.9481813912062169,0.029324060305953026,0.031433345982804894,0.3299915103520972,0.0004615803322450024,0.014210132622789211,5,3.244605772554658,5.253757502425258,4.552883213017641,no_fit,3.244605772554658,0.9996767634444282,-2.0407635334741103
heat,0.4,101,3,3,False,0.9332140217438021,0.03424912318587303,0.026873743860051036,0.32953910544742554,0.00046314830432123404,0.014144974189438463,5,2.9865683902848548,5.281027997388773,4.4137715012431,no_fit,2.9865683902848548,0.9996767634444282,-2.0407635334741103
heat,0.4,102,0,0,False,0.999054521356719,0.017525339499115944,0.12627388816326857,0.32422710367018004,0.00014935049963415146,0.012055704037097603,5,-0.043228632379736835,-0.1766083865752462,-0.046770784773274406,no_fit,-0.1766083865752462,0.9996767634444282,-2.0407635334741103
heat,0.4,102,0,1,False,0.9997851084060684,0.016919482499361038,0.14887716062366962,0.32558154147677565,0.00020030330495601789,0.01245006704055892,5,0.7292996546751043,0.7095733522261308,0.7951848862100704,ungated,0.7095733522261308,0.9996767634444282,-2.0407635334741103
heat,0.4,102,0,2,False,0.999644285462087,0.017083371058106422,0.13911681436002254,0.32479894864799735,0.00014553541557826822,0.01201884523527394,5,0.28293357235412797,-0.24296111830334838,-0.12546345358019778,no_fit,-0.24296111830334838,0.9996767634444282,-2.0407635334741103
heat,0.4,102,0,3,False,0.9997800822493242,0.016474872827529907,0.1294307103380561,0.3272302671439709,0.00026935171386163314,0.012992459637826864,5,1.6696803862962395,1.9104775748477483,1.953180233544742,ungated,1.6696803862962395,0.9996767634444282,-2.0407635334741103
heat,0.4,102,1,0,False,0.9997929438840174,0.017230169847607613,0.14094169903546572,0.32712740977537147,0.0002428943202238468,0.012742117611158923,5,1.6110138115829877,1.4503251072852978,1.4187059365428627,ungated,1.4187059365428627,0.9996767634444282,-2.0407635334741103
heat,0.4,102,1,1,False,0.9974560187406414,0.018210651353001595,0.10839458834379911,0.323120451637953,0.00012521071029350994,0.011835707832908902,5,-0.6744277872312707,-0.5964526003934039,-0.5164574695934839,no_fit,-0.6744277872312707,0.9996767634444282,-2.0407635334741103
heat,0.4,102,1,2,False,0.999537016259774,0.017359482124447823,0.15246194787323475,0.3249584236021204,0.00020977525215277147,0.012341984481970804,5,0.373893018802608,0.8743114188277687,0.5644311838116658,no_fit,0.373893018802608,0.9996767634444282,-2.0407635334741103
heat,0.4,102,1,3,False,0.9356542567766876,0.03026224486529827,0.006347885413561016,0.37536047003823514,0.007975584710544357,0.03459686763932227,5,29.121618759875027,135.93887725705562,48.07807956599769,no_fit,29.121618759875027,0.9996767634444282,-2.0407635334741103
heat,0.4,102,2,0,False,0.7548452272765144,0.10242795944213867,1.2097686862944101e-05,0.4174325155162091,0.03174228106782395,0.07287577373092742,5,53.1181766436853,549.2941806679904,129.80263734649768,no_fit,53.1181766436853,0.9996767634444282,-2.0407635334741103
heat,0.4,102,2,1,False,0.9173553209978605,0.03851603344082832,0.004509563324972987,0.22432758297145472,0.016749617683798654,0.007520207305256181,5,-57.02274088991662,288.53867519599856,-9.72994887344734,acf_or_spectral,-57.02274088991662,0.9996767634444282,-2.0407635334741103
heat,0.4,102,2,2,False,0.9917605879377019,0.020718464627861977,0.08922846429049969,0.32580601485512567,0.00020897568575052074,0.012488156937372435,5,0.8573321369505565,0.860405194427409,0.8765059136589745,no_fit,0.8573321369505565,0.9996767634444282,-2.0407635334741103
heat,0.4,102,2,3,False,0.7351492949193199,0.11013763397932053,5.4692980029358296e-06,0.35440338173741714,0.007949949241096023,0.03177680640063871,5,17.168361513326712,135.49301986515724,42.05731562112919,no_fit,17.168361513326712,0.9996767634444282,-2.0407635334741103
heat,0.4,102,3,0,False,0.8917829405749964,0.05480651929974556,0.001119431784900371,0.43985154505696045,0.03334283864266635,0.07656980782028854,5,65.9052787196978,577.1314093694463,137.6893126254795,no_fit,65.9052787196978,0.9996767634444282,-2.0407635334741103
heat,0.4,102,3,1,False,0.9599323171481158,0.023654257878661156,0.022756167454645038,0.3414271296459401,0.001877055682117137,0.01940572904534041,5,9.767119646180891,29.8719978300459,15.645358505357931,no_fit,9.767119646180891,0.9996767634444282,-2.0407635334741103
heat,0.4,102,3,2,False,0.9182430153254726,0.03355468437075615,0.013891104143112898,0.3424205311999795,0.0018359412007190497,0.01911804905747607,5,10.333724326855481,29.15692625773273,15.03116854563835,no_fit,10.333724326855481,0.9996767634444282,-2.0407635334741103
heat,0.4,102,3,3,False,0.9642365764426748,0.023340536281466484,0.029078863095492125,0.34560952309486953,0.0020053549569164515,0.02022533057143161,5,12.152623972150682,32.10340537886283,17.395188349390907,no_fit,12.152623972150682,0.9996767634444282,-2.0407635334741103
heat,0.4,103,0,0,False,0.9980143808021594,0.019162721931934357,0.15335333719849586,0.3199431196940948,5.76148245397751e-05,0.010360199061764313,5,-2.486676966957745,-1.7720942396449504,-3.666633745124142,acf_or_spectral,-3.666633745124142,0.9996767634444282,-2.0407635334741103
heat,0.4,103,0,1,False,0.9991435232111595,0.020013917237520218,0.16024459712207317,0.3042034057660974,0.00045743385252594235,0.00767163103901046,5,-11.46410965550011,5.181641068715094,-9.40666278870589,no_fit,-11.46410965550011,0.9996767634444282,-2.0407635334741103
heat,0.4,103,0,2,False,0.9996960798765281,0.016803130507469177,0.12729691993445158,0.32892090225689974,0.00033590228315142777,0.013458678632868945,5,2.6339649340736506,3.0679388537489554,2.948546744476441,ungated,2.6339649340736506,0.9996767634444282,-2.0407635334741103
heat,0.4,103,0,3,False,0.9962951049300335,0.02095937356352806,0.13652208354324102,0.3125095070312413,4.756973865758428e-05,0.00858982844747082,5,-6.726573423700659,-1.9468004529193121,-7.446333071287954,acf_or_spectral,-7.446333071287954,0.9996767634444282,-2.0407635334741103
heat,0.4,103,1,0,False,0.9994614567082997,0.01787988655269146,0.15774543955922127,0.3231941683511578,0.000131133184128395,0.011670668412910009,5,-0.6323821163986341,-0.4934477093407858,-0.8688127219479334,no_fit,-0.8688127219479334,0.9996767634444282,-2.0407635334741103
heat,0.4,103,1,1,False,0.9162431794878662,0.033579178154468536,0.0070735710323788226,0.3493238084767105,0.0025822138424027308,0.021785209460217565,5,14.271134330982653,42.13625454102413,20.72549282758307,no_fit,14.271134330982653,0.9996767634444282,-2.0407635334741103
heat,0.4,103,1,2,False,0.9995711842548397,0.018017666414380074,0.1387586472555995,0.3208582053484823,9.964284410022227e-05,0.011247275083101046,5,-1.9647411869241624,-1.0411342224842883,-1.7727474520325852,no_fit,-1.9647411869241624,0.9996767634444282,-2.0407635334741103
heat,0.4,103,1,3,False,0.999759684219854,0.01739620417356491,0.15303898975253105,0.3195479878475036,2.858606334354307e-05,0.010627335757019171,5,-2.712047616773811,-2.2769684641282693,-3.09630322851005,ungated,-3.09630322851005,0.9996767634444282,-2.0407635334741103
heat,0.4,103,2,0,False,0.9367623017092089,0.0284358449280262,0.013027417240664363,0.32203599632717067,0.00033041374643069535,0.012577427226068853,5,-1.2929666374808404,2.9724810868226945,1.067095865451048,no_fit,-1.2929666374808404,0.9996767634444282,-2.0407635334741103
heat,0.4,103,2,1,False,0.9877658672144743,0.025876807048916817,0.0781068867072463,0.34503191098430447,0.0021047551287207813,0.020085188012255138,5,11.823172378150554,33.83219374547538,17.09598730515217,no_fit,11.823172378150554,0.9996767634444282,-2.0407635334741103
heat,0.4,103,2,2,False,0.966049645108039,0.034744858741760254,0.07312291720882058,0.2574770140309399,0.006095769425546479,0.0029632529694183837,5,-38.1153587506106,103.24474064648669,-19.45893843838032,acf_or_spectral,-38.1153587506106,0.9996767634444282,-2.0407635334741103
heat,0.4,103,2,3,False,0.9168426659748694,0.05020112544298172,0.011897576274350286,0.30433842346738293,0.0010506981957667388,0.01104297111715693,5,-11.387099848930713,15.49981734852759,-2.20893157990783,no_fit,-11.387099848930713,0.9996767634444282,-2.0407635334741103
heat,0.4,103,3,0,False,0.7233425669173784,0.11340045183897018,2.719245526350278e-05,0.3465593634332716,0.007912017440287765,0.029610044133740805,5,12.694382719601549,134.8333021325655,37.431329506114814,no_fit,12.694382719601549,0.9996767634444282,-2.0407635334741103
heat,0.4,103,3,1,False,0.9186862828732992,0.037089262157678604,0.003376345965079963,0.33224991116757974,0.0018329580567195084,0.0186601504860205,5,4.532725836076264,29.105042799699188,14.05356594197523,no_fit,4.532725836076264,0.9996767634444282,-2.0407635334741103
heat,0.4,103,3,2,False,0.9532041716017706,0.02702031098306179,0.01803812850266695,0.34470925191292856,0.002376217332839805,0.021040786067092157,5,11.639137896464561,38.553520599716556,19.136166516662826,no_fit,11.639137896464561,0.9996767634444282,-2.0407635334741103
heat,0.4,103,3,3,False,0.926195175344143,0.03465303033590317,0.003131263714749366,0.37556697754923307,0.01005942215639001,0.03727241205084393,5,29.239404082285787,172.18140952733336,53.79030350809328,no_fit,29.239404082285787,0.9996767634444282,-2.0407635334741103
heat,0.4,104,0,0,False,0.999894559974945,0.01656191237270832,0.1387671222910285,0.32324900271388723,0.00011558861582377307,0.011796234108133788,5,-0.6011063382825391,-0.7638020594514157,-0.6007329369612128,ungated,-0.7638020594514157,0.9996767634444282,-2.0407635334741103
heat,0.4,104,0,1,False,0.9998424531939726,0.016283106058835983,0.1309988647699356,0.32701219683751337,0.000278123074636739,0.012901794240932638,5,1.5453000127679728,2.0630308973632743,1.7596117587967366,ungated,1.5453000127679728,0.9996767634444282,-2.0407635334741103
heat,0.4,104,0,2,False,0.9998620836580724,0.016721902415156364,0.14863804914057255,0.3228019399263475,9.720025831817108e-05,0.011564540374530766,5,-0.8560967466883228,-1.0836161800887052,-1.0953935699977597,ungated,-1.0953935699977597,0.9996767634444282,-2.0407635334741103
heat,0.4,104,0,3,False,0.9995715060800454,0.017156867310404778,0.13296923600137234,0.32210071402447715,0.00010945993818768087,0.011500779359746522,5,-1.256053719369099,-0.8703932897045324,-1.2315218262339283,no_fit,-1.256053719369099,0.9996767634444282,-2.0407635334741103
heat,0.4,104,1,0,False,0.9996452787606916,0.01697729527950287,0.13076999876648188,0.3221955103117344,0.00017824084005612847,0.011631475529056329,5,-1.2019849293092182,0.32585839514529136,-0.95248860060077,no_fit,-1.2019849293092182,0.9996767634444282,-2.0407635334741103
heat,0.4,104,1,1,False,0.7181877101024337,0.11361715942621231,2.9518126964944713e-07,0.3332642667304111,0.0025688010037171003,0.020282138351560564,5,5.1112820175433855,41.90297567377414,17.516471614341594,no_fit,5.1112820175433855,0.9996767634444282,-2.0407635334741103
heat,0.4,104,1,2,False,0.5952573697384291,0.1560448259115219,0.13061362830922008,0.5851696075690621,0.13586479337206436,0.20765187980383387,5,148.79008403443902,2360.2144709104036,417.54643132606503,no_fit,148.79008403443902,0.9996767634444282,-2.0407635334741103
heat,0.4,104,1,3,False,0.7671001856731505,0.08752165734767914,1.6174907528920812e-06,0.38413723403174066,0.01946864649626173,0.052286085117492415,5,34.12760605642706,335.82858721671136,85.84413987156077,no_fit,34.12760605642706,0.9996767634444282,-2.0407635334741103
heat,0.4,104,2,0,False,0.9265475001158581,0.03380990028381348,0.027226064121350646,0.3262077020367436,0.00029690536398519125,0.012997010155896969,5,1.0864417415673697,2.3896963621662297,1.962895481834793,no_fit,1.0864417415673697,0.9996767634444282,-2.0407635334741103
heat,0.4,104,2,1,False,0.8552852985753168,0.06229541078209877,0.0002105390012729913,0.3997455414901205,0.019955066959787212,0.055400973696402886,5,43.03008867019505,344.28851262086954,92.49435320414123,no_fit,43.03008867019505,0.9996767634444282,-2.0407635334741103
heat,0.4,104,2,2,False,0.9980184681690615,0.01870298944413662,0.12011606711894274,0.32310796177227785,0.0001289618206949117,0.011804829798948159,5,-0.6815516097416735,-0.531212511708364,-0.5823813406814946,no_fit,-0.6815516097416735,0.9996767634444282,-2.0407635334741103
heat,0.4,104,2,3,False,0.9985707578189706,0.018742946907877922,0.11683257576078176,0.3304055790899967,0.0005274803364443011,0.014367377344810079,5,3.480777423445361,6.399904018587548,4.8885969698245875,no_fit,3.480777423445361,0.9996767634444282,-2.0407635334741103
heat,0.4,104,3,0,False,0.9122873213677974,0.03363623097538948,0.0067629735567606986,0.3453401129939715,0.0024681149672500045,0.020933825841311086,5,11.998961011216977,40.15182328273712,18.907808968222394,no_fit,11.998961011216977,0.9996767634444282,-2.0407635334741103
heat,0.4,104,3,1,False,0.9194107041144173,0.03620680421590805,0.006800608593039215,0.3592454204232636,0.004384247237506897,0.026666637999803434,5,19.930106521930888,73.47759241955377,31.147227131590675,no_fit,19.930106521930888,0.9996767634444282,-2.0407635334741103
heat,0.4,104,3,2,False,0.9403859448826807,0.028887486085295677,0.016366834635846317,0.339907151544946,0.0016751203001052874,0.018668723532393672,5,8.900172435313193,26.35989585987265,14.071869192909377,no_fit,8.900172435313193,0.9996767634444282,-2.0407635334741103
heat,0.4,104,3,3,False,0.9727475134417994,0.023709315806627274,0.04596689390018582,0.32756863158866967,0.00039809899232486025,0.013758237303035787,5,1.8626727138807855,4.1496768961366275,3.588097409537603,no_fit,1.8626727138807855,0.9996767634444282,-2.0407635334741103
heat,0.4,105,0,0,False,0.9993649731930899,0.017115646973252296,0.12373947817832232,0.32577630005076685,0.0002315848883171277,0.012653035099363096,5,0.8403837567446136,1.2536291261976569,1.2285168839856178,no_fit,0.8403837567446136,0.9996767634444282,-2.0407635334741103
heat,0.4,105,0,1,False,0.999714924273162,0.016604702919721603,0.12709111906588078,0.3285022761722812,0.00032092341096504225,0.013368059914062055,5,2.395193917426025,2.8074232076414747,2.755077926339219,ungated,2.395193917426025,0.9996767634444282,-2.0407635334741103
heat,0.4,105,0,2,False,0.9996360472634191,0.017456049099564552,0.14794566854834557,0.32662649087182855,0.00024257830393476106,0.012784398174648774,5,1.325305585909587,1.4448288865613848,1.5089739380800378,no_fit,1.325305585909587,0.9996767634444282,-2.0407635334741103
heat,0.4,105,0,3,False,0.9792977794148923,0.025008196011185646,0.07201707921922207,0.3268657300919288,0.00025136593102392845,0.012925752509872476,5,1.4617600351285915,1.597665116178647,1.8107620954758712,no_fit,1.4617600351285915,0.9996767634444282,-2.0407635334741103
heat,0.4,105,1,0,False,0.9973682609649837,0.020063530653715134,0.14021187834441662,0.30473306536784617,0.0002965542263425843,0.0067668759191528375,5,-11.162008648817785,2.383589303590782,-11.338293538368907,no_fit,-11.338293538368907,0.9996767634444282,-2.0407635334741103
heat,0.4,105,1,1,False,0.9737245865439265,0.030493201687932014,0.26617928594350815,0.32668240899499706,0.00023353546221647028,0.012532522014401627,5,1.3571995065431797,1.2875539112779038,0.9712243022260821,no_fit,0.9712243022260821,0.9996767634444282,-2.0407635334741103
heat,0.4,105,1,2,False,0.9556288833894123,0.02789178490638733,0.03529315977357328,0.3221379890685863,0.000158245690133296,0.011874834010226355,5,-1.2347932186393349,-0.021901391863053052,-0.4329240078153922,no_fit,-1.2347932186393349,0.9996767634444282,-2.0407635334741103
heat,0.4,105,1,3,False,0.8139762492229554,0.08262187242507935,2.4728645712457364e-05,0.2688649950570203,0.004292062839862144,0.0034334999185435854,5,-31.620016231190263,71.87430229098992,-18.45497234089263,acf_or_spectral,-31.620016231190263,0.9996767634444282,-2.0407635334741103
heat,0.4,105,2,0,False,0.9528061933988606,0.024414246901869774,0.02103849919512868,0.34298377689974124,0.0017988945062355913,0.019363628849137816,5,10.654981776632098,28.512602477583467,15.555475583706635,no_fit,10.654981776632098,0.9996767634444282,-2.0407635334741103
heat,0.4,105,2,1,False,0.9742335053864956,0.025189731270074844,0.07989977346733212,0.30761510133024506,0.000456545659475626,0.007668234441738479,5,-9.518186913762506,5.1661934313034035,-9.41391444342525,no_fit,-9.518186913762506,0.9996767634444282,-2.0407635334741103
heat,0.4,105,2,2,False,0.9159611048089196,0.039220232516527176,0.008297904103528708,0.35250000992980546,0.003268962535710026,0.023706412760644186,5,16.08273871469957,54.08032999104569,24.827216365817513,no_fit,16.08273871469957,0.9996767634444282,-2.0407635334741103
heat,0.4,105,2,3,False,0.7137719682302608,0.11870599538087845,1.707245871784835e-05,0.355119146735712,0.012412086292422485,0.036877010180037514,5,17.576611124622165,213.0994312479189,52.94612987993614,no_fit,17.576611124622165,0.9996767634444282,-2.0407635334741103
heat,0.4,105,3,0,False,0.9675538313020566,0.024096045643091202,0.04133759578689933,0.32254313733949846,0.00026424709440944815,0.012397699004215276,5,-1.0037095186666565,1.821696976537584,0.683380369075344,no_fit,-1.0037095186666565,0.9996767634444282,-2.0407635334741103
heat,0.4,105,3,1,False,0.9051323094655795,0.04412471503019333,0.0006266325399337802,0.3920579422991688,0.014687389856376453,0.0467939714123533,5,38.64532636835298,252.67198188313165,74.11860720459798,no_fit,38.64532636835298,0.9996767634444282,-2.0407635334741103
heat,0.4,105,3,2,False,0.9450728871603412,0.028327932581305504,0.02192588523030281,0.3411942340271724,0.00160437455854955,0.018487933555305817,5,9.634283385591427,25.129471276405187,13.685886874258635,no_fit,9.634283385591427,0.9996767634444282,-2.0407635334741103
heat,0.4,105,3,3,False,0.9323639081857834,0.028358018025755882,0.003784634609473869,0.37687779220665785,0.008818200249004815,0.036157425802632565,5,29.98705111119738,150.59382114673969,51.409834279209115,no_fit,29.98705111119738,0.9996767634444282,-2.0407635334741103
heat,0.4,106,0,0,False,0.9999085593138125,0.016229704022407532,0.14249607641249895,0.3213018755333437,9.746312378726115e-05,0.01144906330047488,5,-1.7116858112847377,-1.0790443694298504,-1.341934387763526,ungated,-1.7116858112847377,0.9996767634444282,-2.0407635334741103
heat,0.4,106,0,1,False,0.9994661645870426,0.017153074964880943,0.13196658995002508,0.32643736403934087,0.00025545414233867146,0.012662068226304123,5,1.217433650242752,1.668768133737754,1.2478023960340534,no_fit,1.217433650242752,0.9996767634444282,-2.0407635334741103
heat,0.4,106,0,2,False,0.9999097838160856,0.016547054052352905,0.13773625064641237,0.32388983291405615,0.00017601689374974823,0.012189324883308487,5,-0.23559715475358767,0.2871790605661771,0.23850655676589558,ungated,-0.23559715475358767,0.9996767634444282,-2.0407635334741103
heat,0.4,106,0,3,False,0.9983200625787032,0.018448034301400185,0.14013314619660378,0.31560536035207754,2.6605906678712442e-06,0.009433769706652988,5,-4.960797061528633,-2.727869652195236,-5.644538473649053,acf_or_spectral,-5.644538473649053,0.9996767634444282,-2.0407635334741103
heat,0.4,106,1,0,False,0.9999062571561886,0.016653914004564285,0.14725198782980442,0.32251749625238174,0.00011661541467605167,0.011511522849081988,5,-1.0183343800017777,-0.7459437612367537,-1.208584730987283,ungated,-1.208584730987283,0.9996767634444282,-2.0407635334741103
heat,0.4,106,1,1,False,0.999841465149391,0.016772713512182236,0.14878819324076176,0.3234717085362373,0.00012547808457019074,0.011747248477289668,5,-0.4740820137846303,-0.5918023716194826,-0.7053160984746099,ungated,-0.7053160984746099,0.9996767634444282,-2.0407635334741103
heat,0.4,106,1,2,False,0.9996877047412144,0.01747867465019226,0.15342487394809723,0.3195852043763405,3.8827222604974126e-05,0.01074684312637745,5,-2.6908204912959848,-2.0988521020495354,-2.8411578257406105,ungated,-2.8411578257406105,0.9996767634444282,-2.0407635334741103
heat,0.4,106,1,3,False,0.9995703218079597,0.01716603711247444,0.13646533526480198,0.32503483601686833,0.0001873582317826277,0.012151875792769785,5,0.4174762321384166,0.4844299596054522,0.1585536355347297,no_fit,0.1585536355347297,0.9996767634444282,-2.0407635334741103
heat,0.4,106,2,0,False,0.9964129091442219,0.021289817988872528,0.1224278649315238,0.31278510120131214,4.1888956749425686e-05,0.008688473446825239,5,-6.5693832662121725,-2.045601787945373,-7.235728334302913,acf_or_spectral,-7.235728334302913,0.9996767634444282,-2.0407635334741103
heat,0.4,106,2,1,False,0.9431027429190737,0.04056493565440178,0.032440937822684646,0.21801690076859614,0.018845598087441986,0.008758105361574038,5,-60.62215349386306,324.9924003022224,-7.087065845708362,acf_or_spectral,-60.62215349386306,0.9996767634444282,-2.0407635334741103
heat,0.4,106,2,2,False,0.9437106513398835,0.02711210772395134,0.017588615184649825,0.3296435908520269,0.0005709833386997806,0.014677698736918186,5,3.0461635450020657,7.156517240142527,5.551125791290204,no_fit,3.0461635450020657,0.9996767634444282,-2.0407635334741103
heat,0.4,106,2,3,False,0.9984206058200159,0.018822137266397476,0.1611069869250059,0.3238872143989725,0.00021924849449688318,0.012004657281613977,5,-0.23709067255289187,1.0390720109003906,-0.15575439856947834,no_fit,-0.23709067255289187,0.9996767634444282,-2.0407635334741103
heat,0.4,106,3,0,False,0.7222753144467527,0.11857961118221283,1.842987171585264e-05,0.3488769146473467,0.004100269155178446,0.02496216980837685,5,14.016240290951716,68.53858682036041,27.50822791719528,no_fit,14.016240290951716,0.9996767634444282,-2.0407635334741103
heat,0.4,106,3,1,False,0.8301562997681105,0.07289893925189972,6.862834788989858e-05,0.33561574302013053,0.0027556474725387694,0.021123198881823145,5,6.452489374057614,45.152648141920366,19.312115923973955,no_fit,6.452489374057614,0.9996767634444282,-2.0407635334741103
heat,0.4,106,3,2,False,0.9847398189736328,0.024791762232780457,0.07256602169945836,0.30934917381754196,0.00010466955458217757,0.008662862410813432,5,-8.529127067886268,-0.9537086331136758,-7.2904072895310605,no_fit,-8.529127067886268,0.9996767634444282,-2.0407635334741103
heat,0.4,106,3,3,False,0.9310451853694824,0.029327552765607834,0.011125081917271018,0.3158307761724456,0.0014845720188133502,0.012442646851680426,5,-4.832227040272581,23.045840702865696,0.7793429587189482,no_fit,-4.832227040272581,0.9996767634444282,-2.0407635334741103
heat,0.4,107,0,0,False,0.9982051340887079,0.020228227600455284,0.16469279490411282,0.3067000379704724,0.0006612007049680434,0.007902971262640585,5,-10.040109977656183,8.725596351776439,-8.91275689108777,no_fit,-10.040109977656183,0.9996767634444282,-2.0407635334741103
heat,0.4,107,0,1,False,0.6221483525760955,0.13520477712154388,0.3609302192926407,0.5365489962044085,0.08235502228526836,0.14301978601670443,5,121.05843225228422,1429.561454162561,279.5584420522717,no_fit,121.05843225228422,0.9996767634444282,-2.0407635334741103
heat,0.4,107,0,2,False,0.9978424122579539,0.01905510202050209,0.11458923947066069,0.3258605564467678,0.0002870243404512285,0.012685136868819011,5,0.8884409277413688,2.217843555217706,1.2970534013687933,no_fit,0.8884409277413688,0.9996767634444282,-2.0407635334741103
heat,0.4,107,0,3,False,0.9987723188337713,0.01816539466381073,0.12259346712380648,0.3266184526237884,0.0002825335605527706,0.012788807100322156,5,1.3207208246461861,2.139738981507771,1.5183868899570327,no_fit,1.3207208246461861,0.9996767634444282,-2.0407635334741103
heat,0.4,107,1,0,False,0.5274980693982221,0.18490761518478394,0.18559367494890466,0.6527326691424106,0.22050792610054296,0.3032038963556952,5,187.32590751136235,3832.3453587994886,621.5477232921498,no_fit,187.32590751136235,0.9996767634444282,-2.0407635334741103
heat,0.4,107,1,1,False,0.9941943314129456,0.02180575579404831,0.10086763557046652,0.3227242856398995,0.00015706028683253482,0.012009987686999162,5,-0.9003882841808367,-0.04251817148124253,-0.14437410933517913,no_fit,-0.9003882841808367,0.9996767634444282,-2.0407635334741103
heat,0.4,107,1,2,False,0.9060185656925969,0.031939100474119186,0.005562667269259691,0.3461620420564576,0.0022756096047379356,0.020851929362777834,5,12.467763231319637,36.80373016397956,18.732961926462806,no_fit,12.467763231319637,0.9996767634444282,-2.0407635334741103
heat,0.4,107,1,3,False,0.9996241105906346,0.017419150099158287,0.14422795921564102,0.3163632542437138,8.124068753385992e-06,0.00967938112269141,5,-4.528518468134417,-2.632847710240514,-5.1201639182856615,acf_or_spectral,-5.1201639182856615,0.9996767634444282,-2.0407635334741103
heat,0.4,107,2,0,False,0.9907112647931904,0.023288553580641747,0.18384588323533535,0.3244362065425832,0.0002306044204727375,0.012401269482969922,5,0.07603700170787905,1.236576626463993,0.6910032566414064,no_fit,0.07603700170787905,0.9996767634444282,-2.0407635334741103
heat,0.4,107,2,1,False,0.8930258748218782,0.041699472814798355,0.004538865061476827,0.35522122145122215,0.003667486263418559,0.02486201520349757,5,17.63483129888242,61.01153716881404,27.294400208173187,no_fit,17.63483129888242,0.9996767634444282,-2.0407635334741103
heat,0.4,107,2,2,False,0.9569303619721381,0.029496490955352783,0.046509791631251574,0.31683950820082657,3.356502362880426e-05,0.010252217736968664,5,-4.256878344165802,-2.1903733560641756,-3.8971713157735883,acf_or_spectral,-4.256878344165802,0.9996767634444282,-2.0407635334741103
heat,0.4,107,2,3,False,0.9998629959776186,0.01666206121444702,0.13667574524879456,0.3291172165662267,0.0003657097658904757,0.013563881765933193,5,2.7459363781445476,3.5863567645218795,3.1731529415872917,ungated,2.7459363781445476,0.9996767634444282,-2.0407635334741103
heat,0.4,107,3,0,False,0.8949165292856329,0.03773609921336174,0.0034693834313657135,0.32578519270126666,0.0005950623089119138,0.01412087247328619,5,0.8454558420220157,7.575303675086421,4.362314908163299,no_fit,0.8454558420220157,0.9996767634444282,-2.0407635334741103
heat,0.4,107,3,1,False,0.6665515567529692,0.13661345839500427,8.633391360035603e-06,0.3844423137467097,0.012361235955054391,0.04242589010805822,5,34.30161383180996,212.21503165298324,64.79285708811089,no_fit,34.30161383180996,0.9996767634444282,-2.0407635334741103
heat,0.4,107,3,2,False,0.8557132018918031,0.0685507208108902,0.00042003803901025094,0.3515795032585406,0.006016293821927445,0.028469789305424348,5,15.55771095889423,101.86248449469088,34.996912457251476,no_fit,15.55771095889423,0.9996767634444282,-2.0407635334741103
heat,0.4,107,3,3,False,0.914872002564387,0.03116770088672638,0.006973919516894966,0.339564525961817,0.0013548088907575397,0.018030635778653267,5,8.704749689767505,20.78897351515357,12.709566953268743,no_fit,8.704749689767505,0.9996767634444282,-2.0407635334741103
heat,0.4,108,0,0,False,0.999890416478901,0.01662358082830906,0.14387761801481247,0.31721444103409274,1.9314105767245275e-05,0.010116359709331649,5,-4.0430285697182295,-2.438228269847544,-4.1872249866646944,ungated,-4.1872249866646944,0.9996767634444282,-2.0407635334741103
heat,0.4,108,0,1,False,0.9997701007778299,0.016939396038651466,0.14450582303106785,0.3293984978807345,0.0003410392273312528,0.01349923255096073,5,2.906370302108473,3.1572816504143497,3.0351283989883657,ungated,2.906370302108473,0.9996767634444282,-2.0407635334741103
heat,0.4,108,0,2,False,0.9997603248978333,0.017179174348711967,0.1513973567634821,0.327066494543255,0.00022760992547813243,0.012680796504684573,5,1.576269698790699,1.184495749574329,1.2877868267534052,ungated,1.184495749574329,0.9996767634444282,-2.0407635334741103
heat,0.4,108,0,3,False,0.9999353299419838,0.01635832153260708,0.14051720965653658,0.3219586895015707,0.00032144804923127596,0.011700133019503555,5,-1.3370599943463788,2.816547824982479,-0.8059064848085693,ungated,-1.3370599943463788,0.9996767634444282,-2.0407635334741103
heat,0.4,108,1,0,False,0.9988523351935042,0.017511529847979546,0.12774489633738995,0.3216525079088599,6.738217623381525e-05,0.011263408651612163,5,-1.511696245780556,-1.602218436869583,-1.7383026654225116,acf_or_spectral,-1.7383026654225116,0.9996767634444282,-2.0407635334741103
heat,0.4,108,1,1,False,0.9997494321976382,0.01703455299139023,0.15039465948939323,0.3205656960940183,6.54493460393418e-05,0.01106846036764905,5,-2.1315791710666354,-1.6358346197613074,-2.154512633879439,ungated,-2.154512633879439,0.9996767634444282,-2.0407635334741103
heat,0.4,108,1,2,False,0.9998053292820297,0.017131397500634193,0.15228078328073025,0.32207942506545345,6.994503070319332e-05,0.011281673947581597,5,-1.2681962651306495,-1.5576447413562238,-1.69930669118386,ungated,-1.69930669118386,0.9996767634444282,-2.0407635334741103
heat,0.4,108,1,3,False,0.999622491981424,0.01787688210606575,0.15557157061994076,0.3219062624433524,0.000114045380330713,0.011274720458395296,5,-1.3669627224624055,-0.7906423306392528,-1.714152225887021,no_fit,-1.714152225887021,0.9996767634444282,-2.0407635334741103
heat,0.4,108,2,0,False,0.8587887040479346,0.0698702335357666,0.001405607363267336,0.21012744940791647,0.022072149637111158,0.009964672939122978,5,-65.12204585938093,381.10925283970244,-4.511072648005639,acf_or_spectral,-65.12204585938093,0.9996767634444282,-2.0407635334741103
heat,0.4,108,2,1,False,0.9712750427585934,0.023642409592866898,0.04061933234333992,0.32328818566564127,0.0002035486442768272,0.012403949035114136,5,-0.578757627656703,0.76601696556887,0.6967240369978682,no_fit,-0.578757627656703,0.9996767634444282,-2.0407635334741103
heat,0.4,108,2,2,False,0.9540640112904447,0.02633839100599289,0.020142079330980778,0.290601533132254,0.0015076545637901914,0.006363629793138497,5,-19.222185600657507,23.44729710382974,-12.199214465585504,no_fit,-19.222185600657507,0.9996767634444282,-2.0407635334741103
heat,0.4,108,2,3,False,0.9558261934351909,0.02612236887216568,0.028615381103008986,0.3209399741335143,0.0010367036419378596,0.0127730891727266,5,-1.9181028701792113,15.256421171075049,1.4848294868562568,no_fit,-1.9181028701792113,0.9996767634444282,-2.0407635334741103
heat,0.4,108,3,0,False,0.8313739227749001,0.0829085260629654,0.00010023687627835898,0.35968543861111774,0.012916695293897943,0.039275572814681387,5,20.18107891452111,221.87569546963473,58.06700428935638,no_fit,20.18107891452111,0.9996767634444282,-2.0407635334741103
heat,0.4,108,3,1,False,0.9194448411164399,0.035368598997592926,0.01710877870209515,0.3239190013312753,0.00024277430753805174,0.012646012652261228,5,-0.21896041641041797,1.4482378218079968,1.2135241257661502,no_fit,-0.21896041641041797,0.9996767634444282,-2.0407635334741103
heat,0.4,108,3,2,False,0.9882292115090349,0.02225801907479763,0.0765715716406703,0.3194208037298561,0.00016184932538214694,0.011071126412602756,5,-2.7845893961514623,0.040773778437377506,-2.1488206910547634,no_fit,-2.7845893961514623,0.9996767634444282,-2.0407635334741103
heat,0.4,108,3,3,False,0.8101145331384118,0.08808839321136475,3.5358201330382144e-05,0.3698198672562266,0.018859569104239887,0.04922582100855977,5,25.96143498798606,325.2353871187594,79.31054848847512,no_fit,25.96143498798606,0.9996767634444282,-2.0407635334741103
heat,0.4,109,0,0,False,0.9996576980720411,0.017167311161756516,0.1293260771781206,0.32586232139407423,0.00021780895672162456,0.012622939569393287,5,0.8894475976030098,1.0140352718888588,1.164263640382824,no_fit,0.8894475976030098,0.9996767634444282,-2.0407635334741103
heat,0.4,109,0,1,False,0.9998163882283467,0.016641240566968918,0.14851875230669975,0.32284568149018383,9.313077319628854e-05,0.011553706508439633,5,-0.8311479485825368,-1.1543935078247418,-1.1185236174769682,ungated,-1.1543935078247418,0.9996767634444282,-2.0407635334741103
heat,0.4,109,0,2,False,0.9991877630649043,0.017484590411186218,0.11957439687103033,0.3330221879391067,0.0005951039883813477,0.014893997223781569,5,4.973207967138115,7.576028573047623,6.01291793720991,no_fit,4.973207967138115,0.9996767634444282,-2.0407635334741103
heat,0.4,109,0,3,False,0.9940655767723707,0.020441239699721336,0.1019731080159545,0.3256905232978058,0.00021139492731099335,0.012537746914917335,5,0.7914594224477922,0.9024811444972304,0.982379341063178,no_fit,0.7914594224477922,0.9996767634444282,-2.0407635334741103
heat,0.4,109,1,0,False,0.9995143006005909,0.01815158873796463,0.14831452071666718,0.30542444416389086,0.00023432290550746341,0.0070197075720452844,5,-10.767668152404049,1.301249288017451,-10.798503948350305,no_fit,-10.798503948350305,0.9996767634444282,-2.0407635334741103
heat,0.4,109,1,1,False,0.8521752517318353,0.06340202689170837,0.00034474910899007227,0.18331239274709493,0.03818832649745467,0.01762198803874861,6,-80.41650211908271,661.405137290262,11.83711370834613,no_fit,-80.41650211908271,0.9996767634444282,-2.0407635334741103
heat,0.4,109,1,2,False,0.96212042566555,0.02437957189977169,0.029808250721544027,0.31559320031524196,0.00015953049061193667,0.010563694982649939,5,-4.967732760149392,0.0004441240507884001,-3.232174774308343,no_fit,-4.967732760149392,0.9996767634444282,-2.0407635334741103
heat,0.4,109,1,3,False,0.9471347271601205,0.026619786396622658,0.016229211469180882,0.3292000401893289,0.0007117442966796971,0.015145491780968735,5,2.7931763410068027,9.604660962750433,6.549852859569964,no_fit,2.7931763410068027,0.9996767634444282,-2.0407635334741103
heat,0.4,109,2,0,False,0.6054435902447453,0.15572300553321838,1.9816011445072945e-06,0.4029132348699739,0.023284279711604162,0.0582592840069068,5,44.83684031928257,402.19087003981906,98.5967780113278,no_fit,44.83684031928257,0.9996767634444282,-2.0407635334741103
heat,0.4,109,2,1,False,0.9026102774940086,0.04095359891653061,0.00044939379404240754,0.41457923115844836,0.02465731840506407,0.06255923732739166,5,51.49075391032138,426.07104325355374,107.77707649615009,no_fit,51.49075391032138,0.9996767634444282,-2.0407635334741103
heat,0.4,109,2,2,False,0.829904000635736,0.0867457166314125,0.0006679489524685778,0.33123862223435835,0.018980137658895578,0.03111028055586794,5,3.955918762695233,327.332340382365,40.63429873076118,no_fit,3.955918762695233,0.9996767634444282,-2.0407635334741103
heat,0.4,109,2,3,False,0.8580042601193834,0.07053051143884659,0.0002849086176865967,0.43757091937787185,0.043724110366238994,0.0867118152287526,5,64.60448230017964,757.6846363969112,159.34225820547488,no_fit,64.60448230017964,0.9996767634444282,-2.0407635334741103
heat,0.4,109,3,0,False,0.9129666090548468,0.03390006348490715,0.0015446842880919576,0.3794637915393406,0.009678926373869388,0.03791212108552213,5,31.462022959350207,165.56374810455765,55.15606714413229,no_fit,31.462022959350207,0.9996767634444282,-2.0407635334741103
heat,0.4,109,3,1,False,0.9895592796708442,0.02282608672976494,0.08732469659298658,0.3247475388629644,0.0002725046190456029,0.01255496566354392,5,0.25361106453874727,1.9653135545461442,1.0191409615147589,no_fit,0.25361106453874727,0.9996767634444282,-2.0407635334741103
heat,0.4,109,3,2,False,0.9607437743871309,0.026843538507819176,0.03627150715328753,0.3384494297548403,0.0011624038389060256,0.017146835938726335,5,8.06873424595595,17.44262502017147,10.822675229883123,no_fit,8.06873424595595,0.9996767634444282,-2.0407635334741103
heat,0.4,109,3,3,False,0.978674675880114,0.02393506094813347,0.06600768631324172,0.32310121258678043,0.00013291487077701867,0.011914068671599038,5,-0.6854011306912142,-0.46246024628938576,-0.34915893514908136,no_fit,-0.6854011306912142,0.9996767634444282,-2.0407635334741103
heat,0.4,110,0,0,False,0.9990267280092507,0.017828473821282387,0.12523642554879189,0.3216593108285453,6.891629709068151e-05,0.011237132723887655,5,-1.5078160765576132,-1.5755366893214109,-1.7944011487077665,acf_or_spectral,-1.7944011487077665,0.9996767634444282,-2.0407635334741103
heat,0.4,110,0,1,False,0.9951710508067648,0.020357467234134674,0.10289788525551558,0.3206970491732649,9.259461405281455e-05,0.011189904247410575,5,-2.0566595484633514,-1.1637184986478504,-1.895232827269829,no_fit,-2.0566595484633514,0.9996767634444282,-2.0407635334741103
heat,0.4,110,0,2,False,0.9998742778619363,0.016773415729403496,0.13830034621059895,0.3259809254253415,0.00022943411234834432,0.012710183162077608,5,0.9570955683452158,1.2162223852783158,1.3505266441960866,ungated,0.9570955683452158,0.9996767634444282,-2.0407635334741103
heat,0.4,110,0,3,False,0.705123786032892,0.08169703185558319,0.49876391887664795,0.3927833353742403,0.010367844761450841,0.039180443471668526,5,39.05906752870569,177.54555932658224,57.86390539538406,no_fit,39.05906752870569,0.9996767634444282,-2.0407635334741103
heat,0.4,110,1,0,False,0.9895837582764041,0.02260582335293293,0.19797644205391407,0.32615917864982236,0.00022824972017374424,0.01259881118456751,5,1.058765543518391,1.1956231913756512,1.1127501103168012,no_fit,1.058765543518391,0.9996767634444282,-2.0407635334741103
heat,0.4,110,1,1,False,0.7578782864167102,0.08577850461006165,8.085915396804921e-05,0.37774547257923363,0.010628222172036881,0.03937590668324051,5,30.481948424808184,182.07409715683815,58.28121472208866,no_fit,30.481948424808184,0.9996767634444282,-2.0407635334741103
heat,0.4,110,1,2,False,0.5085924321177906,0.20834149420261383,0.2288092672242783,0.6606823263294609,0.23293921559110967,0.3167680330273808,5,191.86013936717674,4048.552919241033,650.5068337880184,no_fit,191.86013936717674,0.9996767634444282,-2.0407635334741103
heat,0.4,110,1,3,False,0.9974012529868829,0.02104194276034832,0.11226206086575985,0.3245904860897664,0.00025814514765214224,0.012725466742166678,5,0.16403315312407574,1.7155706552623513,1.3831567256590476,no_fit,0.16403315312407574,0.9996767634444282,-2.0407635334741103
heat,0.4,110,2,0,False,0.8581898547642669,0.05162603780627251,0.000643186409433838,0.32113593981925614,0.0003341742236961237,0.0126358862458037,5,-1.8063302699236332,3.0378840859460854,1.1919044878468579,no_fit,-1.8063302699236332,0.9996767634444282,-2.0407635334741103
heat,0.4,110,2,1,False,0.5566336993090728,0.16815082728862762,3.901379201920463e-07,0.3653176555554941,0.009713144773793227,0.036797581759974066,5,23.393516493546407,166.15888160019063,52.776552084547866,no_fit,23.393516493546407,0.9996767634444282,-2.0407635334741103
heat,0.4,110,2,2,False,0.9204402348585403,0.034751974046230316,0.020014938665553927,0.33230130023813864,0.0006454202352269424,0.015140746804608906,5,4.562036529013872,8.451139155044427,6.5397224474375495,no_fit,4.562036529013872,0.9996767634444282,-2.0407635334741103
heat,0.4,110,2,3,False,0.9833374997851285,0.02499917708337307,0.051512579433619976,0.36606090891563847,0.005277980552179447,0.02873089925523814,5,23.817444592986643,89.02158725591555,35.5543760151064,no_fit,23.817444592986643,0.9996767634444282,-2.0407635334741103
heat,0.4,110,3,0,False,0.928430983263334,0.030078783631324768,0.01059319928754121,0.3478712213011981,0.0023568170360289487,0.021306058867040276,5,13.442624762634862,38.21610662118279,19.70251766094773,no_fit,13.442624762634862,0.9996767634444282,-2.0407635334741103
heat,0.4,110,3,1,False,0.8740359731277618,0.04285776987671852,0.008245892997365445,0.3402129005198528,0.0015291148525502498,0.018020798788795027,5,9.074561935298597,23.82053888881948,12.688565212933424,no_fit,9.074561935298597,0.9996767634444282,-2.0407635334741103
heat,0.4,110,3,2,False,0.8825441873913455,0.04287533462047577,0.010752626461908221,0.3371992298894019,0.001069343427887809,0.016850160649198694,5,7.355659968333013,15.824099085657267,10.189280514187066,no_fit,7.355659968333013,0.9996767634444282,-2.0407635334741103
heat,0.4,110,3,3,False,0.9961170952580483,0.02138713002204895,0.143245292827487,0.2899949861976304,0.0013273713131904201,0.0042709697508277605,5,-19.56814069888449,20.31177348576691,-16.666994086390122,no_fit,-19.56814069888449,0.9996767634444282,-2.0407635334741103
heat,0.4,111,0,0,False,0.9786554044272733,0.028199952095746994,0.24309428222477436,0.32581986228771886,0.00025920674488948484,0.012342350934086045,5,0.8652302724937576,1.734034174194277,0.5652135503974332,no_fit,0.5652135503974332,0.9996767634444282,-2.0407635334741103
heat,0.4,111,0,1,False,0.9985203618646175,0.01825939305126667,0.12576427217572927,0.3210788156289817,6.98451992525316e-05,0.011100416836344862,5,-1.8389120929111493,-1.5593810306140108,-2.086286330177299,acf_or_spectral,-2.086286330177299,0.9996767634444282,-2.0407635334741103
heat,0.4,111,0,2,False,0.9993585472718993,0.017038412392139435,0.12631145678460598,0.3215019121047251,7.876707524644686e-05,0.011362664237643361,5,-1.597591307214433,-1.4042099162521278,-1.5263943403457134,no_fit,-1.597591307214433,0.9996767634444282,-2.0407635334741103
heat,0.4,111,0,3,False,0.999707800006565,0.01751973293721676,0.14784378372132778,0.3322557398877919,0.0005188639868922143,0.014499607963570032,5,4.536050352875256,6.250046683354389,5.170906208686798,ungated,4.536050352875256,0.9996767634444282,-2.0407635334741103
heat,0.4,111,1,0,False,0.9996839918920232,0.017408445477485657,0.13496677950024605,0.32043514995397965,5.685061618578534e-05,0.010984711681533404,5,-2.206038541186533,-1.785385509549859,-2.3333140949535878,ungated,-2.3333140949535878,0.9996767634444282,-2.0407635334741103
heat,0.4,111,1,1,False,0.9988451461277685,0.018421046435832977,0.14999360404908657,0.3055084456855225,0.0002377500323871894,0.00698935029543166,5,-10.71975635364882,1.3608545882199339,-10.863316014837567,no_fit,-10.863316014837567,0.9996767634444282,-2.0407635334741103
heat,0.4,111,1,2,False,0.8900624486144431,0.04249363765120506,0.001039191243762616,0.2834051096556016,0.00549651041755592,0.009306966670858114,5,-23.326796882376833,92.8223039162845,-5.915259951445766,no_fit,-23.326796882376833,0.9996767634444282,-2.0407635334741103
heat,0.4,111,1,3,False,0.9997623446344759,0.01721576601266861,0.1356507297605276,0.3299123518756846,0.00038374589615146944,0.01374309875468179,5,3.199456292902578,3.9000448760001367,3.5557769673936077,ungated,3.199456292902578,0.9996767634444282,-2.0407635334741103
heat,0.4,111,2,0,False,0.9262658605403912,0.039303526282310486,0.0036617617297451943,0.36206779797547706,0.006286401734336956,0.03063492899275031,5,21.53990099548733,106.56025722714428,39.619434403314344,no_fit,21.53990099548733,0.9996767634444282,-2.0407635334741103
heat,0.4,111,2,1,False,0.9403279462858233,0.02918820083141327,0.01385941356420517,0.33968381111392004,0.0016059949453413377,0.018676543389915735,5,8.772786150191514,25.157653378952954,14.088564403487437,no_fit,8.772786150191514,0.9996767634444282,-2.0407635334741103
heat,0.4,111,2,2,False,0.672715776224283,0.12819123268127441,2.431768234600895e-05,0.3782156239891676,0.012625178621107201,0.04142299858732387,5,30.75010784977699,216.80557714442395,62.651707447165364,no_fit,30.75010784977699,0.9996767634444282,-2.0407635334741103
heat,0.4,111,2,3,False,0.9441448938950756,0.027732152491807938,0.016899539390578866,0.3348802479047718,0.001079447858118033,0.01664910121290864,5,6.032986330921619,15.99983742811855,9.760023380269002,no_fit,6.032986330921619,0.9996767634444282,-2.0407635334741103
heat,0.4,111,3,0,False,0.9242828070114192,0.0347086600959301,0.002975589915877208,0.3379526164277661,0.0023970735055440784,0.02036358061654501,5,7.785367710643877,38.91625547319531,17.690348920933584,no_fit,7.785367710643877,0.9996767634444282,-2.0407635334741103
heat,0.4,111,3,1,False,0.989391546943833,0.021155821159482002,0.07772358786314726,0.3262398013427743,0.0002657741707783373,0.01297019719157081,5,1.104750165758423,1.848256204892454,1.9056504381259771,no_fit,1.104750165758423,0.9996767634444282,-2.0407635334741103
heat,0.4,111,3,2,False,0.7351352218252538,0.1164540946483612,3.23984179431136e-05,0.3369286219815464,0.004096702075450749,0.022477993660938448,5,7.201313816371594,68.4765474312519,22.204570685914238,no_fit,7.201313816371594,0.9996767634444282,-2.0407635334741103
heat,0.4,111,3,3,False,0.9249351269106929,0.03138338029384613,0.004779724375111982,0.34863321485480636,0.003144514016297481,0.02329919708391859,5,13.877241672949443,51.91589557712858,23.957820541860446,no_fit,13.877241672949443,0.9996767634444282,-2.0407635334741103
heat,0.4,112,0,0,False,0.9991726838766928,0.018458247184753418,0.14377386495471,0.342516363236011,0.0013911799642392607,0.018165917868332715,5,10.388383875104843,21.42154675496834,12.998391010262877,no_fit,10.388383875104843,0.9996767634444282,-2.0407635334741103
heat,0.4,112,0,1,False,0.9988677916781896,0.018295571208000183,0.1599215380847454,0.3183624884394648,1.5906867623105352e-05,0.010318143435928366,5,-3.3882188093800596,-2.497487661043194,-3.7564215100984044,acf_or_spectral,-3.7564215100984044,0.9996767634444282,-2.0407635334741103
heat,0.4,112,0,2,False,0.5485895080111962,0.1868252456188202,0.3759703482501209,0.6103731514658446,0.15479700638315097,0.23000882169294493,5,163.1653846200244,2689.487439092251,465.2779726830589,no_fit,163.1653846200244,0.9996767634444282,-2.0407635334741103
heat,0.4,112,0,3,False,0.9772226305227595,0.02876528725028038,0.24302418529987335,0.3295004490864974,0.0003776170379708771,0.013506016240568075,5,2.9645200303334622,3.793450505679696,3.0496114156125533,no_fit,2.9645200303334622,0.9996767634444282,-2.0407635334741103
heat,0.4,112,1,0,False,0.9995483717075342,0.017599834129214287,0.1375261778011918,0.31872983233675706,0.00032804934854016533,0.010794848203204846,5,-3.178697522870396,2.931358989214675,-2.73866812382621,no_fit,-3.178697522870396,0.9996767634444282,-2.0407635334741103
heat,0.4,112,1,1,False,0.9994619801477979,0.017321866005659103,0.1481723738834262,0.31946713051184367,7.647732071456984e-05,0.010779864299433912,5,-2.758166071758608,-1.4440338011132094,-2.770658403448483,no_fit,-2.770658403448483,0.9996767634444282,-2.0407635334741103
heat,0.4,112,1,2,False,0.9869456544673298,0.027233364060521126,0.14571110252290964,0.345354404842122,0.0018991619768365612,0.019890583228442116,5,12.007112627272573,30.25647508442208,16.680510701379085,no_fit,12.007112627272573,0.9996767634444282,-2.0407635334741103
heat,0.4,112,1,3,False,0.5663309270828946,0.1724284142255783,0.14206825976725668,0.6307440544738969,0.1884461270847614,0.2677505222730147,5,174.78430040186183,3274.7199126356386,545.8556094213951,no_fit,174.78430040186183,0.9996767634444282,-2.0407635334741103
heat,0.4,112,2,0,False,0.9578642997014944,0.03034805692732334,0.040705740451812744,0.33117482501200485,0.0005412555836115263,0.014522099440363145,5,3.9195308542481957,6.63948596917804,5.218924978877063,no_fit,3.9195308542481957,0.9996767634444282,-2.0407635334741103
heat,0.4,112,2,1,False,0.9246067031130402,0.037207625806331635,0.03847757796756923,0.30177073696864354,0.0004067938245951731,0.006587445551495083,5,-12.851626638500187,4.300899219053271,-11.721373123091897,no_fit,-12.851626638500187,0.9996767634444282,-2.0407635334741103
heat,0.4,112,2,2,False,0.8950381751096405,0.04133619740605354,0.00311996485106647,0.3624901050718815,0.005382761056904528,0.02881763950840538,5,21.780771544291966,90.8439514865639,35.739564400973464,no_fit,21.780771544291966,0.9996767634444282,-2.0407635334741103
heat,0.4,112,2,3,False,0.9967006804582883,0.020294534042477608,0.1198978740721941,0.313676349576557,5.591242876254939e-05,0.00924759285259701,5,-6.061043512762068,-1.8017026594455883,-6.0420216470260035,acf_or_spectral,-6.061043512762068,0.9996767634444282,-2.0407635334741103
heat,0.4,112,3,0,False,0.9117894093096716,0.03335816040635109,0.005192166659981012,0.32553810422106155,0.0007879181679957556,0.01461320959710438,5,0.7045244242527356,10.929492702782767,5.413443005363259,no_fit,0.7045244242527356,0.9996767634444282,-2.0407635334741103
heat,0.4,112,3,1,False,0.9067532877109887,0.03675480931997299,0.0007030883643892594,0.32242824835534967,0.000990669710297095,0.015152570033622305,5,-1.0692385445796497,14.455789501678634,6.564964761320431,no_fit,-1.0692385445796497,0.9996767634444282,-2.0407635334741103
heat,0.4,112,3,2,False,0.8335583304321393,0.08126850426197052,0.0006289796692726668,0.32130613992623136,0.019575654402096708,0.032599598341279915,5,-1.7092535370844921,337.6896908685968,43.81395692465403,no_fit,-1.7092535370844921,0.9996767634444282,-2.0407635334741103
heat,0.4,112,3,3,False,0.7572486022802906,0.11150390654802322,0.00017140122417913517,0.37496100651666053,0.01882931824246789,0.04587519452749554,5,28.893777460289193,324.70925786805367,72.15704031879784,no_fit,28.893777460289193,0.9996767634444282,-2.0407635334741103
heat,0.4,113,0,0,False,0.5710885515877905,0.15663164854049683,0.21051042526960373,0.5940831621110398,0.1420187521038827,0.2149718918896985,5,153.87409231326276,2467.2453952142773,433.17448373784487,no_fit,153.87409231326276,0.9996767634444282,-2.0407635334741103
heat,0.4,113,0,1,False,0.9989637373519168,0.01808549277484417,0.11775966268032789,0.34111211645869943,0.0012635703351445548,0.017710601800441976,5,9.58744613385449,19.202133667021744,12.026301990538059,no_fit,9.58744613385449,0.9996767634444282,-2.0407635334741103
heat,0.4,113,0,2,False,0.9996459067804809,0.017259621992707253,0.12801173608750105,0.3310296879746405,0.0004561747717964494,0.014147047826725125,5,3.8367492999255814,5.15974287600313,4.418198667731194,no_fit,3.8367492999255814,0.9996767634444282,-2.0407635334741103
heat,0.4,113,0,3,False,0.999588982708025,0.017058148980140686,0.13206435460597277,0.31800753419616373,6.054496225880875e-05,0.01037894171111034,5,-3.5906734309395785,-1.7211326778157652,-3.6266186327336927,acf_or_spectral,-3.6266186327336927,0.9996767634444282,-2.0407635334741103
heat,0.4,113,1,0,False,0.9999425493276184,0.016188712790608406,0.1424557827413082,0.3217915095608036,9.23568445468446e-05,0.011524746045893325,5,-1.4324141203474496,-1.16785383512056,-1.1803535190173058,ungated,-1.4324141203474496,0.9996767634444282,-2.0407635334741103
heat,0.4,113,1,1,False,0.9880531861038554,0.022222811356186867,0.0845318241044879,0.32403642717709225,0.0001562265093885233,0.01208994758508038,5,-0.15198444521176685,-0.05701940140253986,0.02633837903173625,no_fit,-0.15198444521176685,0.9996767634444282,-2.0407635334741103
heat,0.4,113,1,2,False,0.9732171939025005,0.027171367779374123,0.06159147247672081,0.3281550337653024,0.00032399732001508596,0.013279064320825687,5,2.197137882257899,2.8608852702242387,2.565074442847551,no_fit,2.197137882257899,0.9996767634444282,-2.0407635334741103
heat,0.4,113,1,3,False,0.9989400748978728,0.01827959716320038,0.12165610771626234,0.3256431938210201,0.0002543945757128178,0.01261453793593916,5,0.7644641928031278,1.6503399316212373,1.146326351970525,no_fit,0.7644641928031278,0.9996767634444282,-2.0407635334741103
heat,0.4,113,2,0,False,0.9991996926639256,0.01916373334825039,0.12818238325417042,0.32650312382801844,0.00028060605092922707,0.012909069230148002,5,1.254940944159671,2.1062153350871653,1.775143688446469,no_fit,1.254940944159671,0.9996767634444282,-2.0407635334741103
heat,0.4,113,2,1,False,0.9154861568949616,0.040360428392887115,0.0019032333075301722,0.3448707658497311,0.003306303950992252,0.023397270841686694,5,11.731260313843888,54.72977961634249,24.16720569158989,no_fit,11.731260313843888,0.9996767634444282,-2.0407635334741103
heat,0.4,113,2,2,False,0.7680239788790549,0.09879567474126816,0.0002991787132486934,0.304851002862594,0.002945168971284956,0.01481442275574712,5,-11.094740849326813,48.44884528431916,5.843028332863039,no_fit,-11.094740849326813,0.9996767634444282,-2.0407635334741103
heat,0.4,113,2,3,False,0.9587807474120869,0.027763022109866142,0.054132798220962286,0.31342079190519,0.00019391547005746758,0.009118546629712126,5,-6.206805488057994,0.5984748052116036,-6.3175322761247745,no_fit,-6.3175322761247745,0.9996767634444282,-2.0407635334741103
heat,0.4,113,3,0,False,0.9541159375970474,0.028124652802944183,0.024297024123370647,0.3432993665491664,0.001908503561246981,0.019404905396174506,5,10.834984084671204,30.418945854455085,15.64360003389878,no_fit,10.834984084671204,0.9996767634444282,-2.0407635334741103
heat,0.4,113,3,1,False,0.7340038958374616,0.1123470738530159,9.86953449455541e-06,0.39646819593463456,0.01812135000179378,0.05241446713000722,5,41.160794904370434,312.39612765719374,86.11823242725279,no_fit,41.160794904370434,0.9996767634444282,-2.0407635334741103
heat,0.4,113,3,2,False,0.738808132538437,0.11218477040529251,0.00013646930710820016,0.3613962456014856,0.010151183177309146,0.031823684477008306,5,21.156868860219905,173.77733620023454,42.15739920376183,no_fit,21.156868860219905,0.9996767634444282,-2.0407635334741103
heat,0.4,113,3,3,False,0.9309135751786186,0.02896762080490589,0.009837795863859355,0.3432697731459258,0.0026140334694273225,0.020426321107099233,5,10.818104947805551,42.68966808178089,17.824298382112154,no_fit,10.818104947805551,0.9996767634444282,-2.0407635334741103
heat,0.4,114,0,0,False,0.9988721521973881,0.01857350952923298,0.15626549068838358,0.3131605693876024,0.00015803959543604857,0.008887272371943438,5,-6.3552281434107325,-0.025485833504897103,-6.811297338191282,no_fit,-6.811297338191282,0.9996767634444282,-2.0407635334741103
heat,0.4,114,0,1,False,0.9991648865428396,0.017545167356729507,0.12863725889474154,0.3202477498238232,0.0002959729083428414,0.011115341530517598,5,-2.312925620710323,2.373478900590309,-2.0544224616446622,no_fit,-2.312925620710323,0.9996767634444282,-2.0407635334741103
heat,0.4,114,0,2,False,0.9995572793684375,0.017325429245829582,0.14814276807010174,0.314652824850779,9.435473448724473e-06,0.009234700722747425,5,-5.50409304425572,-2.6100394882820535,-6.069546038874734,acf_or_spectral,-6.069546038874734,0.9996767634444282,-2.0407635334741103
heat,0.4,114,0,3,False,0.9994500186532826,0.016953015699982643,0.13233771547675133,0.32020306455378694,9.148801273405603e-05,0.010771960598050637,5,-2.3384126788458772,-1.1829647378808543,-2.787532618684192,no_fit,-2.787532618684192,0.9996767634444282,-2.0407635334741103
heat,0.4,114,1,0,False,0.9995595840130274,0.01744753122329712,0.1360481884330511,0.322033274012751,0.00018263266846957023,0.011481850558264558,5,-1.2945193591231405,0.40224198414212475,-1.2719343690251557,no_fit,-1.2945193591231405,0.9996767634444282,-2.0407635334741103
heat,0.4,114,1,1,False,0.999800783285493,0.016565803438425064,0.13729111291468143,0.3219918303675556,0.00012296099870212174,0.011387087108362231,5,-1.3181574974534676,-0.6355800501435049,-1.474252089873522,ungated,-1.474252089873522,0.9996767634444282,-2.0407635334741103
heat,0.4,114,1,2,False,0.9994779098640424,0.017976578325033188,0.1586182862520218,0.3206999854632411,4.880871046412331e-05,0.010946996995956379,5,-2.054984781962789,-1.9252519987584682,-2.413834055300337,acf_or_spectral,-2.413834055300337,0.9996767634444282,-2.0407635334741103
heat,0.4,114,1,3,False,0.9997492315424618,0.01746736653149128,0.15130241960287094,0.3189421440437936,9.905141304784458e-05,0.010647149734874807,5,-3.057601671469953,-1.0514205137898676,-3.0540008551284985,ungated,-3.057601671469953,0.9996767634444282,-2.0407635334741103
heat,0.4,114,2,0,False,0.9044563215101707,0.03639523684978485,0.0008335682796314359,0.27729297411120546,0.005589925374673891,0.00888457202133449,5,-26.812964781239348,94.4469961899665,-6.81706252277729,no_fit,-26.812964781239348,0.9996767634444282,-2.0407635334741103
heat,0.4,114,2,1,False,0.8914707722232534,0.05094312131404877,0.00029521677788579836,0.42744933232465654,0.034131035194912535,0.07644155731446708,5,58.831450662683835,590.8398869846526,137.41550083346274,no_fit,58.831450662683835,0.9996767634444282,-2.0407635334741103
heat,0.4,114,2,2,False,0.826644958855194,0.08326038718223572,0.00039674771687714383,0.3494218878687938,0.012450442948052289,0.03884722145628909,5,14.327075699713289,213.7665381435237,57.15248428568877,no_fit,14.327075699713289,0.9996767634444282,-2.0407635334741103
heat,0.4,114,2,3,False,0.8776463004324396,0.06325128674507141,0.0011139363778056577,0.3209548812526282,0.00921637030995101,0.024772151735973923,5,-1.9096003231165855,157.51887727895866,27.1025438336358,no_fit,-1.9096003231165855,0.9996767634444282,-2.0407635334741103
heat,0.4,114,3,0,False,0.8205028636738644,0.08345162868499756,0.0002792167269944912,0.2538053230380306,0.007741757323548242,0.004877150870579352,5,-40.20957462345046,131.87210293366675,-15.372811754532641,acf_or_spectral,-40.20957462345046,0.9996767634444282,-2.0407635334741103
heat,0.4,114,3,1,False,0.9290015274160786,0.030931631103157997,0.010106235858984292,0.32077037719553836,0.0002569738275183817,0.012390088316377008,5,-2.0148355745871287,1.695198813000243,0.6671317308175173,no_fit,-2.0148355745871287,0.9996767634444282,-2.0407635334741103
heat,0.4,114,3,2,False,0.8982866369343355,0.04095340147614479,0.0005537331780942623,0.3508563839151657,0.0048619846732875435,0.026991416611350464,5,15.14526666285251,81.78650080754626,31.840621774105465,no_fit,15.14526666285251,0.9996767634444282,-2.0407635334741103
heat,0.4,114,3,3,False,0.9541679136881686,0.027607694268226624,0.027599029475823045,0.33206267212204943,0.0006528674783083657,0.015174385484745537,5,4.425930634104692,8.58066314850235,6.6115402327187445,no_fit,4.425930634104692,0.9996767634444282,-2.0407635334741103
heat,0.4,115,0,0,False,0.9989039255351339,0.01795314811170101,0.13385196216404438,0.319752738797916,3.5938317422128845e-05,0.010768469171219333,5,-2.5952641807055934,-2.1490965390730548,-2.7949867322664472,acf_or_spectral,-2.7949867322664472,0.9996767634444282,-2.0407635334741103
heat,0.4,115,0,1,False,0.990278487521433,0.021462367847561836,0.08084069285541773,0.3333967598810639,0.000631178333397328,0.015084392524283367,5,5.1868519006505025,8.203441049955208,6.4194073938249545,no_fit,5.1868519006505025,0.9996767634444282,-2.0407635334741103
heat,0.4,115,0,2,False,0.9996997710868668,0.017106058076024055,0.14022581465542316,0.3243390115067082,0.00015055160513114145,0.012036588381166518,5,0.020600041657648525,-0.15571851110945525,-0.08758225738729375,ungated,-0.15571851110945525,0.9996767634444282,-2.0407635334741103
heat,0.4,115,0,3,False,0.9349509123736565,0.03528482839465141,0.3124586008489132,0.3235549428070571,0.00010298386224998545,0.011579910109255848,5,-0.4266078305127542,-0.9830265431402132,-1.062579550427686,no_fit,-1.062579550427686,0.9996767634444282,-2.0407635334741103
heat,0.4,115,1,0,False,0.6886295668008731,0.13018976151943207,6.553476481485632e-06,0.2739471360553835,0.011580697110127373,0.019588977134847703,5,-28.721324492877812,198.63973846882956,16.036588835798053,no_fit,-28.721324492877812,0.9996767634444282,-2.0407635334741103
heat,0.4,115,1,1,False,0.9947103695038317,0.01958545297384262,0.09224814642220736,0.3275919663906768,0.00035409891774953496,0.01350179917468331,5,1.8759821434725579,3.3844184898871377,3.0406080798396102,no_fit,1.8759821434725579,0.9996767634444282,-2.0407635334741103
heat,0.4,115,1,2,False,0.590447387841902,0.15751153230667114,0.13687113637570292,0.5937640363650176,0.1418470364031802,0.21474715323104418,5,153.6920731280856,2464.258880197748,432.6946720250766,no_fit,153.6920731280856,0.9996767634444282,-2.0407635334741103
heat,0.4,115,1,3,False,0.9990080974046601,0.018868187442421913,0.15744225960224867,0.3096694753579611,0.00018104952373196466,0.007812367540302663,5,-8.346437246946495,0.37470760311083195,-9.106193692118973,no_fit,-9.106193692118973,0.9996767634444282,-2.0407635334741103
heat,0.4,115,2,0,False,0.9763784930554497,0.02383122220635414,0.04441732307896018,0.3415346458142414,0.0015204487077908517,0.01859888335782596,5,9.828443452208804,23.669815505031778,13.922762074534566,no_fit,9.828443452208804,0.9996767634444282,-2.0407635334741103
heat,0.4,115,2,1,False,0.9231675096514682,0.035761646926403046,0.009611476969439536,0.35622597866137357,0.003703967963383653,0.024926720567312058,5,18.207912884972572,61.646034447330386,27.432544627219816,no_fit,18.207912884972572,0.9996767634444282,-2.0407635334741103
heat,0.4,115,2,2,False,0.9997052442795449,0.0167146697640419,0.1394823743030429,0.3295269466165065,0.0003678621967929661,0.013630341245066596,5,2.9796333794805676,3.6237922883908698,3.315042355289499,ungated,2.9796333794805676,0.9996767634444282,-2.0407635334741103
heat,0.4,115,2,3,False,0.9466448924167332,0.028425797820091248,0.02088955813087523,0.3362403983063494,0.0010493817234322788,0.0167687352416594,5,6.8087729006341,15.476920989140384,10.015439197841166,no_fit,6.8087729006341,0.9996767634444282,-2.0407635334741103
heat,0.4,115,3,0,False,0.9616624793491647,0.02565881237387657,0.04247246542945504,0.3149855106145942,2.6570554820155813e-05,0.009605532935730892,5,-5.3143396558047105,-2.312022605633169,-5.27782804818,acf_or_spectral,-5.3143396558047105,0.9996767634444282,-2.0407635334741103
heat,0.4,115,3,1,False,0.9211597075025965,0.03387526422739029,0.0072563294670544565,0.3502183922974614,0.003286273506441782,0.022809531098643053,5,14.781376516564213,54.38140597786331,22.912395262176908,no_fit,14.781376516564213,0.9996767634444282,-2.0407635334741103
heat,0.4,115,3,2,False,0.9092945097842395,0.03507732227444649,0.0021240098867565393,0.3430258553935501,0.0026600126948364156,0.021579685537944256,5,10.678982012438961,43.489348289070364,20.286704121842504,no_fit,10.678982012438961,0.9996767634444282,-2.0407635334741103
heat,0.4,115,3,3,False,0.7463718397644332,0.10831183940172195,3.5044029345954186e-05,0.386980931855139,0.016236199938796596,0.0477916977554149,5,35.74956093520681,279.60920748321394,76.24872931356144,no_fit,35.74956093520681,0.9996767634444282,-2.0407635334741103
heat,0.4,116,0,0,False,0.999044493325218,0.018304163590073586,0.12461042683571577,0.3278769966559524,0.00028722166928198904,0.013174725054668593,5,2.0385543498299725,2.2212755390948327,2.3423125811207735,no_fit,2.0385543498299725,0.9996767634444282,-2.0407635334741103
heat,0.4,116,0,1,False,0.9991419877440176,0.017754843458533287,0.11833550781011581,0.3328136253145061,0.0005816108866857888,0.014844511303629428,5,4.854250473230473,7.341353754912285,5.907266669874407,no_fit,4.854250473230473,0.9996767634444282,-2.0407635334741103
heat,0.4,116,0,2,False,0.9990272612387808,0.017815139144659042,0.12901573907583952,0.32242070513505994,8.906605341473515e-05,0.011471411949843194,5,-1.0735409577439348,-1.2250879557752161,-1.294220550742005,no_fit,-1.294220550742005,0.9996767634444282,-2.0407635334741103
heat,0.4,116,0,3,False,0.9947513022652719,0.021579638123512268,0.186518806964159,0.3250611535249156,0.00025769241666644387,0.012232092630021485,5,0.43248690247876304,1.7076966642312186,0.32981468294442023,no_fit,0.32981468294442023,0.9996767634444282,-2.0407635334741103
heat,0.4,116,1,0,False,0.9998250692059119,0.016715845093131065,0.14631773252040148,0.32129481709805907,0.0001541933596182943,0.01126108567525479,5,-1.715711718486369,-0.0923803631247387,-1.7432621649203943,ungated,-1.7432621649203943,0.9996767634444282,-2.0407635334741103
heat,0.4,116,1,1,False,0.9953903547582075,0.019921911880373955,0.108656145632267,0.3240020184297705,0.00013100779154004124,0.011898319692524995,5,-0.17161010133176585,-0.49562856319717713,-0.38278263242090127,no_fit,-0.49562856319717713,0.9996767634444282,-2.0407635334741103
heat,0.4,116,1,2,False,0.9992306682020176,0.017875587567687035,0.13160156458616257,0.32015596631982424,0.00012772533334514335,0.010957706588007597,5,-2.3652760149321392,-0.5527177556827007,-2.3909693299526262,no_fit,-2.3909693299526262,0.9996767634444282,-2.0407635334741103
heat,0.4,116,1,3,False,0.9860447994719931,0.02480003423988819,0.09958628099411726,0.3150537608496486,3.3799758434755584e-05,0.00926592280245546,5,-5.275411890409413,-2.1862907997224568,-6.002887638265779,acf_or_spectral,-6.002887638265779,0.9996767634444282,-2.0407635334741103
heat,0.4,116,2,0,False,0.9911768778819631,0.023021582514047623,0.12344442214816809,0.3076921686870213,0.00016405902186965348,0.007305352412511849,5,-9.474230142304792,0.07920527721653262,-10.188658980117761,no_fit,-10.188658980117761,0.9996767634444282,-2.0407635334741103
heat,0.4,116,2,1,False,0.9480528088226622,0.03479296341538429,0.022980057052336633,0.23381754858154274,0.01249154839899422,0.005041177915514756,5,-51.60996605354532,214.48145265627383,-15.02261789895828,acf_or_spectral,-51.60996605354532,0.9996767634444282,-2.0407635334741103
heat,0.4,116,2,2,False,0.9985116009202454,0.017623281106352806,0.1318732714280486,0.3138636180639894,4.9213931503203664e-05,0.009156621903109674,5,-5.954231518065076,-1.918204310554792,-6.236242469322573,acf_or_spectral,-6.236242469322573,0.9996767634444282,-2.0407635334741103
heat,0.4,116,2,3,False,0.9996166243951216,0.017437975853681564,0.14952961821109056,0.31509160305323236,2.881251534188453e-05,0.009438508860197826,5,-5.253827899937062,-2.2730299640912723,-5.634420493088716,acf_or_spectral,-5.634420493088716,0.9996767634444282,-2.0407635334741103
heat,0.4,116,3,0,False,0.9759409123902945,0.02622254192829132,0.05234566796571016,0.3278001134613673,0.0004527105680864783,0.013774742023169,5,1.9947026186342682,5.099492727893093,3.62333459606926,no_fit,1.9947026186342682,0.9996767634444282,-2.0407635334741103
heat,0.4,116,3,1,False,0.7466041254153852,0.11911115795373917,6.380391198490543e-06,0.38700791742428,0.017301573294442176,0.05050286325581678,5,35.76495264636709,298.1384014464262,82.03700343664782,no_fit,35.76495264636709,0.9996767634444282,-2.0407635334741103
heat,0.4,116,3,2,False,0.9450403227417787,0.026806075125932693,0.010839073918759823,0.33117635469702844,0.0012641597540477573,0.016807181330193995,5,3.9204033379792724,19.2123849626123,10.097520686177342,no_fit,3.9204033379792724,0.9996767634444282,-2.0407635334741103
heat,0.4,116,3,3,False,0.8105956619634067,0.09338626265525818,4.014417959297134e-05,0.334478745385797,0.010434465951168356,0.029884810025630017,5,5.803982052008741,178.70424885058273,38.01794817682796,no_fit,5.803982052008741,0.9996767634444282,-2.0407635334741103
heat,0.4,117,0,0,False,0.998161566981966,0.018767761066555977,0.14923069812357426,0.3309292733784946,0.00047198166811312364,0.014269268669324752,5,3.779476004999712,5.434659689208546,4.679137271595978,no_fit,3.779476004999712,0.9996767634444282,-2.0407635334741103
heat,0.4,117,0,1,False,0.9988525921144081,0.01825677417218685,0.13850928377360106,0.3229649128538755,0.00013563534160947416,0.01162594633490298,5,-0.763142167359205,-0.41514525435842675,-0.9642932991463232,no_fit,-0.9642932991463232,0.9996767634444282,-2.0407635334741103
heat,0.4,117,0,2,False,0.5577073542934031,0.17706142365932465,0.31687583425082266,0.6033239026624966,0.14808359702853913,0.22219789452916158,5,159.14471709542116,2572.726433734962,448.6018282083901,no_fit,159.14471709542116,0.9996767634444282,-2.0407635334741103
heat,0.4,117,0,3,False,0.9970904989777253,0.02195451781153679,0.16156848706305027,0.3369646007497056,0.0008939269275230486,0.01620295007000462,5,7.221834962489206,12.773218995233986,8.807501258298227,no_fit,7.221834962489206,0.9996767634444282,-2.0407635334741103
heat,0.4,117,1,0,False,0.9782936940877667,0.027283120900392532,0.17710647359490395,0.2637253350231999,0.006364845911668068,0.0008618648708128909,5,-34.55151499963608,107.92457459940671,-23.945352252629895,acf_or_spectral,-34.55151499963608,0.9996767634444282,-2.0407635334741103
heat,0.4,117,1,1,False,0.6952104935034848,0.1149069294333458,0.28018500842154026,0.5346420405141217,0.08015603176328162,0.14019141741155006,5,119.97076532085853,1391.3161557521578,273.5199420767674,no_fit,119.97076532085853,0.9996767634444282,-2.0407635334741103
heat,0.4,117,1,2,False,0.9982342605123424,0.019653042778372765,0.14927908591926098,0.3134450438643298,3.3844230239210235e-05,0.009236124732159673,5,-6.192972941180789,-2.185517336892485,-6.066505812510564,acf_or_spectral,-6.192972941180789,0.9996767634444282,-2.0407635334741103
heat,0.4,117,1,3,False,0.9453455298284104,0.02980365976691246,0.04053885745815933,0.31008852393097114,0.0015332375400445037,0.009333439790036323,5,-8.107425256345076,23.892241523230165,-5.858740469077796,no_fit,-8.107425256345076,0.9996767634444282,-2.0407635334741103
heat,0.4,117,2,0,False,0.9570995523120251,0.024310031905770302,0.030719446251168847,0.3326031452264845,0.0009160702968384214,0.015335033937652584,5,4.734199319115703,13.15834105865837,6.954520874342386,no_fit,4.734199319115703,0.9996767634444282,-2.0407635334741103
heat,0.4,117,2,1,False,0.9972156373701532,0.019708456471562386,0.15005774796009064,0.30770544337448785,0.00019487741939375278,0.007530416298336109,5,-9.466658682382622,0.6152052272184606,-9.70815291504548,no_fit,-9.70815291504548,0.9996767634444282,-2.0407635334741103
heat,0.4,117,2,2,False,0.9945179053605897,0.019556118175387383,0.09466103836894035,0.32495449428744105,0.0002726544706729999,0.01249626706218558,5,0.3716518625651216,1.9679198050732754,0.8938208380278361,no_fit,0.3716518625651216,0.9996767634444282,-2.0407635334741103
heat,0.4,117,2,3,False,0.9616408116846658,0.02790915034711361,0.04707263922318816,0.3224884127444251,0.00012395806689245205,0.011839413075255371,5,-1.034922688799639,-0.6182388337565189,-0.5085468649510706,no_fit,-1.034922688799639,0.9996767634444282,-2.0407635334741103
heat,0.4,117,3,0,False,0.8822000005293399,0.0422893650829792,0.0009180242850561626,0.3204673848053404,0.0012833507762712612,0.01516207887658252,5,-2.1876528062462164,19.54615919419719,6.585265915801392,no_fit,-2.1876528062462164,0.9996767634444282,-2.0407635334741103
heat,0.4,117,3,1,False,0.9031696382544401,0.03665275499224663,0.004263523413101211,0.3618903150534537,0.004552586227761106,0.027078302627405945,5,21.43867037635922,76.4053789888935,32.02612136028619,no_fit,21.43867037635922,0.9996767634444282,-2.0407635334741103
heat,0.4,117,3,2,False,0.8986250536698961,0.04089929908514023,0.004325198155129328,0.3431244899706377,0.001959345565150456,0.019505041217623167,5,10.735240041054817,31.303200512048832,15.857387640741432,no_fit,10.735240041054817,0.9996767634444282,-2.0407635334741103
heat,0.4,117,3,3,False,0.6480880615615391,0.12841123342514038,1.128522649196384e-05,0.31303925263136684,0.0020868552589897327,0.016069332964405734,5,-6.424423366276869,33.52087550534364,8.522231902877067,no_fit,-6.424423366276869,0.9996767634444282,-2.0407635334741103
heat,0.4,118,0,0,False,0.99984822321445,0.016874291002750397,0.14083043206483126,0.3312648906598437,0.0004363822746890284,0.014053491536904243,5,3.9709014379018885,4.815507668715174,4.218458205062312,ungated,3.9709014379018885,0.9996767634444282,-2.0407635334741103
heat,0.4,118,0,1,False,0.9994226934923336,0.017273342236876488,0.13104977924376726,0.3205938654256409,5.932660022554869e-05,0.011101908770932168,5,-2.1155122794013965,-1.7423226825329465,-2.083101085173347,acf_or_spectral,-2.1155122794013965,0.9996767634444282,-2.0407635334741103
heat,0.4,118,0,2,False,0.6913725180164456,0.09648514539003372,0.47462010011076927,0.44295359610910584,0.027112403577580123,0.06731028814929563,5,67.67459007087308,468.77039284465604,117.92045746120685,no_fit,67.67459007087308,0.9996767634444282,-2.0407635334741103
heat,0.4,118,0,3,False,0.9994683917342541,0.017322542145848274,0.15184844844043255,0.3202344459258164,4.356560639463651e-05,0.010858182616004833,5,-2.3205137413964834,-2.016441150202901,-2.603450652721368,acf_or_spectral,-2.603450652721368,0.9996767634444282,-2.0407635334741103
heat,0.4,118,1,0,False,0.9764720880570494,0.02961096726357937,0.2599311377853155,0.3233360647315255,0.00011724181867365114,0.01144591559021848,5,-0.5514489298536727,-0.7350492132275078,-1.3486546746000903,no_fit,-1.3486546746000903,0.9996767634444282,-2.0407635334741103
heat,0.4,118,1,1,False,0.870624628870871,0.05980894714593887,2.5448589667576016e-05,0.33719298973872996,0.01172788843781672,0.03414711289594015,5,7.3521007846731505,201.19972051268869,47.11786384236584,no_fit,7.3521007846731505,0.9996767634444282,-2.0407635334741103
heat,0.4,118,1,2,False,0.9948945111126186,0.021390534937381744,0.18834052421152592,0.3282704457825313,0.0002771417415367455,0.013052428800207374,5,2.2629652296201686,2.045963348925026,2.0812129747177974,no_fit,2.045963348925026,0.9996767634444282,-2.0407635334741103
heat,0.4,118,1,3,False,0.9994642059678346,0.017241865396499634,0.14578843861818314,0.3138327990308603,1.735842837418441e-05,0.009311424004535327,5,-5.971809715274242,-2.472241815947104,-5.905743649627249,acf_or_spectral,-5.971809715274242,0.9996767634444282,-2.0407635334741103
heat,0.4,118,2,0,False,0.9910395516190883,0.022291162982583046,0.10052678734064102,0.32267076593847144,9.728095395240659e-05,0.011470550655819044,5,-0.9309142212645383,-1.0822127049118477,-1.2960593930818098,no_fit,-1.2960593930818098,0.9996767634444282,-2.0407635334741103
heat,0.4,118,2,1,False,0.6979185248680867,0.12615393102169037,4.478146195197041e-06,0.4327243034189572,0.04084991777046926,0.0855863561217681,5,61.8401265604621,707.6960837337235,156.93942967118414,no_fit,61.8401265604621,0.9996767634444282,-2.0407635334741103
heat,0.4,118,2,2,False,0.9525292003785427,0.029694894328713417,0.024108807323500514,0.3013299369339695,0.0005280685938407158,0.00815059753419467,5,-13.10304497167297,6.410135113011584,-8.384080666924985,no_fit,-13.10304497167297,0.9996767634444282,-2.0407635334741103
heat,0.4,118,2,3,False,0.980686992130999,0.026641132310032845,0.08518906962126493,0.3063231991855988,0.00028627005761965247,0.007160947152167645,5,-10.255046846338223,2.2047249120534755,-10.496960790377596,no_fit,-10.496960790377596,0.9996767634444282,-2.0407635334741103
heat,0.4,118,3,0,False,0.9498982498879575,0.027317658066749573,0.02303713164292276,0.332681419183676,0.0007381906143214675,0.015519025865546758,5,4.778844297110042,10.064620794297134,7.347339282118952,no_fit,4.778844297110042,0.9996767634444282,-2.0407635334741103
heat,0.4,118,3,1,False,0.9293646792118668,0.027943694964051247,0.005798650672659278,0.3629649012812972,0.005412677189788946,0.028868990182250424,5,22.051580215294724,91.3642590631587,35.849196873272284,no_fit,22.051580215294724,0.9996767634444282,-2.0407635334741103
heat,0.4,118,3,2,False,0.8661772937767229,0.06626468896865845,0.0006093433403293602,0.2804691778240505,0.005701106419323133,0.012047797937311875,5,-25.001359108632773,96.38067993606509,-0.06365012054141092,no_fit,-25.001359108632773,0.9996767634444282,-2.0407635334741103
heat,0.4,118,3,3,False,0.9836250856815039,0.023095451295375824,0.06926344567909837,0.32486720489170595,0.0002240269442287091,0.012630993217142441,5,0.32186476489484545,1.1221797979078942,1.1814579875578561,no_fit,0.32186476489484545,0.9996767634444282,-2.0407635334741103
heat,0.4,119,0,0,False,0.9997427145977595,0.01707662269473076,0.14736779034137726,0.31669753753722185,2.1845054752745867e-05,0.009957563841220636,5,-4.3378538995087705,-2.3942094811151016,-4.526250403631592,ungated,-4.526250403631592,0.9996767634444282,-2.0407635334741103
heat,0.4,119,0,1,False,0.9980692027453705,0.019032955169677734,0.136165133677423,0.3194005684833204,2.223611502735035e-05,0.010412395260854315,5,-2.7961309377920203,-2.3874080798588606,-3.5551960964555747,acf_or_spectral,-3.5551960964555747,0.9996767634444282,-2.0407635334741103
heat,0.4,119,0,2,False,0.9989713718720667,0.01733207143843174,0.11939189955592155,0.3266422025796179,0.00024938488612451454,0.012757213410745908,5,1.3342670447865554,1.5632103731568174,1.4509351110818902,no_fit,1.3342670447865554,0.9996767634444282,-2.0407635334741103
heat,0.4,119,0,3,False,0.9997801836718342,0.017089586704969406,0.13367665652185678,0.3259582998103131,0.00041608096838552074,0.012685021173778283,5,0.9441906364713799,4.462423146551267,1.296806395197345,ungated,0.9441906364713799,0.9996767634444282,-2.0407635334741103
heat,0.4,119,1,0,False,0.9998697920399507,0.01694304496049881,0.14724104572087526,0.31723434513427873,1.0954607457246916e-05,0.01001076790204715,5,-4.031675903433245,-2.5836183951029703,-4.412660994029124,ungated,-4.412660994029124,0.9996767634444282,-2.0407635334741103
heat,0.4,119,1,1,False,0.9994462285603567,0.017862927168607712,0.14715236704796553,0.31269553882203216,0.0004318306172872994,0.00917785251771324,5,-6.620466801471447,4.736344300865017,-6.19091561004053,no_fit,-6.620466801471447,0.9996767634444282,-2.0407635334741103
heat,0.4,119,1,2,False,0.8897973136466999,0.0480576790869236,0.0005569408458541147,0.23223019094462455,0.016803734737402633,0.01432531321917511,5,-52.51534441069123,289.47989019600953,4.79879105798075,no_fit,-52.51534441069123,0.9996767634444282,-2.0407635334741103
heat,0.4,119,1,3,False,0.9989531371255876,0.01851114071905613,0.16207246854901314,0.3217790168991724,7.86507675407073e-05,0.011072592681695081,5,-1.4395395375823565,-1.4062327639492702,-2.145690241274649,no_fit,-2.145690241274649,0.9996767634444282,-2.0407635334741103
heat,0.4,119,2,0,False,0.9998599750770818,0.0166880302131176,0.1433215904980898,0.319737443702128,4.28165905056035e-05,0.010765550681836076,5,-2.6039880173350167,-2.0294681896120204,-2.8012176379684806,ungated,-2.8012176379684806,0.9996767634444282,-2.0407635334741103
heat,0.4,119,2,1,False,0.9198975876113974,0.034441933035850525,0.01008240005467087,0.32983513219346433,0.0008153312584419938,0.015054755841612047,5,3.1554126398518227,11.40626684709355,6.356133778335566,no_fit,3.1554126398518227,0.9996767634444282,-2.0407635334741103
heat,0.4,119,2,2,False,0.7723973250721298,0.1026335135102272,3.4159843607994844e-05,0.3326580268746224,0.00790870639951372,0.025499372637990583,5,4.765502067326279,134.7757158259461,28.65514323351995,no_fit,4.765502067326279,0.9996767634444282,-2.0407635334741103
heat,0.4,119,2,3,False,0.9766184294169582,0.027974195778369904,0.12291990965604782,0.2844796329075068,0.0022498446120437594,0.0027066824010500918,5,-22.71392296291548,36.355620076974574,-20.006710524374924,no_fit,-22.71392296291548,0.9996767634444282,-2.0407635334741103
heat,0.4,119,3,0,False,0.9622302772628012,0.02623695507645607,0.03424041951075196,0.32355023601636806,0.0002471720426871532,0.01251594114913245,5,-0.4292924343615389,1.524724141974282,0.9358245476328168,no_fit,-0.4292924343615389,0.9996767634444282,-2.0407635334741103
heat,0.4,119,3,1,False,0.9113560622753816,0.045661188662052155,0.0031367915216833353,0.3306011893694943,0.003990737263253354,0.02145181738143877,5,3.5923473112724222,66.63358547986059,20.0137086365585,no_fit,3.5923473112724222,0.9996767634444282,-2.0407635334741103
heat,0.4,119,3,2,False,0.9240539638961689,0.03877103328704834,0.0031922771013341844,0.360045433694116,0.007088389420270536,0.03191807512235989,5,20.38640867086913,120.50859309458889,42.3589209957251,no_fit,20.38640867086913,0.9996767634444282,-2.0407635334741103
heat,0.4,119,3,3,False,0.9842661189927631,0.023373978212475777,0.07207029918208718,0.32137713654534433,0.0001340541852498498,0.011424164988042858,5,-1.6687593214896927,-0.4426450531082211,-1.3950916950313519,no_fit,-1.6687593214896927,0.9996767634444282,-2.0407635334741103
lf,0.1,300,0,0,False,0.9978699265522654,0.02039705216884613,0.16206250339746475,0.38962073429944555,0.0002485170990094289,0.007226746254604443,5,-10.900048210023229,1.7734002207772699,-9.750490351053873,no_fit,-10.900048210023229,0.9996766538884257,-2.1135441612837362
lf,0.1,300,0,1,False,0.9962714872262503,0.02438879758119583,0.1532439924776554,0.4188264672870169,0.0033091707984004553,0.01930858640835585,5,11.357970885872113,57.182229306819785,15.268554682342055,no_fit,11.357970885872113,0.9996766538884257,-2.1135441612837362
lf,0.1,300,0,2,False,0.9991477786674317,0.018920866772532463,0.1643964722752571,0.3989129373663073,4.6218467479905776e-05,0.009958702061201235,5,-3.8183552631911204,-1.8889318819986503,-4.093162950205113,acf_or_spectral,-4.093162950205113,0.9996766538884257,-2.1135441612837362
lf,0.1,300,0,3,False,0.999406095053152,0.01843271590769291,0.14094398077577353,0.4102660158638217,0.0007143371959516475,0.014478252624213242,5,4.833954134501849,10.206417697223765,5.265911299059608,no_fit,4.833954134501849,0.9996766538884257,-2.1135441612837362
lf,0.1,300,1,0,False,0.998395751733398,0.0191127210855484,0.16722856648266315,0.40194117243799354,0.00011269585257348035,0.011092410473675736,5,-1.5105031000169844,-0.685452354252734,-1.745482343155181,no_fit,-1.745482343155181,0.9996766538884257,-2.1135441612837362
lf,0.1,300,1,1,False,0.9617666768102352,0.023245247080922127,0.06206607073545456,0.4493675988066902,0.07659631332132319,0.09676651765878777,5,34.63371229131555,1383.9428344236374,175.6682492227898,no_fit,34.63371229131555,0.9996766538884257,-2.1135441612837362
lf,0.1,300,1,2,False,0.9996073175087058,0.01825784519314766,0.15745917335152626,0.3978592146629926,4.3211262367217175e-05,0.009814436623560798,5,-4.621409241056943,-1.9433730996211434,-4.391907465540218,acf_or_spectral,-4.621409241056943,0.9996766538884257,-2.1135441612837362
lf,0.1,300,1,3,False,0.9998948669992176,0.016519149765372276,0.14350236393511295,0.3990364044961975,1.5885506231572708e-05,0.010095948772381243,5,-3.7242595684869024,-2.438067468888747,-3.808952796453666,ungated,-3.808952796453666,0.9996766538884257,-2.1135441612837362
lf,0.1,300,2,0,False,0.9357795044058425,0.0595831461250782,0.26557554164901376,0.41481470979836177,0.09963336298610859,0.10513017110595158,5,8.300565176226467,1800.996206968444,192.98768232034953,no_fit,8.300565176226467,0.9996766538884257,-2.1135441612837362
lf,0.1,300,2,1,False,0.9715318128911304,0.031891047954559326,0.14892567065544426,0.42611599492121477,0.07193222138432902,0.08437993076485328,5,16.91340225789348,1299.5060119794912,150.01813538535464,no_fit,16.91340225789348,0.9996766538884257,-2.1135441612837362
lf,0.1,300,2,2,False,0.9637274779033266,0.04647381231188774,0.21114329411648214,0.40090187517042963,0.07511892894686376,0.07774808688377503,5,-2.3025632903088566,1357.1968689081332,136.28492930054895,no_fit,-2.3025632903088566,0.9996766538884257,-2.1135441612837362
lf,0.1,300,2,3,False,0.9584075699034972,0.03733113408088684,0.029491615714505315,0.4718794353382225,0.07879564486858145,0.1051606204970705,5,51.79023726590713,1423.7586377697726,193.05073684498726,no_fit,51.79023726590713,0.9996766538884257,-2.1135441612837362
lf,0.1,300,3,0,False,0.9739041234563922,0.037914905697107315,0.19626929238438606,0.38518001944402913,0.04605850519442485,0.04674511886465476,5,-14.28436717552727,831.0987830034006,72.08405897216112,no_fit,-14.28436717552727,0.9996766538884257,-2.1135441612837362
lf,0.1,300,3,1,False,0.9646063508972106,0.023387715220451355,0.09132003737613559,0.44976139081475586,0.08874666645048242,0.10762957019910438,5,34.93382562999007,1603.9078830675262,198.1634318479248,no_fit,34.93382562999007,0.9996766538884257,-2.1135441612837362
lf,0.1,300,3,2,False,0.9713066715848091,0.031952276825904846,0.15323301497846842,0.41695263843672725,0.06616214956692723,0.07529510732311805,5,9.929904747284347,1195.046979842592,131.20530522730536,no_fit,9.929904747284347,0.9996766538884257,-2.1135441612837362
lf,0.1,300,3,3,False,0.830026760742433,0.10340462625026703,0.0179982043664495,0.43121039041378545,0.1299025508941366,0.1366652038396164,5,20.795898622697457,2348.977267257276,258.29035095797406,no_fit,20.795898622697457,0.9996766538884257,-2.1135441612837362
lf,0.1,301,0,0,False,0.9971785866717469,0.01903911679983139,0.11266494076699018,0.402631873239926,0.0003024376818343791,0.011314163098123504,5,-0.9841122148608028,2.749556510056884,-1.2862775509439726,no_fit,-1.2862775509439726,0.9996766538884257,-2.1135441612837362
lf,0.1,301,0,1,False,0.9446373489062416,0.026245789602398872,0.01917307253461331,0.42403747400141356,0.009887334367923096,0.02889495195660113,5,15.329337980381904,176.2706256831341,35.11997700758057,no_fit,15.329337980381904,0.9996766538884257,-2.1135441612837362
lf,0.1,301,0,2,False,0.9990652768936334,0.01787685602903366,0.1365517321974039,0.40121735795013963,4.363283771975342e-05,0.01086093693460256,5,-2.0621302993546657,-1.9357410709926786,-2.2248171815914555,acf_or_spectral,-2.2248171815914555,0.9996766538884257,-2.1135441612837362
lf,0.1,301,0,3,False,0.8381212161631884,0.07693520188331604,4.3179844851692906e-05,0.42296209066935075,0.004600627662293755,0.024855916643457585,5,14.50977619261073,80.56223883148378,26.7559525622118,no_fit,14.50977619261073,0.9996766538884257,-2.1135441612837362
lf,0.1,301,1,0,False,0.9979436054116995,0.019428955391049385,0.130140857771039,0.4096821078922394,0.0033321387736275814,0.015749766953210637,5,4.388951271972929,57.59803218385403,7.8989600609169965,no_fit,4.388951271972929,0.9996766538884257,-2.1135441612837362
lf,0.1,301,1,1,False,0.8756381537904697,0.04819319024682045,0.0018930130027001724,0.34156247085414015,0.09621074939219709,0.05092457482264312,7,-47.52579377636068,1739.034603246226,80.73886614534972,no_fit,-47.52579377636068,0.9996766538884257,-2.1135441612837362
lf,0.1,301,1,2,False,0.3586928183978407,0.38240954279899597,0.30990402933457517,0.6826822793012168,0.3854191937801307,0.43583540130155496,5,212.44546644279862,6974.746591348524,877.8112639727118,no_fit,212.44546644279862,0.9996766538884257,-2.1135441612837362
lf,0.1,301,1,3,False,0.9937303085682717,0.02447049878537655,0.1654066825285554,0.40722844008554054,0.003504293474480889,0.015134038059432925,5,2.518983313294124,60.714650832294275,6.6239101740001916,no_fit,2.518983313294124,0.9996766538884257,-2.1135441612837362
lf,0.1,301,2,0,False,0.9953169738826662,0.02031664364039898,0.14744184538722038,0.3998327489781892,0.00497214663236827,0.015493263706783741,5,-3.1173564411240053,87.28806708156552,7.367793765725271,no_fit,-3.1173564411240053,0.9996766538884257,-2.1135441612837362
lf,0.1,301,2,1,False,0.6093227939466718,0.19344238936901093,1.0666052219221456e-05,0.4374950628198735,0.013254130630426308,0.03846559902028224,5,25.585518471844292,237.22173515157374,54.93884953343727,no_fit,25.585518471844292,0.9996766538884257,-2.1135441612837362
lf,0.1,301,2,2,False,0.9084416662395056,0.07485312968492508,0.389181783888489,0.3652901722397073,0.0520484854225577,0.04572643952578951,5,-29.442644458848097,939.5389475197013,69.9745802893343,no_fit,-29.442644458848097,0.9996766538884257,-2.1135441612837362
lf,0.1,301,2,3,False,0.9047381838932629,0.04883582144975662,0.002460460556903854,0.44843743847069717,0.0148901952006908,0.04171400874296291,5,33.9248265896765,266.8403823593751,61.66564844026058,no_fit,33.9248265896765,0.9996766538884257,-2.1135441612837362
lf,0.1,301,3,0,False,0.9623533275685038,0.03978043422102928,0.10506294178776443,0.4134215539492183,0.0536028691722525,0.0637356189403055,5,7.238825362779931,967.6788783907101,107.26794496328917,no_fit,7.238825362779931,0.9996766538884257,-2.1135441612837362
lf,0.1,301,3,1,False,0.9412940396113747,0.031546562910079956,0.023520407150499523,0.42710937103968216,0.024299868747175758,0.04296467787197732,5,17.670465421610785,437.1892831175296,64.25553101298887,no_fit,17.670465421610785,0.9996766538884257,-2.1135441612837362
lf,0.1,301,3,2,False,0.9750703602538376,0.027735751122236252,0.07695475267246366,0.4356722639083759,0.024089864427461017,0.04582030642958493,5,24.19634282618059,433.38745037156434,70.16895964407803,no_fit,24.19634282618059,0.9996766538884257,-2.1135441612837362
lf,0.1,301,3,3,False,0.9712341966568567,0.023051094263792038,0.09725287626497447,0.4315475766314137,0.06094861909317973,0.07689471208126229,5,21.05287204890922,1100.6633457149458,134.5177628472002,no_fit,21.05287204890922,0.9996766538884257,-2.1135441612837362
lf,0.1,302,0,0,False,0.9987491175199621,0.019189929589629173,0.1334137013182044,0.4066907648151269,0.0010581502237904038,0.01333562088114962,5,2.109214914694075,16.43066884359254,2.899752280855744,no_fit,2.109214914694075,0.9996766538884257,-2.1135441612837362
lf,0.1,302,0,1,False,0.30003867758971536,0.49066704511642456,0.3465070928205023,0.6910221892107666,0.43041668896596463,0.48307504196443807,5,218.80140601479297,7789.362933128052,975.6349962904364,no_fit,218.80140601479297,0.9996766538884257,-2.1135441612837362
lf,0.1,302,0,2,False,0.7207795031109347,0.10569747537374496,0.00945431413128972,0.5754322326712803,0.1673485710539503,0.21192454031563418,5,130.70899412276924,3026.88477812675,414.1372008182034,no_fit,130.70899412276924,0.9996766538884257,-2.1135441612837362
lf,0.1,302,0,3,False,0.5742351179680806,0.22778654098510742,0.2715139426290989,0.47423561182269997,0.03217796634021096,0.06122316989810388,5,53.58590598639828,579.8111560666003,102.06517163314898,no_fit,53.58590598639828,0.9996766538884257,-2.1135441612837362
lf,0.1,302,1,0,False,0.42067472384430915,0.28714704513549805,0.18909540834522431,0.6718511352253724,0.3624393867915303,0.41068891161665577,5,204.19092916502746,6558.729516919311,825.7379746515508,no_fit,204.19092916502746,0.9996766538884257,-2.1135441612837362
lf,0.1,302,1,1,False,0.8689852349511312,0.07506589591503143,0.00658750330330804,0.4798678220524017,0.06139071457189135,0.08830094443746633,5,57.878277038963425,1108.666862357328,158.1377609062408,no_fit,57.878277038963425,0.9996766538884257,-2.1135441612837362
lf,0.1,302,1,2,False,0.9848705509273197,0.02414678782224655,0.07995680812746286,0.41188314264111503,0.007437391596235311,0.022112341973942996,5,6.066384722865977,131.9178587124561,21.074564848457232,no_fit,6.066384722865977,0.9996766538884257,-2.1135441612837362
lf,0.1,302,1,3,False,0.9962675582922523,0.021215006709098816,0.10566426627337933,0.4157659273103693,0.0018278882519135622,0.01738744165940459,5,9.02549878962436,30.365692871233932,11.290252836098915,no_fit,9.02549878962436,0.9996766538884257,-2.1135441612837362
lf,0.1,302,2,0,False,0.9994436689629383,0.01823730766773224,0.14557266607880592,0.4006549397182682,8.036681854537757e-05,0.010576218705312945,5,-2.4907555884443453,-1.2707240304755012,-2.8144109942702147,no_fit,-2.8144109942702147,0.9996766538884257,-2.1135441612837362
lf,0.1,302,2,1,False,0.985219016487635,0.023052720353007317,0.10500938165932894,0.40108741067507203,0.008189358462769334,0.01903805122737528,5,-2.161164585915631,145.53116086239905,14.708331091404276,no_fit,-2.161164585915631,0.9996766538884257,-2.1135441612837362
lf,0.1,302,2,2,False,0.9915905378635765,0.021470647305250168,0.08802610915154219,0.4113753261866701,0.0012749454701487346,0.01520500129480095,5,5.679372065280737,20.355441762046304,6.770860668195965,no_fit,5.679372065280737,0.9996766538884257,-2.1135441612837362
lf,0.1,302,2,3,False,0.9692832816269313,0.03398645669221878,0.16386271733790636,0.381200202746255,0.0054993138560934345,0.009059461851545816,5,-17.317430447553928,96.83168797698501,-5.9553073764598885,no_fit,-17.317430447553928,0.9996766538884257,-2.1135441612837362
lf,0.1,302,3,0,False,0.9623203796634521,0.031199075281620026,0.049858115846291184,0.39517844202261476,0.004314371234771011,0.013104363117194201,5,-6.664456359466075,75.37996895542929,2.4208642690054503,no_fit,-6.664456359466075,0.9996766538884257,-2.1135441612837362
lf,0.1,302,3,1,False,0.8713600857999187,0.05243183672428131,0.0025376978155691177,0.4279138222259104,0.004674449066178288,0.024193881393093863,5,18.28354675986734,81.89867148688144,25.385011585360477,no_fit,18.28354675986734,0.9996766538884257,-2.1135441612837362
lf,0.1,302,3,2,False,0.9617345364701733,0.03316744416952133,0.04354984639212489,0.4172531876664028,0.0015047437365177073,0.018179899250333836,5,10.158956711027958,24.51561606338615,12.931272076728343,no_fit,10.158956711027958,0.9996766538884257,-2.1135441612837362
lf,0.1,302,3,3,False,0.6668362140840356,0.13940712809562683,8.128189307399225e-06,0.5146136729396336,0.04636801282745754,0.09250533359755714,5,84.35848258217825,836.7019832422732,166.84419969334658,no_fit,84.35848258217825,0.9996766538884257,-2.1135441612837362
lf,0.1,303,0,0,False,0.4525405753447905,0.33035969734191895,0.3253629424725659,0.6612271896985362,0.32572113297821453,0.3750358106938397,5,196.09430024252438,5893.997191833089,751.9076204822665,no_fit,196.09430024252438,0.9996766538884257,-2.1135441612837362
lf,0.1,303,0,1,False,0.9979887022023077,0.019868548959493637,0.1510318759828806,0.4023522273730612,0.0004257474452421771,0.012064353117121923,5,-1.1972334896260577,4.981906287708128,0.2672141051344105,no_fit,-1.1972334896260577,0.9996766538884257,-2.1135441612837362
lf,0.1,303,0,2,False,0.997020149497633,0.020530974492430687,0.17653031274676323,0.4049421754517929,0.0002625578081222173,0.012189501601555226,5,0.7765952041553855,2.0275875048963874,0.5263712805358618,no_fit,0.5263712805358618,0.9996766538884257,-2.1135441612837362
lf,0.1,303,0,3,False,0.9985119928304887,0.019243188202381134,0.16058318689465523,0.40784517615964666,0.0005183846164471021,0.013337773630310476,5,2.989004843670479,6.6589719378760766,2.904210188551564,no_fit,2.904210188551564,0.9996766538884257,-2.1135441612837362
lf,0.1,303,1,0,False,0.41515445608367124,0.3070595860481262,0.18537299214949599,0.6777751033611533,0.3690600593522908,0.4196501669368249,5,208.7056522142931,6678.587478774591,844.2949202457577,no_fit,208.7056522142931,0.9996766538884257,-2.1135441612837362
lf,0.1,303,1,1,False,0.996353772779964,0.022027764469385147,0.1729099154472351,0.40361244084411496,0.0017913240559162833,0.013671392184296593,5,-0.23681056459432015,29.70374954615769,3.5950666739821706,no_fit,-0.23681056459432015,0.9996766538884257,-2.1135441612837362
lf,0.1,303,1,2,False,0.8552509891148141,0.06940507888793945,0.40121197886765003,0.3953184506043109,0.034852688804937956,0.041036566973697446,5,-6.557754237444056,628.2332431292904,60.26280368175801,no_fit,-6.557754237444056,0.9996766538884257,-2.1135441612837362
lf,0.1,303,1,3,False,0.702660162912405,0.13869783282279968,6.513526250273571e-05,0.5003636371363146,0.04607551160928798,0.085978570022202,5,73.49836928995435,831.4066602175739,153.32859364856407,no_fit,73.49836928995435,0.9996766538884257,-2.1135441612837362
lf,0.1,303,2,0,False,0.8537537133092603,0.06057248264551163,0.032826861017383635,0.526840243979332,0.08706902199321018,0.1348649864105227,5,93.67649051557751,1573.5364905056563,254.56246510985557,no_fit,93.67649051557751,0.9996766538884257,-2.1135441612837362
lf,0.1,303,2,1,False,0.8999969390387742,0.08287429064512253,0.4624923299998045,0.3266320887536306,0.02238571914593728,0.0026585131545301417,6,-58.90440666868483,402.53629767156366,-19.21037627897032,acf_or_spectral,-58.90440666868483,0.9996766538884257,-2.1135441612837362
lf,0.1,303,2,2,False,0.9155502434557921,0.03875405713915825,0.011772795871365815,0.4243735395312955,0.012120376064415538,0.027978245848699696,5,15.585457317799904,216.69670385315857,33.221664241966494,no_fit,15.585457317799904,0.9996766538884257,-2.1135441612837362
lf,0.1,303,2,3,False,0.710279305879303,0.14801189303398132,0.10203251044731587,0.5726983729085722,0.13565149944891042,0.18736330406335555,5,128.62548870861812,2453.053892443357,363.2758528735499,no_fit,128.62548870861812,0.9996766538884257,-2.1135441612837362
lf,0.1,303,3,0,False,0.9619668113924138,0.025874199345707893,0.03765015583485365,0.4098233275279683,0.0005858721578663015,0.014589884258620123,5,4.496576351956593,7.880738924672936,5.4970778144939425,no_fit,4.496576351956593,0.9996766538884257,-2.1135441612837362
lf,0.1,303,3,1,False,0.9413733186740154,0.03921330347657204,0.023691716603934765,0.42533981544069926,0.010228597127534062,0.02977140941904854,5,16.3218671059934,182.4487078113009,36.93494297665268,no_fit,16.3218671059934,0.9996766538884257,-2.1135441612837362
lf,0.1,303,3,2,False,0.9859040105293276,0.021762030199170113,0.0967243043705821,0.4041975795187315,0.003909806190945995,0.01629603970368228,5,0.20913023062228042,68.05588803377921,9.03018033619298,no_fit,0.20913023062228042,0.9996766538884257,-2.1135441612837362
lf,0.1,303,3,3,False,0.9350207688417059,0.034811172634363174,0.02783608390018344,0.41286951766838964,0.0013407345756680728,0.016908241618552616,5,6.818112275882213,21.546460956465435,10.297926563816784,no_fit,6.818112275882213,0.9996766538884257,-2.1135441612837362
lf,0.1,304,0,0,False,0.9991820359926156,0.01780003495514393,0.1259751496836543,0.4064528042049975,0.0009324289555887639,0.01315477384965842,5,1.9278624450750292,14.154662164479772,2.5252546904676265,no_fit,1.9278624450750292,0.9996766538884257,-2.1135441612837362
lf,0.1,304,0,1,False,0.9998330714377955,0.016517095267772675,0.13437518756836653,0.4086653717515039,0.0004307218271084167,0.013870596867581087,5,3.6140851713478166,5.071960472763439,4.007579244793716,ungated,3.6140851713478166,0.9996766538884257,-2.1135441612837362
lf,0.1,304,0,2,False,0.998684483308354,0.01897641271352768,0.15629767440259457,0.40363312645923266,0.00018223541184959392,0.012000215316950039,5,-0.22104582359309183,0.5734635287873974,0.13439770544507423,no_fit,-0.22104582359309183,0.9996766538884257,-2.1135441612837362
lf,0.1,304,0,3,False,0.5986420281667418,0.1684073656797409,0.20199006935581565,0.5995775450839618,0.15278145778739582,0.21097569458456555,5,149.1104095224967,2763.1676874202335,412.17233339956096,no_fit,149.1104095224967,0.9996766538884257,-2.1135441612837362
lf,0.1,304,1,0,False,0.7413172868105639,0.13106518983840942,0.6462298431433737,0.39492618369070753,0.07177774440610826,0.07365663944095896,5,-6.856705284397328,1296.7094236279029,127.81236994527528,no_fit,-6.856705284397328,0.9996766538884257,-2.1135441612837362
lf,0.1,304,1,1,False,0.9974775360811059,0.02014925889670849,0.16197210550308228,0.4070560503958243,0.0009079769488003313,0.013983529040198131,5,2.3876031829864184,13.711992983964318,4.241438911572021,no_fit,2.3876031829864184,0.9996766538884257,-2.1135441612837362
lf,0.1,304,1,2,False,0.9932550252670563,0.024154454469680786,0.09436029195785522,0.4154012738413376,0.001160182719029511,0.016967372846509093,5,8.747592260774496,18.277823616787234,10.420375366010525,no_fit,8.747592260774496,0.9996766538884257,-2.1135441612837362
lf,0.1,304,1,3,False,0.38190844679663555,0.377734899520874,0.27378655755819636,0.6812173362418164,0.3843710421110472,0.4350719775595425,5,211.32901678531488,6955.771280061249,876.230367955391,no_fit,211.32901678531488,0.9996766538884257,-2.1135441612837362
lf,0.1,304,2,0,False,0.9041787102782343,0.03889196366071701,0.011895668285433203,0.3801115113540524,0.0025520487693104785,0.006511467758044688,5,-18.14713445832106,43.47560019178099,-11.231687311873758,no_fit,-18.14713445832106,0.9996766538884257,-2.1135441612837362
lf,0.1,304,2,1,False,0.9624721164376101,0.04406033083796501,0.24078309163451195,0.3979621701188304,0.04406830418468763,0.04993884887361835,5,-4.542945724902805,795.0689938059686,78.69762726158746,no_fit,-4.542945724902805,0.9996766538884257,-2.1135441612837362
lf,0.1,304,2,2,False,0.6277063044352614,0.15990601480007172,4.875514582636242e-05,0.3602190539073382,0.026555317536127172,0.022457543709491226,5,-33.30740103686137,478.0210101711966,21.789407757929588,no_fit,-33.30740103686137,0.9996766538884257,-2.1135441612837362
lf,0.1,304,2,3,False,0.47421425667579853,0.2817676067352295,0.16534128913190216,0.6559636047470847,0.3259761193653897,0.3737793917456098,5,192.08286267949072,5898.613361623572,749.3058311979732,no_fit,192.08286267949072,0.9996766538884257,-2.1135441612837362
lf,0.1,304,3,0,False,0.948897888303316,0.029529603198170662,0.033325293799862266,0.42126708950872227,0.005533641343913412,0.023954947627944933,5,13.217996656829564,97.45313884741469,24.890228129017213,no_fit,13.217996656829564,0.9996766538884257,-2.1135441612837362
lf,0.1,304,3,1,False,0.940412102395391,0.035403575748205185,0.0182420932687819,0.42944632236777774,0.010957206352163362,0.03205326960603949,5,19.45148243320454,195.63915271724744,41.66021346953479,no_fit,19.45148243320454,0.9996766538884257,-2.1135441612837362
lf,0.1,304,3,2,False,0.9765372289916887,0.024791447445750237,0.07832703553140163,0.4068572705133627,0.003931837893791784,0.017183545468281474,5,2.236110788613235,68.45474101662391,10.86802510233245,no_fit,2.236110788613235,0.9996766538884257,-2.1135441612837362
lf,0.1,304,3,3,False,0.9876175322077106,0.021046264097094536,0.07418265892192721,0.4085391716614005,0.0012828727935716494,0.015141268505904273,5,3.5179066567862978,20.498954799387793,6.638882964864508,no_fit,3.5179066567862978,0.9996766538884257,-2.1135441612837362
lf,0.1,305,0,0,False,0.9986242263760188,0.018074369058012962,0.11815733276307583,0.40464045339760407,0.00018974717136831937,0.012257880760494949,5,0.5466494175988372,0.7094533663150229,0.6679706755855858,no_fit,0.5466494175988372,0.9996766538884257,-2.1135441612837362
lf,0.1,305,0,1,False,0.9975321111610606,0.01998075284063816,0.15911723859608173,0.405940630675881,0.0007513915765390081,0.013285831191444596,5,1.537529211653385,10.877235124645477,2.79664791321999,no_fit,1.537529211653385,0.9996766538884257,-2.1135441612837362
lf,0.1,305,0,2,False,0.9992381605734271,0.01847808249294758,0.12929626274853945,0.4056083637112672,0.00044951034962824755,0.013204201767002408,5,1.2843048037449634,5.412100238751242,2.627609900783188,no_fit,1.2843048037449634,0.9996766538884257,-2.1135441612837362
lf,0.1,305,0,3,False,0.5476473277228909,0.24246907234191895,0.35270376969128847,0.5744671344929762,0.15594205010416023,0.1995670449068214,5,129.97348189675358,2820.385764566662,388.54732955698887,no_fit,129.97348189675358,0.9996766538884257,-2.1135441612837362
lf,0.1,305,1,0,False,0.9999443558713202,0.016285395249724388,0.14318209327757359,0.4011970357345712,4.8844402658271236e-05,0.010920459017605029,5,-2.07761808945345,-1.8413930201149853,-2.101558997724662,ungated,-2.101558997724662,0.9996766538884257,-2.1135441612837362
lf,0.1,305,1,1,False,0.9989165326802807,0.019564256072044373,0.1600997569039464,0.3986456281427262,0.0009957665461424606,0.01025398689068272,5,-4.022074642722147,15.301300129568666,-3.481687847699141,no_fit,-4.022074642722147,0.9996766538884257,-2.1135441612837362
lf,0.1,305,1,2,False,0.9839861897377232,0.02266354113817215,0.06862026965245605,0.40427229251695823,0.0002356277869040549,0.012119189737077513,5,0.26606985072873035,1.54005735953641,0.38076964358623455,no_fit,0.26606985072873035,0.9996766538884257,-2.1135441612837362
lf,0.1,305,1,3,False,0.3599359955779002,0.3881118595600128,0.3139549228371834,0.6819185042624414,0.3858465008079832,0.4362972768194806,5,211.86338485610236,6982.482383894495,878.7677146653008,no_fit,211.86338485610236,0.9996766538884257,-2.1135441612837362
lf,0.1,305,2,0,False,0.5489000492957385,0.2065272331237793,0.11035574577545049,0.612979563145609,0.27619277587762736,0.31543134898727976,5,159.32423891231622,4997.355969716081,628.4788469965724,no_fit,159.32423891231622,0.9996766538884257,-2.1135441612837362
lf,0.1,305,2,1,False,0.9930881220209008,0.02209583856165409,0.17011016048491,0.39190993547862185,0.003574140890861021,0.011363708313513236,5,-9.15542212643424,61.979140035067665,-1.1836794401222437,no_fit,-9.15542212643424,0.9996766538884257,-2.1135441612837362
lf,0.1,305,2,2,False,0.772740606970778,0.10365766286849976,0.0004474967463465873,0.4513585285569335,0.020607761278102585,0.048058811422984654,5,36.15102234884293,370.3488719459291,74.8044503081355,no_fit,36.15102234884293,0.9996766538884257,-2.1135441612837362
lf,0.1,305,2,3,False,0.9492849795846782,0.030850999057292938,0.034612489747814834,0.39899138840875753,0.03460895271626491,0.041110342394458474,5,-3.7585668373470047,623.820744164748,60.41557764258589,no_fit,-3.7585668373470047,0.9996766538884257,-2.1135441612837362
lf,0.1,305,3,0,False,0.9758305117901821,0.02689756266772747,0.06997562339529395,0.40288637560300367,0.005870964591091182,0.017688456063995897,5,-0.7901530884199806,103.55990164561717,11.913592728725485,no_fit,-0.7901530884199806,0.9996766538884257,-2.1135441612837362
lf,0.1,305,3,1,False,0.9515416715757018,0.031203165650367737,0.035809287743177265,0.45231815455518787,0.07789952377667046,0.09756151654826017,5,36.88236416461429,1407.5356261850338,177.31453097822535,no_fit,36.88236416461429,0.9996766538884257,-2.1135441612837362
lf,0.1,305,3,2,False,0.9740345104107704,0.029426582157611847,0.07996477629058063,0.3950853880421556,0.03508911051152348,0.04098283913792849,5,-6.7353738493606325,632.5133254969998,60.15154421088734,no_fit,-6.7353738493606325,0.9996766538884257,-2.1135441612837362
lf,0.1,305,3,3,False,0.891405167635918,0.10007356852293015,0.4341714547481388,0.3383466944872859,0.07257730377066358,0.051529416599273306,6,-49.97657327955039,1311.1843209949607,81.99137101671164,no_fit,-49.97657327955039,0.9996766538884257,-2.1135441612837362
lf,0.1,306,0,0,False,0.9989751825351643,0.018102146685123444,0.11900084372609854,0.4081839824953971,0.0004399251427810941,0.013616307347348025,5,3.2472129802083662,5.238573554548464,3.480997128388524,no_fit,3.2472129802083662,0.9996766538884257,-2.1135441612837362
lf,0.1,306,0,1,False,0.9978211929215728,0.018664363771677017,0.11571449413895607,0.4041699367568738,0.0002716550727997599,0.011964335699742387,5,0.18806336948397528,2.1922806826213757,0.06009828190730061,no_fit,0.06009828190730061,0.9996766538884257,-2.1135441612837362
lf,0.1,306,0,2,False,0.916247505269513,0.0664554014801979,0.29900339245796204,0.4434957794227531,0.015162316201186448,0.036612510213935745,5,30.15873239504181,271.7667502167339,51.10147776664815,no_fit,30.15873239504181,0.9996766538884257,-2.1135441612837362
lf,0.1,306,0,3,False,0.998467339839776,0.019121423363685608,0.16699251346290112,0.4058659886477439,0.00025450054319958205,0.012589678714133192,5,1.4806436786541588,1.8817220595217306,1.3550570662697297,no_fit,1.3550570662697297,0.9996766538884257,-2.1135441612837362
lf,0.1,306,1,0,False,0.4627915501082988,0.32851314544677734,0.35798511834582314,0.6599530592658183,0.307656973662347,0.35950266982801804,5,195.12327104376513,5566.9710025209515,719.7416303775715,no_fit,195.12327104376513,0.9996766538884257,-2.1135441612837362
lf,0.1,306,1,1,False,0.9974634057464458,0.02208496630191803,0.16369472444057465,0.4145027445508238,0.0023443904477931654,0.016943920416295645,5,8.062812936284036,39.716238442512655,10.371810130898501,no_fit,8.062812936284036,0.9996766538884257,-2.1135441612837362
lf,0.1,306,1,2,False,0.9558439756990074,0.04422604292631149,0.04920712485909462,0.399200685530563,0.0006946624329802354,0.011801707449738392,5,-3.599059136039041,9.850233794742973,-0.27667190034750694,no_fit,-3.599059136039041,0.9996766538884257,-2.1135441612837362
lf,0.1,306,1,3,False,0.9339137227097021,0.0594598762691021,0.20688182581216097,0.4705187644030877,0.01710705840758775,0.050217366465562185,5,50.75325457246305,306.9735717373597,79.2743808096198,no_fit,50.75325457246305,0.9996766538884257,-2.1135441612837362
lf,0.1,306,2,0,False,0.5294000853906016,0.2807835638523102,0.14573326302343048,0.6659833837152875,0.33128524570981605,0.38330976265994887,5,199.71904944137808,5994.7276244926625,769.0412999723039,no_fit,199.71904944137808,0.9996766538884257,-2.1135441612837362
lf,0.1,306,2,1,False,0.9939419346240838,0.022010261192917824,0.15361891593784094,0.3901583397092859,0.004107443223662418,0.011327174540732116,5,-10.490333052955442,71.63382844861141,-1.2593334874212303,no_fit,-10.490333052955442,0.9996766538884257,-2.1135441612837362
lf,0.1,306,2,2,False,0.9226757154554459,0.03293393924832344,0.008859862049575895,0.4074532269800837,0.0020866457661860693,0.0159541381826815,5,2.6902959454193778,35.05013361208196,8.322171502931846,no_fit,2.6902959454193778,0.9996766538884257,-2.1135441612837362
lf,0.1,306,2,3,False,0.6390236567864128,0.15637783706188202,0.847699610516429,0.3382192172861723,0.03335591371980079,0.018565064252359462,6,-50.073725094842416,601.1362360784393,13.728870820656025,no_fit,-50.073725094842416,0.9996766538884257,-2.1135441612837362
lf,0.1,306,3,0,False,0.9832760100896114,0.024695884436368942,0.09349249256774783,0.40154456455874243,0.012748687947791342,0.023378612768635842,5,-1.8127624459375415,228.07140650757069,23.696755312304536,no_fit,-1.8127624459375415,0.9996766538884257,-2.1135441612837362
lf,0.1,306,3,1,False,0.9680412083754371,0.025906508788466454,0.04972004285082221,0.40667029632082297,0.0029903994174449965,0.016312886318366936,5,2.0936156439182,51.41132194529859,9.065066264668436,no_fit,2.0936156439182,0.9996766538884257,-2.1135441612837362
lf,0.1,306,3,2,False,0.9536274958255047,0.02892715483903885,0.02880821470171213,0.40800422294732147,0.004833182540518208,0.01844726307848966,5,3.1102161975753178,84.77231771209284,13.484928437995025,no_fit,3.1102161975753178,0.9996766538884257,-2.1135441612837362
lf,0.1,306,3,3,False,0.7301720229634222,0.15836499631404877,0.008038964260776993,0.36998509960008896,0.1161909356901775,0.09940141787578344,6,-25.864587271045707,2100.747765343708,181.12459414612917,no_fit,-25.864587271045707,0.9996766538884257,-2.1135441612837362
lf,0.1,307,0,0,False,0.9971617835814829,0.01985621452331543,0.1640137154608965,0.4032717749876652,9.834484415017066e-05,0.011425313569894095,5,-0.49643586286727026,-0.9452571708178154,-1.0561074259197525,no_fit,-1.0561074259197525,0.9996766538884257,-2.1135441612837362
lf,0.1,307,0,1,False,0.9979429414027875,0.019801344722509384,0.16077273525297642,0.3940626737113161,0.0005319542370781308,0.009472477808452144,5,-7.514795996209632,6.904630827823903,-5.100034943299775,no_fit,-7.514795996209632,0.9996766538884257,-2.1135441612837362
lf,0.1,307,0,2,False,0.9994575950290664,0.01753988303244114,0.14655015245079994,0.4001782862865667,0.00014446806929967605,0.010964734901747514,5,-2.8540185542959793,-0.1102610718751311,-2.0098726051588494,no_fit,-2.8540185542959793,0.9996766538884257,-2.1135441612837362
lf,0.1,307,0,3,False,0.5575898450067855,0.23096641898155212,0.27352068724576384,0.6272113900544825,0.23216679977247162,0.2834746349834082,5,170.17047500034687,4200.327614027838,562.3029618162041,no_fit,170.17047500034687,0.9996766538884257,-2.1135441612837362
lf,0.1,307,1,0,False,0.9151538454548869,0.0535077303647995,0.2988913902081549,0.37720555871560557,0.037732534709216115,0.03685097629649667,5,-20.361793797494038,680.3688014696662,51.5952927470323,no_fit,-20.361793797494038,0.9996766538884257,-2.1135441612837362
lf,0.1,307,1,1,False,0.445383475926982,0.2790943384170532,0.12861925877950853,0.66629815096416,0.3566363743759281,0.40440364048018007,5,199.95893711819642,6453.67414159728,812.7224505584131,no_fit,199.95893711819642,0.9996766538884257,-2.1135441612837362
lf,0.1,307,1,2,False,0.592059890254687,0.17438410222530365,3.243751585557675e-06,0.49042085552321124,0.09544533822361398,0.12232204947091813,5,65.92086308235635,1725.177910922946,228.58858198034127,no_fit,65.92086308235635,0.9996766538884257,-2.1135441612837362
lf,0.1,307,1,3,False,0.3409350464169243,0.39471033215522766,0.21653853828451908,0.6908215040467992,0.4187371719728349,0.47103467339177846,5,218.64846158385708,7577.921710291042,950.7018305057094,no_fit,218.64846158385708,0.9996766538884257,-2.1135441612837362
lf,0.1,307,2,0,False,0.9619645545151105,0.02790442481637001,0.049835688434541225,0.41028456644425043,0.004609585421196003,0.019040059035957308,5,4.848091741443538,80.72440645342265,14.712488856504041,no_fit,4.848091741443538,0.9996766538884257,-2.1135441612837362
lf,0.1,307,2,1,False,0.9901134782256042,0.0217329990118742,0.09141029324382544,0.4037371425221935,0.00014242582832269717,0.011938485012583641,5,-0.14177400676700688,-0.14723297146261147,0.006566742180045572,no_fit,-0.14723297146261147,0.9996766538884257,-2.1135441612837362
lf,0.1,307,2,2,False,0.9398443637553847,0.03065923973917961,0.03210175014100969,0.42009451680498494,0.014169182752555652,0.02792528389087199,5,12.324365750794174,253.78746640368288,33.111990749262915,no_fit,12.324365750794174,0.9996766538884257,-2.1135441612837362
lf,0.1,307,2,3,False,0.9705606692196964,0.0371536910533905,0.24926118459552526,0.3833225615253255,0.014219196272082327,0.0179746565439099,5,-15.699956842183507,254.6928908089321,12.506255982371048,no_fit,-15.699956842183507,0.9996766538884257,-2.1135441612837362
lf,0.1,307,3,0,False,0.9188282481031493,0.030384793877601624,0.007987340883119032,0.44017195892591326,0.03191168739840665,0.05468249946907354,5,27.625611239634672,574.9905504624502,88.52076730979758,no_fit,27.625611239634672,0.9996766538884257,-2.1135441612837362
lf,0.1,307,3,1,False,0.9607925535683687,0.026717616245150566,0.04388845292851329,0.41097397478232844,0.005128239468461188,0.019801646077479054,5,5.373497625293122,90.11390826652186,16.289581438942076,no_fit,5.373497625293122,0.9996766538884257,-2.1135441612837362
lf,0.1,307,3,2,False,0.9713119134628391,0.026735743507742882,0.07443056907504797,0.41494884034441903,0.016460136637478254,0.031435591491821964,5,8.402787580874074,295.2619632665388,40.381127141699785,no_fit,8.402787580874074,0.9996766538884257,-2.1135441612837362
lf,0.1,307,3,3,False,0.8385126809805629,0.08610355108976364,0.00028513462439150317,0.41517571618513716,0.020498582032765437,0.03741816734186845,5,8.575692222481605,368.3723353172237,52.769830576213025,no_fit,8.575692222481605,0.9996766538884257,-2.1135441612837362
lf,0.1,308,0,0,False,0.9991276994259387,0.01781524531543255,0.1229330999776721,0.40452849021473614,0.0004228947789350092,0.012241595027291486,5,0.461321010899637,4.9302627777335015,0.6342462191092442,no_fit,0.461321010899637,0.9996766538884257,-2.1135441612837362
lf,0.1,308,0,1,False,0.512151937040608,0.23890997469425201,0.33995746867731214,0.6417658851481293,0.19720603230308195,0.2642288953443295,5,181.26262015771601,3567.412106528993,522.4489312543435,no_fit,181.26262015771601,0.9996766538884257,-2.1135441612837362
lf,0.1,308,0,2,False,0.47516225082183583,0.28377896547317505,0.37847794918343425,0.6029293041682502,0.2196002102776053,0.2618721300222782,5,151.6648229910674,3972.827191600417,517.5685473910263,no_fit,151.6648229910674,0.9996766538884257,-2.1135441612837362
lf,0.1,308,0,3,False,0.9993438332603884,0.017327776178717613,0.14901315048336983,0.40089999400923393,0.00023342525648538696,0.010656070009583508,5,-2.303996944510731,1.5001836451240071,-2.6490551087348244,no_fit,-2.6490551087348244,0.9996766538884257,-2.1135441612837362
lf,0.1,308,1,0,False,0.9160007665455869,0.03256867453455925,0.008150341978762299,0.4118922129021506,0.000812394084759087,0.015784896273030067,5,6.073297271283121,11.981599709393757,7.971705770458765,no_fit,6.073297271283121,0.9996766538884257,-2.1135441612837362
lf,0.1,308,1,1,False,0.9916571928433561,0.022917084395885468,0.09481746889650822,0.4165450431468197,0.004442278339764389,0.019303141576442265,5,9.61927177155936,77.69554713432576,15.257279537735625,no_fit,9.61927177155936,0.9996766538884257,-2.1135441612837362
lf,0.1,308,1,2,False,0.3110693938222284,0.4648943841457367,0.23769430190804997,0.691178796816852,0.4325859759152417,0.4851981010932642,5,218.920758440849,7828.63482129854,980.0314219405615,no_fit,218.920758440849,0.9996766538884257,-2.1135441612837362
lf,0.1,308,1,3,False,0.7215918355291904,0.13166485726833344,1.435671774174807e-05,0.3898270968665718,0.04846026992811918,0.050599411807263475,5,-10.742776965992862,874.5793543795847,80.06551936857977,no_fit,-10.742776965992862,0.9996766538884257,-2.1135441612837362
lf,0.1,308,2,0,False,0.5280789526657143,0.21149493753910065,0.1207028882636223,0.6078245268425055,0.2620441277949037,0.3012898820890685,5,155.39552750064445,4741.214602409423,599.1947319394163,no_fit,155.39552750064445,0.9996766538884257,-2.1135441612837362
lf,0.1,308,2,1,False,0.9859656452638506,0.02558525837957859,0.13577089132741094,0.4132488361817676,0.02105054254804011,0.034999578787464,5,7.107195200723934,378.36480387359234,47.76142331458307,no_fit,7.107195200723934,0.9996766538884257,-2.1135441612837362
lf,0.1,308,2,2,False,0.9211364419358818,0.06806178390979767,0.40701350197196007,0.34958302375321837,0.01974325559447353,0.010685713910551614,5,-41.41323979035757,354.69821284730403,-2.587668591130856,acf_or_spectral,-41.41323979035757,0.9996766538884257,-2.1135441612837362
lf,0.1,308,2,3,False,0.897626112289875,0.04693104326725006,0.00032091059074446093,0.43784667528641047,0.007813684924805034,0.03147010690894046,5,25.853486305346895,138.73012000588054,40.452601583030315,no_fit,25.853486305346895,0.9996766538884257,-2.1135441612837362
lf,0.1,308,3,0,False,0.9875495026418498,0.02239086851477623,0.1080031180754304,0.4058779744882307,0.0053805584014681804,0.018217035210130218,5,1.4897782231132453,94.68178755222438,13.008173131425343,no_fit,1.4897782231132453,0.9996766538884257,-2.1135441612837362
lf,0.1,308,3,1,False,0.9642177723080725,0.02931397221982479,0.055645359214395285,0.4201719236494673,0.022543653664752927,0.038985381215728726,5,12.383358381568922,405.3954799310867,56.015213232173615,no_fit,12.383358381568922,0.9996766538884257,-2.1135441612837362
lf,0.1,308,3,2,False,0.9314882353950192,0.035660263150930405,0.03156262286938727,0.4152152851876153,0.010373286548240237,0.02623214899676214,5,8.605848206347474,185.06810620454678,29.60585115262246,no_fit,8.605848206347474,0.9996766538884257,-2.1135441612837362
lf,0.1,308,3,3,False,0.9240394231511811,0.03302420675754547,0.010609787364955992,0.4213534650148022,0.00783855586208253,0.026051176850168844,5,13.283824405941795,139.1803733334924,29.231094474187007,no_fit,13.283824405941795,0.9996766538884257,-2.1135441612837362
lf,0.1,309,0,0,False,0.9979757127916664,0.01866256259381771,0.11661696992814541,0.40884204313855166,0.0028477513776381156,0.015237474361001995,5,3.7487284315693783,48.82887988114377,6.838105814243036,no_fit,3.7487284315693783,0.9996766538884257,-2.1135441612837362
lf,0.1,309,0,1,False,0.9951420511610454,0.02376670204102993,0.1598182525485754,0.4292095282669284,0.003686318171409435,0.02333219169173658,5,19.271018973487795,64.00995187323178,23.60062665982598,no_fit,19.271018973487795,0.9996766538884257,-2.1135441612837362
lf,0.1,309,0,2,False,0.9997721250833536,0.01736583560705185,0.14065268449485302,0.40419900695040945,0.00014553147512144193,0.011972946988672404,5,0.21021809243214665,-0.0910096056151449,0.07793051795693866,ungated,-0.0910096056151449,0.9996766538884257,-2.1135441612837362
lf,0.1,309,0,3,False,0.4773144335583915,0.3228398263454437,0.3640123037621379,0.6515287565859451,0.26359899709174484,0.3207846103650721,5,188.7030147879809,4769.3633234283825,639.5643675614956,no_fit,188.7030147879809,0.9996766538884257,-2.1135441612837362
lf,0.1,309,1,0,False,0.36154272010623417,0.3749374449253082,0.24396917641388427,0.6849027001699766,0.3961116300526022,0.44722862496864313,5,214.13767427469278,7168.31810649663,901.4043236701557,no_fit,214.13767427469278,0.9996766538884257,-2.1135441612837362
lf,0.1,309,1,1,False,0.9906685626190151,0.024226445704698563,0.09886909369379282,0.41231711062028653,0.002260177465253005,0.016031011544459104,5,6.397116623055469,38.19168087583268,8.481360672438049,no_fit,6.397116623055469,0.9996766538884257,-2.1135441612837362
lf,0.1,309,1,2,False,0.7764192698400388,0.10119941830635071,0.00022882660096001928,0.31505937810616186,0.07157055411382848,0.044633547517758554,6,-67.72410020941011,1292.9585348894934,67.71142219275288,no_fit,-67.72410020941011,0.9996766538884257,-2.1135441612837362
lf,0.1,309,1,3,False,0.7829863777332918,0.1164967492222786,0.003898498551279772,0.4210440208669177,0.14418768525215128,0.1387226463191945,5,13.047993524530371,2607.589526550732,262.55089781136076,no_fit,13.047993524530371,0.9996766538884257,-2.1135441612837362
lf,0.1,309,2,0,False,0.9984744971037219,0.019602404907345772,0.16840873658657074,0.4003371174206761,0.00031271304858936306,0.01113260145681614,5,-2.7329715524099263,2.935577568380663,-1.6622549535911844,no_fit,-2.7329715524099263,0.9996766538884257,-2.1135441612837362
lf,0.1,309,2,1,False,0.9411644258652612,0.03703908249735832,0.020655478234402835,0.4204340375878969,0.005317243765487461,0.023511927345929107,5,12.583118375586135,93.53556514738364,23.97282281282288,no_fit,12.583118375586135,0.9996766538884257,-2.1135441612837362
lf,0.1,309,2,2,False,0.950832640641563,0.047553498297929764,0.3040670361369848,0.3831763761586362,0.01967806429975289,0.022826597718540502,5,-15.81136636183829,353.5180161763143,22.55364389701575,no_fit,-15.81136636183829,0.9996766538884257,-2.1135441612837362
lf,0.1,309,2,3,False,0.9860874543282684,0.022797439247369766,0.07664172258228064,0.4090865017866081,0.0029462792387323954,0.017039371879247082,5,3.93503312931186,50.612588183939515,10.569470786866045,no_fit,3.93503312931186,0.9996766538884257,-2.1135441612837362
lf,0.1,309,3,0,False,0.9620735917613615,0.032659146934747696,0.044217492919415236,0.43043688063768915,0.023157508021458096,0.042942577352653,5,20.206398082699373,416.5084494059302,64.20976531163873,no_fit,20.206398082699373,0.9996766538884257,-2.1135441612837362
lf,0.1,309,3,1,False,0.9493360454816521,0.03668760880827904,0.03241523471660912,0.4273505468621316,0.01802733430257778,0.03754847563428262,5,17.85426824086658,323.63387204760164,53.039672669358296,no_fit,17.85426824086658,0.9996766538884257,-2.1135441612837362
lf,0.1,309,3,2,False,0.9569455632553215,0.02987423725426197,0.04538422939367592,0.41984553078336156,0.015132225128304536,0.03219485098611874,5,12.134610690503013,271.2219936783966,41.953399845038454,no_fit,12.134610690503013,0.9996766538884257,-2.1135441612837362
lf,0.1,309,3,3,False,0.9471803869921117,0.035656366497278214,0.029766590567305684,0.42385483394865275,0.00927972118757485,0.02831617904596026,5,15.190145932582407,165.27064392530198,33.92145548013449,no_fit,15.190145932582407,0.9996766538884257,-2.1135441612837362
lf,0.1,310,0,0,False,0.997475799695792,0.02104775793850422,0.14823968894779682,0.4123952995612781,0.0035122929310289625,0.01702976569185223,5,6.456705298416508,60.85946973838013,10.549578317509347,no_fit,6.456705298416508,0.9996766538884257,-2.1135441612837362
lf,0.1,310,0,1,False,0.521999519715118,0.26983121037483215,0.3221533754840493,0.5935784294202482,0.12738992528754628,0.1831844748566138,5,144.5384156931261,2303.489715751374,354.6223435753095,no_fit,144.5384156931261,0.9996766538884257,-2.1135441612837362
lf,0.1,310,0,2,False,0.9997014887002705,0.017888903617858887,0.1545749008655548,0.39807160707018346,3.1655240619334036e-05,0.009895449945647174,5,-4.459542587784151,-2.152578614792771,-4.224145276354598,ungated,-4.459542587784151,0.9996766538884257,-2.1135441612837362
lf,0.1,310,0,3,False,0.3575651513151024,0.3881632089614868,0.3520531746726192,0.6760191357544914,0.3728644489080968,0.4223122843199266,5,207.3674094611498,6747.460599152868,849.8076264100855,no_fit,207.3674094611498,0.9996766538884257,-2.1135441612837362
lf,0.1,310,1,0,False,0.9997700165041932,0.01690741628408432,0.1443298775702715,0.40020805837622964,0.0001327936089178702,0.010463176742234997,5,-2.8313289083787154,-0.32161075187844584,-3.0484980148663707,ungated,-3.0484980148663707,0.9996766538884257,-2.1135441612837362
lf,0.1,310,1,1,False,0.4064379083025454,0.3632582128047943,0.2025915488920873,0.6811400370440501,0.3896377594767214,0.441064481935607,5,211.27010619331878,7051.117788036718,888.6396313572932,no_fit,211.27010619331878,0.9996766538884257,-2.1135441612837362
lf,0.1,310,1,2,False,0.999278726409278,0.01843777857720852,0.15379294008016586,0.40152620924591886,0.0006127818832777688,0.011631067949904993,5,-1.8267512372310875,8.367901643007583,-0.6300317591503372,no_fit,-1.8267512372310875,0.9996766538884257,-2.1135441612837362
lf,0.1,310,1,3,False,0.8233483319626307,0.056918323040008545,0.3360760137438774,0.4371058582599596,0.005897395710099568,0.028457314634662702,5,25.288901279238342,104.03839986839223,34.213718711945646,no_fit,25.288901279238342,0.9996766538884257,-2.1135441612837362
lf,0.1,310,2,0,False,0.8517508291711673,0.10050312429666519,0.563296876847744,0.3315711607409203,0.026472704577266852,0.009171750197047562,6,-55.140284102205186,476.52541878211053,-5.7227809452968845,acf_or_spectral,-55.140284102205186,0.9996766538884257,-2.1135441612837362
lf,0.1,310,2,1,False,0.9392621100414903,0.05322983115911484,0.10596154816448689,0.36812621767240333,0.008851472674277557,0.007896510454836126,5,-27.281262191036546,157.51780710996323,-8.363544283724064,acf_or_spectral,-27.281262191036546,0.9996766538884257,-2.1135441612837362
lf,0.1,310,2,2,False,0.9911263799187847,0.021914087235927582,0.08613134082406759,0.4050483502340078,0.0007236537379672787,0.013215135518199538,5,0.8575122053156671,10.375080582645843,2.650251486013895,no_fit,0.8575122053156671,0.9996766538884257,-2.1135441612837362
lf,0.1,310,2,3,False,0.9978029645474173,0.019841715693473816,0.12949148565530777,0.409026180240766,0.0031121964776849795,0.0171926406963511,5,3.8890613976720725,53.61628636037188,10.886859478368482,no_fit,3.8890613976720725,0.9996766538884257,-2.1135441612837362
lf,0.1,310,3,0,False,0.7603253643237736,0.10703539103269577,0.00011077459521402488,0.39363010215035665,0.008964809989670367,0.020182667345478425,5,-7.844463670302035,159.5696197468913,17.078599348585414,no_fit,-7.844463670302035,0.9996766538884257,-2.1135441612837362
lf,0.1,310,3,1,False,0.947792703187188,0.03339617699384689,0.040667944704182446,0.4028235605875409,0.02851743308841769,0.03777485822018921,5,-0.8380251214305803,513.5423516759748,53.508465174431706,no_fit,-0.8380251214305803,0.9996766538884257,-2.1135441612837362
lf,0.1,310,3,2,False,0.9491925428622406,0.03223160281777382,0.04366035433486104,0.39904280693515826,0.020005211567057417,0.028921223102811786,5,-3.7193801974158243,359.440557175856,35.174379232883915,no_fit,-3.7193801974158243,0.9996766538884257,-2.1135441612837362
lf,0.1,310,3,3,False,0.9533257940950208,0.027560105547308922,0.04494472919031978,0.39982060303767253,0.010490246817030048,0.02058970812216169,5,-3.1266129996247964,187.18550731546688,17.921498393157275,no_fit,-3.1266129996247964,0.9996766538884257,-2.1135441612837362
lf,0.1,311,0,0,False,0.9978486028537328,0.019124319776892662,0.11374408192932606,0.41240503524233413,0.002741188956040728,0.01655337796066248,5,6.464124970949618,46.89971716454526,9.56307576919572,no_fit,6.464124970949618,0.9996766538884257,-2.1135441612837362
lf,0.1,311,0,1,False,0.9983761776799347,0.020744111388921738,0.1308901458978653,0.4007762924388522,0.00032134445077466054,0.010884535174175883,5,-2.398271308962403,3.0918369611218934,-2.1759500048137106,no_fit,-2.398271308962403,0.9996766538884257,-2.1135441612837362
lf,0.1,311,0,2,False,0.616074265273532,0.17314288020133972,0.3130429508164525,0.5569820854721442,0.10201550403973515,0.15165430789968753,5,116.64792848010208,1844.1215192262478,289.32975097625155,no_fit,116.64792848010208,0.9996766538884257,-2.1135441612837362
lf,0.1,311,0,3,False,0.999584454181812,0.01778331957757473,0.13908977713435888,0.40158355423289904,0.00015991342069836463,0.010870798382467904,5,-1.7830479747311574,0.16935528458952934,-2.20439611947693,no_fit,-2.20439611947693,0.9996766538884257,-2.1135441612837362
lf,0.1,311,1,0,False,0.36127234271875963,0.37503302097320557,0.2746624798744506,0.684773571920023,0.3922806621431071,0.44316699334946963,5,214.03926417642512,7098.963822418832,892.9935068495397,no_fit,214.03926417642512,0.9996766538884257,-2.1135441612837362
lf,0.1,311,1,1,False,0.7716542642625909,0.09647352993488312,8.817259242732689e-06,0.5222485909597716,0.10594594562667345,0.14081024669286157,5,90.17713986977814,1915.2766342811358,266.8738955580486,no_fit,90.17713986977814,0.9996766538884257,-2.1135441612837362
lf,0.1,311,1,2,False,0.7168406838639285,0.15012900531291962,6.34845758895608e-06,0.5014095243156387,0.04411938578881774,0.08866874974404339,5,74.29545172645592,795.9937543802372,158.89941123530227,no_fit,74.29545172645592,0.9996766538884257,-2.1135441612837362
lf,0.1,311,1,3,False,0.9921623993572027,0.024294782429933548,0.11909007653594017,0.43487216267193984,0.0065737582086701375,0.027888514209989113,5,23.586576633809344,116.28299130680357,33.035848184043935,no_fit,23.586576633809344,0.9996766538884257,-2.1135441612837362
lf,0.1,311,2,0,False,0.7603414864082552,0.10908526927232742,0.16456220019608736,0.48237866764771586,0.09306923939140659,0.11396599905276078,5,59.79182083637917,1682.1619845829227,211.28489321664807,no_fit,59.79182083637917,0.9996766538884257,-2.1135441612837362
lf,0.1,311,2,1,False,0.9497912442606797,0.03092043474316597,0.02275055251084268,0.4239982512413498,0.006427403528843918,0.025781858622852993,5,15.299445871772134,113.63344574010095,28.673390947920982,no_fit,15.299445871772134,0.9996766538884257,-2.1135441612837362
lf,0.1,311,2,2,False,0.6991734649505201,0.14637210965156555,0.7876312248408794,0.3204570258768247,0.03129300710285576,0.006775374896071815,6,-63.61049185712337,563.7902141545883,-10.685189056069142,acf_or_spectral,-63.61049185712337,0.9996766538884257,-2.1135441612837362
lf,0.1,311,2,3,False,0.9542486052605645,0.029773134738206863,0.0391694251447916,0.41188451843721596,0.002195446792473546,0.017230497865640085,5,6.0674332326191704,37.01982311702279,10.965254011918399,no_fit,6.0674332326191704,0.9996766538884257,-2.1135441612837362
lf,0.1,311,3,0,False,0.9401437963841767,0.030459189787507057,0.01638796250335872,0.43093829676985457,0.013499541478985497,0.03491876950427053,5,20.58853298236025,241.66455328757598,47.594083648637714,no_fit,20.58853298236025,0.9996766538884257,-2.1135441612837362
lf,0.1,311,3,1,False,0.9697801105956932,0.02447807416319847,0.04877153830602765,0.41319191960925516,0.006466934944943634,0.021924655640205338,5,7.063818437730381,114.3491064104454,20.685904447708804,no_fit,7.063818437730381,0.9996766538884257,-2.1135441612837362
lf,0.1,311,3,2,False,0.9347104334697852,0.03363548591732979,0.016190588008612394,0.4214231192242071,0.006234482415162935,0.024757560037180534,5,13.336908665929512,110.14088040441287,26.55227594255271,no_fit,13.336908665929512,0.9996766538884257,-2.1135441612837362
lf,0.1,311,3,3,False,0.9770321328704635,0.023242628201842308,0.07805221108719707,0.41537692583064467,0.011752419165963158,0.027473911296919885,5,8.72903636672515,210.03536189819164,32.177289485944016,no_fit,8.72903636672515,0.9996766538884257,-2.1135441612837362
lf,0.1,312,0,0,False,0.9994371058465797,0.017875993624329567,0.135477127507329,0.39954473118260025,6.0406654777570695e-05,0.010194042311676586,5,-3.3368580573616393,-1.632074712834594,-3.6058209352567308,acf_or_spectral,-3.6058209352567308,0.9996766538884257,-2.1135441612837362
lf,0.1,312,0,1,False,0.9995974642196205,0.017329130321741104,0.13810347020626068,0.40243792328549277,0.0001071027208191447,0.011172409129769923,5,-1.1319236665117463,-0.7867081354910243,-1.5798213218239094,no_fit,-1.5798213218239094,0.9996766538884257,-2.1135441612837362
lf,0.1,312,0,2,False,0.999505955296304,0.016950266435742378,0.14632296655327082,0.3995568763256862,2.008387546216994e-05,0.010244494137758802,5,-3.3276021065918187,-2.3620619008022476,-3.5013454172309353,acf_or_spectral,-3.5013454172309353,0.9996766538884257,-2.1135441612837362
lf,0.1,312,0,3,False,0.40775086621862344,0.3121432960033417,0.28991173271106163,0.6508793015677653,0.3333512144161057,0.37796821855428264,5,188.20805778064528,6032.1290812359375,757.9800435058344,no_fit,188.20805778064528,0.9996766538884257,-2.1135441612837362
lf,0.1,312,1,0,False,0.8258860193866928,0.09178487956523895,0.001053568084444123,0.5509945535486693,0.198033651766702,0.23277681739629114,5,112.08476275004828,3582.394992510877,457.3180451838538,no_fit,112.08476275004828,0.9996766538884257,-2.1135441612837362
lf,0.1,312,1,1,False,0.9993198440354873,0.018698211759328842,0.16043899208307266,0.4010990811555699,0.0002565457370769092,0.010775147907477432,5,-2.1522703808672357,1.9187474172154773,-2.4024688890880452,no_fit,-2.4024688890880452,0.9996766538884257,-2.1135441612837362
lf,0.1,312,1,2,False,0.9995618191273096,0.01766156777739525,0.15501591563224792,0.40102599844568265,6.617118108170119e-05,0.01075720525405423,5,-2.20796753981006,-1.527716074413294,-2.439624491901937,acf_or_spectral,-2.439624491901937,0.9996766538884257,-2.1135441612837362
lf,0.1,312,1,3,False,0.9656377789101117,0.03246390447020531,0.12905571004375815,0.4581906657349625,0.1047036132566011,0.12299779661533868,5,41.35787128631216,1892.7859546021207,229.9879175138607,no_fit,41.35787128631216,0.9996766538884257,-2.1135441612837362
lf,0.1,312,2,0,False,0.8835622846593046,0.07344487309455872,0.03041673569532577,0.4572698503687411,0.1484485920787716,0.1613027419826471,5,40.656107491721876,2684.7272498268844,309.3097046713321,no_fit,40.656107491721876,0.9996766538884257,-2.1135441612837362
lf,0.1,312,2,1,False,0.9566500758394617,0.044429801404476166,0.2594705387018621,0.3924533005471489,0.03326589440376035,0.038388121017153796,5,-8.741317468404805,599.5065630128718,54.77840827410095,no_fit,-8.741317468404805,0.9996766538884257,-2.1135441612837362
lf,0.1,312,2,2,False,0.989878410390538,0.020845117047429085,0.09103280492126942,0.39625943467431857,0.0006001264536301689,0.010006469317322644,5,-5.840619645818621,8.13879289460726,-3.9942466330866297,no_fit,-5.840619645818621,0.9996766538884257,-2.1135441612837362
lf,0.1,312,2,3,False,0.9570706618309851,0.04088998958468437,0.16894630866590887,0.44050055189059734,0.10553403973919567,0.1185052957749155,5,27.876035650685314,1907.819657713244,220.68485776395858,no_fit,27.876035650685314,0.9996766538884257,-2.1135441612837362
lf,0.1,312,3,0,False,0.9572295718451052,0.046214763075113297,0.2016193101881072,0.42638882131230404,0.1042565850582261,0.11289449423609323,5,17.121326333119175,1884.69313801025,209.06602366362037,no_fit,17.121326333119175,0.9996766538884257,-2.1135441612837362
lf,0.1,312,3,1,False,0.9688894095610725,0.021931210532784462,0.08294148254208267,0.454779083076455,0.09171172226206165,0.1117212821081823,5,38.757865595902004,1657.5860468947697,206.63653885928656,no_fit,38.757865595902004,0.9996766538884257,-2.1135441612837362
lf,0.1,312,3,2,False,0.9545140129379023,0.03219204023480415,0.056775587843731046,0.3972322930699185,0.008375539477370497,0.017696940321440716,5,-5.099193270521696,148.90170618712963,11.931161908286342,no_fit,-5.099193270521696,0.9996766538884257,-2.1135441612837362
lf,0.1,312,3,3,False,0.9613434722526069,0.03766974061727524,0.15449609537608922,0.4479172813514995,0.10736643490201885,0.12288833720562758,5,33.52840897205004,1940.992594074898,229.7612492360123,no_fit,33.52840897205004,0.9996766538884257,-2.1135441612837362
lf,0.1,313,0,0,False,0.5640479611993746,0.2299148142337799,0.2758729769848287,0.6120884128735078,0.21826939881517315,0.26630393679064784,5,158.64508322113116,3948.7347224385776,526.7459220050018,no_fit,158.64508322113116,0.9996766538884257,-2.1135441612837362
lf,0.1,313,0,1,False,0.9965261369705578,0.021089108660817146,0.15367786586284637,0.4122614723899445,0.0007934305530242756,0.015579760772822483,5,6.354714099073546,11.638291647795356,7.546911678472028,no_fit,6.354714099073546,0.9996766538884257,-2.1135441612837362
lf,0.1,313,0,2,False,0.6423184297467391,0.15891577303409576,0.3312118120957166,0.51591914906876,0.1457961692899582,0.16941931129583732,5,85.35340069033523,2636.708867022411,326.1174765487255,no_fit,85.35340069033523,0.9996766538884257,-2.1135441612837362
lf,0.1,313,0,3,False,0.9931554639690546,0.024638965725898743,0.19086113572120667,0.40778761181763223,0.001304284145114536,0.01383062674523663,5,2.9451344082205275,20.88657719468754,3.9248092132256494,no_fit,2.9451344082205275,0.9996766538884257,-2.1135441612837362
lf,0.1,313,1,0,False,0.9206009786991474,0.06600242853164673,0.04956115549430251,0.48523097965698253,0.061041253160332015,0.08965613481898199,5,61.96560004598594,1102.3403551706078,160.94408583294805,no_fit,61.96560004598594,0.9996766538884257,-2.1135441612837362
lf,0.1,313,1,1,False,0.9286234330505412,0.057262320071458817,0.04045369056984782,0.41903056089160334,0.003315497477367476,0.020525101395474307,5,11.51351292791463,57.296764928290344,17.787710941586827,no_fit,11.51351292791463,0.9996766538884257,-2.1135441612837362
lf,0.1,313,1,2,False,0.5911201461513858,0.2453627586364746,0.07716928701847792,0.5955377685571704,0.11583645890616465,0.18164031787717017,5,146.03165018730945,2094.3304618950215,351.42470707990054,no_fit,146.03165018730945,0.9996766538884257,-2.1135441612837362
lf,0.1,313,1,3,False,0.37796298962727903,0.34829819202423096,0.2332196910319908,0.6788544735763955,0.38087528133213566,0.4309345632352065,5,209.52825245078176,6892.485449467954,867.6626204943191,no_fit,209.52825245078176,0.9996766538884257,-2.1135441612837362
lf,0.1,313,2,0,False,0.9968486375096638,0.02360127493739128,0.12724024429917336,0.4225415971907772,0.003941979071663482,0.021259146439906004,5,14.189313361570942,68.63833277401088,19.30776962382948,no_fit,14.189313361570942,0.9996766538884257,-2.1135441612837362
lf,0.1,313,2,1,False,0.99909784326842,0.018405267968773842,0.1550473179668188,0.4012993015685766,0.0003167894546847361,0.011432406394561617,5,-1.9996801418895676,3.009375165498157,-1.0414196219501217,no_fit,-1.9996801418895676,0.9996766538884257,-2.1135441612837362
lf,0.1,313,2,2,False,0.9463162166431802,0.0557943694293499,0.2975407368503511,0.35040730900529016,0.03964213147985672,0.02943341083409641,5,-40.785042686423,714.9393643231954,36.23501633381294,no_fit,-40.785042686423,0.9996766538884257,-2.1135441612837362
lf,0.1,313,2,3,False,0.9595020022527807,0.04030987620353699,0.08674642397090793,0.3861064297291361,0.0049152597289357025,0.010730053482493387,5,-13.57833943003908,86.25820973110588,-2.495850314026084,no_fit,-13.57833943003908,0.9996766538884257,-2.1135441612837362
lf,0.1,313,3,0,False,0.9749207816727623,0.024892307817935944,0.0935584562830627,0.40636983197913085,0.022304222912365924,0.03350362051745147,5,1.8646283742658745,401.0609230226741,44.66359658875079,no_fit,1.8646283742658745,0.9996766538884257,-2.1135441612837362
lf,0.1,313,3,1,False,0.9131384482741651,0.036390338093042374,0.01797446038108319,0.4024053578904267,0.00625624117384831,0.017819903844830925,5,-1.1567421220373975,110.53479211724803,12.18579447170504,no_fit,-1.1567421220373975,0.9996766538884257,-2.1135441612837362
lf,0.1,313,3,2,False,0.6325625398228883,0.1904943585395813,0.0001297985145356506,0.36206392205649324,0.00785576430418532,0.007081823529934632,5,-31.901406175825826,139.49190796660048,-10.050595974761418,acf_or_spectral,-31.901406175825826,0.9996766538884257,-2.1135441612837362
lf,0.1,313,3,3,False,0.926255181619379,0.048117488622665405,0.027920911612454802,0.3965424247905347,0.04745913642557396,0.05134190753346382,5,-5.62494968083713,856.4552408459705,81.60307770195521,no_fit,-5.62494968083713,0.9996766538884257,-2.1135441612837362
lf,0.1,314,0,0,False,0.9911796474328883,0.023793956264853477,0.20265613868832588,0.4050922040269719,0.0002114496580319699,0.01235571860758068,5,0.8909336764233089,1.1023463533679492,0.8705730499803813,no_fit,0.8705730499803813,0.9996766538884257,-2.1135441612837362
lf,0.1,314,0,1,False,0.9997231341688105,0.016779595986008644,0.14601318631321192,0.40014895670898964,0.00011340878465654152,0.01062778012745032,5,-2.8763709567528064,-0.6725457219381561,-2.707637727447913,ungated,-2.8763709567528064,0.9996766538884257,-2.1135441612837362
lf,0.1,314,0,2,False,0.39863567107428005,0.32871413230895996,0.32085119460111855,0.6495608534137749,0.3324246560152794,0.3771793266029414,5,187.2032535457728,6015.355044996608,756.3464079829408,no_fit,187.2032535457728,0.9996766538884257,-2.1135441612837362
lf,0.1,314,0,3,False,0.9986546715643974,0.018544182181358337,0.13175731804221869,0.40382479924703124,0.00019971113510100914,0.011731534049487223,5,-0.07496982636337593,0.8898369110440403,-0.4219868059155444,no_fit,-0.4219868059155444,0.9996766538884257,-2.1135441612837362
lf,0.1,314,1,0,False,0.9074338329205972,0.04696734622120857,0.01519095341063803,0.4874144961183373,0.1646269053137349,0.18500217049899026,5,63.62968261202593,2977.612849107489,358.3864232647353,no_fit,63.62968261202593,0.9996766538884257,-2.1135441612837362
lf,0.1,314,1,1,False,0.9984867171159,0.018920890986919403,0.1349961580708623,0.39056606129962934,0.0019901593761511645,0.009817152827968523,5,-10.179603822241196,33.3033832705987,-4.386282756097619,no_fit,-10.179603822241196,0.9996766538884257,-2.1135441612837362
lf,0.1,314,1,2,False,0.9997418802835838,0.017748748883605003,0.15452820248901844,0.4001911851405209,7.603821465039588e-05,0.010431570790930014,5,-2.8441881919575565,-1.3490873139289477,-3.1139475415079865,ungated,-3.1139475415079865,0.9996766538884257,-2.1135441612837362
lf,0.1,314,1,3,False,0.99841541007542,0.01947070099413395,0.14867377560585737,0.39309511235781947,0.0015588846737543938,0.009869318826507784,5,-8.252185435870091,25.495761559265873,-4.278257533941322,no_fit,-8.252185435870091,0.9996766538884257,-2.1135441612837362
lf,0.1,314,2,0,False,0.8720726121085028,0.08735610544681549,0.02062127703175065,0.5412521991019055,0.20207772265966534,0.23606225712303652,5,104.66000435047891,3655.6072062822773,464.1215257325042,no_fit,104.66000435047891,0.9996766538884257,-2.1135441612837362
lf,0.1,314,2,1,False,0.9352368241798609,0.06412960588932037,0.2783954233163968,0.4019255987104352,0.0912352562327864,0.09257187930261351,5,-1.5223720137516705,1648.9602997915706,166.98200237658003,no_fit,-1.5223720137516705,0.9996766538884257,-2.1135441612837362
lf,0.1,314,2,2,False,0.9521082551949185,0.03686890751123428,0.05480503989383578,0.40325987287602183,0.05306705428803454,0.0595620882409591,5,-0.505506596628766,957.9787037687665,98.62540780120082,no_fit,-0.505506596628766,0.9996766538884257,-2.1135441612837362
lf,0.1,314,2,3,False,0.9557571710960332,0.03420701622962952,0.07070461311377585,0.4724268438186627,0.10996358706647638,0.1329585533171797,5,52.20742345384075,1988.0103799875958,250.61462812405546,no_fit,52.20742345384075,0.9996766538884257,-2.1135441612837362
lf,0.1,314,3,0,False,0.9567780154941775,0.026374725624918938,0.04028177703730762,0.43923162663185383,0.05717499606743627,0.07603282211109307,5,26.908973373823574,1032.347210076936,132.73296320549986,no_fit,26.908973373823574,0.9996766538884257,-2.1135441612837362
lf,0.1,314,3,1,False,0.9657596347614275,0.026515940204262733,0.09044706216081977,0.48484584658540325,0.1285468020758915,0.15406863128959003,5,61.6720857806422,2324.433342353686,294.3293259456652,no_fit,61.6720857806422,0.9996766538884257,-2.1135441612837362
lf,0.1,314,3,2,False,0.9778131307401045,0.02608795464038849,0.1439267131499946,0.40811079451371524,0.03175886819036768,0.042714992630662044,5,3.1914355924414335,572.223973707628,63.738483426102725,no_fit,3.1914355924414335,0.9996766538884257,-2.1135441612837362
lf,0.1,314,3,3,False,0.9435335271891246,0.06074867770075798,0.2785481826867908,0.39833238262417503,0.08410573457672821,0.08558870228069831,5,-4.260802591669107,1519.8903409836312,152.52125648323002,no_fit,-4.260802591669107,0.9996766538884257,-2.1135441612837362
lf,0.1,315,0,0,False,0.5408458563059219,0.21855907142162323,0.30333958519622684,0.6369688403340836,0.18475044813474978,0.25729686899856363,5,177.60673810468447,3341.921279361172,508.09410805602863,no_fit,177.60673810468447,0.9996766538884257,-2.1135441612837362
lf,0.1,315,0,1,False,0.9924418658906182,0.026214618235826492,0.18294026516377926,0.41548426085442247,0.0022536281335331426,0.01713939285675669,5,8.810837601089695,38.073114439529924,10.776593982401797,no_fit,8.810837601089695,0.9996766538884257,-2.1135441612837362
lf,0.1,315,0,2,False,0.981902516698607,0.03201046958565712,0.2112518511712551,0.4341095559921968,0.004496328907081269,0.025623797303354935,5,23.005385466732612,78.674056609952,28.346077954185336,no_fit,23.005385466732612,0.9996766538884257,-2.1135441612837362
lf,0.1,315,0,3,False,0.999576522455212,0.01687215454876423,0.1361120780929923,0.40535866486846817,0.0002478422917091159,0.01248982422635685,5,1.0940064943819128,1.7611837840152496,1.148278637266324,no_fit,1.0940064943819128,0.9996766538884257,-2.1135441612837362
lf,0.1,315,1,0,False,0.6710908002089941,0.15160657465457916,0.004455152502714554,0.3713508641229841,0.21024978089469232,0.16807695196564132,7,-24.82372269681867,3803.550823071034,323.3377221317011,no_fit,-24.82372269681867,0.9996766538884257,-2.1135441612837362
lf,0.1,315,1,1,False,0.7201494943599809,0.17124028503894806,0.6732232859358191,0.38700716789877654,0.10566548401299639,0.09930955611356423,5,-12.891876693808827,1910.19927135683,180.9343670336561,no_fit,-12.891876693808827,0.9996766538884257,-2.1135441612837362
lf,0.1,315,1,2,False,0.3818125206340735,0.3755876123905182,0.2798559129823843,0.683655651912809,0.3901935355688724,0.44100557076552993,5,213.18728470791316,7061.179332244162,888.5176382504177,no_fit,213.18728470791316,0.9996766538884257,-2.1135441612837362
lf,0.1,315,1,3,False,0.8974047448009276,0.04032961279153824,0.003927873389329761,0.4346813018025706,0.008254500047452588,0.031106332644688258,5,23.441119408788214,146.71045760310074,39.69929872655357,no_fit,23.441119408788214,0.9996766538884257,-2.1135441612837362
lf,0.1,315,2,0,False,0.9597824387416766,0.03861014544963837,0.196547232568264,0.4142711846711655,0.039761232152669024,0.05205133979156509,5,7.886338535676778,717.0955144375329,83.07216828647749,no_fit,7.886338535676778,0.9996766538884257,-2.1135441612837362
lf,0.1,315,2,1,False,0.9705866742433779,0.027578450739383698,0.055693435948342085,0.40736776633711214,0.0020875749240957175,0.015594800037478623,5,2.6251654238187845,35.06695470877117,7.578054950929932,no_fit,2.6251654238187845,0.9996766538884257,-2.1135441612837362
lf,0.1,315,2,2,False,0.969016068146509,0.03933561220765114,0.18061334360390902,0.4212064204735908,0.010956512477406952,0.0257882527197307,5,13.1717600996762,195.62659109101946,28.68663182809283,no_fit,13.1717600996762,0.9996766538884257,-2.1135441612837362
lf,0.1,315,2,3,False,0.9697641165453219,0.022867649793624878,0.07638623239472508,0.41627973279708175,0.01604217847536005,0.031712260592723245,5,9.417075756368792,287.69541878144014,40.95405283900335,no_fit,9.417075756368792,0.9996766538884257,-2.1135441612837362
lf,0.1,315,3,0,False,0.9494362203122182,0.03375331684947014,0.0334188217530027,0.4399142208245721,0.030647024002872534,0.053415309740596016,5,27.429186120503687,552.0955989857555,85.89667392011705,no_fit,27.429186120503687,0.9996766538884257,-2.1135441612837362
lf,0.1,315,3,1,False,0.9300145922586063,0.029741736128926277,0.011226771923247725,0.4262706933840728,0.011579590592880898,0.031092612302659414,5,17.031299704325153,206.90654374114075,39.67088667584566,no_fit,17.031299704325153,0.9996766538884257,-2.1135441612837362
lf,0.1,315,3,2,False,0.9789467887259101,0.024036191403865814,0.08084377320483327,0.4129698211771402,0.012251281671178418,0.027027518769668864,5,6.894554713197705,219.06656568789415,31.252900932566494,no_fit,6.894554713197705,0.9996766538884257,-2.1135441612837362
lf,0.1,315,3,3,False,0.9494122296871422,0.029112694784998894,0.026232221629470587,0.42165579694351973,0.010433802504280694,0.028527212493401448,5,13.51423498476745,186.1636624466304,34.35846302682384,no_fit,13.51423498476745,0.9996766538884257,-2.1135441612837362
lf,0.1,316,0,0,False,0.9834404352154056,0.03131003677845001,0.21015247516334057,0.40830754852874207,0.003557851481824888,0.017160181701878857,5,3.341384050352934,61.684243202611476,10.819643472022987,no_fit,3.341384050352934,0.9996766538884257,-2.1135441612837362
lf,0.1,316,0,1,False,0.3387061883187838,0.42222294211387634,0.4131695256801322,0.6859438631257582,0.3954511110943336,0.44678792230579134,5,214.93115632705516,7156.360340064552,900.4917176740564,no_fit,214.93115632705516,0.9996766538884257,-2.1135441612837362
lf,0.1,316,0,2,False,0.9934181492134172,0.02530188299715519,0.1982181016355753,0.40257127741099835,0.001793937462573353,0.012173697153769494,5,-1.0302929807391015,29.75106159679012,0.49364346872514214,no_fit,-1.0302929807391015,0.9996766538884257,-2.1135441612837362
lf,0.1,316,0,3,False,0.5761258894236306,0.19222530722618103,0.18451729335356504,0.5804670101016817,0.22921680546011386,0.27659574646787755,5,134.54605488878892,4146.922117453445,548.058176306744,no_fit,134.54605488878892,0.9996766538884257,-2.1135441612837362
lf,0.1,316,1,0,False,0.6878830569897019,0.1440476030111313,3.1390765116157127e-06,0.3713659972098575,0.01574573660852655,0.021096817427228957,5,-24.812189600328633,282.3287558569175,18.971619101499265,no_fit,-24.812189600328633,0.9996766538884257,-2.1135441612837362
lf,0.1,316,1,1,False,0.8942024070225807,0.04126784950494766,0.003056631605431903,0.5650877661333951,0.1987365192702279,0.23269018281230663,5,122.82535929548781,3595.1194197731793,457.13864249928145,no_fit,122.82535929548781,0.9996766538884257,-2.1135441612837362
lf,0.1,316,1,2,False,0.374789523511307,0.3331114947795868,0.19037567292355106,0.6829303052104072,0.39346162463728884,0.44431333392694305,5,212.6344897905566,7120.343486838287,895.3673461129661,no_fit,212.6344897905566,0.9996766538884257,-2.1135441612837362
lf,0.1,316,1,3,False,0.9256097240627311,0.04452738165855408,0.1757473754696548,0.43995479114165226,0.10549310722745893,0.11841730090763167,5,27.460105217541276,1907.0786321776418,220.5026382080577,no_fit,27.460105217541276,0.9996766538884257,-2.1135441612837362
lf,0.1,316,2,0,False,0.9775924877442621,0.0239472184330225,0.07088491460308433,0.40949373284916113,0.004966693476806979,0.019072202073346305,5,4.245388523254697,87.18934537236487,14.779050579694506,no_fit,4.245388523254697,0.9996766538884257,-2.1135441612837362
lf,0.1,316,2,1,False,0.99609382923418,0.018991446122527122,0.15229242946952581,0.39789137668052593,0.0017503842800643031,0.011679382515669395,5,-4.596898204106643,28.962592503969418,-0.5299820745620836,no_fit,-4.596898204106643,0.9996766538884257,-2.1135441612837362
lf,0.1,316,2,2,False,0.9983336191403867,0.019531674683094025,0.14699595049023628,0.4057758357706984,0.0007435746790914527,0.013518074576231758,5,1.4119371524497792,10.735721194225679,3.2775769462774376,no_fit,1.4119371524497792,0.9996766538884257,-2.1135441612837362
lf,0.1,316,2,3,False,0.9951869135572284,0.02066303975880146,0.10529249347746372,0.4053799517319683,0.0003523559082724086,0.012472270971357623,5,1.110229453568689,3.653255768007391,1.1119293997561779,no_fit,1.110229453568689,0.9996766538884257,-2.1135441612837362
lf,0.1,316,3,0,False,0.9642974498474718,0.028874380514025688,0.050183895975351334,0.40662904267549116,0.0014223888869141707,0.014545640121277058,5,2.062175774699324,23.024697379251116,5.405457163122704,no_fit,2.062175774699324,0.9996766538884257,-2.1135441612837362
lf,0.1,316,3,1,False,0.9801853068065001,0.03176462650299072,0.10413291119039059,0.38046489317210785,0.005892338189374116,0.00937862965855098,5,-17.87781818203491,103.94684057126186,-5.294375462525155,no_fit,-17.87781818203491,0.9996766538884257,-2.1135441612837362
lf,0.1,316,3,2,False,0.9512928257599698,0.029425669461488724,0.03806306212209165,0.4093901067183249,0.0029273891988779444,0.01706882856945948,5,4.166413878106478,50.27061058943672,10.630469628895085,no_fit,4.166413878106478,0.9996766538884257,-2.1135441612837362
lf,0.1,316,3,3,False,0.9153593708649057,0.034695643931627274,0.007994881714694202,0.41908213007905626,0.0039034108505675603,0.021557908963521097,5,11.552814388335955,67.94010939405716,19.926446326839503,no_fit,11.552814388335955,0.9996766538884257,-2.1135441612837362
lf,0.1,317,0,0,False,0.7715110980528099,0.10438770055770874,0.0010521509393583983,0.4870522679831504,0.05466746183310612,0.07957223036685199,5,63.353624457502214,986.9518307025741,140.06236116272333,no_fit,63.353624457502214,0.9996766538884257,-2.1135441612837362
lf,0.1,317,0,1,False,0.4241846646999962,0.37156006693840027,0.3625764830649132,0.6820279618187115,0.3751499089661132,0.4278460287823491,5,211.9468036964611,6788.835638009046,861.2668909051273,no_fit,211.9468036964611,0.9996766538884257,-2.1135441612837362
lf,0.1,317,0,2,False,0.32877892538517944,0.451547235250473,0.3308187708389596,0.6890906223473587,0.4119803083311133,0.4641935781621987,5,217.3293370840448,7455.598200526988,936.535307240339,no_fit,217.3293370840448,0.9996766538884257,-2.1135441612837362
lf,0.1,317,0,3,False,0.9933545799081219,0.026193011552095413,0.17010321095585823,0.41690979978445764,0.002263434499683265,0.01871682129175607,5,9.897256926369689,38.25064490175615,14.043128926580364,no_fit,9.897256926369689,0.9996766538884257,-2.1135441612837362
lf,0.1,317,1,0,False,0.8959563197722015,0.05101770907640457,0.00802268268307671,0.4784891702020311,0.0721650661435202,0.09587828813199965,5,56.827590886857635,1303.721338747159,173.8289056916801,no_fit,56.827590886857635,0.9996766538884257,-2.1135441612837362
lf,0.1,317,1,1,False,0.9792436785384028,0.03307177498936653,0.07261206023395061,0.4372885976648535,0.007883899668163864,0.030104757703995087,5,25.428169044421004,140.00125914679802,37.625239789617325,no_fit,25.428169044421004,0.9996766538884257,-2.1135441612837362
lf,0.1,317,1,2,False,0.9874165737478668,0.025516454130411148,0.1984626092016697,0.3992863089295502,0.0025154728232720993,0.01301303390852182,5,-3.533804576239982,42.81344414874218,2.2317399671142994,no_fit,-3.533804576239982,0.9996766538884257,-2.1135441612837362
lf,0.1,317,1,3,False,0.37470669170456977,0.3678983449935913,0.08373256828321018,0.6888273565393442,0.42040621221366536,0.4725187608518333,5,217.12869923720228,7608.137335619808,953.775075187322,no_fit,217.12869923720228,0.9996766538884257,-2.1135441612837362
lf,0.1,317,2,0,False,0.9886850531703463,0.02311944216489792,0.147805729880929,0.39211651392816493,0.004428095136706614,0.01219652070065402,5,-8.99798635597482,77.43878019781239,0.5409064137781325,no_fit,-8.99798635597482,0.9996766538884257,-2.1135441612837362
lf,0.1,317,2,1,False,0.9955487250227854,0.020737363025546074,0.1779766082763672,0.4032676144354141,0.0002379378000354639,0.01158230893197119,5,-0.4996066667465656,1.5818768972417772,-0.73100181420368,no_fit,-0.73100181420368,0.9996766538884257,-2.1135441612837362
lf,0.1,317,2,2,False,0.9993362594412224,0.01739988476037979,0.12582653295248747,0.40438829986539226,0.00015826707100401356,0.012147918312374145,5,0.35448036169956315,0.1395504396806438,0.4402607070289639,no_fit,0.1395504396806438,0.9996766538884257,-2.1135441612837362
lf,0.1,317,2,3,False,0.9978325988481124,0.01872044801712036,0.13467739708721638,0.40303814223614576,0.0005157358466070109,0.012279075325222806,5,-0.6744900225406218,6.611019686568756,0.7118603283736861,no_fit,-0.6744900225406218,0.9996766538884257,-2.1135441612837362
lf,0.1,317,3,0,False,0.5344001249549241,0.24961026012897491,2.1494319639714377e-05,0.4655367269500902,0.017017740163845982,0.05013616435034192,5,46.95638753911467,305.3565905993963,79.10622766807438,no_fit,46.95638753911467,0.9996766538884257,-2.1135441612837362
lf,0.1,317,3,1,False,0.9519692309877125,0.029668575152754784,0.03696025745011866,0.40787118246204435,0.0017788731354449368,0.015277196381290364,5,3.0088245405644978,29.47834314866228,6.92036207668031,no_fit,3.0088245405644978,0.9996766538884257,-2.1135441612837362
lf,0.1,317,3,2,False,0.9644836986576284,0.03369177132844925,0.05765428161248565,0.4042772198142731,0.002505714013166115,0.014827809003375618,5,0.26982499968433055,42.636774621786806,5.9897717938749455,no_fit,0.26982499968433055,0.9996766538884257,-2.1135441612837362
lf,0.1,317,3,3,False,0.9908707206914221,0.024673787876963615,0.10880971141159534,0.40248102820031484,0.003393541077185605,0.015024805850236325,5,-1.0990729238974517,58.70963450070966,6.397712382421356,no_fit,-1.0990729238974517,0.9996766538884257,-2.1135441612837362
lf,0.1,318,0,0,False,0.9984581966087566,0.019520044326782227,0.11873889807611704,0.42384166809018553,0.002366894153314123,0.020997062591944966,5,15.180112083087788,40.12363636971411,18.765047032633227,no_fit,15.180112083087788,0.9996766538884257,-2.1135441612837362
lf,0.1,318,0,1,False,0.9969003197052099,0.022451527416706085,0.13619948457926512,0.40525505082220775,0.0012991682930465452,0.01406790737734943,5,1.0150410590254806,20.79396189066893,4.416169365721917,no_fit,1.0150410590254806,0.9996766538884257,-2.1135441612837362
lf,0.1,318,0,2,False,0.5715323688238438,0.2524610757827759,0.23365255445241928,0.6607299066032415,0.3257408457668993,0.3739888398413719,5,195.7153151769605,5894.354064137611,749.7395558022838,no_fit,195.7153151769605,0.9996766538884257,-2.1135441612837362
lf,0.1,318,0,3,False,0.5416058906152125,0.2678050696849823,0.28491109935566783,0.6128340098791938,0.2554729170928321,0.2985427396723642,5,159.21331112342224,4622.252077916075,593.5059561435095,no_fit,159.21331112342224,0.9996766538884257,-2.1135441612837362
lf,0.1,318,1,0,False,0.9996469283593128,0.018218036741018295,0.15039264596998692,0.3957183474647687,0.00049768237216208,0.009095613826107565,5,-6.252988321784774,6.284186931812004,-5.880443955979546,no_fit,-6.252988321784774,0.9996766538884257,-2.1135441612837362
lf,0.1,318,1,1,False,0.9742976473566138,0.03798495605587959,0.20813903352245688,0.37541209504570994,0.035943665054457466,0.034478821181243,5,-21.72861272408353,647.9838331939507,46.683039737601106,no_fit,-21.72861272408353,0.9996766538884257,-2.1135441612837362
lf,0.1,318,1,2,False,0.9999153309098727,0.01634879782795906,0.142813915386796,0.3994381849456712,4.601016135178403e-05,0.010222476613489075,5,-3.4180581483565233,-1.89270297137507,-3.5469392526250543,ungated,-3.5469392526250543,0.9996766538884257,-2.1135441612837362
lf,0.1,318,1,3,False,0.9893222292834734,0.02943291701376438,0.18412114307284355,0.405270493126365,0.00904513145502973,0.01831865895019689,5,1.0268098135012733,161.02372687012544,13.218615323743272,no_fit,1.0268098135012733,0.9996766538884257,-2.1135441612837362
lf,0.1,318,2,0,False,0.9858524997601724,0.022292906418442726,0.0801384449005127,0.3982233028149552,8.889755477777797e-05,0.00981834786799252,5,-4.3439335467327735,-1.1162870531809996,-4.3838080701394695,no_fit,-4.3838080701394695,0.9996766538884257,-2.1135441612837362
lf,0.1,318,2,1,False,0.8835469575444135,0.07498175650835037,0.0022414963441406144,0.5747273762346902,0.1958836511259453,0.24428921935055975,5,130.17181506850056,3543.472255821563,481.1578989868334,no_fit,130.17181506850056,0.9996766538884257,-2.1135441612837362
lf,0.1,318,2,2,False,0.9186500811513292,0.07770997285842896,0.4045007829554379,0.3548721653025717,0.04717185504096774,0.03761268905879436,5,-37.382325255307244,851.254415563968,53.17264567174561,no_fit,-37.382325255307244,0.9996766538884257,-2.1135441612837362
lf,0.1,318,2,3,False,0.9575854977670336,0.034073855727910995,0.13390995521331206,0.4527171172790016,0.11837265339920318,0.13340668043312162,5,37.18641816418264,2140.2446949301716,251.5426086594506,no_fit,37.18641816418264,0.9996766538884257,-2.1135441612837362
lf,0.1,318,3,0,False,0.971296403991581,0.029109904542565346,0.1276084512937814,0.429359789125442,0.06098805730364272,0.07619211525852691,5,19.385534471509526,1101.3773190283716,133.0628270655114,no_fit,19.385534471509526,0.9996766538884257,-2.1135441612837362
lf,0.1,318,3,1,False,0.9616787765728373,0.02775000035762787,0.07193726894911379,0.5218087574748775,0.16276572244788814,0.19680074251783927,5,89.84193780140504,2943.918751885026,382.818877337362,no_fit,89.84193780140504,0.9996766538884257,-2.1135441612837362
lf,0.1,318,3,2,False,0.9487153492112533,0.03474986180663109,0.07306006678845733,0.40860373988384163,0.06792768717468131,0.07392871448032937,5,3.5671148286439873,1227.0095542339682,128.37578227119963,no_fit,3.5671148286439873,0.9996766538884257,-2.1135441612837362
lf,0.1,318,3,3,False,0.9575174434438332,0.037983279675245285,0.14433362032286823,0.4659158249733415,0.11777049515031413,0.13695027267007626,5,47.24530242593963,2129.343467031673,258.88067079469846,no_fit,47.24530242593963,0.9996766538884257,-2.1135441612837362
lf,0.1,319,0,0,False,0.9869009986187142,0.026121672242879868,0.21702469512820244,0.40561451140025995,0.0005182769238944461,0.012396413507640156,5,1.2889900269870846,6.6570223157266835,0.9548439494676118,no_fit,0.9548439494676118,0.9996766538884257,-2.1135441612837362
lf,0.1,319,0,1,False,0.9998229554689946,0.016824979335069656,0.14623795822262764,0.4030602095877288,0.00016878595595150536,0.011577904542937617,5,-0.6576722445673555,0.3299800522654603,-0.7401224122395155,ungated,-0.7401224122395155,0.9996766538884257,-2.1135441612837362
lf,0.1,319,0,2,False,0.9998316829983993,0.016568869352340698,0.13795330002903938,0.40241725254082616,0.00018934930378594131,0.011300346411917992,5,-1.1476770745741804,0.7022505335099758,-1.314889110937231,ungated,-1.314889110937231,0.9996766538884257,-2.1135441612837362
lf,0.1,319,0,3,False,0.9837598101303179,0.025055570527911186,0.21603206731379032,0.4082541336508068,0.0003758814491403675,0.01364069294422279,5,3.3006759683611637,4.079152586510184,3.531494762739906,no_fit,3.3006759683611637,0.9996766538884257,-2.1135441612837362
lf,0.1,319,1,0,False,0.6586806374729491,0.1498546302318573,0.37185134924948215,0.5271425674380491,0.05842153637845984,0.10354003596128117,5,93.9068946393201,1054.914068606573,189.69483435286986,no_fit,93.9068946393201,0.9996766538884257,-2.1135441612837362
lf,0.1,319,1,1,False,0.9236478757052966,0.05724772438406944,0.01777290739119053,0.3763439076554109,0.0028032889540899096,0.007561377053985052,5,-21.01846780598314,48.023950258552375,-9.057537710336707,no_fit,-21.01846780598314,0.9996766538884257,-2.1135441612837362
lf,0.1,319,1,2,False,0.3411630069552178,0.4167983829975128,0.369647322302626,0.6803363845726498,0.38362034966648845,0.434238576336963,5,210.65763356465698,6942.181049528139,874.5045627425046,no_fit,210.65763356465698,0.9996766538884257,-2.1135441612837362
lf,0.1,319,1,3,False,0.9712720179493697,0.036448683589696884,0.25975107587873936,0.41606158098640444,0.001847371186837067,0.01790749865697788,5,9.250819796625345,30.718403996796997,12.36718559440716,no_fit,9.250819796625345,0.9996766538884257,-2.1135441612837362
lf,0.1,319,2,0,False,0.9590968532792442,0.029855553060770035,0.04488916927948594,0.41507932367598743,0.005582499219703456,0.021696140465841205,5,8.502230402151026,98.33764194872808,20.21269578367468,no_fit,8.502230402151026,0.9996766538884257,-2.1135441612837362
lf,0.1,319,2,1,False,0.9707623870921437,0.030535420402884483,0.07161632808856666,0.40317722713694104,0.020281494233526015,0.03074696296640163,5,-0.5684918481695305,364.44226614046073,38.955116875918975,no_fit,-0.5684918481695305,0.9996766538884257,-2.1135441612837362
lf,0.1,319,2,2,False,0.48312141832101047,0.2951313257217407,0.12989958963589743,0.6651107418872542,0.34191277775559525,0.39402359047720825,5,199.05399924453798,6187.124139932545,791.2274684059951,no_fit,199.05399924453798,0.9996766538884257,-2.1135441612837362
lf,0.1,319,2,3,False,0.9154626884174618,0.07323449105024338,0.37943221302703023,0.3779693387402183,0.05271947186839046,0.05065735628686993,5,-19.77970841103486,951.6862130870524,80.18551065519355,no_fit,-19.77970841103486,0.9996766538884257,-2.1135441612837362
lf,0.1,319,3,0,False,0.9500269714955238,0.03546738624572754,0.05215323716402054,0.43485924547857735,0.045426622566717104,0.06334073916645708,5,23.576732294800625,819.6594370466645,106.45022889363706,no_fit,23.576732294800625,0.9996766538884257,-2.1135441612837362
lf,0.1,319,3,1,False,0.7817637448576501,0.10584880411624908,0.016657702493830584,0.3274154284427588,0.12624580181776593,0.0836783687476663,7,-58.30741464090015,2282.7769700385866,148.56534247646388,no_fit,-58.30741464090015,0.9996766538884257,-2.1135441612837362
lf,0.1,319,3,2,False,0.9734717316218078,0.024494627490639687,0.07332384865731001,0.4073263153566825,0.011824690656543234,0.02462167650831436,5,2.5935751632922366,211.34373555383965,26.270888663401866,no_fit,2.5935751632922366,0.9996766538884257,-2.1135441612837362
lf,0.1,319,3,3,False,0.9582825879923041,0.030885891988873482,0.04024242516607046,0.40595583900393556,0.003930477051389013,0.01698022641327294,5,1.5491196502977211,68.43010487953882,10.446992500620158,no_fit,1.5491196502977211,0.9996766538884257,-2.1135441612837362
lf,0.25,300,0,0,False,0.9969265822751109,0.021870538592338562,0.16272796876728535,0.40572998370962904,0.001631077325876546,0.012178276875595804,5,-0.4507336918869162,26.611370031744052,-0.724375483182469,no_fit,-0.724375483182469,0.9996767459366057,-2.0777245997021447
lf,0.25,300,0,1,False,0.973590007154447,0.02397490106523037,0.038476162822917104,0.42840477524503295,0.0032527760534962653,0.024512452795267477,5,16.243902500617686,55.78863141827546,22.370894166303668,no_fit,16.243902500617686,0.9996767459366057,-2.0777245997021447
lf,0.25,300,0,2,False,0.9998853993433006,0.01641347073018551,0.14197122305631638,0.40312722371735976,0.00024259498849877356,0.010984214073796855,5,-2.367052574003053,1.630088738075028,-2.960212118363341,ungated,-2.960212118363341,0.9996767459366057,-2.0777245997021447
lf,0.25,300,0,3,False,0.9919901416805256,0.028071649372577667,0.20575125887989998,0.4061453814994089,0.0033550288667119647,0.012921742685958363,5,-0.1448911898856582,57.6283424619424,0.667735629657414,no_fit,-0.1448911898856582,0.9996767459366057,-2.0777245997021447
lf,0.25,300,1,0,False,0.3631431767668551,0.3445070683956146,0.504677720152884,0.6766876889855297,0.3633780499576944,0.40119715007394996,5,199.04571178035,6535.086585867283,727.6984906870615,no_fit,199.04571178035,0.9996767459366057,-2.0777245997021447
lf,0.25,300,1,1,False,0.9981849894432779,0.02233067899942398,0.17604722268879414,0.3890119576447841,0.000569024926793487,0.006478912057658109,5,-12.759616998426397,7.503147322756599,-11.396216728054982,no_fit,-12.759616998426397,0.9996767459366057,-2.0777245997021447
lf,0.25,300,1,2,False,0.8866339405193437,0.1030280590057373,0.3559425612911582,0.4964363615487193,0.1499686211994678,0.18211088494639627,5,66.33312079246693,2695.469165454987,317.46789217988913,no_fit,66.33312079246693,0.9996767459366057,-2.0777245997021447
lf,0.25,300,1,3,False,0.998753732164982,0.018775520846247673,0.1561816018074751,0.4065164794309226,0.00019390496998677315,0.013022332887440315,5,0.12833491447519718,0.7540681968707663,0.856086910071425,no_fit,0.12833491447519718,0.9996767459366057,-2.0777245997021447
lf,0.25,300,2,0,False,0.9961897222807417,0.018101148307323456,0.12160768266767263,0.39993109021635886,0.004695113738236712,0.01659278560660471,5,-4.720251100153716,81.73886676012923,7.541622194867147,no_fit,-4.720251100153716,0.9996767459366057,-2.0777245997021447
lf,0.25,300,2,1,False,0.9561053846733939,0.028096240013837814,0.05539764082641341,0.5257690012312982,0.16051840593260797,0.2038898498125856,5,87.92969191427309,2885.278666743965,358.24816558827393,no_fit,87.92969191427309,0.9996767459366057,-2.0777245997021447
lf,0.25,300,2,2,False,0.9442250479535983,0.047175560146570206,0.18451227381592616,0.4599695963405753,0.127898582214291,0.15018264481658533,5,39.483948780592776,2298.3896800276275,257.6834915005159,no_fit,39.483948780592776,0.9996767459366057,-2.0777245997021447
lf,0.25,300,2,3,False,0.8601271541390888,0.11374744027853012,0.4298532884567976,0.46415668547816047,0.14074548052736457,0.16257532233206917,5,42.56675241953378,2529.5283642374325,280.8883031363501,no_fit,42.56675241953378,0.9996767459366057,-2.0777245997021447
lf,0.25,300,3,0,False,0.9526829570493878,0.043536387383937836,0.1450044324155897,0.4995147232374466,0.14280645387900887,0.1795478137349362,5,68.59960815496393,2566.6089619880786,312.6686399927125,no_fit,68.59960815496393,0.9996767459366057,-2.0777245997021447
lf,0.25,300,3,1,False,0.9172870884193862,0.07152547687292099,0.26596724306000397,0.4842666672689167,0.14130099258567497,0.17265249273430477,5,57.37301113685729,2539.52301999725,299.7574168298126,no_fit,57.37301113685729,0.9996767459366057,-2.0777245997021447
lf,0.25,300,3,2,False,0.9678888247298428,0.034444212913513184,0.09264020738191903,0.5074014417551718,0.13066489398577744,0.1717369909456995,5,74.40631628723189,2348.1605778267317,298.04317496962443,no_fit,74.40631628723189,0.9996767459366057,-2.0777245997021447
lf,0.25,300,3,3,False,0.965929834859642,0.03041238896548748,0.09773189871339127,0.4952914993802392,0.12384137795128283,0.16118432415824405,5,65.49019981727321,2225.3933168535063,278.2837125973748,no_fit,65.49019981727321,0.9996767459366057,-2.0777245997021447
lf,0.25,301,0,0,False,0.999678995861455,0.017070941627025604,0.13994737155735493,0.4104876805209807,0.0005092109246803225,0.013842582479413838,5,3.0521879228824393,6.426986415365429,2.3919726984600955,ungated,2.3919726984600955,0.9996767459366057,-2.0777245997021447
lf,0.25,301,0,1,False,0.6326773071132602,0.16839858889579773,0.3392902687191963,0.5216203008494444,0.1242314844910592,0.1709005238871989,5,84.87515254006932,2232.4120314185457,296.4769225993973,no_fit,84.87515254006932,0.9996767459366057,-2.0777245997021447
lf,0.25,301,0,2,False,0.9982762461993894,0.020010434091091156,0.16788465902209282,0.4103683665777722,0.00041420607814036774,0.01453338107890038,5,2.964341343501575,4.717679259065075,3.6854664861710282,no_fit,2.964341343501575,0.9996767459366057,-2.0777245997021447
lf,0.25,301,0,3,False,0.31606210507443283,0.42782333493232727,0.5887302776932302,0.6867266732311083,0.3854010524127045,0.4256312529973877,5,206.4370560165489,6931.31979996692,773.4504079075768,no_fit,206.4370560165489,0.9996767459366057,-2.0777245997021447
lf,0.25,301,1,0,False,0.9979818335739037,0.02235153689980507,0.17207609303295612,0.39964065520065173,0.0023721128830809218,0.009708169196693737,5,-4.934087991100401,39.943925444796164,-5.349557033943757,no_fit,-5.349557033943757,0.9996767459366057,-2.0777245997021447
lf,0.25,301,1,1,False,0.7786121595408749,0.15765240788459778,0.046522748831193894,0.5074891702481235,0.15045900316039565,0.18434635080138845,5,74.47090763182081,2704.2920142428334,321.65371594707904,no_fit,74.47090763182081,0.9996767459366057,-2.0777245997021447
lf,0.25,301,1,2,False,0.3065056932972354,0.4010840952396393,0.5062057078485793,0.690467636878839,0.4068735992595718,0.4489611393828287,5,209.19139344940848,7317.649332891423,817.1347221635696,no_fit,209.19139344940848,0.9996767459366057,-2.0777245997021447
lf,0.25,301,1,3,False,0.4779853801974703,0.2886534333229065,0.8859732367600373,0.5062030508104076,0.20120892466337392,0.22559243638575555,5,73.52398399288681,3617.373895494439,398.88542358288987,no_fit,73.52398399288681,0.9996767459366057,-2.0777245997021447
lf,0.25,301,2,0,False,0.9703284117614638,0.038162339478731155,0.20486870594322681,0.41315881522356235,0.04185212105582814,0.05731161017750814,5,5.01884865319816,750.2599036101075,83.78605387799895,no_fit,5.01884865319816,0.9996767459366057,-2.0777245997021447
lf,0.25,301,2,1,False,0.7306657546375063,0.19306279718875885,0.6435152951162308,0.40761824319391815,0.127813359048782,0.12652618090588091,5,0.9395240786435214,2296.8563628128486,213.38767339890418,no_fit,0.9395240786435214,0.9996767459366057,-2.0777245997021447
lf,0.25,301,2,2,False,0.6331738334299067,0.21261222660541534,0.17899394064443186,0.6208995446718566,0.2707213830715567,0.304059453105748,5,157.97090093953113,4868.027382515945,545.8118920832032,no_fit,157.97090093953113,0.9996767459366057,-2.0777245997021447
lf,0.25,301,2,3,False,0.9552252708731437,0.04611073434352875,0.13812422927003354,0.4840168677133731,0.10975695094416893,0.14515167086742514,5,57.18909267858444,1971.9892774551054,248.2631864301073,no_fit,57.18909267858444,0.9996767459366057,-2.0777245997021447
lf,0.25,301,3,0,False,0.9819703387879005,0.02405065856873989,0.1279028644785285,0.4238732765972305,0.035245311606598204,0.05490947848405637,5,12.907522485226256,631.3915818015756,79.2881547435003,no_fit,12.907522485226256,0.9996767459366057,-2.0777245997021447
lf,0.25,301,3,1,False,0.886023529440598,0.09944110363721848,0.36816637648735195,0.4778202348110996,0.13036253962819733,0.15910334009790156,5,52.62673400108856,2342.7206820111755,274.38715004444083,no_fit,52.62673400108856,0.9996767459366057,-2.0777245997021447
lf,0.25,301,3,2,False,0.9886725042268668,0.02278551273047924,0.11216765781864524,0.41246074204479644,0.012118468697859463,0.028835646034772938,5,4.504882395248414,215.2983031295628,30.465907101377155,no_fit,4.504882395248414,0.9996767459366057,-2.0777245997021447
lf,0.25,301,3,3,False,0.9650724877949537,0.041214242577552795,0.21478878427296877,0.4130695413982336,0.04743855089786033,0.06204046600715658,5,4.95311953577498,850.7697707897742,92.640654398581,no_fit,4.95311953577498,0.9996767459366057,-2.0777245997021447
lf,0.25,302,0,0,False,0.9791798780166467,0.03220522776246071,0.16360593866556883,0.40908311114194584,0.0074292932237074475,0.016423309080312934,5,2.0180538381872375,130.9316472480095,7.224283922780058,no_fit,2.0180538381872375,0.9996767459366057,-2.0777245997021447
lf,0.25,302,0,1,False,0.18934927342975874,0.7246201634407043,0.8954559317143318,0.6930473488972647,0.426275169442065,0.46961188825680766,5,211.0907429345759,7666.71829057299,855.8024545531902,no_fit,211.0907429345759,0.9996767459366057,-2.0777245997021447
lf,0.25,302,0,2,False,0.9948052419199124,0.027758130803704262,0.16578157525509596,0.426560704203367,0.007322160697156934,0.02184276145422633,5,14.886179096383636,129.0041414314687,17.371999890448,no_fit,14.886179096383636,0.9996767459366057,-2.0777245997021447
lf,0.25,302,0,3,False,0.6382665616892326,0.16943608224391937,0.04372001119259039,0.6598162863763168,0.3415853842957717,0.41333239498070007,5,186.6239028222257,6142.997542755997,750.4212696719917,no_fit,186.6239028222257,0.9996767459366057,-2.0777245997021447
lf,0.25,302,1,0,False,0.999145029500439,0.018027503043413162,0.13447887264192104,0.40225214941826437,0.00019197992562988947,0.010921538107502302,5,-3.011338411956547,0.7194332049176658,-3.0775704527621697,no_fit,-3.0775704527621697,0.9996767459366057,-2.0777245997021447
lf,0.25,302,1,1,False,0.9605950999848034,0.04678741842508316,0.23694154154509306,0.416451040756603,0.02205816467445177,0.02879960326844641,5,7.442796297963535,394.1312162177792,30.39841840876844,no_fit,7.442796297963535,0.9996767459366057,-2.0777245997021447
lf,0.25,302,1,2,False,0.373864429601113,0.35994404554367065,0.33245349806031754,0.6808292026975105,0.3781370910446077,0.41768944435940614,5,202.0949598671442,6800.628139469837,758.579676924547,no_fit,202.0949598671442,0.9996767459366057,-2.0777245997021447
lf,0.25,302,1,3,False,0.9113805056628301,0.06279291212558746,0.21453293575905263,0.47931060191274155,0.11404383497660611,0.14731002093116724,5,53.724037873379565,2049.117990586524,252.30461384647873,no_fit,53.724037873379565,0.9996767459366057,-2.0777245997021447
lf,0.25,302,2,0,False,0.9387689262876082,0.06775565445423126,0.33652660017833114,0.3720618917303786,0.05316304478283686,0.05126894057902866,5,-25.239342928349092,953.7636571034886,72.47138764585472,no_fit,-25.239342928349092,0.9996767459366057,-2.0777245997021447
lf,0.25,302,2,1,False,0.9412143373439241,0.0544445738196373,0.269978764699772,0.40556273581697844,0.06554032002672339,0.07606291891324679,5,-0.5738723199711157,1176.4529821262595,118.89715772093629,no_fit,-0.5738723199711157,0.9996767459366057,-2.0777245997021447
lf,0.25,302,2,2,False,0.9928819838553608,0.022170213982462883,0.13470344338566065,0.40872664842656437,0.001601319337788852,0.01569394001445543,5,1.7556031188412928,26.07597058794826,5.858568421422001,no_fit,1.7556031188412928,0.9996767459366057,-2.0777245997021447
lf,0.25,302,2,3,False,0.9961724355026216,0.021669497713446617,0.1400916464626789,0.41687506015137366,0.0026870200148133676,0.020256869356066735,5,7.754986578663994,45.60966812471212,14.402477979902706,no_fit,7.754986578663994,0.9996767459366057,-2.0777245997021447
lf,0.25,302,3,0,False,0.9503398684064911,0.04771801084280014,0.2087661640252918,0.4082056252568272,0.07980829848558682,0.08822816044663756,5,1.3719924358920608,1433.1594405217047,141.67610423463796,no_fit,1.3719924358920608,0.9996767459366057,-2.0777245997021447
lf,0.25,302,3,1,False,0.9763343731168567,0.028644191101193428,0.1125243790447712,0.4151603226914378,0.037619205023375735,0.05393508728198328,5,6.492486854483917,674.1021713490851,77.46364472333157,no_fit,6.492486854483917,0.9996767459366057,-2.0777245997021447
lf,0.25,302,3,2,False,0.9899546346534662,0.02214551530778408,0.08544930256903172,0.42525921835176994,0.002223034520324537,0.020973465302052158,5,13.927941717743147,37.26173899232016,15.744276305955971,no_fit,13.927941717743147,0.9996767459366057,-2.0777245997021447
lf,0.25,302,3,3,False,0.7314240403051991,0.17927910387516022,0.6390749549027532,0.40740067974969274,0.12898410397693222,0.1298324282635086,5,0.7793399135780854,2317.920158574552,219.57849431386524,no_fit,0.7793399135780854,0.9996767459366057,-2.0777245997021447
lf,0.25,303,0,0,False,0.27718947106281705,0.5181432962417603,0.8284009312491989,0.6891636575773032,0.3746244859277628,0.4129709089443161,5,208.2313202329599,6737.43008924242,749.744400982978,no_fit,208.2313202329599,0.9996767459366057,-2.0777245997021447
lf,0.25,303,0,1,False,0.9696314349596689,0.045096468180418015,0.11065162532031536,0.45419734762862485,0.009778585851829487,0.03854938480049174,5,35.23404896968587,173.19962459592153,48.65450904446621,no_fit,35.23404896968587,0.9996767459366057,-2.0777245997021447
lf,0.25,303,0,2,False,0.9964096732148571,0.021242069080471992,0.13513950817286968,0.42590653046456506,0.00407441913547066,0.02136145117901326,5,14.404534422432084,70.57146041166651,16.470764926433464,no_fit,14.404534422432084,0.9996767459366057,-2.0777245997021447
lf,0.25,303,0,3,False,0.9612798630360143,0.03866668790578842,0.1433931840583682,0.4259264148466875,0.02242480505449044,0.032493891586050566,5,14.419174580200599,400.7277325873437,37.31583108503304,no_fit,14.419174580200599,0.9996767459366057,-2.0777245997021447
lf,0.25,303,1,0,False,0.31039587346133757,0.4448245167732239,0.6019226907932307,0.688688037388651,0.39137132054641743,0.4321547497521524,5,207.88113813743934,7038.7356047142675,785.6654044821391,no_fit,207.88113813743934,0.9996767459366057,-2.0777245997021447
lf,0.25,303,1,1,False,0.9913513892776427,0.026844799518585205,0.15516353491693735,0.4127004407583003,0.017112281480517223,0.023985347247829115,5,4.6813639656086306,305.145929198105,21.3839093177729,no_fit,4.6813639656086306,0.9996767459366057,-2.0777245997021447
lf,0.25,303,1,2,False,0.8273010194237523,0.07699572294950485,0.0181514153664466,0.5656504947967782,0.12545512528079816,0.1724873100234768,5,117.29300600912707,2254.427518362806,299.44811856190637,no_fit,117.29300600912707,0.9996767459366057,-2.0777245997021447
lf,0.25,303,1,3,False,0.9982762845143954,0.019312815740704536,0.11919560469686985,0.4117789914053528,0.0005387049521503977,0.01522276240481028,5,4.002933837893516,6.9576367354153295,4.976306483662586,no_fit,4.002933837893516,0.9996767459366057,-2.0777245997021447
lf,0.25,303,2,0,False,0.6108363816168573,0.2114829123020172,0.07703345063055167,0.675968218807234,0.3507650209793852,0.39908873826938335,5,198.51599167865695,6308.1556293904405,723.750570738801,no_fit,198.51599167865695,0.9996767459366057,-2.0777245997021447
lf,0.25,303,2,1,False,0.780808766590554,0.12060412019491196,0.10631167853716761,0.546807872798334,0.17482452116904693,0.22619279416178273,5,103.41985887629691,3142.6712739960444,400.00957040987004,no_fit,103.41985887629691,0.9996767459366057,-2.0777245997021447
lf,0.25,303,2,2,False,0.8059422593385206,0.11853636801242828,0.608124628663063,0.3687831727504217,0.05312641998161753,0.050729384981825,5,-27.65334618224341,953.1047114064821,71.46109055835869,no_fit,-27.65334618224341,0.9996767459366057,-2.0777245997021447
lf,0.25,303,2,3,False,0.6946019504823916,0.16751839220523834,0.10500147141283378,0.5948846620746735,0.23741240806267344,0.26640141127758643,5,138.81707542926918,4268.739331166171,475.2986582719434,no_fit,138.81707542926918,0.9996767459366057,-2.0777245997021447
lf,0.25,303,3,0,False,0.9700358843394659,0.03108403831720352,0.09505585953593254,0.4203304489524241,0.014983027250110137,0.03484207711161114,5,10.299065488810603,266.8368362815978,41.71271809662072,no_fit,10.299065488810603,0.9996767459366057,-2.0777245997021447
lf,0.25,303,3,1,False,0.975208183046729,0.02534063532948494,0.0600732727907598,0.4154679771804892,0.0027787620424192666,0.019963584534455906,5,6.7190018263937805,47.2602713310898,13.853313440389325,no_fit,6.7190018263937805,0.9996767459366057,-2.0777245997021447
lf,0.25,303,3,2,False,0.9841502208919967,0.024678900837898254,0.154281091876328,0.40813160353259936,0.010130473091594091,0.025402759826735358,5,1.3174928937729666,179.53070557806342,24.037959813534325,no_fit,1.3174928937729666,0.9996767459366057,-2.0777245997021447
lf,0.25,303,3,3,False,0.9875953997852135,0.02608264423906803,0.16770493146032095,0.40782402331688855,0.007332806145361182,0.022369945069858208,5,1.0910326066613292,129.19567208974826,18.359130918666168,no_fit,1.0910326066613292,0.9996767459366057,-2.0777245997021447
lf,0.25,304,0,0,False,0.28300936712274904,0.5422772765159607,0.784481084546492,0.6867106720464027,0.3813797325668372,0.421071809518773,5,206.42527491783883,6858.969061655661,764.9130254933814,no_fit,206.42527491783883,0.9996767459366057,-2.0777245997021447
lf,0.25,304,0,1,False,0.9983980903565294,0.018923528492450714,0.1340928366407752,0.4093398937272416,0.0035632815228691683,0.014215278853730067,5,2.2071136509484774,61.37518031761286,3.089832313749924,no_fit,2.2071136509484774,0.9996767459366057,-2.0777245997021447
lf,0.25,304,0,2,False,0.6893351006317582,0.13039256632328033,0.35041009448468685,0.5019425861672582,0.09857715912887385,0.1400676224221367,5,70.38715659946389,1770.8448216531024,238.7435014086119,no_fit,70.38715659946389,0.9996767459366057,-2.0777245997021447
lf,0.25,304,0,3,False,0.2420069110406856,0.613676130771637,0.8178410449546387,0.6921886933087015,0.4059593363842612,0.4479427113333626,5,210.4585456046317,7301.200108115812,815.2277548416988,no_fit,210.4585456046317,0.9996767459366057,-2.0777245997021447
lf,0.25,304,1,0,False,0.9971089470978296,0.021321579813957214,0.1375073455274105,0.41510667471680074,0.009254916001288433,0.025790421412986535,5,6.452987773858086,163.77786712071614,24.763841212139898,no_fit,6.452987773858086,0.9996767459366057,-2.0777245997021447
lf,0.25,304,1,1,False,0.90690680849173,0.05993111804127693,0.23232104815542698,0.42014648341506466,0.0057706976526279725,0.025220921969298534,5,10.16361825819862,101.09054563787298,23.697475424683475,no_fit,10.16361825819862,0.9996767459366057,-2.0777245997021447
lf,0.25,304,1,2,False,0.9702266839170145,0.04086950421333313,0.10448591411113739,0.4449670718635632,0.023008161792900005,0.05152494194316792,5,28.43812779821253,411.22336395726705,72.95074034634628,no_fit,28.43812779821253,0.9996767459366057,-2.0777245997021447
lf,0.25,304,1,3,False,0.3017469528851495,0.41152122616767883,0.5150119373168138,0.6905890893434421,0.409075198773177,0.4513232771345982,5,209.28081454543334,7357.260046880947,821.5577341816922,no_fit,209.28081454543334,0.9996767459366057,-2.0777245997021447
lf,0.25,304,2,0,False,0.926504412433266,0.06261656433343887,0.08892762055620551,0.5342881332951238,0.08048697296478521,0.12050549386099343,5,94.2020234706362,1445.3700085752446,202.114168652221,no_fit,94.2020234706362,0.9996767459366057,-2.0777245997021447
lf,0.25,304,2,1,False,0.9193808668169448,0.06612813472747803,0.28848576289601624,0.4450008708306889,0.08905298475027339,0.11193351932634403,5,28.46301276612788,1599.4878854956642,186.06347628366862,no_fit,28.46301276612788,0.9996767459366057,-2.0777245997021447
lf,0.25,304,2,2,False,0.7657731119275943,0.16836750507354736,0.5259214906254783,0.4211261395160435,0.149206326430805,0.1500019347364573,5,10.884903927973038,2681.754118794313,257.34511883126595,no_fit,10.884903927973038,0.9996767459366057,-2.0777245997021447
lf,0.25,304,2,3,False,0.4869173714343374,0.2819499373435974,0.1943840117455693,0.664700534075336,0.3515889897251155,0.38966942669779014,5,190.21999931916093,6322.980301235494,706.1132723837877,no_fit,190.21999931916093,0.9996767459366057,-2.0777245997021447
lf,0.25,304,3,0,False,0.9891263077025653,0.021742897108197212,0.12899207510054111,0.41431781885337965,0.011863872919365465,0.02929429759647869,5,5.872181479450644,210.7176695935607,31.324714496515575,no_fit,5.872181479450644,0.9996767459366057,-2.0777245997021447
lf,0.25,304,3,1,False,0.9557493318013548,0.05157645791769028,0.2376587321050465,0.4323493920494236,0.07077894600338866,0.08976376004572431,5,19.148182452445187,1270.7052355345006,144.5514553764997,no_fit,19.148182452445187,0.9996767459366057,-2.0777245997021447
lf,0.25,304,3,2,False,0.9514818873645862,0.03428279608488083,0.038525848649442196,0.4179191244962129,0.00749704620854879,0.025918971969003134,5,8.523693729573905,132.15064465780281,25.004547180185938,no_fit,8.523693729573905,0.9996767459366057,-2.0777245997021447
lf,0.25,304,3,3,False,0.987406748558848,0.02469632588326931,0.11977013060823083,0.4041469263900568,0.013606280201660725,0.027258380649834872,5,-1.6162820490074365,242.0666938305989,27.512538379284624,no_fit,-1.6162820490074365,0.9996767459366057,-2.0777245997021447
lf,0.25,305,0,0,False,0.25703081316263443,0.5709977149963379,0.8381260391770411,0.6906099371457939,0.38884425063666817,0.4290933284206803,5,209.29616403498136,6993.269096020007,779.93301087745,no_fit,209.29616403498136,0.9996767459366057,-2.0777245997021447
lf,0.25,305,0,1,False,0.9979101041140681,0.021519005298614502,0.15045293234288692,0.41581686960561404,0.0012888128475362333,0.017726240673285272,5,6.975878812393187,20.45341974308731,9.66397317891738,no_fit,6.975878812393187,0.9996767459366057,-2.0777245997021447
lf,0.25,305,0,2,False,0.9985834030775469,0.02038927562534809,0.14996540546417236,0.40044714277075505,0.004537308545955327,0.011701328158871697,5,-4.3403001031002155,78.89966903189034,-1.6174435968090535,no_fit,-4.3403001031002155,0.9996767459366057,-2.0777245997021447
lf,0.25,305,0,3,False,0.9982767576291701,0.021114634349942207,0.16521151550114155,0.40748546803742947,0.0016663108797456045,0.01279408866827618,5,0.8417664904636938,27.24528469992835,0.42870839513352227,no_fit,0.42870839513352227,0.9996767459366057,-2.0777245997021447
lf,0.25,305,1,0,False,0.9961764134676718,0.02298036403954029,0.18413658067584038,0.40292374687615945,0.0013202583261283625,0.010628758737402473,5,-2.516865278218449,21.019180160038367,-3.625788553776757,no_fit,-3.625788553776757,0.9996767459366057,-2.0777245997021447
lf,0.25,305,1,1,False,0.995969524718838,0.024732768535614014,0.15095901768654585,0.41778410280075967,0.010483471351895923,0.021420431513229105,5,8.424282095285365,185.88177580732528,16.581203332015086,no_fit,8.424282095285365,0.9996767459366057,-2.0777245997021447
lf,0.25,305,1,2,False,0.5964305999509416,0.20967014133930206,0.04897166881710291,0.5948302400521035,0.22993945508547464,0.2923579688175669,5,138.77700644489735,4134.287537727928,523.901313160476,no_fit,138.77700644489735,0.9996767459366057,-2.0777245997021447
lf,0.25,305,1,3,False,0.26146835156992354,0.5451991558074951,0.6782666616258624,0.6922900170916391,0.4165654381833646,0.45934240330020953,5,210.5331466738918,7492.022854174701,836.5732392591465,no_fit,210.5331466738918,0.9996767459366057,-2.0777245997021447
lf,0.25,305,2,0,False,0.4808423402576068,0.2677779197692871,0.19982246193103492,0.6570895199565848,0.33841847357430604,0.3747621580794974,5,184.6162824527821,6086.019153161009,678.1999856981574,no_fit,184.6162824527821,0.9996767459366057,-2.0777245997021447
lf,0.25,305,2,1,False,0.9942467566700863,0.023753805086016655,0.189461262896657,0.40597445787918607,0.0008676917339110332,0.011876556316225998,5,-0.27073612441880185,12.876697508332658,-1.2893356169459047,no_fit,-1.2893356169459047,0.9996767459366057,-2.0777245997021447
lf,0.25,305,2,2,False,0.9134689812781358,0.07164624333381653,0.3424603189341724,0.4224268964634653,0.06979465579474874,0.08615526062273768,5,11.842604640598061,1252.9960937509072,137.79467910326895,no_fit,11.842604640598061,0.9996767459366057,-2.0777245997021447
lf,0.25,305,2,3,False,0.8698278031079245,0.10696272552013397,0.3994827854912728,0.4212353527185656,0.11587727679962634,0.1238801483124278,5,10.965313694064077,2082.104889075232,208.43307921724804,no_fit,10.965313694064077,0.9996767459366057,-2.0777245997021447
lf,0.25,305,3,0,False,0.9906532104017798,0.020599365234375,0.08776701893657446,0.42094042777684726,0.005184100200617653,0.024678692508121346,5,10.748171031544086,90.53660803252026,22.682171629817862,no_fit,10.748171031544086,0.9996767459366057,-2.0777245997021447
lf,0.25,305,3,1,False,0.9773866215027994,0.03609129413962364,0.18154934514313936,0.4275827020343376,0.04591190065001376,0.06623658899718242,5,15.638639464142399,823.3026015994697,100.49773318261983,no_fit,15.638639464142399,0.9996767459366057,-2.0777245997021447
lf,0.25,305,3,2,False,0.9903980001835946,0.02225651405751705,0.11829261714592576,0.4162761965419603,0.014914966606547297,0.03294339352865073,5,7.314064770299148,265.61230354099234,38.157506170578195,no_fit,7.314064770299148,0.9996767459366057,-2.0777245997021447
lf,0.25,305,3,3,False,0.9743679311271605,0.0275983028113842,0.0784110794775188,0.4146538887402718,0.011788048649136327,0.029434425800033134,5,6.119617690194221,209.35345531982455,31.587099163935992,no_fit,6.119617690194221,0.9996767459366057,-2.0777245997021447
lf,0.25,306,0,0,False,0.23310589519689662,0.6114646196365356,0.884183898327791,0.6921550451338192,0.3969046290788758,0.43786650722271825,5,210.43377165963977,7138.28972449879,796.360450492047,no_fit,210.43377165963977,0.9996767459366057,-2.0777245997021447
lf,0.25,306,0,1,False,0.9973835383970561,0.021653112024068832,0.1348437163978815,0.4230232827101512,0.0035354719534082483,0.023125464613507552,5,12.2817024555918,60.8748364107029,19.773812183120096,no_fit,12.2817024555918,0.9996767459366057,-2.0777245997021447
lf,0.25,306,0,2,False,0.7767107298517749,0.10587354004383087,0.0688332548015751,0.4855636957038907,0.12800255033393457,0.1371009442268763,5,58.3279666794216,2300.260252502676,233.18851067968015,no_fit,58.3279666794216,0.9996767459366057,-2.0777245997021447
lf,0.25,306,0,3,False,0.9992495952399851,0.018714671954512596,0.13242768310010433,0.4129823605748585,0.0006622584066178396,0.014658731626683722,5,4.888931420663185,9.180584422805268,3.9201805619731935,no_fit,3.9201805619731935,0.9996767459366057,-2.0777245997021447
lf,0.25,306,1,0,False,0.21727670475360908,0.6665995717048645,0.812752964772546,0.6929609430256747,0.42602503296789307,0.46935422955809003,5,211.02712538868406,7662.217887899596,855.3199985574937,no_fit,211.02712538868406,0.9996767459366057,-2.0777245997021447
lf,0.25,306,1,1,False,0.998530087098042,0.020644377917051315,0.15553594380617142,0.40587332558680533,0.002860282547625749,0.012549607973962137,5,-0.34519620604619805,48.726971062835155,-0.02907229455739433,no_fit,-0.34519620604619805,0.9996767459366057,-2.0777245997021447
lf,0.25,306,1,2,False,0.6001132195784109,0.2416273057460785,0.012552558502648026,0.652183940258821,0.19722152161480824,0.2735056878559142,5,181.00447996985156,3545.633381044991,488.60114271108023,no_fit,181.00447996985156,0.9996767459366057,-2.0777245997021447
lf,0.25,306,1,3,False,0.6603466171339178,0.18696682155132294,0.004075852511959965,0.4358075423922415,0.1525101471661548,0.1518579571836175,5,21.69429458680321,2741.1957644759564,260.82044942261086,no_fit,21.69429458680321,0.9996767459366057,-2.0777245997021447
lf,0.25,306,2,0,False,0.6371720384239263,0.16683407127857208,0.1799901839112863,0.5638576833949149,0.21561883314365327,0.23648251617349936,5,115.97302324019405,3876.633928893008,419.2766788106698,no_fit,115.97302324019405,0.9996767459366057,-2.0777245997021447
lf,0.25,306,2,1,False,0.9969060992115186,0.02018463984131813,0.17241480760276318,0.4034597849785069,0.0003555445491347411,0.010933829179917075,5,-2.122199638623126,3.6622534046938555,-3.0545558927664906,no_fit,-3.0545558927664906,0.9996767459366057,-2.0777245997021447
lf,0.25,306,2,2,False,0.8250726826038485,0.10456005483865738,0.5027365144342184,0.41577639095743013,0.07739098946824527,0.09093502677324858,5,6.946075834758771,1389.6677266479962,146.74460724005476,no_fit,6.946075834758771,0.9996767459366057,-2.0777245997021447
lf,0.25,306,2,3,False,0.9959127395860649,0.022037707269191742,0.15632257610559464,0.4194487336135758,0.0016448703796676759,0.018295692589960992,5,9.64989009134599,26.85953174570986,10.73024997387269,no_fit,9.64989009134599,0.9996767459366057,-2.0777245997021447
lf,0.25,306,3,0,False,0.9699810501146943,0.028627097606658936,0.08503353269770741,0.42439020417734347,0.018077612609312607,0.03933334354743781,5,13.288117732348288,322.51396321682756,50.12244162242758,no_fit,13.288117732348288,0.9996767459366057,-2.0777245997021447
lf,0.25,306,3,1,False,0.9731489619409746,0.02854393795132637,0.06388764455914497,0.4159011898939633,0.002398206961551499,0.01967717631507865,5,7.037960818106009,40.41340459971551,13.317025073868034,no_fit,7.037960818106009,0.9996767459366057,-2.0777245997021447
lf,0.25,306,3,2,False,0.9896092138335011,0.02111881971359253,0.09807895496487617,0.4150479288485006,0.005680102995099452,0.023156062619705844,5,6.4097352968705,99.46058567187318,19.83110577196531,no_fit,6.4097352968705,0.9996767459366057,-2.0777245997021447
lf,0.25,306,3,3,False,0.9915722403216941,0.02346668764948845,0.1534307412803173,0.40610631371417627,0.008732909191401236,0.0232088448132212,5,-0.1736553997037232,154.38603072211245,19.92993839766058,no_fit,-0.1736553997037232,0.9996767459366057,-2.0777245997021447
lf,0.25,307,0,0,False,0.9816240924081355,0.030623596161603928,0.22857610136270523,0.4077095685851183,0.0027351985006842227,0.013224150069221882,5,1.006763690476083,46.47648527855211,1.2339818147249926,no_fit,1.006763690476083,0.9996767459366057,-2.0777245997021447
lf,0.25,307,0,1,False,0.999737100146256,0.016991671174764633,0.14521798584610224,0.40779587320714106,0.00021974359518598047,0.01267335166495423,5,1.0703066899410056,1.218951290423193,0.2026330037533776,ungated,0.2026330037533776,0.9996767459366057,-2.0777245997021447
lf,0.25,307,0,2,False,0.9984092831081551,0.01959606446325779,0.16261718980967999,0.4109015113642678,0.0006935671746082879,0.014965041666948575,5,3.356876738350824,9.743885171451959,4.493734322056911,no_fit,3.356876738350824,0.9996767459366057,-2.0777245997021447
lf,0.25,307,0,3,False,0.26228040840033356,0.53801429271698,0.860243326752073,0.6906108574513101,0.378895033494398,0.4176373069398893,5,209.2968416229431,6814.264880127543,758.4820516133457,no_fit,209.2968416229431,0.9996767459366057,-2.0777245997021447
lf,0.25,307,1,0,False,0.972133676479551,0.04267619922757149,0.14627103507518768,0.4308841858816095,0.008982153209831164,0.03269213689459713,5,18.06940367379679,158.87037652007302,37.68703779454058,no_fit,18.06940367379679,0.9996767459366057,-2.0777245997021447
lf,0.25,307,1,1,False,0.995274487218537,0.024319101125001907,0.13656716234982014,0.42693480183440913,0.008532317704793475,0.03021446420752842,5,15.1616137719781,150.77703101274105,33.04769105717526,no_fit,15.1616137719781,0.9996767459366057,-2.0777245997021447
lf,0.25,307,1,2,False,0.7776953339091226,0.1182638630270958,0.3533018013695255,0.5169273887979873,0.1620979309546462,0.20331124408949852,5,81.41992962169455,2913.697147716827,357.1647486431565,no_fit,81.41992962169455,0.9996767459366057,-2.0777245997021447
lf,0.25,307,1,3,False,0.2912789653363132,0.44309401512145996,0.5544139093304921,0.6914007097088581,0.4110953567576003,0.45349086277156736,5,209.87838152662883,7393.606303155145,825.6164548534409,no_fit,209.87838152662883,0.9996767459366057,-2.0777245997021447
lf,0.25,307,2,0,False,0.8358557328015337,0.10207689553499222,0.514462670776993,0.3873942875364005,0.05741605227137428,0.061780683189439675,5,-13.95064951119664,1030.2828706038094,92.15422107181887,no_fit,-13.95064951119664,0.9996767459366057,-2.0777245997021447
lf,0.25,307,2,1,False,0.9548981455744789,0.028362374752759933,0.08047855971381068,0.4429014323991467,0.052440201997039956,0.07854442297390757,5,26.917271506789984,940.7584221955716,123.54367855787771,no_fit,26.917271506789984,0.9996767459366057,-2.0777245997021447
lf,0.25,307,2,2,False,0.9855584594096072,0.02290869690477848,0.12326374696567655,0.4142719514922228,0.019519270384350133,0.036921865695756145,5,5.838410985621478,348.45196576674317,45.607042166390464,no_fit,5.838410985621478,0.9996767459366057,-2.0777245997021447
lf,0.25,307,2,3,False,0.5555287662544234,0.26639655232429504,0.004412641811226692,0.6894684785922063,0.44801686189373263,0.521658073314756,5,208.45574901942481,8057.890234438903,953.2569327419826,no_fit,208.45574901942481,0.9996767459366057,-2.0777245997021447
lf,0.25,307,3,0,False,0.960961365528529,0.030371161177754402,0.05580568639561534,0.4167313863919009,0.0048726490748192495,0.022979668871105068,5,7.649204739785243,84.93304508227514,19.500815267358412,no_fit,7.649204739785243,0.9996767459366057,-2.0777245997021447
lf,0.25,307,3,1,False,0.9827722232376297,0.025481587275862694,0.15052893105894327,0.4124848110666786,0.005650839091637678,0.022174224903809492,5,4.522603553266779,98.93407569443265,17.992652441289497,no_fit,4.522603553266779,0.9996767459366057,-2.0777245997021447
lf,0.25,307,3,2,False,0.991864484826715,0.020734254270792007,0.09054587595164776,0.4095583685714346,0.0008732289698702217,0.015385089021887234,5,2.367968847139398,12.976322289550362,5.280256825955169,no_fit,2.367968847139398,0.9996767459366057,-2.0777245997021447
lf,0.25,307,3,3,False,0.9932439622012071,0.021176433190703392,0.13923557847738266,0.40757626117418966,0.006938876919829364,0.021736674642482714,5,0.9086142224316394,122.10818056904763,17.173356418891427,no_fit,0.9086142224316394,0.9996767459366057,-2.0777245997021447
lf,0.25,308,0,0,False,0.9998497731051644,0.01728488877415657,0.1385773830115795,0.40666501011405015,0.00016056330639964986,0.01245142917299197,5,0.23769273213657133,0.15419201951742642,-0.21290832033134927,ungated,-0.21290832033134927,0.9996767459366057,-2.0777245997021447
lf,0.25,308,0,1,False,0.9984326164713322,0.01934637501835823,0.12012910936027765,0.416573566993432,0.0015528488018922756,0.018509816827966437,5,7.533007973987245,25.203898931657676,11.131189367589245,no_fit,7.533007973987245,0.9996767459366057,-2.0777245997021447
lf,0.25,308,0,2,False,0.2831548501495534,0.5049725770950317,0.8257779781815202,0.6872276171154541,0.3685609299212016,0.40614372891338535,5,206.80588304143933,6628.335868767212,736.9607691629991,no_fit,206.80588304143933,0.9996767459366057,-2.0777245997021447
lf,0.25,308,0,3,False,0.7033788510821053,0.15740586817264557,0.35834900953341275,0.5530366251708331,0.19808336856807743,0.2482911522820656,5,108.00586596834492,3561.13954960913,441.38789539264116,no_fit,108.00586596834492,0.9996767459366057,-2.0777245997021447
lf,0.25,308,1,0,False,0.9979356004491416,0.020659755915403366,0.13765697367489338,0.4144834623389373,0.002326029084612193,0.015783159921145908,5,5.994138840104896,39.11479546479063,6.025629262497911,no_fit,5.994138840104896,0.9996767459366057,-2.0777245997021447
lf,0.25,308,1,1,False,0.6087788862282402,0.2421865463256836,0.011126319208415225,0.5253131034519065,0.08775889256834998,0.1327937135816016,5,87.59403072170903,1576.2048519659616,225.12338708788064,no_fit,87.59403072170903,0.9996767459366057,-2.0777245997021447
lf,0.25,308,1,2,False,0.2519475979654804,0.5851359367370605,0.7698095853689644,0.6921721100894362,0.40742907102130155,0.4495494810341158,5,210.44633597473933,7327.643263643663,818.2363692594918,no_fit,210.44633597473933,0.9996767459366057,-2.0777245997021447
lf,0.25,308,1,3,False,0.9102358095863295,0.06097254902124405,0.05377531656995416,0.4443685850119029,0.06951929813267645,0.08305187453666561,5,27.997483383075757,1248.0419167855841,131.98370811087486,no_fit,27.997483383075757,0.9996767459366057,-2.0777245997021447
lf,0.25,308,2,0,False,0.9994625545969832,0.017505940049886703,0.1509086973965168,0.40264319869439696,0.00014472557470454855,0.010744637940153595,5,-2.7234228477414324,-0.13075710794226078,-3.4088092069817835,no_fit,-3.4088092069817835,0.9996767459366057,-2.0777245997021447
lf,0.25,308,2,1,False,0.9972013713184615,0.02240598388016224,0.13242326211184263,0.4124059939520589,0.002109318689653494,0.018137564839802958,5,4.464573337100756,35.215787756885994,10.434161848265383,no_fit,4.464573337100756,0.9996767459366057,-2.0777245997021447
lf,0.25,308,2,2,False,0.3178481838083921,0.47362059354782104,0.261264510852925,0.690760492886804,0.4307387706671627,0.4740667445698592,5,209.40701283017015,7747.026462153708,864.1440015255783,no_fit,209.40701283017015,0.9996767459366057,-2.0777245997021447
lf,0.25,308,2,3,False,0.9372883926646364,0.06420407444238663,0.3042711615562439,0.42802671291185324,0.06820856994762033,0.08675165232157567,5,15.965548756960548,1224.4595717971233,138.9113996033723,no_fit,15.965548756960548,0.9996767459366057,-2.0777245997021447
lf,0.25,308,3,0,False,0.9914822065291534,0.021136993542313576,0.09526063874363899,0.4047916027771268,0.0004275899967735282,0.013066230436555819,5,-1.1416299346880017,4.95847989958168,0.9382833811106606,no_fit,-1.1416299346880017,0.9996767459366057,-2.0777245997021447
lf,0.25,308,3,1,False,0.9888510380742368,0.02162206545472145,0.09115820936858654,0.41050066705756394,0.0017959261364947918,0.017002645656641883,5,3.0617494442450024,29.577295055146582,8.309069362461331,no_fit,3.0617494442450024,0.9996767459366057,-2.0777245997021447
lf,0.25,308,3,2,False,0.9219926868974972,0.03776437044143677,0.026921135606244206,0.4211847207344145,0.00611666610522487,0.02595182041317198,5,10.928035179119949,107.31513704994725,25.066054627508432,no_fit,10.928035179119949,0.9996767459366057,-2.0777245997021447
lf,0.25,308,3,3,False,0.9936813757561148,0.022172996774315834,0.1370328888297081,0.4098609083137988,0.005159907813386905,0.020783822705806452,5,2.5907180144099535,90.10134370519864,15.389177844101066,no_fit,2.5907180144099535,0.9996767459366057,-2.0777245997021447
lf,0.25,309,0,0,False,0.9946312121896594,0.02261652983725071,0.18594832718372345,0.4084045108578752,0.0007170450634418142,0.012803204790869025,5,1.5184247745638468,10.166294394344536,0.44577798379600875,no_fit,0.44577798379600875,0.9996767459366057,-2.0777245997021447
lf,0.25,309,0,1,False,0.9990588646720793,0.01856827549636364,0.1285731913521886,0.4226225463770771,0.0019192635406529834,0.020596178948831027,5,11.986654658599036,31.796355610951423,15.037822131841578,no_fit,11.986654658599036,0.9996767459366057,-2.0777245997021447
lf,0.25,309,0,2,False,0.7920357730960239,0.11512576788663864,0.3257023165933788,0.49774950864170736,0.11842655673367382,0.15735623920061487,5,67.29994392512734,2127.97099584114,271.11577086268767,no_fit,67.29994392512734,0.9996767459366057,-2.0777245997021447
lf,0.25,309,0,3,False,0.2731852137563677,0.5338722467422485,0.8441508018154309,0.688133037530245,0.3748587096443093,0.4133789532237022,5,207.47251163657327,6741.644192937643,750.5084481899197,no_fit,207.47251163657327,0.9996767459366057,-2.0777245997021447
lf,0.25,309,1,0,False,0.2496659021262517,0.5901782512664795,0.7602973467798941,0.6924982035759348,0.4118225324954502,0.4542769664664049,5,210.68642691949353,7406.6894956223005,827.088403763767,no_fit,210.68642691949353,0.9996767459366057,-2.0777245997021447
lf,0.25,309,1,1,False,0.9874298369885894,0.0261792354285717,0.20810343697667122,0.4008277178281868,0.0014618926527737537,0.012963182462695214,5,-4.060096330649001,23.56743508523246,0.7453300165208009,no_fit,-4.060096330649001,0.9996767459366057,-2.0777245997021447
lf,0.25,309,1,2,False,0.6455985271855031,0.2121085375547409,0.010905124912824249,0.5950954147900613,0.247382242760147,0.31009644750596305,5,138.97224509883324,4448.114493762284,557.1159317250438,no_fit,138.97224509883324,0.9996767459366057,-2.0777245997021447
lf,0.25,309,1,3,False,0.8488000869491873,0.09957119077444077,0.08029075223021209,0.41743843220777527,0.10914286896716507,0.1082850032607103,5,8.169777228799095,1960.9408440743268,179.2317703873791,no_fit,8.169777228799095,0.9996767459366057,-2.0777245997021447
lf,0.25,309,2,0,False,0.3775272770323817,0.36693745851516724,0.21712150016082887,0.6827899678743465,0.3951133969651096,0.43625152709176007,5,203.53860098001178,7106.062254194231,793.3364623597264,no_fit,203.53860098001178,0.9996767459366057,-2.0777245997021447
lf,0.25,309,2,1,False,0.8770610748224575,0.08480776101350784,0.13596733356826007,0.50602376674916,0.12161552039462978,0.16390895267256883,5,73.39198356532083,2185.3461572710507,283.3854746155936,no_fit,73.39198356532083,0.9996767459366057,-2.0777245997021447
lf,0.25,309,2,2,False,0.9505659824835895,0.05598096549510956,0.3227835400030017,0.39521239699427047,0.03289181743137415,0.04208776162398799,5,-8.194455770296006,589.0480111045812,55.279983449270496,no_fit,-8.194455770296006,0.9996767459366057,-2.0777245997021447
lf,0.25,309,2,3,False,0.9994745607521698,0.01755189709365368,0.14652940817177296,0.40331937554735786,0.00016230846319803408,0.012059472028994083,5,-2.225578069572284,0.185590512467887,-0.9468329854754658,no_fit,-2.225578069572284,0.9996767459366057,-2.0777245997021447
lf,0.25,309,3,0,False,0.995224753493985,0.018842564895749092,0.12582156527787447,0.4110822971279409,0.005712437818803968,0.02168703215868507,5,3.489982815581776,100.04234699846609,17.08040277879065,no_fit,3.489982815581776,0.9996767459366057,-2.0777245997021447
lf,0.25,309,3,1,False,0.9853293388315527,0.028289271518588066,0.13236526306718588,0.4207921327605477,0.013386882951820315,0.03325573539448942,5,10.638986726920303,238.11934479649344,38.742354291875316,no_fit,10.638986726920303,0.9996767459366057,-2.0777245997021447
lf,0.25,309,3,2,False,0.9941543089419006,0.02089310623705387,0.11499429121613503,0.40573639408133083,0.004653388917771114,0.018726834804729954,5,-0.4460139649931514,80.98816259276657,11.537547175746141,no_fit,-0.4460139649931514,0.9996767459366057,-2.0777245997021447
lf,0.25,309,3,3,False,0.9541852243208901,0.03149457648396492,0.04443469224497676,0.4156710987587302,0.004130689460627019,0.02168272385329742,5,6.868552963227206,71.58386423084075,17.07233564278512,no_fit,6.868552963227206,0.9996767459366057,-2.0777245997021447
lf,0.25,310,0,0,False,0.9991053277177391,0.01867728866636753,0.14518335089087486,0.4079254386237362,0.00034944838352468817,0.013794470595061432,5,1.1657010616955998,3.5525724791120923,2.301885046905562,no_fit,1.1657010616955998,0.9996767459366057,-2.0777245997021447
lf,0.25,310,0,1,False,0.3142201842769211,0.5139588713645935,0.7744183216964302,0.6850695999426042,0.3727337220513998,0.4116748790020682,5,205.21701235472744,6703.411864462884,747.3176348021677,no_fit,205.21701235472744,0.9996767459366057,-2.0777245997021447
lf,0.25,310,0,2,False,0.7785759324541589,0.13964974880218506,0.2646967442560708,0.6208447221725265,0.27305543303644975,0.3365931208875971,5,157.9305370984766,4910.021117082701,606.7299327372402,no_fit,157.9305370984766,0.9996767459366057,-2.0777245997021447
lf,0.25,310,0,3,False,0.2670906331369735,0.5444719195365906,0.8282653559607844,0.690106352261926,0.38234250949849,0.4217827332768089,5,208.92539253681375,6876.291141098239,766.2442028658298,no_fit,208.92539253681375,0.9996767459366057,-2.0777245997021447
lf,0.25,310,1,0,False,0.5867921932196812,0.22719833254814148,0.836695285863243,0.42122918496573747,0.12958601697187166,0.13654497454115036,5,10.960772598749918,2328.74965019725,232.1474788432279,no_fit,10.960772598749918,0.9996767459366057,-2.0777245997021447
lf,0.25,310,1,1,False,0.26710206965262967,0.5349264740943909,0.6843070038539096,0.6919487188515887,0.40963126172174863,0.45193643557670093,5,210.28186101413672,7367.264614142126,822.7058497631829,no_fit,210.28186101413672,0.9996767459366057,-2.0777245997021447
lf,0.25,310,1,2,False,0.639683610204532,0.22358812391757965,0.08074415940791368,0.5437058564714778,0.08260331453576458,0.12591213027377518,5,101.1359554516849,1483.4467796474405,212.23788722597462,no_fit,101.1359554516849,0.9996767459366057,-2.0777245997021447
lf,0.25,310,1,3,False,0.9992183892708453,0.01790006458759308,0.14699095487594604,0.4016268770705144,0.0008002888531453809,0.012539125640533085,5,-3.4717040276941775,11.663999097209643,-0.048700060423266404,no_fit,-3.4717040276941775,0.9996767459366057,-2.0777245997021447
lf,0.25,310,2,0,False,0.8449588686620658,0.10463310778141022,0.4539651176892221,0.4414210122553852,0.0941740614935563,0.11512581669838948,5,25.827291223021387,1691.6252178956008,192.0409302367251,no_fit,25.827291223021387,0.9996767459366057,-2.0777245997021447
lf,0.25,310,2,1,False,0.37180502381202557,0.38087719678878784,0.25311878142565547,0.6836559532538218,0.39391894388706905,0.43514217128533783,5,204.17619497225616,7084.571906401279,791.2592363128948,no_fit,204.17619497225616,0.9996767459366057,-2.0777245997021447
lf,0.25,310,2,2,False,0.9703193806814359,0.03844404220581055,0.20238584792241454,0.4197242679366727,0.035784576598413304,0.05424883139224308,5,9.852756136463475,641.0939237685631,78.05111849333282,no_fit,9.852756136463475,0.9996767459366057,-2.0777245997021447
lf,0.25,310,2,3,False,0.9997951203404865,0.017118090763688087,0.14128986280411482,0.40454754032399304,0.00016631698152895372,0.012341343874518103,5,-1.3213243701122985,0.2577109286228727,-0.41903880438283586,ungated,-1.3213243701122985,0.9996767459366057,-2.0777245997021447
lf,0.25,310,3,0,False,0.9807314519488153,0.022272421047091484,0.09106924990192056,0.432359618181006,0.030493041636129713,0.05393451135841686,5,19.155711586556894,545.8897430529929,77.46256632862156,no_fit,19.155711586556894,0.9996767459366057,-2.0777245997021447
lf,0.25,310,3,1,False,0.873721125808597,0.08926042914390564,0.5151827875524759,0.367143455177666,0.02843175514668899,0.026865241669029212,5,-28.860611452703402,508.8035113931745,26.776400770208546,no_fit,-28.860611452703402,0.9996767459366057,-2.0777245997021447
lf,0.25,310,3,2,False,0.9735325331074767,0.029073774814605713,0.13774598622694612,0.42650007521155675,0.038503536359039234,0.05933271046893282,5,14.841540143059186,690.0128741778566,87.57048637864636,no_fit,14.841540143059186,0.9996767459366057,-2.0777245997021447
lf,0.25,310,3,3,False,0.9453862645903294,0.03367280960083008,0.044564048293977976,0.4118701406930676,0.006951841433960477,0.023446643338494548,5,4.070043791042532,122.34143537224284,20.375206983029052,no_fit,4.070043791042532,0.9996767459366057,-2.0777245997021447
lf,0.25,311,0,0,False,0.2954872869486216,0.4954425096511841,0.7597962195563355,0.6856305144265955,0.37178639274023384,0.41020356399711977,5,205.62999358239253,6686.367715349206,744.562654088424,no_fit,205.62999358239253,0.9996767459366057,-2.0777245997021447
lf,0.25,311,0,1,False,0.9894579367303298,0.02454523742198944,0.14739493187516928,0.4148694968083987,0.018879415568422105,0.035909818589511214,5,6.278362181931959,336.9398329051943,43.71202291508964,no_fit,6.278362181931959,0.9996767459366057,-2.0777245997021447
lf,0.25,311,0,2,False,0.9719016030939394,0.036961715668439865,0.14421165036037564,0.44336789892313555,0.04711906621539426,0.07333952269665259,5,27.26071408714698,845.0216697827594,113.79770313278512,no_fit,27.26071408714698,0.9996767459366057,-2.0777245997021447
lf,0.25,311,0,3,False,0.9982404033665276,0.019743017852306366,0.16805564798414707,0.40206468830321845,0.000443821766453779,0.010628936840248451,5,-3.1493593111143787,5.250518475342163,-3.6254550630530966,no_fit,-3.6254550630530966,0.9996767459366057,-2.0777245997021447
lf,0.25,311,1,0,False,0.23933311879419616,0.6139997839927673,0.7729011247840494,0.6925835633002329,0.41720548788180345,0.46003057938983327,5,210.74927422463512,7503.538493321272,837.8618224980835,no_fit,210.74927422463512,0.9996767459366057,-2.0777245997021447
lf,0.25,311,1,1,False,0.633264778195198,0.21784600615501404,0.7409406005754136,0.47219444997667337,0.16416700747757612,0.1838788364361112,5,48.48467029296537,2950.923536015763,320.778313293395,no_fit,48.48467029296537,0.9996767459366057,-2.0777245997021447
lf,0.25,311,1,2,False,0.48888126058907877,0.3029482066631317,0.00023136516119848238,0.3873640430008495,0.040140006224780575,0.05035381158657189,5,-13.972917478557969,719.455894765287,70.7578438321052,no_fit,-13.972917478557969,0.9996767459366057,-2.0777245997021447
lf,0.25,311,1,3,False,0.999506132495952,0.018842600286006927,0.1313939606770873,0.411332298334153,0.000460501348247063,0.014499526654786604,5,3.6740497420133456,5.5506139921679,3.6220753801232597,no_fit,3.6220753801232597,0.9996767459366057,-2.0777245997021447
lf,0.25,311,2,0,False,0.44726835804345016,0.3216349482536316,0.0036992800486501665,0.6853102863068253,0.43784454175060183,0.5111473109877264,5,205.39422109690682,7874.871996421759,933.5759348589177,no_fit,205.39422109690682,0.9996767459366057,-2.0777245997021447
lf,0.25,311,2,1,False,0.9391544638677038,0.047696564346551895,0.18589966581203043,0.4489077717936176,0.07619052940769738,0.10238380608467329,5,31.339523895873054,1368.0693024930317,168.1820058207822,no_fit,31.339523895873054,0.9996767459366057,-2.0777245997021447
lf,0.25,311,2,2,False,0.9307637120606995,0.055060677230358124,0.30123854568228126,0.40146693442293485,0.04615105986242687,0.05700720685668416,5,-3.589464065701042,827.6055036951113,83.21607037667592,no_fit,-3.589464065701042,0.9996767459366057,-2.0777245997021447
lf,0.25,311,2,3,False,0.9811691666153584,0.025456808507442474,0.09685997711494565,0.43095646214304245,0.02700995422811408,0.050126679225793655,5,18.122618094229,483.2227692156432,70.33254722919789,no_fit,18.122618094229,0.9996767459366057,-2.0777245997021447
lf,0.25,311,3,0,False,0.9832988386205463,0.029946455731987953,0.19385391287505627,0.40478664131247266,0.013534741255908127,0.027537092906232477,5,-1.1452828832610085,240.7795802107935,28.034416351355155,no_fit,-1.1452828832610085,0.9996767459366057,-2.0777245997021447
lf,0.25,311,3,1,False,0.9853491073952216,0.0227223951369524,0.12095195753499866,0.414434448504857,0.013084731511885755,0.030653894636425132,5,5.958051711052678,232.68309983240735,33.87050762097768,no_fit,5.958051711052678,0.9996767459366057,-2.0777245997021447
lf,0.25,311,3,2,False,0.9691857371959495,0.02616594173014164,0.07674603583291173,0.4219077062090797,0.016486177602584293,0.036892772768280485,5,11.460343467518326,293.8812003120047,45.552566779520745,no_fit,11.460343467518326,0.9996767459366057,-2.0777245997021447
lf,0.25,311,3,3,False,0.9623466644310898,0.028255995362997055,0.046037324238568544,0.42061208268116074,0.005536232128061563,0.025003209713672262,5,10.506422307657441,96.87209138376782,23.28981760607986,no_fit,10.506422307657441,0.9996767459366057,-2.0777245997021447
lf,0.25,312,0,0,False,0.8472086310196172,0.06615407019853592,7.118846269804635e-05,0.3402546472284703,0.018296040592494452,0.01190593968344967,5,-48.65787687236766,326.44387340969297,-1.2343163928274754,no_fit,-48.65787687236766,0.9996767459366057,-2.0777245997021447
lf,0.25,312,0,1,False,0.9917737824736932,0.020568734034895897,0.08678871393203735,0.412060383911791,0.0012161191980898044,0.01447718791921732,5,4.21011305340904,19.14553093802394,3.580246957619705,no_fit,3.580246957619705,0.9996767459366057,-2.0777245997021447
lf,0.25,312,0,2,False,0.9979591524049714,0.019701626151800156,0.16226288862526417,0.3939171990411621,0.0005188165683373399,0.007529852227137309,5,-9.148063594679261,6.599809129593022,-9.42837171289771,no_fit,-9.42837171289771,0.9996767459366057,-2.0777245997021447
lf,0.25,312,0,3,False,0.9924498874324424,0.027991000562906265,0.16194051690399647,0.4145625387851132,0.004814324553617229,0.01711661843461674,5,6.052359992799567,83.88368260120974,8.522479002243763,no_fit,6.052359992799567,0.9996767459366057,-2.0777245997021447
lf,0.25,312,1,0,False,0.8320774961630516,0.13398782908916473,0.4162222082959488,0.5161367998441002,0.1840488685133004,0.2166583667888718,5,80.83784731490248,3308.633785404361,382.15672214786133,no_fit,80.83784731490248,0.9996767459366057,-2.0777245997021447
lf,0.25,312,1,1,False,0.33928080840150315,0.36341649293899536,0.4857996551809549,0.6852236631560129,0.3825036969206811,0.42243606054235394,5,205.33044357611223,6879.191191193482,767.4675330230606,no_fit,205.33044357611223,0.9996767459366057,-2.0777245997021447
lf,0.25,312,1,2,False,0.9998067827491207,0.016578996554017067,0.13670601602643728,0.4055750039804258,0.00011305202698015334,0.01237544273543956,5,-0.5648397109972303,-0.7006208966065658,-0.35518999982140864,ungated,-0.7006208966065658,0.9996767459366057,-2.0777245997021447
lf,0.25,312,1,3,False,0.6791603221263679,0.13947106897830963,0.370574520304217,0.5492431911506588,0.2163281041026578,0.25686115786980446,5,105.21289648114157,3889.39498235645,457.4349009838911,no_fit,105.21289648114157,0.9996767459366057,-2.0777245997021447
lf,0.25,312,2,0,False,0.6608290593261392,0.22401437163352966,0.7365595353767276,0.4498378923276325,0.1548466244796075,0.16685406613082615,5,32.02433830337537,2783.233171385914,288.9000862045447,no_fit,32.02433830337537,0.9996767459366057,-2.0777245997021447
lf,0.25,312,2,1,False,0.9663946364801839,0.025392265990376472,0.0723088183440268,0.44399136111843124,0.05151559107582886,0.07796374445726023,5,27.719746952520413,924.1230175611887,122.45638038660346,no_fit,27.719746952520413,0.9996767459366057,-2.0777245997021447
lf,0.25,312,2,2,False,0.9988725557270739,0.017740348353981972,0.13581443019211292,0.4059639540615076,0.0011360888688644304,0.014452057383657596,5,-0.27846970884892763,17.705642138156506,3.533190997094435,no_fit,-0.27846970884892763,0.9996767459366057,-2.0777245997021447
lf,0.25,312,2,3,False,0.9193272650121636,0.06516669690608978,0.18004323163768277,0.5479891770401386,0.1999123471733653,0.24709476796194874,5,104.28961084375374,3594.0461468259787,439.1477118037686,no_fit,104.28961084375374,0.9996767459366057,-2.0777245997021447
lf,0.25,312,3,0,False,0.9318795842553688,0.06434476375579834,0.16816664862562902,0.5517781476439161,0.19780664662747394,0.2467225682454396,5,107.07929407746258,3556.1608268322875,438.4507821611054,no_fit,107.07929407746258,0.9996767459366057,-2.0777245997021447
lf,0.25,312,3,1,False,0.9592077393001747,0.02550511434674263,0.07076103991130367,0.479540700543281,0.10951615547139924,0.14321456614579914,5,53.89345124678377,1967.656936108321,244.63603240079811,no_fit,53.89345124678377,0.9996767459366057,-2.0777245997021447
lf,0.25,312,3,2,False,0.9718457032145593,0.024044623598456383,0.06630905298516154,0.46209655396424926,0.06394784444144334,0.09546030792307886,5,41.049951434626784,1147.801497351659,155.21802200855834,no_fit,41.049951434626784,0.9996767459366057,-2.0777245997021447
lf,0.25,312,3,3,False,0.9341818539437081,0.0594511516392231,0.16021373675903305,0.5448533752699793,0.19118612103170757,0.23850602409797303,5,101.98083240833213,3437.045727008892,423.0656195115282,no_fit,101.98083240833213,0.9996767459366057,-2.0777245997021447
lf,0.25,313,0,0,False,0.9984678799001877,0.01982482336461544,0.13766745384782553,0.4132877722605658,0.0006650012882251075,0.015167047152417805,5,5.113795096867745,9.229933770032684,4.87198181811755,no_fit,4.87198181811755,0.9996767459366057,-2.0777245997021447
lf,0.25,313,0,1,False,0.8169864371772012,0.10881783813238144,0.00011357532054034891,0.5783042299199859,0.23026997891191303,0.2578126888995794,5,126.60949758649964,4140.234252684426,459.21660621135237,no_fit,126.60949758649964,0.9996767459366057,-2.0777245997021447
lf,0.25,313,0,2,False,0.9996609751476991,0.01711408607661724,0.13287396542727947,0.4109568317835832,0.0005431446067417729,0.014146558107901098,5,3.397607180041813,7.037514064214001,2.9611553623451243,no_fit,2.9611553623451243,0.9996767459366057,-2.0777245997021447
lf,0.25,313,0,3,False,0.27575822432448716,0.5388273000717163,0.7784254615390296,0.6901792504952915,0.3875220164212324,0.4277262757999297,5,208.9790648928843,6969.479736960319,777.3732574649081,no_fit,208.9790648928843,0.9996767459366057,-2.0777245997021447
lf,0.25,313,1,0,False,0.4917692719656056,0.28878068923950195,0.9174738398287445,0.4110283789201101,0.16033769763236505,0.15605831951703575,5,3.4502847719423673,2882.027401129024,268.68546621397354,no_fit,3.4502847719423673,0.9996767459366057,-2.0777245997021447
lf,0.25,313,1,1,False,0.9627449747663703,0.047963183373212814,0.1184133356437087,0.41328540572347916,0.03084745730097361,0.046275828364991105,5,5.112052700443255,552.2663149257536,63.121977217110825,no_fit,5.112052700443255,0.9996767459366057,-2.0777245997021447
lf,0.25,313,1,2,False,0.6246305793217581,0.2077525556087494,0.0063912796294971486,0.6767135025401287,0.39120669609557757,0.46520063326148875,5,199.06471737527215,7035.773716324665,847.542549369979,no_fit,199.06471737527215,0.9996767459366057,-2.0777245997021447
lf,0.25,313,1,3,False,0.2998776456303801,0.4432470202445984,0.5787327271513683,0.6907009771995709,0.4011296828394397,0.4427661218921505,5,209.36319356309764,7214.306000422655,805.5347903673718,no_fit,209.36319356309764,0.9996767459366057,-2.0777245997021447
lf,0.25,313,2,0,False,0.9911336696256406,0.023917125537991524,0.1662127859890461,0.40399814547322155,0.008245171089942747,0.02177111114468258,5,-1.725824104777753,145.6107496960784,17.23783744375038,no_fit,-1.725824104777753,0.9996767459366057,-2.0777245997021447
lf,0.25,313,2,1,False,0.9977421024281916,0.020816514268517494,0.17994992807507515,0.4013630599989416,7.490444014246131e-05,0.01091805110677429,5,-3.665943080538525,-1.3869642312051167,-3.084099727405718,no_fit,-3.665943080538525,0.9996767459366057,-2.0777245997021447
lf,0.25,313,2,2,False,0.9003188501150398,0.06976017355918884,0.31123211374506354,0.4369421317825046,0.07287272567574332,0.09496639990046257,5,22.529652083640283,1308.3760776863996,154.2931982474366,no_fit,22.529652083640283,0.9996767459366057,-2.0777245997021447
lf,0.25,313,2,3,False,0.972169970816141,0.03567023575305939,0.12441138038411736,0.44322043263922084,0.043673574085888046,0.07034324047324,5,27.152139948470875,783.0311022650834,108.18728000063982,no_fit,27.152139948470875,0.9996767459366057,-2.0777245997021447
lf,0.25,313,3,0,False,0.9924787565323536,0.021164080128073692,0.13062793668359518,0.4079992910877531,0.007605607020825909,0.022802228373721544,5,1.2200759835888157,134.10384788981918,19.16856476594668,no_fit,1.2200759835888157,0.9996767459366057,-2.0777245997021447
lf,0.25,313,3,1,False,0.9306195754405017,0.036866676062345505,0.034659143537282944,0.41214853649787075,0.005671982279576869,0.022201093297723764,5,4.275016642565836,99.31447947137328,18.042962474691002,no_fit,4.275016642565836,0.9996767459366057,-2.0777245997021447
lf,0.25,313,3,2,False,0.9871953821863143,0.028034936636686325,0.15397766418755054,0.417752208651981,0.0200891224410841,0.03867001456770934,5,8.40079957683758,358.7046237529671,48.88038364036863,no_fit,8.40079957683758,0.9996767459366057,-2.0777245997021447
lf,0.25,313,3,3,False,0.9871077933245496,0.0249593798071146,0.11554927239194512,0.4197064203556541,0.019247473688289114,0.03862543853355589,5,9.839615602335204,343.5618569506576,48.796916732211706,no_fit,9.839615602335204,0.9996767459366057,-2.0777245997021447
lf,0.25,314,0,0,False,0.9909390813059564,0.023788828402757645,0.13441957253962755,0.40862754440998195,0.003692638708452555,0.018737385128186946,5,1.682636383977331,63.70254751085985,11.557302250322296,no_fit,1.682636383977331,0.9996767459366057,-2.0777245997021447
lf,0.25,314,0,1,False,0.9998135289563183,0.016969755291938782,0.15099352784454823,0.40501786021103936,8.251870957786951e-05,0.011931130059302368,5,-0.9750446966661921,-1.2499699018635213,-1.1871483836569463,ungated,-1.2499699018635213,0.9996767459366057,-2.0777245997021447
lf,0.25,314,0,2,False,0.9813624275338437,0.03670696169137955,0.1982059245929122,0.40849062365681854,0.011897688000636666,0.019400661453384413,5,1.5818265415716042,211.32606340201167,12.799261638798695,no_fit,1.5818265415716042,0.9996767459366057,-2.0777245997021447
lf,0.25,314,0,3,False,0.9828841509097136,0.022267399355769157,0.05092688789591193,0.4325586399166216,0.004813083375272156,0.027817086404247824,5,19.302244156230813,83.86135158226972,28.55869339903808,no_fit,19.302244156230813,0.9996767459366057,-2.0777245997021447
lf,0.25,314,1,0,False,0.9205779167519653,0.07179803401231766,0.2217189846560359,0.547100400599533,0.1984051802033277,0.24365264210580798,5,103.63523661018198,3566.9295166597335,432.70246363049984,no_fit,103.63523661018198,0.9996767459366057,-2.0777245997021447
lf,0.25,314,1,1,False,0.9981980259492741,0.02037850394845009,0.17716175504028797,0.40151878436833044,5.622950902028348e-05,0.010335922784348863,5,-3.5512888095524233,-1.7229596522085089,-4.17411260419434,acf,-4.17411260419434,0.9996767459366057,-2.0777245997021447
lf,0.25,314,1,2,False,0.9980740491281025,0.020697152242064476,0.16093591321259737,0.3965509913929108,0.0023281193405531673,0.01245862149762946,5,-7.208896698684174,39.15240290871092,-0.19944096929052688,no_fit,-7.208896698684174,0.9996767459366057,-2.0777245997021447
lf,0.25,314,1,3,False,0.9129890874911701,0.04565710946917534,0.07724122349463869,0.5831776495449847,0.23125633467019988,0.2851687413055469,5,130.19762176068377,4157.980557401509,510.43976136788365,no_fit,130.19762176068377,0.9996767459366057,-2.0777245997021447
lf,0.25,314,2,0,False,0.9121012132913339,0.07918888330459595,0.2651892066351138,0.519877687321612,0.1770712872550485,0.21606835501508764,5,83.59212866636024,3183.094615427582,381.05194781184883,no_fit,83.59212866636024,0.9996767459366057,-2.0777245997021447
lf,0.25,314,2,1,False,0.9340651589001054,0.06152884289622307,0.2081663275603205,0.5102818798226373,0.16744821421498957,0.20376125077679735,5,76.52707958228994,3009.958315417286,358.00736884372157,no_fit,76.52707958228994,0.9996767459366057,-2.0777245997021447
lf,0.25,314,2,2,False,0.9976221955482584,0.02240179479122162,0.18475562520325184,0.39283531606201594,0.0002666042952203247,0.007936033406793247,5,-9.944615250358547,2.062059119498656,-8.6678130884874,no_fit,-9.944615250358547,0.9996767459366057,-2.0777245997021447
lf,0.25,314,2,3,False,0.9552420300392265,0.03070221096277237,0.05577499303035438,0.5136583199514612,0.14958241774403183,0.19029196512318935,5,79.0130314151205,2688.520674359988,332.7866499094393,no_fit,79.0130314151205,0.9996767459366057,-2.0777245997021447
lf,0.25,314,3,0,False,0.9704135882423174,0.028625691309571266,0.10223021754063666,0.44927147925719063,0.07460213398191697,0.10006874781899536,5,31.60730866361256,1339.49122708738,163.84714832820907,no_fit,31.60730866361256,0.9996767459366057,-2.0777245997021447
lf,0.25,314,3,1,False,0.9939505453781986,0.024502096697688103,0.1541312364861369,0.40943959862839424,0.01609944973688415,0.031558205134323426,5,2.2805227955817955,286.9232741381645,35.56379422008581,no_fit,2.2805227955817955,0.9996767459366057,-2.0777245997021447
lf,0.25,314,3,2,False,0.968965537596957,0.03473048657178879,0.15434248140081763,0.43988812418457285,0.06792832986253071,0.09124236446108501,5,24.698680685363943,1219.4175513068901,147.32008523066062,no_fit,24.698680685363943,0.9996767459366057,-2.0777245997021447
lf,0.25,314,3,3,False,0.9829526732691551,0.030510051175951958,0.17639371380209923,0.41501089464223145,0.024558055129154332,0.04173507170242941,5,6.3824683383462535,439.1087178907382,54.619585146692344,no_fit,6.3824683383462535,0.9996767459366057,-2.0777245997021447
lf,0.25,315,0,0,False,0.27892584997079434,0.49144452810287476,0.869622108980252,0.685909351868748,0.36082496696449884,0.396884383175201,5,205.83529159566496,6489.152055263494,719.6230006737298,no_fit,205.83529159566496,0.9996767459366057,-2.0777245997021447
lf,0.25,315,0,1,False,0.9994750273919132,0.017683006823062897,0.13148655276745558,0.4149945761868359,0.0008935575427284678,0.016858705950092943,5,6.370453644600237,13.342069683809452,8.03954780239393,no_fit,6.370453644600237,0.9996767459366057,-2.0777245997021447
lf,0.25,315,0,2,False,0.9881380863015525,0.023289358243346214,0.13824357744306326,0.4071738184626208,0.003673210528248953,0.01343469581640281,5,0.6123100801211405,63.35299979129226,1.6282206221138773,no_fit,0.6123100801211405,0.9996767459366057,-2.0777245997021447
lf,0.25,315,0,3,False,0.9999020697674457,0.016285527497529984,0.13994424790143967,0.4064013837225841,0.00031004913723673273,0.012240330879486564,5,0.04359407021959026,2.843709551740067,-0.6081817494445193,ungated,-0.6081817494445193,0.9996767459366057,-2.0777245997021447
lf,0.25,315,1,0,False,0.7136383584757593,0.17582784593105316,0.017935645635589026,0.6164861757653677,0.2581039726237291,0.32439669481321876,5,154.72149561811494,4641.017595563861,583.8925943708771,no_fit,154.72149561811494,0.9996767459366057,-2.0777245997021447
lf,0.25,315,1,1,False,0.8828189094210634,0.08178427070379257,0.280309378169477,0.4752175333409923,0.10232431282142748,0.13509901913781813,5,50.71045820674248,1838.2628203732577,229.43998300738303,no_fit,50.71045820674248,0.9996767459366057,-2.0777245997021447
lf,0.25,315,1,2,False,0.2601851867831595,0.561146080493927,0.7320506885854812,0.69219449044234,0.4077301702467121,0.4498815362735846,5,210.46281382632202,7333.0605773860125,818.8581299141154,no_fit,210.46281382632202,0.9996767459366057,-2.0777245997021447
lf,0.25,315,1,3,False,0.9854053461901242,0.03032323159277439,0.12595322588458657,0.4622624347643191,0.05300244554524333,0.08426905283853774,5,41.17208352144945,950.874189501438,134.26282763019404,no_fit,41.17208352144945,0.9996767459366057,-2.0777245997021447
lf,0.25,315,2,0,False,0.891701977432994,0.08728251606225967,0.43107471289113164,0.3991484687409722,0.06351259091499803,0.07168052589399415,5,-5.296467238133249,1139.9705077268818,110.69129547697054,no_fit,-5.296467238133249,0.9996767459366057,-2.0777245997021447
lf,0.25,315,2,1,False,0.8840983577183491,0.0842583104968071,0.19661414017900825,0.5061222191730548,0.12711365566113123,0.16854030306842807,5,73.46447055584625,2284.267447074786,292.05749996452914,no_fit,73.46447055584625,0.9996767459366057,-2.0777245997021447
lf,0.25,315,2,2,False,0.3777699404292482,0.39577826857566833,0.23053710459953436,0.6868287761231555,0.40580342514468787,0.4479609696153462,5,206.51223071591804,7298.39498598514,815.2619427719256,no_fit,206.51223071591804,0.9996767459366057,-2.0777245997021447
lf,0.25,315,2,3,False,0.9986751624685007,0.01912667043507099,0.1537551423534751,0.403658276332364,0.0008322343701843197,0.013147723046353737,5,-1.976057570025559,12.238756100405356,1.0908751561899774,no_fit,-1.976057570025559,0.9996767459366057,-2.0777245997021447
lf,0.25,315,3,0,False,0.9890423099107761,0.0218266062438488,0.09200651152059436,0.41460228213752714,0.0062938295998072515,0.02371932383420014,5,6.081621598516458,110.5026252692718,20.8857907153749,no_fit,6.081621598516458,0.9996767459366057,-2.0777245997021447
lf,0.25,315,3,1,False,0.9542217229593514,0.0326419472694397,0.05156171880662441,0.41177209952485827,0.0030452903536705104,0.018912802200287078,5,3.997859593336137,52.05559247911989,11.885763965775414,no_fit,3.997859593336137,0.9996767459366057,-2.0777245997021447
lf,0.25,315,3,2,False,0.9873042866424377,0.020761847496032715,0.08454963192343712,0.4120214628086968,0.0025975303044574955,0.01857420783878704,5,4.1814568403914025,43.99958813513804,11.25175905684858,no_fit,4.1814568403914025,0.9996767459366057,-2.0777245997021447
lf,0.25,315,3,3,False,0.98762543237331,0.025887316092848778,0.15282102301716805,0.409522362213018,0.005373761571561218,0.020920828389938407,5,2.3414586561441384,93.94895540672745,15.645715714093118,no_fit,2.3414586561441384,0.9996767459366057,-2.0777245997021447
lf,0.25,316,0,0,False,0.9252210989467715,0.051532987505197525,0.15302575659006834,0.423107282966695,0.01930924671008786,0.02937928780073304,5,12.343548833358295,344.6732641269482,31.48385538258714,no_fit,12.343548833358295,0.9996767459366057,-2.0777245997021447
lf,0.25,316,0,1,False,0.25001904460235036,0.5376858115196228,0.9013846039366804,0.6910826649275607,0.3779609031644272,0.41620803092740644,5,209.6442165549952,6797.458204299011,755.8057872948526,no_fit,209.6442165549952,0.9996767459366057,-2.0777245997021447
lf,0.25,316,0,2,False,0.7195758354155349,0.12105002254247665,0.006476000615293742,0.6594445377771858,0.3210040036971784,0.39481870634754757,5,186.35019765462246,5772.7016849660295,715.7551003248087,no_fit,186.35019765462246,0.9996767459366057,-2.0777245997021447
lf,0.25,316,0,3,False,0.9992302471733369,0.018410466611385345,0.1307708127424121,0.4081872272090732,0.00048666541531674253,0.013248046044012432,5,1.358446612838925,6.021352367197192,1.2787261077299978,no_fit,1.2787261077299978,0.9996767459366057,-2.0777245997021447
lf,0.25,316,1,0,False,0.9975310648472077,0.02108420804142952,0.16735503543168306,0.3994724248658464,0.0019810293117367627,0.009803342486090124,5,-5.0579499561258885,32.907632333908005,-5.17134871290526,no_fit,-5.17134871290526,0.9996767459366057,-2.0777245997021447
lf,0.25,316,1,1,False,0.30694906709880654,0.3969534635543823,0.5106652146571466,0.6905117881543912,0.40280530747484133,0.4445769476700068,5,209.22390045092277,7244.453485365548,808.9254919351296,no_fit,209.22390045092277,0.9996767459366057,-2.0777245997021447
lf,0.25,316,1,2,False,0.9931571256241416,0.026691148057579994,0.1612129481509328,0.41281203095319374,0.005796695422289278,0.016872212923301003,5,4.763523825975492,101.55829202501366,8.064839089823273,no_fit,4.763523825975492,0.9996767459366057,-2.0777245997021447
lf,0.25,316,1,3,False,0.5326686277019582,0.24105806648731232,0.015429009258582482,0.677657153772488,0.38735382696050025,0.4615988828855966,5,199.75949395093545,6966.453707664826,840.7984104276522,no_fit,199.75949395093545,0.9996767459366057,-2.0777245997021447
lf,0.25,316,2,0,False,0.975081336860428,0.03208687901496887,0.21448940690606833,0.40232855511938265,0.011275170588222347,0.02438044146425333,5,-2.9550836331105663,200.12586144690536,22.123708030284906,no_fit,-2.9550836331105663,0.9996767459366057,-2.0777245997021447
lf,0.25,316,2,1,False,0.943376997906441,0.05266730859875679,0.2552537336014211,0.42683601510478264,0.050453951219633905,0.07055481094763297,5,15.08888064412612,905.0222172368123,108.58343757029002,no_fit,15.08888064412612,0.9996767459366057,-2.0777245997021447
lf,0.25,316,2,2,False,0.9796444681863256,0.027369419112801552,0.12923171650618315,0.4241577687903692,0.027917379466189253,0.04863271287095046,5,13.116983888946,499.5489726646129,67.53515273465901,no_fit,13.116983888946,0.9996767459366057,-2.0777245997021447
lf,0.25,316,2,3,False,0.9619714773564,0.040971849113702774,0.22725177742540836,0.41307769607454037,0.03457956002889767,0.05072662028992068,5,4.959123531621937,619.4135198655123,71.45591377918478,no_fit,4.959123531621937,0.9996767459366057,-2.0777245997021447
lf,0.25,316,3,0,False,0.9700203641206727,0.030445966869592667,0.06944519886747003,0.4066086056721798,0.0007438336058101409,0.014074957950360276,5,0.19616416349698204,10.648268197204992,2.8270868233425612,no_fit,0.19616416349698204,0.9996767459366057,-2.0777245997021447
lf,0.25,316,3,1,False,0.997501129139732,0.020492859184741974,0.16059209685772657,0.4039222482203918,0.0020248087334790044,0.014867450379965121,5,-1.7817045313750517,33.69530245399218,4.310998393608823,no_fit,-1.7817045313750517,0.9996767459366057,-2.0777245997021447
lf,0.25,316,3,2,False,0.9498694990987173,0.03270593658089638,0.05046438006684184,0.41488766091836093,0.004400431403791516,0.021831974594138537,5,6.291735764974913,76.43700436629194,17.351801910135304,no_fit,6.291735764974913,0.9996767459366057,-2.0777245997021447
lf,0.25,316,3,3,False,0.9904017804781575,0.022642342373728752,0.10846736468374729,0.40858185368407485,0.0018969030767654578,0.01648812693524295,5,1.6489959403507837,31.39405086195034,7.345652861204432,no_fit,1.6489959403507837,0.9996767459366057,-2.0777245997021447
lf,0.25,317,0,0,False,0.8018723062903909,0.11814918369054794,0.10947930101610837,0.645164165742195,0.3102508723341235,0.37990854853942624,5,175.83607162856634,5579.233614010539,687.8364037424335,no_fit,175.83607162856634,0.9996767459366057,-2.0777245997021447
lf,0.25,317,0,1,False,0.2761692051802094,0.5147686004638672,0.8833650603791057,0.6887575452725025,0.3700144986536882,0.40731985714645036,5,207.93231430069537,6654.488170750762,739.1630240085528,no_fit,207.93231430069537,0.9996767459366057,-2.0777245997021447
lf,0.25,317,0,2,False,0.2466336582913283,0.5201489925384521,0.9204690727304696,0.6911446585808165,0.3744233870848574,0.41180965963921556,5,209.68986025962354,6733.811961285574,747.5700063573264,no_fit,209.68986025962354,0.9996767459366057,-2.0777245997021447
lf,0.25,317,0,3,False,0.9915739648908508,0.025022855028510094,0.13345384038984776,0.4119761056009126,0.005893249566156592,0.01628820514341072,5,4.148061954203242,103.29547381198117,6.971307001274723,no_fit,4.148061954203242,0.9996767459366057,-2.0777245997021447
lf,0.25,317,1,0,False,0.5423054465978123,0.2455098181962967,0.005378610739512624,0.6785073409614929,0.39454358218462754,0.4687281178283912,5,200.38545630184848,7095.810266874468,854.14762844357,no_fit,200.38545630184848,0.9996767459366057,-2.0777245997021447
lf,0.25,317,1,1,False,0.9923399799219181,0.025584407150745392,0.11925421468913555,0.41410605772287795,0.006181300732258362,0.023027456314929428,5,5.716269349986546,108.4780296239244,19.59029541651236,no_fit,5.716269349986546,0.9996767459366057,-2.0777245997021447
lf,0.25,317,1,2,False,0.2545115636789377,0.5791416168212891,0.7662389777147522,0.6921865914343428,0.40619639782930983,0.44821253717502696,5,210.4569980698865,7305.465267623586,815.7329933442321,no_fit,210.4569980698865,0.9996767459366057,-2.0777245997021447
lf,0.25,317,1,3,False,0.34761459020781094,0.3999519944190979,0.3205795126039277,0.6871786316685243,0.39917145165544143,0.4406204840221236,5,206.76981681282848,7179.07391807735,801.5171660444216,no_fit,206.76981681282848,0.9996767459366057,-2.0777245997021447
lf,0.25,317,2,0,False,0.9586814317896137,0.041669152677059174,0.2086119819432497,0.4197100532085462,0.030633812886546357,0.049624623490828926,5,9.842290341694117,548.4224696927578,69.39246719032083,no_fit,9.842290341694117,0.9996767459366057,-2.0777245997021447
lf,0.25,317,2,1,False,0.9982352944547664,0.01866537518799305,0.14841628540307283,0.405925859269037,0.00042719527446852083,0.013370223899602594,5,-0.30651753897483003,4.951378139142366,1.5074994395219032,no_fit,-0.30651753897483003,0.9996767459366057,-2.0777245997021447
lf,0.25,317,2,2,False,0.992119792956163,0.024402299895882607,0.15777705889195204,0.4113442098134062,0.0019882758863652675,0.014521267671573773,5,3.682819737200985,33.03801117585433,3.6627845972143556,no_fit,3.6627845972143556,0.9996767459366057,-2.0777245997021447
lf,0.25,317,2,3,False,0.9910157768133679,0.021073192358016968,0.10698174964636564,0.40876153818192873,0.002331978112190121,0.017116840585014323,5,1.781291195035691,39.2218291139393,8.522894970312354,no_fit,1.781291195035691,0.9996767459366057,-2.0777245997021447
lf,0.25,317,3,0,False,0.9782168247855577,0.030912265181541443,0.19764766097068787,0.40735201246264796,0.012458809049951173,0.027386241805043676,5,0.74350793468557,221.42163494467695,27.751953470854094,no_fit,0.74350793468557,0.9996767459366057,-2.0777245997021447
lf,0.25,317,3,1,False,0.9662202323941865,0.030056919902563095,0.06014340976253152,0.41332738656382983,0.002484819866885965,0.018831308993158515,5,5.142961688321527,41.971725720248095,11.733171072217457,no_fit,5.142961688321527,0.9996767459366057,-2.0777245997021447
lf,0.25,317,3,2,False,0.9967873445623748,0.01841433346271515,0.11649324558675289,0.4109323885100741,0.002098236956355394,0.017578934862036072,5,3.3796104739661734,35.01640754923851,9.388148717364935,no_fit,3.3796104739661734,0.9996767459366057,-2.0777245997021447
lf,0.25,317,3,3,False,0.9626769786430281,0.02827894501388073,0.05314079625532031,0.42415820588087627,0.010124321846441695,0.03112046932345535,5,13.117305703018129,179.42003367297565,34.744150763313726,no_fit,13.117305703018129,0.9996767459366057,-2.0777245997021447
lf,0.25,318,0,0,False,0.999619030064767,0.01750662364065647,0.1398531375452876,0.4129742889780193,0.0007544022186498449,0.014887346613117915,5,4.88298859325009,10.838416449815204,4.348253324352916,no_fit,4.348253324352916,0.9996767459366057,-2.0777245997021447
lf,0.25,318,0,1,False,0.9984885834897266,0.02016136795282364,0.15182913094758987,0.38802362350369823,0.0006167898141055837,0.006799126835675035,5,-13.487291998053058,8.362523098581999,-10.796626881743782,no_fit,-13.487291998053058,0.9996767459366057,-2.0777245997021447
lf,0.25,318,0,2,False,0.27184080262939575,0.5415551662445068,0.7539268284700107,0.6908540172462615,0.3938948715427173,0.43480566088256045,5,209.47587146350497,7084.138801860111,790.6291335364616,no_fit,209.47587146350497,0.9996767459366057,-2.0777245997021447
lf,0.25,318,0,3,False,0.6580446718465456,0.15440666675567627,0.27876606839708984,0.5282495765246307,0.1458194652802078,0.19290153857965875,5,89.75605058247255,2620.818427480115,337.67297576045786,no_fit,89.75605058247255,0.9996767459366057,-2.0777245997021447
lf,0.25,318,1,0,False,0.9767703396882382,0.037500809878110886,0.10062396060675383,0.4544027704764322,0.009924703746296979,0.03925405591175073,5,35.38529444880823,175.8285469274974,49.973978576498205,no_fit,35.38529444880823,0.9996767459366057,-2.0777245997021447
lf,0.25,318,1,1,False,0.7077329995319841,0.19313880801200867,0.6145655873697251,0.44185446086038266,0.14766298120409033,0.15622103505411433,5,26.146423893206354,2653.986577066261,268.9901447939991,no_fit,26.146423893206354,0.9996767459366057,-2.0777245997021447
lf,0.25,318,1,2,False,0.989494591797487,0.025276225060224533,0.19839770905673504,0.4090759595842487,0.0012711916925425282,0.01345263784347159,5,2.0127884026141167,20.13638363987808,1.661816377185844,no_fit,1.661816377185844,0.9996767459366057,-2.0777245997021447
lf,0.25,318,1,3,False,0.3430772432756681,0.4046359956264496,0.37134893223296217,0.6874097361205735,0.3988188384708304,0.4402544739627653,5,206.93997073655498,7172.729776048679,800.8318262965246,no_fit,206.93997073655498,0.9996767459366057,-2.0777245997021447
lf,0.25,318,2,0,False,0.9939297275393965,0.0276146549731493,0.12371919490396976,0.43797418259280274,0.005745157188446308,0.030372931514274556,5,23.289514099712424,100.6310269944468,33.34441498942377,no_fit,23.289514099712424,0.9996767459366057,-2.0777245997021447
lf,0.25,318,2,1,False,0.915728559586041,0.07586679607629776,0.3211974482983351,0.44813317100737954,0.09406662790896889,0.1168308040989399,5,30.769213103798883,1689.6922955063728,195.23345351684844,no_fit,30.769213103798883,0.9996767459366057,-2.0777245997021447
lf,0.25,318,2,2,False,0.9934139635866214,0.02536536194384098,0.11039174813777208,0.42284236712229584,0.004751487986907879,0.024368071783413627,5,12.148500793469225,82.75314034925772,22.100546279039296,no_fit,12.148500793469225,0.9996767459366057,-2.0777245997021447
lf,0.25,318,2,3,False,0.986323249465586,0.022524593397974968,0.13180377008393407,0.4073068801432259,0.019291049502045958,0.034034219473592885,5,0.7102786257369719,344.3458637988225,40.20003576502922,no_fit,0.7102786257369719,0.9996767459366057,-2.0777245997021447
lf,0.25,318,3,0,False,0.9808402592186825,0.026305843144655228,0.1159503455273807,0.4303047177372285,0.03921319764844115,0.060615883414181795,5,17.642762051073095,702.7809503834626,89.97317832746035,no_fit,17.642762051073095,0.9996767459366057,-2.0777245997021447
lf,0.25,318,3,1,False,0.9585757053503247,0.052229803055524826,0.23802172089926898,0.42921455707938794,0.0769993067274169,0.09376336561324528,5,16.84011583729808,1382.6206534061516,152.0405628511352,no_fit,16.84011583729808,0.9996767459366057,-2.0777245997021447
lf,0.25,318,3,2,False,0.9458167392839899,0.037407029420137405,0.06392347859218717,0.4587534580709115,0.07285617892785698,0.10054797569963031,5,38.588549767105974,1308.0783720892045,164.74448408853044,no_fit,38.588549767105974,0.9996767459366057,-2.0777245997021447
lf,0.25,318,3,3,False,0.7740423865625914,0.16621257364749908,0.596733552403748,0.4233629416422311,0.12707496568038287,0.13401921261995037,5,12.53178115165189,2283.571345103373,227.41808686597525,no_fit,12.53178115165189,0.9996767459366057,-2.0777245997021447
lf,0.25,319,0,0,False,0.9997416575532585,0.016892874613404274,0.13300431426614523,0.40988890380825105,0.00037577661397527554,0.013748601907878496,5,2.6113300934308348,4.02626444705804,2.2159976957069873,ungated,2.2159976957069873,0.9996767459366057,-2.0777245997021447
lf,0.25,319,0,1,False,0.282193586215488,0.4878292977809906,0.8608948964258758,0.6857556071448877,0.36053237385574594,0.39658252708679637,5,205.72209486671787,6483.887781777559,719.0577867670653,no_fit,205.72209486671787,0.9996767459366057,-2.0777245997021447
lf,0.25,319,0,2,False,0.9687124158590303,0.03944028168916702,0.18482372537255287,0.43068754873669324,0.02705736987925649,0.05003743892086815,5,17.924626792775243,484.07586160798,70.16544819321204,no_fit,17.924626792775243,0.9996767459366057,-2.0777245997021447
lf,0.25,319,0,3,False,0.9990954672566205,0.018942443653941154,0.12938326690346003,0.41120867657875415,0.0011817212147981074,0.016175934974389468,5,3.583031474937304,18.52664967939183,6.761085431222052,no_fit,3.583031474937304,0.9996767459366057,-2.0777245997021447
lf,0.25,319,1,0,False,0.30411783472343656,0.5069283246994019,0.6634315533858626,0.6904755693963293,0.40176323386437485,0.44348261831759817,5,209.19723387768244,7225.7047168065355,806.8764023450489,no_fit,209.19723387768244,0.9996767459366057,-2.0777245997021447
lf,0.25,319,1,1,False,0.7496951254101473,0.16429829597473145,0.038209251390071586,0.6261987024900397,0.20759396933625726,0.27891878090313693,5,161.8724808840745,3732.2522722314297,498.73695108429945,no_fit,161.8724808840745,0.9996767459366057,-2.0777245997021447
lf,0.25,319,1,2,False,0.2464909731813307,0.596915066242218,0.8253693782770872,0.6921626971878354,0.40071162500503027,0.44218404429227465,5,210.4394055927115,7206.784392061307,804.4448724666049,no_fit,210.4394055927115,0.9996767459366057,-2.0777245997021447
lf,0.25,319,1,3,False,0.9921320606471541,0.023962590843439102,0.18987643718719482,0.4089312358855812,0.001052375016234491,0.012721328804901151,5,1.906233531143099,16.199480162286676,0.29246835159514734,no_fit,0.29246835159514734,0.9996767459366057,-2.0777245997021447
lf,0.25,319,2,0,False,0.9944604818583866,0.026924535632133484,0.14112845994532108,0.42008021524627326,0.006873200103289203,0.026273157265995998,5,10.114827381008475,120.92653714133145,25.667745515705647,no_fit,10.114827381008475,0.9996767459366057,-2.0777245997021447
lf,0.25,319,2,1,False,0.9190785683778744,0.07198885828256607,0.36238348530605435,0.4172698293715365,0.05610664631155045,0.07179980056454227,5,8.045641004321103,1006.7243148127853,110.91463270651897,no_fit,8.045641004321103,0.9996767459366057,-2.0777245997021447
lf,0.25,319,2,2,False,0.3629774156363809,0.40676674246788025,0.26245647409086814,0.6856335758423378,0.4029661947108891,0.4448028260459778,5,205.6322475930621,7247.348134575031,809.3484404997531,no_fit,205.6322475930621,0.9996767459366057,-2.0777245997021447
lf,0.25,319,2,3,False,0.9968079335096974,0.021765608340501785,0.16233868151903152,0.4039589533983663,0.003833532583912813,0.01708361901842261,5,-1.7546798245896098,66.23748039453992,8.460688865615055,no_fit,-1.7546798245896098,0.9996767459366057,-2.0777245997021447
lf,0.25,319,3,0,False,0.9687888808955499,0.027476510033011436,0.06507291551679373,0.41113269708834227,0.003419343358439743,0.019217194119944485,5,3.527090499756221,58.78547522903633,12.4557261188529,no_fit,3.527090499756221,0.9996767459366057,-2.0777245997021447
lf,0.25,319,3,1,False,0.9923394934909668,0.022026168182492256,0.1297434139996767,0.4112553093389382,0.006106974964598805,0.02228518163419909,5,3.6173655046332263,107.14077609228937,18.200414648060526,no_fit,3.6173655046332263,0.9996767459366057,-2.0777245997021447
lf,0.25,319,3,2,False,0.985249243121977,0.02288934215903282,0.08555501140654087,0.4097040640226635,0.0018171048036665612,0.016815918801320974,5,2.475239185187368,29.95833716695489,7.959430513257063,no_fit,2.475239185187368,0.9996767459366057,-2.0777245997021447
lf,0.25,319,3,3,False,0.9951483142506089,0.019762873649597168,0.13099436927586794,0.4017326284903412,0.0029522198232747737,0.015433945049474446,5,-3.3938430481084474,50.38108713081434,5.371737857073739,no_fit,-3.3938430481084474,0.9996767459366057,-2.0777245997021447
lf,0.4,300,0,0,False,0.445496345028442,0.28157129883766174,0.33723599659606407,0.6117307992914269,0.28874732540220605,0.3063468856389892,5,144.03073279118573,5114.276859060843,482.07280850311025,no_fit,144.03073279118573,0.9996766603371258,-2.0846672832678212
lf,0.4,300,0,1,False,0.992013624064809,0.021038798615336418,0.07403681799769402,0.42926462281315647,0.0028602548176296393,0.021422698005478413,5,12.933435428082095,47.937473307129174,12.707795170748863,no_fit,12.707795170748863,0.9996766603371258,-2.0846672832678212
lf,0.4,300,0,2,False,0.990922790482909,0.019853152334690094,0.0709631908684969,0.4272654442055547,0.0018389629600137365,0.021176609549519235,5,11.497076550720848,29.838679430201143,12.302405539311916,no_fit,11.497076550720848,0.9996766603371258,-2.0846672832678212
lf,0.4,300,0,3,False,0.9899235937136793,0.02800535038113594,0.23059294559061527,0.40084151070321716,0.0003000529218894323,0.008618668585754668,5,-7.4878462153423255,2.566930059589556,-8.384704870092728,no_fit,-8.384704870092728,0.9996766603371258,-2.0846672832678212
lf,0.4,300,1,0,False,0.9939628535429417,0.025164401158690453,0.20895634032785892,0.4004561855809755,0.0006027149477337871,0.008573879965095147,5,-7.764692495058194,7.930546325871973,-8.458486642386605,no_fit,-8.458486642386605,0.9996766603371258,-2.0846672832678212
lf,0.4,300,1,1,False,0.826729662127735,0.13424964249134064,0.38336415909725474,0.5762169330925333,0.223675987049187,0.2855237614886371,5,118.51492505383074,3961.117033723179,447.77018917960453,no_fit,118.51492505383074,0.9996766603371258,-2.0846672832678212
lf,0.4,300,1,2,False,0.9093506035804186,0.07444392144680023,0.2288259460910922,0.5587585726957967,0.2026225183452343,0.2603354320375818,5,105.97153806245714,3588.0186019421812,406.2766231654007,no_fit,105.97153806245714,0.9996766603371258,-2.0846672832678212
lf,0.4,300,1,3,False,0.9282405118950768,0.04078017175197601,0.07363451449782588,0.5295349358217303,0.16716655347610127,0.21764470121756938,5,84.97509977863591,2959.686754303599,335.9507740090734,no_fit,84.97509977863591,0.9996766603371258,-2.0846672832678212
lf,0.4,300,2,0,False,0.9871274497796404,0.02272588573396206,0.11625882936641574,0.43578914684251513,0.042187793805259916,0.06944445679791147,5,17.621139655453838,744.879308803153,91.81562256533269,no_fit,17.621139655453838,0.9996766603371258,-2.0846672832678212
lf,0.4,300,2,1,False,0.9465486546783036,0.03545137494802475,0.11130528137437068,0.5389922696980868,0.17880560650400296,0.23274218925932066,5,91.76995313381931,3165.947893177627,360.8213640943088,no_fit,91.76995313381931,0.9996766603371258,-2.0846672832678212
lf,0.4,300,2,2,False,0.953209767210585,0.031888969242572784,0.08301581029081717,0.5628626205523888,0.20079560173156075,0.26215311990733137,5,108.92019184932563,3555.642952440383,409.2709603549006,no_fit,108.92019184932563,0.9996766603371258,-2.0846672832678212
lf,0.4,300,2,3,False,0.736888880315663,0.17555440962314606,0.5347835426800884,0.5551274898743052,0.2070039894966205,0.2619989191895239,5,103.36269759905315,3665.664715200894,409.0169404257023,no_fit,103.36269759905315,0.9996766603371258,-2.0846672832678212
lf,0.4,300,3,0,False,0.9618097147988246,0.04368671402335167,0.14740451285615563,0.49321886681780147,0.10667062685486929,0.1516495024436096,5,58.88292977125914,1887.609954565495,227.23470602731703,no_fit,58.88292977125914,0.9996766603371258,-2.0846672832678212
lf,0.4,300,3,1,False,0.9443862528922051,0.05150739476084709,0.15690088015981019,0.5182679314638017,0.14435866048118307,0.1954020691631085,5,76.88004430473195,2555.497343604015,299.3097524885791,no_fit,76.88004430473195,0.9996766603371258,-2.0846672832678212
lf,0.4,300,3,2,False,0.9940327962876699,0.026507418602705002,0.16265942994505167,0.4249053946461748,0.013216828381605369,0.036121243514181584,5,9.801441091868957,231.4711897544539,36.92119406102747,no_fit,9.801441091868957,0.9996766603371258,-2.0846672832678212
lf,0.4,300,3,3,False,0.9882322644088547,0.022309865802526474,0.10067548416554928,0.43858863591678326,0.027084007335632408,0.05597576735447802,5,19.632501205948078,477.21799726283257,69.62820614171186,no_fit,19.632501205948078,0.9996766603371258,-2.0846672832678212
lf,0.4,301,0,0,False,0.9893137346793737,0.028718290850520134,0.13635517563670874,0.4335084208172868,0.0029340940477455193,0.02407799867203053,5,15.982496134205205,49.246013070696904,17.081959551488442,no_fit,15.982496134205205,0.9996766603371258,-2.0846672832678212
lf,0.4,301,0,1,False,0.9178077180361757,0.05488313362002373,0.26845408976078033,0.43958088182099264,0.015720007558533526,0.044174410946954526,5,20.34540459918024,275.8312065531775,50.18744242992042,no_fit,20.34540459918024,0.9996766603371258,-2.0846672832678212
lf,0.4,301,0,2,False,0.9977794783689814,0.020678739994764328,0.15626770444214344,0.4221593320856597,0.0019991810062932867,0.018151764201521245,5,7.828465129847803,32.677978865865754,7.319478014332546,no_fit,7.319478014332546,0.9996766603371258,-2.0846672832678212
lf,0.4,301,0,3,False,0.28579995487720355,0.45360273122787476,0.8965785596119531,0.6805736129941775,0.34763517028746527,0.3705736832153512,5,193.49253986958976,6157.856085201754,587.875730856265,no_fit,193.49253986958976,0.9996766603371258,-2.0846672832678212
lf,0.4,301,1,0,False,0.9982070116317899,0.021077102050185204,0.1485419748350978,0.41824819611619424,0.0009042068974935234,0.01814256310496775,5,5.01841361721798,13.273427122936734,7.304320744455345,no_fit,5.01841361721798,0.9996766603371258,-2.0846672832678212
lf,0.4,301,1,1,False,0.4209334077384526,0.38830772042274475,0.9265680609823903,0.4934173232989394,0.22428708497683186,0.2377489207381009,5,59.025515694982225,3971.9465878301517,369.06911802073904,no_fit,59.025515694982225,0.9996766603371258,-2.0846672832678212
lf,0.4,301,1,2,False,0.28347175046643136,0.5046857595443726,0.8288077595331629,0.6875945257055398,0.3692166028127023,0.3964200911280371,5,198.53688671373743,6540.310812447798,630.4533712289234,no_fit,198.53688671373743,0.9996766603371258,-2.0846672832678212
lf,0.4,301,1,3,False,0.6904346916665277,0.17079664766788483,0.17644697994182934,0.6241674325550916,0.2813566048737751,0.3580322894935174,5,152.9661368240349,4983.302420707532,567.2158792643512,no_fit,152.9661368240349,0.9996766603371258,-2.0846672832678212
lf,0.4,301,2,0,False,0.7433260104884771,0.15870633721351624,0.5846189168514684,0.49029556158887766,0.14167591725884415,0.18051443743258397,5,56.78260946929359,2507.9551878100947,274.78486562754136,no_fit,56.78260946929359,0.9996766603371258,-2.0846672832678212
lf,0.4,301,2,1,False,0.5636541915463399,0.2516328692436218,0.010601721529383212,0.6605243482127432,0.341140228718453,0.42440682783927863,5,179.08765411107052,6042.756167559549,676.5568458363427,no_fit,179.08765411107052,0.9996766603371258,-2.0846672832678212
lf,0.4,301,2,2,False,0.3295211673003368,0.40448835492134094,0.543815236942919,0.6873181064923211,0.3897989134022658,0.42053626151427603,5,198.33828655401672,6905.059629442207,670.1807342474052,no_fit,198.33828655401672,0.9996766603371258,-2.0846672832678212
lf,0.4,301,2,3,False,0.9119395384194611,0.0720924437046051,0.3703753729350865,0.4192398789583037,0.058026873969520464,0.07798115054285473,5,5.730912464681896,1025.5711061139507,105.87839977876966,no_fit,5.730912464681896,0.9996766603371258,-2.0846672832678212
lf,0.4,301,3,0,False,0.9433331817615657,0.05292566865682602,0.2993629537522793,0.42098314220506705,0.03054479164782589,0.05278660766500207,5,6.983402677684837,538.5481855452625,64.37459818163477,no_fit,6.983402677684837,0.9996766603371258,-2.0846672832678212
lf,0.4,301,3,1,False,0.9823077915148473,0.02442692592740059,0.07425631396472454,0.4360159992706789,0.01666986809512896,0.04454951057488757,5,17.78412734339978,292.6641323573647,50.805356420754414,no_fit,17.78412734339978,0.9996766603371258,-2.0846672832678212
lf,0.4,301,3,2,False,0.9490300390168134,0.03247818350791931,0.04104966018348932,0.419927849588788,0.002324190238906414,0.02155703056708516,5,6.225201828674884,38.437620505323345,12.9290856308295,no_fit,6.225201828674884,0.9996766603371258,-2.0846672832678212
lf,0.4,301,3,3,False,0.9327367190200817,0.05442627891898155,0.30271882843226194,0.42171245424561354,0.028678489990307744,0.051384315675713915,5,7.507394791156901,505.47457513732223,62.064556329046596,no_fit,7.507394791156901,0.9996766603371258,-2.0846672832678212
lf,0.4,302,0,0,False,0.9978793976015727,0.021181702613830566,0.17963631823658943,0.40264446103569906,7.677632992681652e-05,0.010816505528576596,5,-6.192472352469531,-1.3898595547991448,-4.7641355722103365,no_fit,-6.192472352469531,0.9996766603371258,-2.0846672832678212
lf,0.4,302,0,1,False,0.3284121018485569,0.3761935532093048,0.48035542168025414,0.6882790530780226,0.3925166163271237,0.423507549485867,5,199.02870218461322,6953.221322584996,675.0754349394853,no_fit,199.02870218461322,0.9996766603371258,-2.0846672832678212
lf,0.4,302,0,2,False,0.9966264948537535,0.023172633722424507,0.12674102745950222,0.42214188496146465,0.001081359567390501,0.01764245539095649,5,7.815929815780971,16.412832997274673,6.480476809673502,no_fit,6.480476809673502,0.9996766603371258,-2.0846672832678212
lf,0.4,302,0,3,False,0.552294142816146,0.24440081417560577,0.6346654979879531,0.6022056837556886,0.2519377099287057,0.3193478323084122,5,137.18718004125833,4461.956331705363,503.48969682526314,no_fit,137.18718004125833,0.9996766603371258,-2.0846672832678212
lf,0.4,302,1,0,False,0.9966917928963935,0.02207653596997261,0.18697610311210155,0.40230470484593106,0.0001742470350826076,0.009652829453481546,5,-6.436578515598758,0.33746470466533146,-6.681097557916107,no_fit,-6.681097557916107,0.9996766603371258,-2.0846672832678212
lf,0.4,302,1,1,False,0.9590700520015575,0.05394769459962845,0.14411285147070885,0.45664670702740195,0.030051621356032142,0.04612488573230836,5,32.60676506067829,529.8084825986085,53.40052388585352,no_fit,32.60676506067829,0.9996766603371258,-2.0846672832678212
lf,0.4,302,1,2,False,0.5027089642064491,0.3059489130973816,0.8935305812192382,0.4740455116361294,0.18201947516577052,0.20007374141013456,5,45.10736273623989,3222.902372960355,307.00555228964834,no_fit,45.10736273623989,0.9996766603371258,-2.0846672832678212
lf,0.4,302,1,3,False,0.9342950181866808,0.042365096509456635,0.08789161965250969,0.48503146291338617,0.13888335640303018,0.17502092476754066,5,53.00048873475947,2458.466902026499,265.7352209951026,no_fit,53.00048873475947,0.9996766603371258,-2.0846672832678212
lf,0.4,302,2,0,False,0.8786204636579914,0.10488367080688477,0.33941787912044674,0.5377678775439372,0.18589698711501965,0.23778740878952398,5,90.89025857661618,3291.6175879123366,369.13252065748736,no_fit,90.89025857661618,0.9996766603371258,-2.0846672832678212
lf,0.4,302,2,1,False,0.7946805978122072,0.1308479756116867,0.433086343400646,0.5094281059845444,0.18186234853473277,0.2175692309222237,5,70.52885499469483,3220.1178579497614,335.8264493019457,no_fit,70.52885499469483,0.9996766603371258,-2.0846672832678212
lf,0.4,302,2,2,False,0.9498562205000523,0.04261608049273491,0.15890007227426395,0.49406492145267816,0.13915786368826188,0.18062963696989376,5,59.49079846338943,2463.3315748779223,274.97463762553974,no_fit,59.49079846338943,0.9996766603371258,-2.0846672832678212
lf,0.4,302,2,3,False,0.9567982001272787,0.03668740764260292,0.12973299494478852,0.5136277515578871,0.15458520763346725,0.20182154917017892,5,73.54619330459097,2736.7268007877287,309.8847736692345,no_fit,73.54619330459097,0.9996766603371258,-2.0846672832678212
lf,0.4,302,3,0,False,0.9549228034941345,0.04917529970407486,0.08064027305226773,0.5628869185454152,0.18255520308653833,0.2466041463873329,5,108.93764933804266,3232.3962596880197,383.65662334780177,no_fit,108.93764933804266,0.9996766603371258,-2.0846672832678212
lf,0.4,302,3,1,False,0.9424981656024038,0.05913278087973595,0.1847449780907482,0.5310582473195693,0.16827491072551726,0.22094867466625456,5,86.06956026585185,2979.3284749827462,341.39351846215783,no_fit,86.06956026585185,0.9996766603371258,-2.0846672832678212
lf,0.4,302,3,2,False,0.9745807276787318,0.028360823169350624,0.09467341657727957,0.48225374967341755,0.07350939954470166,0.116467358029095,5,51.004772566218165,1299.9442316704426,169.27799894908108,no_fit,51.004772566218165,0.9996766603371258,-2.0846672832678212
lf,0.4,302,3,3,False,0.6547654847971497,0.2007603645324707,0.5079848855966702,0.5868017948941593,0.23290818686598805,0.2985590817636038,5,126.11987848650362,4124.725193593319,469.2437022760818,no_fit,126.11987848650362,0.9996766603371258,-2.0846672832678212
lf,0.4,303,0,0,False,0.30231971141312064,0.40681886672973633,0.8815715680504042,0.6771486437798787,0.33705749246699057,0.3572319148597862,5,191.03178677982532,5970.40407611962,565.897395727547,no_fit,191.03178677982532,0.9996766603371258,-2.0846672832678212
lf,0.4,303,0,1,False,0.9985204454317695,0.019203413277864456,0.1478438340127468,0.41115578022650145,0.0004777074116101317,0.013021787005921805,5,-0.0773064381895692,5.7152289193020165,-1.1313026470283671,no_fit,-1.1313026470283671,0.9996766603371258,-2.0846672832678212
lf,0.4,303,0,2,False,0.9996730972425556,0.017613045871257782,0.14465166255831718,0.4060585819441066,0.0009503516454048059,0.010853981464176198,5,-3.7395134940018964,14.091179927603864,-4.702400227245608,no_fit,-4.702400227245608,0.9996766603371258,-2.0846672832678212
lf,0.4,303,0,3,False,0.5293182297387232,0.24172121286392212,0.5804103709888295,0.6011738996553013,0.2504416089317078,0.31925608932919425,5,136.44586946176526,4435.44322150889,503.33856558919143,no_fit,136.44586946176526,0.9996766603371258,-2.0846672832678212
lf,0.4,303,1,0,False,0.3177461656142125,0.46372485160827637,0.6340549654297547,0.6886014829480089,0.3916186748914464,0.4224668903242004,5,199.26035982856772,6937.308479613925,673.3611227733368,no_fit,199.26035982856772,0.9996766603371258,-2.0846672832678212
lf,0.4,303,1,1,False,0.9905678595507356,0.028925739228725433,0.12808004766702652,0.42563857179959685,0.005236475574577447,0.027923136522626412,5,10.328210190433632,90.04760016789835,23.41618197570441,no_fit,10.328210190433632,0.9996766603371258,-2.0846672832678212
lf,0.4,303,1,2,False,0.644667450491274,0.1900644451379776,0.038113251061986375,0.6608657175326192,0.3440640592390837,0.42738542352260955,5,179.33291926706923,6094.570744880763,681.4635847630378,no_fit,179.33291926706923,0.9996766603371258,-2.0846672832678212
lf,0.4,303,1,3,False,0.9933475137591978,0.025421353057026863,0.1939589250832796,0.38992726002281447,0.0030249903840619177,0.005052068961370336,5,-15.32945716242436,50.85682984446299,-14.260082085886037,no_fit,-15.32945716242436,0.9996766603371258,-2.0846672832678212
lf,0.4,303,2,0,False,0.7116978755339138,0.1858656406402588,0.044783306497265585,0.6712287373786023,0.30407391977175724,0.3523795493651459,5,186.77848490860268,5385.88665430325,557.9039339789963,no_fit,186.77848490860268,0.9996766603371258,-2.0846672832678212
lf,0.4,303,2,1,False,0.32921414938217264,0.4381207227706909,0.9941128465748079,0.4901887064024558,0.2356985509367916,0.24496515741381797,5,56.705836741221425,4174.174549115403,380.9566627449661,no_fit,56.705836741221425,0.9996766603371258,-2.0846672832678212
lf,0.4,303,2,2,False,0.9417561949724023,0.057102032005786896,0.26232247753068805,0.44018416134060245,0.08127536068905054,0.1077016541295012,5,20.77884555849566,1437.5684856578503,154.83796575332977,no_fit,20.77884555849566,0.9996766603371258,-2.0846672832678212
lf,0.4,303,2,3,False,0.9810571292415786,0.020994529128074646,0.12999639427289367,0.40767244993267904,0.016904609230204252,0.034016161320460744,5,-2.579990476168119,296.8240905382529,33.453422721121434,no_fit,-2.579990476168119,0.9996766603371258,-2.0846672832678212
lf,0.4,303,3,0,False,0.9655430429329551,0.025871457532048225,0.05733814020641148,0.4350709447210967,0.018529955488188313,0.04609318661566213,5,17.105129735721583,325.62761685888785,53.34830488531566,no_fit,17.105129735721583,0.9996766603371258,-2.0846672832678212
lf,0.4,303,3,1,False,0.8318289160709584,0.10672919452190399,0.3562979702837765,0.4983461985315096,0.12028209820512056,0.16617609537183248,5,62.56678692947231,2128.8252472292293,251.16484175942006,no_fit,62.56678692947231,0.9996766603371258,-2.0846672832678212
lf,0.4,303,3,2,False,0.893014836580125,0.07236603647470474,0.29645106103271246,0.4522859686273479,0.05681603439301251,0.09033416523089227,5,29.473685660493274,1004.113247863321,126.22792837408667,no_fit,29.473685660493274,0.9996766603371258,-2.0846672832678212
lf,0.4,303,3,3,False,0.9740406620098805,0.037066441029310226,0.15932203736156225,0.444489122685248,0.04324773864689808,0.0743767465776419,5,23.871850565935333,763.6630904094262,99.94074622524467,no_fit,23.871850565935333,0.9996766603371258,-2.0846672832678212
lf,0.4,304,0,0,False,0.5576440585858657,0.17712734639644623,0.2176737495465204,0.5693125582204216,0.21320673455534914,0.22664428257346997,5,113.5543076770351,3775.5864809056825,350.7760812537193,no_fit,113.5543076770351,0.9996766603371258,-2.0846672832678212
lf,0.4,304,0,1,False,0.999703407957102,0.016980372369289398,0.14141472149640322,0.40887887439152626,0.0003049000453756283,0.012278920207048618,5,-1.7132052501048631,2.652828217122573,-2.355051630409773,ungated,-2.355051630409773,0.9996766603371258,-2.0846672832678212
lf,0.4,304,0,2,False,0.5968578755451236,0.1790027767419815,0.3474554307758808,0.5496153867813178,0.11610313713358372,0.17883466929593794,5,99.40239201132961,2054.76791044598,272.01772816406185,no_fit,99.40239201132961,0.9996766603371258,-2.0846672832678212
lf,0.4,304,0,3,False,0.3048626477505525,0.4633176922798157,0.6519536224124636,0.6882010962116898,0.3855884886858202,0.4156646286729526,5,198.97269216300603,6830.444710593091,662.1555327630747,no_fit,198.97269216300603,0.9996766603371258,-2.0846672832678212
lf,0.4,304,1,0,False,0.4602873720675806,0.2936073839664459,0.8188695710341563,0.5764958542316285,0.2295508601614994,0.28791874900285963,5,118.71532278352821,4065.228426289316,451.7155311173337,no_fit,118.71532278352821,0.9996766603371258,-2.0846672832678212
lf,0.4,304,1,1,False,0.9961969854202549,0.024563269689679146,0.19592265412211418,0.39449529421916896,0.0010756026972058158,0.006738180247336561,5,-12.047441015855808,16.31081279014987,-11.482495343284395,no_fit,-12.047441015855808,0.9996766603371258,-2.0846672832678212
lf,0.4,304,1,2,False,0.6581911529121589,0.11861370503902435,0.42588943243026733,0.4303481330463246,0.039410860738748804,0.04029028258349606,5,13.711909915656623,695.6679704320287,43.78898964765172,no_fit,13.711909915656623,0.9996766603371258,-2.0846672832678212
lf,0.4,304,1,3,False,0.3365442650774713,0.3702359199523926,0.5116862818317429,0.684894515847839,0.3815488268887178,0.41133151167074633,5,196.59699844496305,6758.855961840181,655.0174461850153,no_fit,196.59699844496305,0.9996766603371258,-2.0846672832678212
lf,0.4,304,2,0,False,0.9739421064938754,0.02607271820306778,0.08106870530173182,0.4435634424585504,0.034400689505706565,0.06564460819471515,5,23.20677291546475,606.8803670072604,85.55600661235407,no_fit,23.20677291546475,0.9996766603371258,-2.0846672832678212
lf,0.4,304,2,1,False,0.7693005661335265,0.1713673323392868,0.546513109758962,0.5243877409365547,0.180510407501169,0.22506911361777604,5,81.27697143796743,3196.1594743420133,348.18125347152704,no_fit,81.27697143796743,0.9996766603371258,-2.0846672832678212
lf,0.4,304,2,2,False,0.49279948963397924,0.3103991448879242,0.897390015568817,0.4413171338274856,0.1790702696985796,0.18233344036082483,5,21.59285741474138,3170.6381142635305,277.78136915627493,no_fit,21.59285741474138,0.9996766603371258,-2.0846672832678212
lf,0.4,304,2,3,False,0.872702516894955,0.08314025402069092,0.25824857235420495,0.5362420535790677,0.18191368200555785,0.2316091569155853,5,89.79399294587304,3221.027562556258,358.95488253814347,no_fit,89.79399294587304,0.9996766603371258,-2.0846672832678212
lf,0.4,304,3,0,False,0.9728089104567202,0.029700325801968575,0.1031956896185875,0.45779973297111654,0.0514946683469038,0.08724229545387138,5,33.43518481456361,909.810814632304,121.13458929618434,no_fit,33.43518481456361,0.9996766603371258,-2.0846672832678212
lf,0.4,304,3,1,False,0.5734772002599106,0.2236095666885376,0.690519490337465,0.5544038345290709,0.20013189314145322,0.2563898605416419,5,102.8427696769932,3543.8810600125476,399.77695308411694,no_fit,102.8427696769932,0.9996766603371258,-2.0846672832678212
lf,0.4,304,3,2,False,0.8937249596204407,0.0937991663813591,0.2511102871503681,0.5600825532920874,0.18638979481135454,0.2472433719448036,5,106.92278437717117,3300.3508651341385,384.70964069531647,no_fit,106.92278437717117,0.9996766603371258,-2.0846672832678212
lf,0.4,304,3,3,False,0.9274694378847887,0.07506559044122696,0.2416964692529291,0.5113172567225652,0.1301035230463724,0.17927622380981667,5,71.88616165199491,2302.875341190137,272.7451154807197,no_fit,71.88616165199491,0.9996766603371258,-2.0846672832678212
lf,0.4,305,0,0,False,0.5065581013745022,0.2314019650220871,0.4008745983010158,0.6083246627048363,0.25800587562223365,0.33053297828741357,5,141.5835104644506,4569.493153113679,521.9153567706771,no_fit,141.5835104644506,0.9996766603371258,-2.0846672832678212
lf,0.4,305,0,1,False,0.9988136614696363,0.01888217031955719,0.14956355653703213,0.4110280449600634,0.0012629340616068776,0.012646061253053694,5,-0.16908097159181493,19.630600102361687,-1.7502480741224293,no_fit,-1.7502480741224293,0.9996766603371258,-2.0846672832678212
lf,0.4,305,0,2,False,0.2798636560021615,0.5219003558158875,0.7920950104541016,0.6894587337123264,0.38040379144588304,0.4094400533749784,5,199.87627265435026,6738.564249625791,651.9015845392057,no_fit,199.87627265435026,0.9996766603371258,-2.0846672832678212
lf,0.4,305,0,3,False,0.9992824768824858,0.019088139757514,0.15203699003905058,0.4081865030245208,0.0014361266672424295,0.0112220458442846,5,-2.21065643112866,22.699827813354386,-4.096075632231025,no_fit,-4.096075632231025,0.9996766603371258,-2.0846672832678212
lf,0.4,305,1,0,False,0.9987269574307742,0.01876254752278328,0.13629915285855532,0.41446076415593935,0.0029429905447113797,0.014313093293415251,5,2.297240282415369,49.40367208228219,0.9959087978108602,no_fit,0.9959087978108602,0.9996766603371258,-2.0846672832678212
lf,0.4,305,1,1,False,0.3117404562219364,0.45880886912345886,0.6568776679813482,0.6864936189477894,0.38051542968021534,0.41001106537068754,5,197.7459132666282,6740.542643340474,652.8422314362101,no_fit,197.7459132666282,0.9996766603371258,-2.0846672832678212
lf,0.4,305,1,2,False,0.4879632523749799,0.2801729738712311,0.8475072500004899,0.5393926702551015,0.19754858369658618,0.24459498247691233,5,92.05763072919855,3498.1010170069035,380.3468613601167,no_fit,92.05763072919855,0.9996766603371258,-2.0846672832678212
lf,0.4,305,1,3,False,0.9894992770081086,0.03292675316333771,0.21069045923650265,0.40026355620510223,0.014335659737043552,0.014583682241894843,5,-7.903091792161542,251.29852699807978,1.4416588987958843,no_fit,-7.903091792161542,0.9996766603371258,-2.0846672832678212
lf,0.4,305,2,0,False,0.4620816786169849,0.3099546432495117,0.2928755802931846,0.6660358890344882,0.35170550404282863,0.37847649679749956,5,183.0475557212368,6229.988386168682,600.8942963671699,no_fit,183.0475557212368,0.9996766603371258,-2.0846672832678212
lf,0.4,305,2,1,False,0.9962890302195716,0.02289615385234356,0.15523065719753504,0.4236333169130102,0.0036641113121849006,0.018590476347944786,5,8.887485661485261,62.18299273734209,8.042183005317789,no_fit,8.042183005317789,0.9996766603371258,-2.0846672832678212
lf,0.4,305,2,2,False,0.8118841649122427,0.14304634928703308,0.5288558667525649,0.46650201726076956,0.1351061100521742,0.1621735137771426,5,39.68755428532286,2391.5285409529974,244.57125706182342,no_fit,39.68755428532286,0.9996766603371258,-2.0846672832678212
lf,0.4,305,2,3,False,0.9602187798442747,0.048036083579063416,0.18142168130725622,0.4738919312780916,0.08399710311982116,0.12357218296620648,5,44.9970191632259,1485.801764786893,180.98201144106656,no_fit,44.9970191632259,0.9996766603371258,-2.0846672832678212
lf,0.4,305,3,0,False,0.9807739743736367,0.03693415969610214,0.09975203033536673,0.45094594855616227,0.01957689597093432,0.05258205997381933,5,28.510915391858482,344.1809420982219,64.03764002235565,no_fit,28.510915391858482,0.9996766603371258,-2.0846672832678212
lf,0.4,305,3,1,False,0.39665687699362573,0.34969326853752136,0.9728169292284292,0.4847093136011677,0.1921110650061224,0.21116457256397225,5,52.769032664410716,3401.7401880756115,325.2758443123244,no_fit,52.769032664410716,0.9996766603371258,-2.0846672832678212
lf,0.4,305,3,2,False,0.8609018947952805,0.11078791320323944,0.3133659742306918,0.5637196902207814,0.19791691379602294,0.2583040845130446,5,109.53597456230172,3504.6283681246696,402.93031737839095,no_fit,109.53597456230172,0.9996766603371258,-2.0846672832678212
lf,0.4,305,3,3,False,0.9738733823164571,0.038697756826877594,0.13749716710299253,0.46041585432759397,0.05362066540914787,0.09022353297441228,5,35.314801333238954,947.4866095831545,126.04568020846406,no_fit,35.314801333238954,0.9996766603371258,-2.0846672832678212
lf,0.4,306,0,0,False,0.8219784536153361,0.07527217268943787,1.7192600864746055e-05,0.5409053727613472,0.1820218092824803,0.20091893261008825,5,93.14446892634146,3222.9437369415714,308.3978636343943,no_fit,93.14446892634146,0.9996766603371258,-2.0846672832678212
lf,0.4,306,0,1,False,0.5904812425941689,0.1873844414949417,0.34277155503514223,0.5764624969668006,0.21768213891133104,0.28372987814891,5,118.69135643891154,3854.8972287108268,444.81506597767145,no_fit,118.69135643891154,0.9996766603371258,-2.0846672832678212
lf,0.4,306,0,2,False,0.9981379546978736,0.019917719066143036,0.13965349178761244,0.410380105566147,0.0038098209109658924,0.012907228295352739,5,-0.6346089123696022,64.76518114368388,-1.3200189899972916,no_fit,-1.3200189899972916,0.9996766603371258,-2.0846672832678212
lf,0.4,306,0,3,False,0.2739515865633746,0.5282899141311646,0.8213880268573943,0.6898558962217305,0.3792865730723517,0.40801282419379115,5,200.161623795048,6718.765496793997,649.5504628277771,no_fit,200.161623795048,0.9996766603371258,-2.0846672832678212
lf,0.4,306,1,0,False,0.7435803757723456,0.1410694420337677,0.27970161801204085,0.519286356320975,0.14027439726692997,0.14966490591123416,5,77.61175660845703,2483.1181921375132,223.96541469191123,no_fit,77.61175660845703,0.9996766603371258,-2.0846672832678212
lf,0.4,306,1,1,False,0.9948838429647167,0.02707093022763729,0.12348853331059217,0.4309857540690111,0.0062760893264970675,0.022550144942906518,5,14.1700243696856,108.47108496051814,14.565075702853584,no_fit,14.1700243696856,0.9996766603371258,-2.0846672832678212
lf,0.4,306,1,2,False,0.4124136427579455,0.3107233941555023,0.9443001872859895,0.5212217992326704,0.20266761887992474,0.237919008925977,5,79.00232301271369,3588.8178497527015,369.3493099034754,no_fit,79.00232301271369,0.9996766603371258,-2.0846672832678212
lf,0.4,306,1,3,False,0.2823512987784315,0.5208670496940613,0.7733936229284808,0.6898130907214467,0.38299587393352863,0.4124480932172195,5,200.1308691340594,6784.499763853239,656.8568278001737,no_fit,200.1308691340594,0.9996766603371258,-2.0846672832678212
lf,0.4,306,2,0,False,0.9959037831449511,0.020463908091187477,0.12011743709445,0.42241654206303003,0.0056975600320307695,0.026878791117740435,5,8.013263943188923,98.21869493681538,21.69579733949936,no_fit,8.013263943188923,0.9996766603371258,-2.0846672832678212
lf,0.4,306,2,1,False,0.7560991983010988,0.14373034238815308,0.05435736081562936,0.5577124097057731,0.15396580601019283,0.21905049052136702,5,105.21989661722893,2725.7500929807675,338.26657710322206,no_fit,105.21989661722893,0.9996766603371258,-2.0846672832678212
lf,0.4,306,2,2,False,0.4201326874865261,0.3223669230937958,0.9533725200381014,0.4953880660743229,0.19025663682241353,0.21632526848218633,5,60.44144415162639,3368.8769930875874,333.7772289387939,no_fit,60.44144415162639,0.9996766603371258,-2.0846672832678212
lf,0.4,306,2,3,False,0.3487521841403242,0.418531596660614,0.3843067359748602,0.688129309196881,0.4049515031515991,0.43733920657962816,5,198.9211150224705,7173.585806880876,697.8607799470226,no_fit,198.9211150224705,0.9996766603371258,-2.0846672832678212
lf,0.4,306,3,0,False,0.5878984213038111,0.18500562012195587,0.7147164130583405,0.4788666740075602,0.1321423375927081,0.16911462052787254,5,48.57124502523246,2339.006133727298,256.0055711846674,no_fit,48.57124502523246,0.9996766603371258,-2.0846672832678212
lf,0.4,306,3,1,False,0.9788523082412051,0.02218996174633503,0.07234893506392837,0.4302008265024284,0.014786025795547823,0.040369475705892596,5,13.60607391820541,259.27967597253763,43.919447090588406,no_fit,13.60607391820541,0.9996766603371258,-2.0846672832678212
lf,0.4,306,3,2,False,0.9643408410842962,0.04396200180053711,0.1654692767187953,0.4491115308346612,0.04100996832094523,0.0739497924574877,5,27.19293301197116,724.0065088247343,99.23741061880523,no_fit,27.19293301197116,0.9996766603371258,-2.0846672832678212
lf,0.4,306,3,3,False,0.9759289071552935,0.031143993139266968,0.08881994266994298,0.4569461859950425,0.044615410424533625,0.0804521286405101,5,32.82193306623709,787.9002459395812,109.94892351135564,no_fit,32.82193306623709,0.9996766603371258,-2.0846672832678212
lf,0.4,307,0,0,False,0.7247153183940094,0.17420123517513275,0.3471388793366259,0.6373407050790121,0.2934925700180515,0.3704838548588477,5,162.43079739097166,5198.369573163425,587.7277536413501,no_fit,162.43079739097166,0.9996766603371258,-2.0846672832678212
lf,0.4,307,0,1,False,0.9996457822582815,0.017359452322125435,0.14251788798719645,0.4039867405289511,0.00016080563086042697,0.01125299376342481,5,-5.228078746664917,0.09926325165305283,-4.045094104125248,no_fit,-5.228078746664917,0.9996766603371258,-2.0846672832678212
lf,0.4,307,0,2,False,0.997906541292952,0.01840481534600258,0.12227719277143478,0.41757814826453643,0.0005803393856447536,0.016853110195989746,5,4.537001313021683,7.534018454715548,5.180162431183626,no_fit,4.537001313021683,0.9996766603371258,-2.0846672832678212
lf,0.4,307,0,3,False,0.26828229830727335,0.44961556792259216,0.9356617525346445,0.6849750027156944,0.3474913569822365,0.3683890475425633,5,196.6548262081832,6155.307501906307,584.2769084459915,no_fit,196.6548262081832,0.9996766603371258,-2.0846672832678212
lf,0.4,307,1,0,False,0.616730935887289,0.2107875943183899,0.0040619487190269865,0.6257594671511287,0.2748553531176232,0.3533590861987511,5,154.10997310579032,4868.090677267919,559.5175573178334,no_fit,154.10997310579032,0.9996766603371258,-2.0846672832678212
lf,0.4,307,1,1,False,0.9966062646134122,0.0221495870500803,0.169582343660295,0.4078695383099681,0.0018260889180110617,0.011218746648984868,5,-2.4383875001921824,29.610532470219255,-4.101510505481719,no_fit,-4.101510505481719,0.9996766603371258,-2.0846672832678212
lf,0.4,307,1,2,False,0.3698017520332513,0.3948136866092682,0.9776696074186475,0.4939104046289541,0.2177087377684635,0.23337234346776314,5,59.37978206364715,3855.368599581957,361.8594379093248,no_fit,59.37978206364715,0.9996766603371258,-2.0846672832678212
lf,0.4,307,1,3,False,0.2822246979029527,0.5252623558044434,0.7478805490039235,0.6898945825975814,0.38855166319282136,0.418840917831373,5,200.18941897011396,6882.956521221618,667.3879386727724,no_fit,200.18941897011396,0.9996766603371258,-2.0846672832678212
lf,0.4,307,2,0,False,0.957792568343001,0.0440543033182621,0.19373615039512515,0.44901954195132465,0.06360144826926421,0.09548755369618825,5,27.126841343774732,1124.3607620289665,134.71727519230674,no_fit,27.126841343774732,0.9996766603371258,-2.0846672832678212
lf,0.4,307,2,1,False,0.9395751919752716,0.054530635476112366,0.09199578990228474,0.48816212045470325,0.08070999333840594,0.12646662000964976,5,55.24978638848087,1427.549344637821,185.75011306406003,no_fit,55.24978638848087,0.9996766603371258,-2.0846672832678212
lf,0.4,307,2,2,False,0.3920528441244298,0.3433166444301605,0.26328745166028966,0.6772944815325685,0.3764465501814922,0.40595141038750193,5,191.13656748822925,6668.4361139401935,646.1546278630145,no_fit,191.13656748822925,0.9996766603371258,-2.0846672832678212
lf,0.4,307,2,3,False,0.4250913758331786,0.2997375726699829,0.9156608403682185,0.5350936068636049,0.2045840855495551,0.24773565235605538,5,88.96886325077776,3622.780457960127,385.52059045605654,no_fit,88.96886325077776,0.9996766603371258,-2.0846672832678212
lf,0.4,307,3,0,False,0.986137237766152,0.02883789874613285,0.1299338680692017,0.44043409844687986,0.03046784204868234,0.060143710563799184,5,20.958418999317036,537.18452546766,76.49419648201903,no_fit,20.958418999317036,0.9996766603371258,-2.0846672832678212
lf,0.4,307,3,1,False,0.9864141221962658,0.023981401696801186,0.10510811442509294,0.42929464077057133,0.013823436279349673,0.03908022286067321,5,12.955002565429973,242.22117392745983,41.79561834894594,no_fit,12.955002565429973,0.9996766603371258,-2.0846672832678212
lf,0.4,307,3,2,False,0.9641097629607013,0.02802824042737484,0.0626798146404326,0.4223481461810274,0.008276377434577887,0.03021920642150274,5,7.964123245146295,143.91913234546124,27.19857366259176,no_fit,7.964123245146295,0.9996766603371258,-2.0846672832678212
lf,0.4,307,3,3,False,0.658091815681029,0.170732319355011,0.7504250104539096,0.43384739098165503,0.0931600911576225,0.11477690921939596,5,16.22603755811779,1648.183390133498,166.4932668605487,no_fit,16.22603755811779,0.9996766603371258,-2.0846672832678212
lf,0.4,308,0,0,False,0.9995254252802942,0.017278607934713364,0.13170477282255888,0.41453190957724995,0.00045082047200387327,0.01603412316439087,5,2.3483564543744424,5.238752803012351,3.8310180773884173,no_fit,2.3483564543744424,0.9996766603371258,-2.0846672832678212
lf,0.4,308,0,1,False,0.9992713017588115,0.018097709864377975,0.15856118500232697,0.41287999111255347,0.00022322995823925674,0.014611895011189056,5,1.1614951392215724,1.205514149190535,1.4881347243335676,no_fit,1.1614951392215724,0.9996766603371258,-2.0846672832678212
lf,0.4,308,0,2,False,0.30115501030281966,0.46531233191490173,0.8391156401826265,0.6790041257388302,0.3499099845516652,0.374089885963526,5,192.36490327746566,6198.1691398580015,593.6680876353923,no_fit,192.36490327746566,0.9996766603371258,-2.0846672832678212
lf,0.4,308,0,3,False,0.5264406207203519,0.22948165237903595,0.45718703290913254,0.5942892034518675,0.23809014276032417,0.30769263392855406,5,131.49939070687296,4216.557073884481,484.2897040538877,no_fit,131.49939070687296,0.9996766603371258,-2.0846672832678212
lf,0.4,308,1,0,False,0.9263296207903766,0.06596285104751587,0.06770345475524664,0.4899006253831263,0.042438549508062494,0.089105862869221,5,56.498857871029514,749.3230686790836,124.20450537461997,no_fit,56.498857871029514,0.9996766603371258,-2.0846672832678212
lf,0.4,308,1,1,False,0.9995081919162102,0.017840303480625153,0.14846360217779875,0.41362124033167136,0.0003966789104872738,0.015365771465420248,5,1.6940638112594766,4.279284699201734,2.7300202761713575,no_fit,1.6940638112594766,0.9996766603371258,-2.0846672832678212
lf,0.4,308,1,2,False,0.29473781752761424,0.4971458315849304,0.7571049410947239,0.687857314723797,0.375906445605861,0.4044613457437811,5,198.72569392576514,6658.864666450977,643.6999952213461,no_fit,198.72569392576514,0.9996766603371258,-2.0846672832678212
lf,0.4,308,1,3,False,0.5259345788023232,0.2899185121059418,0.7988570096858894,0.5248145809079585,0.21417376804183003,0.24587434274499714,5,81.5836450787353,3792.723736640553,382.45439373311024,no_fit,81.5836450787353,0.9996766603371258,-2.0846672832678212
lf,0.4,308,2,0,False,0.9978023553733723,0.019689315930008888,0.14604360610246658,0.41748902914328734,0.0006839720797740521,0.016437631103511693,5,4.472971495744714,9.370542222108892,4.495730016371881,no_fit,4.472971495744714,0.9996766603371258,-2.0846672832678212
lf,0.4,308,2,1,False,0.8141016825612409,0.1104888841509819,0.06681030441541225,0.5639685656231144,0.1834644675383902,0.24883143335527158,5,109.71478519589822,3248.5097631600843,387.32570664355273,no_fit,109.71478519589822,0.9996766603371258,-2.0846672832678212
lf,0.4,308,2,2,False,0.5035453348485769,0.30756452679634094,0.3450570911008981,0.656382081105248,0.3366348531282242,0.3618181746325594,5,176.1115407665057,5962.91428540057,573.4524927422034,no_fit,176.1115407665057,0.9996766603371258,-2.0846672832678212
lf,0.4,308,2,3,False,0.5751567550766763,0.22995762526988983,0.8121932856738567,0.4892451583295645,0.16452306592620775,0.19678375706942142,5,56.02792149865071,2912.840266764342,301.58585255559717,no_fit,56.02792149865071,0.9996766603371258,-2.0846672832678212
lf,0.4,308,3,0,False,0.9675832110948204,0.028071073815226555,0.057862166315317154,0.41958019401730584,0.004227621538232437,0.02407970173938599,5,5.975420161112174,72.16922277797282,17.08476507052366,no_fit,5.975420161112174,0.9996766603371258,-2.0846672832678212
lf,0.4,308,3,1,False,0.9669702348261188,0.03641432523727417,0.12297713244333863,0.4535065539644145,0.047441653784337214,0.081912982415225,5,30.35064511664501,837.9854352355477,112.3554361249062,no_fit,30.35064511664501,0.9996766603371258,-2.0846672832678212
lf,0.4,308,3,2,False,0.9800386307645248,0.026349782943725586,0.10248133074492216,0.4354741308814637,0.023018708507295094,0.05097949362667737,5,17.394808716113957,405.1749226083927,61.39767961344927,no_fit,17.394808716113957,0.9996766603371258,-2.0846672832678212
lf,0.4,308,3,3,False,0.9462676001069793,0.0524340495467186,0.19014579569920897,0.4584350521908148,0.05922402856025502,0.09508957006557514,5,33.89164548181061,1046.7864462882103,134.06166362896323,no_fit,33.89164548181061,0.9996766603371258,-2.0846672832678212
lf,0.4,309,0,0,False,0.9987592120097847,0.018899913877248764,0.12835621181875467,0.42686220774904965,0.0016440591364922704,0.0212645182507553,5,11.207361433835175,26.384697004477314,12.447220442779397,no_fit,11.207361433835175,0.9996766603371258,-2.0846672832678212
lf,0.4,309,0,1,False,0.5396290547322523,0.22632339596748352,0.4441494134880486,0.6165956506861331,0.2681013671445324,0.34179208072537637,5,147.52600452991837,4748.400111771796,540.4628476306046,no_fit,147.52600452991837,0.9996766603371258,-2.0846672832678212
lf,0.4,309,0,2,False,0.9973153736565721,0.02000662498176098,0.1676918026059866,0.4124707817745789,0.00023680664720870806,0.014559284089180053,5,0.8674886592282892,1.446113046907073,1.4014670169855814,no_fit,0.8674886592282892,0.9996766603371258,-2.0846672832678212
lf,0.4,309,0,3,False,0.3072462640732537,0.4277544617652893,0.86685475799095,0.6716509567558682,0.3347450681431092,0.3557156474919263,5,187.0818387702455,5929.4245158873255,563.3995984740318,no_fit,187.0818387702455,0.9996766603371258,-2.0846672832678212
lf,0.4,309,1,0,False,0.2918640008038566,0.4867583215236664,0.8270452789680007,0.6852742300439464,0.36232327911854534,0.38844858041715197,5,196.8698134172547,6418.150977590471,617.321638671678,no_fit,196.8698134172547,0.9996766603371258,-2.0846672832678212
lf,0.4,309,1,1,False,0.6414766615290748,0.22401919960975647,0.6956847968685906,0.5217785976800092,0.1862645707132582,0.22633820793863912,5,79.40236850624538,3298.131709930884,350.27187441101046,no_fit,79.40236850624538,0.9996766603371258,-2.0846672832678212
lf,0.4,309,1,2,False,0.6923592021299683,0.1604318469762802,0.4679074582963949,0.5439398818948005,0.2191015406469493,0.25963233733529867,5,95.3246863995056,3880.051115183082,405.11839206872907,no_fit,95.3246863995056,0.9996766603371258,-2.0846672832678212
lf,0.4,309,1,3,False,0.9921644847214277,0.02390630543231964,0.10012143105268478,0.43998035704840543,0.00704316048840271,0.03398635552833176,5,20.632417368823965,122.06471419073098,33.4043226565176,no_fit,20.632417368823965,0.9996766603371258,-2.0846672832678212
lf,0.4,309,2,0,False,0.344939130515063,0.4338982105255127,0.29323250713514426,0.6874391923023044,0.4103206328059083,0.44320659132227025,5,198.4252836224281,7268.734681501974,707.5263163861354,no_fit,198.4252836224281,0.9996766603371258,-2.0846672832678212
lf,0.4,309,2,1,False,0.7202882512942373,0.14977477490901947,0.19866191950859502,0.579809190335735,0.21851968843339603,0.2860621037248544,5,121.09587032876424,3869.7398381456655,448.65701810409206,no_fit,121.09587032876424,0.9996766603371258,-2.0846672832678212
lf,0.4,309,2,2,False,0.8068366550389026,0.11555494368076324,0.19824957562377676,0.5482840147484428,0.1776507728034787,0.23785559872059348,5,98.44583513781215,3145.482541425279,369.2448521803791,no_fit,98.44583513781215,0.9996766603371258,-2.0846672832678212
lf,0.4,309,2,3,False,0.9952982973251178,0.023686328902840614,0.1419545253738761,0.4231626018271316,0.011596601526658024,0.0340188106643773,5,8.54928886919333,202.75838678546765,33.4577870727514,no_fit,8.54928886919333,0.9996766603371258,-2.0846672832678212
lf,0.4,309,3,0,False,0.8385009381870391,0.09574286639690399,0.4944309080019593,0.42257795229953177,0.05148200299745004,0.07349890147458679,5,8.129233084322522,909.5863660112428,98.49464302873687,no_fit,8.129233084322522,0.9996766603371258,-2.0846672832678212
lf,0.4,309,3,1,False,0.9534788453841826,0.04877493903040886,0.19497728161513805,0.45020587629630227,0.05079646810937043,0.08388418563798722,5,27.97919233505072,897.4376794802844,115.60266421956925,no_fit,27.97919233505072,0.9996766603371258,-2.0846672832678212
lf,0.4,309,3,2,False,0.9687166216222294,0.027256406843662262,0.05718265939503908,0.4271102522295157,0.011109674533396197,0.03510759181770303,5,11.38557507124763,194.12932427171114,35.25137218320221,no_fit,11.38557507124763,0.9996766603371258,-2.0846672832678212
lf,0.4,309,3,3,False,0.9797661135918119,0.028803393244743347,0.09741849219426513,0.4439375777817601,0.03172232876572303,0.0629212072420989,5,23.475579609765713,559.4158752466205,81.06965838389728,no_fit,23.475579609765713,0.9996766603371258,-2.0846672832678212
lf,0.4,310,0,0,False,0.5651638068781996,0.20955407619476318,0.480076297026244,0.5835905091578645,0.23139493927693017,0.297718240793942,5,123.81265152962666,4097.908220565598,467.8585572092005,no_fit,123.81265152962666,0.9996766603371258,-2.0846672832678212
lf,0.4,310,0,1,False,0.29565302144799643,0.482929527759552,0.8247920677209777,0.682970011813894,0.35888968756786743,0.38462093835658456,5,195.21429134557567,6357.302685038379,611.0162376395249,no_fit,195.21429134557567,0.9996766603371258,-2.0846672832678212
lf,0.4,310,0,2,False,0.9979253655392143,0.02140698954463005,0.11904397699981928,0.4169376027397561,0.0007861678908893003,0.015429560652193443,5,4.0767856787738115,11.181602309063948,2.835102307812605,no_fit,2.835102307812605,0.9996766603371258,-2.0846672832678212
lf,0.4,310,0,3,False,0.9984285730858914,0.01988271437585354,0.1209709020331502,0.4185293649712284,0.0006955849689415643,0.016054577190369644,5,5.220426273530999,9.576339698893888,3.864712669118118,no_fit,3.864712669118118,0.9996766603371258,-2.0846672832678212
lf,0.4,310,1,0,False,0.4979706256369576,0.3206363022327423,0.8414271516521694,0.515219661936395,0.21508726842318376,0.2416753932612323,5,74.6899403392175,3808.9123070137775,375.5373257340809,no_fit,74.6899403392175,0.9996766603371258,-2.0846672832678212
lf,0.4,310,1,1,False,0.2998165801620243,0.47985658049583435,0.7898241186022403,0.6850843637450588,0.3639338107725716,0.39053576467862816,5,196.7333993205442,6446.691967339017,620.7599261573827,no_fit,196.7333993205442,0.9996766603371258,-2.0846672832678212
lf,0.4,310,1,2,False,0.6394426904725985,0.19338665902614594,0.02530058813863434,0.5922553358972853,0.1950162505441599,0.2679635432589387,5,130.03810870520846,3453.224348881433,418.8426624155265,no_fit,130.03810870520846,0.9996766603371258,-2.0846672832678212
lf,0.4,310,1,3,False,0.9942670316800839,0.02482783794403076,0.15319709293544292,0.40549685710201033,0.0009286960215631381,0.009687060039667876,5,-4.143098476609928,13.707410421106891,-6.624708384097044,no_fit,-6.624708384097044,0.9996766603371258,-2.0846672832678212
lf,0.4,310,2,0,False,0.928269065649381,0.06269034743309021,0.11371375760063529,0.48069829351732574,0.06937579913306861,0.11304919899884941,5,49.8872169613046,1226.690752499097,163.6471528207524,no_fit,49.8872169613046,0.9996766603371258,-2.0846672832678212
lf,0.4,310,2,1,False,0.38285925083553013,0.3896719813346863,0.3432986078059912,0.6852272801652148,0.39309265248322334,0.4243712596721022,5,196.83608112597733,6963.429530529827,676.4982532212348,no_fit,196.83608112597733,0.9996766603371258,-2.0846672832678212
lf,0.4,310,2,2,False,0.5188947577447228,0.24669894576072693,0.8712034573254641,0.4803590685563881,0.15944586710415676,0.18888505355437044,5,49.6434924725508,2822.8648358752785,288.57405769380415,no_fit,49.6434924725508,0.9996766603371258,-2.0846672832678212
lf,0.4,310,2,3,False,0.9894619210298168,0.029407672584056854,0.15605728328227997,0.424595663928482,0.001525629272086903,0.02087381570970917,5,9.57890746517954,24.28594561547779,11.803603258467254,no_fit,9.57890746517954,0.9996766603371258,-2.0846672832678212
lf,0.4,310,3,0,False,0.9183445608794397,0.06360608339309692,0.26512737665325403,0.4498697023601095,0.059084640349750944,0.09173161717905456,5,27.73765992981594,1044.316282179905,128.52999706726555,no_fit,27.73765992981594,0.9996766603371258,-2.0846672832678212
lf,0.4,310,3,1,False,0.9741768435361061,0.0369001142680645,0.2028358057141304,0.4247254474862527,0.028186050630126896,0.05194132339610988,5,9.672153643700346,496.7478253739344,62.982133521356296,no_fit,9.672153643700346,0.9996766603371258,-2.0846672832678212
lf,0.4,310,3,2,False,0.9811152598959649,0.027732003480196,0.11374657088890672,0.4374254857193129,0.026086180124477946,0.05487517321546889,5,18.7968074337717,459.5350314340122,67.8151611102595,no_fit,18.7968074337717,0.9996766603371258,-2.0846672832678212
lf,0.4,310,3,3,False,0.9842596177876253,0.022513940930366516,0.08646146859973669,0.42246177513793215,0.00920942264118758,0.03137486717589373,5,8.045762754670275,160.4540657695908,29.102331746093327,no_fit,8.045762754670275,0.9996766603371258,-2.0846672832678212
lf,0.4,311,0,0,False,0.9989677855548463,0.019225191324949265,0.13652648963034153,0.4201952274242524,0.001639890216146668,0.0199961646615225,5,6.417305988912812,26.310817604125955,10.357819734945688,no_fit,6.417305988912812,0.9996766603371258,-2.0846672832678212
lf,0.4,311,0,1,False,0.462397820487764,0.2598598599433899,0.5386877887067385,0.6091273444841576,0.25769066303134236,0.3301600151302819,5,142.16021686528956,4563.907122374854,521.3009622586719,no_fit,142.16021686528956,0.9996766603371258,-2.0846672832678212
lf,0.4,311,0,2,False,0.30002996863999704,0.4780801236629486,0.80679472094414,0.6814438527633478,0.3573829914788096,0.3830628202396258,5,194.11778496431398,6330.601814226887,608.4494982664519,no_fit,194.11778496431398,0.9996766603371258,-2.0846672832678212
lf,0.4,311,0,3,False,0.9989639515770912,0.019065693020820618,0.15317989140748978,0.41767497124703024,0.0006028962658400294,0.015960742071373768,5,4.606566158257998,7.9337595494050515,3.710134982174972,no_fit,3.710134982174972,0.9996766603371258,-2.0846672832678212
lf,0.4,311,1,0,False,0.3039661028458093,0.47656965255737305,0.7357961171832343,0.6864093005038929,0.3715075754809418,0.39948683229991244,5,197.68533261367634,6580.910217790101,635.5053151266301,no_fit,197.68533261367634,0.9996766603371258,-2.0846672832678212
lf,0.4,311,1,1,False,0.8469740073549966,0.06130939722061157,0.06403102399781346,0.5439530127867855,0.1841791369453694,0.2336129909984327,5,95.33412061073551,3261.1747562182463,362.25586452504757,no_fit,95.33412061073551,0.9996766603371258,-2.0846672832678212
lf,0.4,311,1,2,False,0.6277371602642452,0.19804108142852783,0.5922083933546674,0.5383690513945127,0.20515197904677668,0.24884573594469073,5,91.32218666639676,3632.844366013065,387.34926777091493,no_fit,91.32218666639676,0.9996766603371258,-2.0846672832678212
lf,0.4,311,1,3,False,0.9991930102955588,0.019562337547540665,0.14089410472661257,0.41607606154493,0.0012157752115040344,0.014497771894397785,5,3.457790288019109,18.794875915274996,1.300135949364117,no_fit,1.300135949364117,0.9996766603371258,-2.0846672832678212
lf,0.4,311,2,0,False,0.5076504759232063,0.2379464954137802,0.02661193618632751,0.6721893678028099,0.3698928324288036,0.4545349559393135,5,187.46867338522364,6552.294595872706,726.1879051184743,no_fit,187.46867338522364,0.9996766603371258,-2.0846672832678212
lf,0.4,311,2,1,False,0.38727289913998847,0.33004114031791687,0.9678324981205151,0.5106538349658885,0.20230328855139637,0.2325300937726535,5,71.40951002816608,3582.3613804584675,360.4719722025424,no_fit,71.40951002816608,0.9996766603371258,-2.0846672832678212
lf,0.4,311,2,2,False,0.9475646307717115,0.04184183105826378,0.18956572422757745,0.44342678584349,0.06244397513055511,0.09251693121654223,5,23.1085886204519,1103.8486355497837,129.82367078706082,no_fit,23.1085886204519,0.9996766603371258,-2.0846672832678212
lf,0.4,311,2,3,False,0.9723445346744373,0.027070624753832817,0.1013484459836036,0.4459988692418967,0.04236771916473067,0.07427635819272183,5,24.956564988629818,748.0678508149293,99.77537312716628,no_fit,24.956564988629818,0.9996766603371258,-2.0846672832678212
lf,0.4,311,3,0,False,0.8707874520823585,0.08689989894628525,0.3969892440363765,0.4476739822349496,0.07363946958176762,0.10424501824992025,5,26.160090981257863,1302.249264039854,149.1437354418214,no_fit,26.160090981257863,0.9996766603371258,-2.0846672832678212
lf,0.4,311,3,1,False,0.9637010393328678,0.025619635358452797,0.09214576869271696,0.4494908986983161,0.0457219480085114,0.0787791892389138,5,27.465499153222513,807.509719470721,107.19303524838907,no_fit,27.465499153222513,0.9996766603371258,-2.0846672832678212
lf,0.4,311,3,2,False,0.9528245964490962,0.05172852799296379,0.15713424468412995,0.4761948531306637,0.07607970329055933,0.11743505736763518,5,46.65160982072556,1345.493794560299,170.87212199180382,no_fit,46.65160982072556,0.9996766603371258,-2.0846672832678212
lf,0.4,311,3,3,False,0.9785778218087506,0.028047388419508934,0.09177127154543996,0.4446376910802452,0.03013251505047672,0.06159409001510274,5,23.978593171242398,531.2420378460902,78.88345439708841,no_fit,23.978593171242398,0.9996766603371258,-2.0846672832678212
lf,0.4,312,0,0,False,0.8364851185395584,0.06800924986600876,3.0267563033703482e-05,0.39408439810209395,0.006933608212121462,0.019635087954699863,5,-12.342659403642557,120.12328672082914,9.763006164643242,no_fit,-12.342659403642557,0.9996766603371258,-2.0846672832678212
lf,0.4,312,0,1,False,0.9144400498073655,0.049139950424432755,0.353369303047657,0.4140760337829631,0.0030315294849093534,0.013565697873356772,5,2.0208213148885674,50.97271232947023,-0.2353003326386708,no_fit,-0.2353003326386708,0.9996766603371258,-2.0846672832678212
lf,0.4,312,0,2,False,0.9998603456063294,0.016822513192892075,0.1462734043598175,0.4117169971898821,0.00022922676472414882,0.013381387264306302,5,0.32591364650536103,1.311786380463631,-0.538921278942967,ungated,-0.538921278942967,0.9996766603371258,-2.0846672832678212
lf,0.4,312,0,3,False,0.9701993922086259,0.041099634021520615,0.2302214503288269,0.4216128913432671,0.007529812804314197,0.018305596944624216,5,7.435861383337636,130.6889090178322,7.572891766661474,no_fit,7.435861383337636,0.9996766603371258,-2.0846672832678212
lf,0.4,312,1,0,False,0.8828918907488009,0.09213931858539581,0.20887849386781454,0.5157110911029568,0.1399761384631981,0.18302140998159322,5,75.04301967054947,2477.832607443512,278.914684207223,no_fit,75.04301967054947,0.9996766603371258,-2.0846672832678212
lf,0.4,312,1,1,False,0.35543880902483566,0.38121113181114197,0.6283700055679873,0.6708810281724471,0.34517304152750405,0.3696272913507788,5,186.52866470589433,6114.223542170403,586.3167083182976,no_fit,186.52866470589433,0.9996766603371258,-2.0846672832678212
lf,0.4,312,1,2,False,0.9891580802977759,0.026108073070645332,0.12303470447659492,0.4209233377036379,0.001913415235013296,0.02111688149106164,5,6.940434667619442,31.158083250800455,12.204013538312953,no_fit,6.940434667619442,0.9996766603371258,-2.0846672832678212
lf,0.4,312,1,3,False,0.503630824136861,0.270868718624115,0.6514301587667433,0.6148040172078344,0.2642703833869662,0.3350942191705174,5,146.23876153834846,4680.5094448121,529.4292393430612,no_fit,146.23876153834846,0.9996766603371258,-2.0846672832678212
lf,0.4,312,2,0,False,0.39179382598973317,0.33396202325820923,0.966836775356569,0.5078497383365739,0.2009898358915881,0.22986103867580104,5,69.39483806680173,3559.085067444021,356.07514969503967,no_fit,69.39483806680173,0.9996766603371258,-2.0846672832678212
lf,0.4,312,2,1,False,0.3585976768890751,0.34333595633506775,0.48849401645028934,0.679237886524607,0.36699103888426293,0.39496086419494514,5,192.53285444428627,6500.8705461807385,628.0495385652443,no_fit,192.53285444428627,0.9996766603371258,-2.0846672832678212
lf,0.4,312,2,2,False,0.9577302725367506,0.05090410262346268,0.16538002528250217,0.4846666467260306,0.0882625789662774,0.13161946472029923,5,52.73837760205691,1561.3922706313651,194.2385641373136,no_fit,52.73837760205691,0.9996766603371258,-2.0846672832678212
lf,0.4,312,2,3,False,0.7460527169367974,0.14551621675491333,0.2022387152283045,0.6213996590461472,0.27608580001669536,0.35161632257523273,5,150.97756209890494,4889.8960061136795,556.6466453107419,no_fit,150.97756209890494,0.9996766603371258,-2.0846672832678212
lf,0.4,312,3,0,False,0.45527447772408824,0.2668130695819855,0.9053138296003453,0.5049357464166266,0.17658527462831508,0.21303149489622142,5,67.30120913997158,3126.6003465808526,328.3512870560403,no_fit,67.30120913997158,0.9996766603371258,-2.0846672832678212
lf,0.4,312,3,1,False,0.8780815250660559,0.08644598722457886,0.3157990222098306,0.4930789683864546,0.1311819691314156,0.1741001863362816,5,58.78241631386723,2321.986992041972,264.2184582040847,no_fit,58.78241631386723,0.9996766603371258,-2.0846672832678212
lf,0.4,312,3,2,False,0.95571684711696,0.03596993535757065,0.06187846546526998,0.49378283887752494,0.08908533429672447,0.1362843505062608,5,59.28812932245845,1575.9727052308012,201.92318437720047,no_fit,59.28812932245845,0.9996766603371258,-2.0846672832678212
lf,0.4,312,3,3,False,0.9566855332840642,0.04886910691857338,0.09517088264692575,0.5178585017505068,0.11748327237704011,0.1710256387941881,5,76.58587949068766,2079.225936922281,259.153654615202,no_fit,76.58587949068766,0.9996766603371258,-2.0846672832678212
lf,0.4,313,0,0,False,0.5577749033597219,0.22641032934188843,0.41310247346700635,0.6220957994046592,0.2761970286503084,0.3513855137802994,5,151.47772120426748,4891.867141101158,556.2664263689563,no_fit,151.47772120426748,0.9996766603371258,-2.0846672832678212
lf,0.4,313,0,1,False,0.9997665491051786,0.017077352851629257,0.1417070096358657,0.40798443958653857,0.00032311205495129283,0.011903684735989066,5,-2.3558338614154337,2.975571813810051,-2.9731894001072425,ungated,-2.9731894001072425,0.9996766603371258,-2.0846672832678212
lf,0.4,313,0,2,False,0.9997008383518591,0.016935180872678757,0.13857325166463852,0.4155078042846029,0.000760194888515128,0.014625928843027387,5,3.049511929401136,10.721322504785023,1.51125311846715,ungated,1.51125311846715,0.9996766603371258,-2.0846672832678212
lf,0.4,313,0,3,False,0.3047605062869685,0.41609153151512146,0.9082970596977589,0.6678525775181265,0.3244884540538133,0.34153895620205654,5,184.3528000955772,5747.662228356021,540.0458672532997,no_fit,184.3528000955772,0.9996766603371258,-2.0846672832678212
lf,0.4,313,1,0,False,0.6016591415469723,0.22540487349033356,0.7486546187428758,0.5144889782749429,0.17540364873394637,0.2173149499475253,5,74.16496275108265,3105.66019774647,335.40756386413585,no_fit,74.16496275108265,0.9996766603371258,-2.0846672832678212
lf,0.4,313,1,1,False,0.9982915542222724,0.0210348479449749,0.13223356287926435,0.4235186355196344,0.002356786930967197,0.022588905001505684,5,8.805090003179842,39.01528183325658,14.628926425995983,no_fit,8.805090003179842,0.9996766603371258,-2.0846672832678212
lf,0.4,313,1,2,False,0.6869072451947051,0.17475217580795288,0.0017174391733760785,0.665713317629882,0.3739411918240789,0.4568334818931742,5,182.8157963882651,6624.037478858041,729.9743427457574,no_fit,182.8157963882651,0.9996766603371258,-2.0846672832678212
lf,0.4,313,1,3,False,0.3360561037129501,0.42169129848480225,0.667479764005833,0.6794583814312305,0.3587647557420092,0.38517269794216913,5,192.6912744150369,6355.088709329071,611.9251694062349,no_fit,192.6912744150369,0.9996766603371258,-2.0846672832678212
lf,0.4,313,2,0,False,0.9951469349551623,0.02373850904405117,0.15572353638708591,0.41647977989561485,0.004769737470314129,0.02356924424723476,5,3.747851633591168,81.77631446188138,16.243871604794652,no_fit,3.747851633591168,0.9996766603371258,-2.0846672832678212
lf,0.4,313,2,1,False,0.9858532875309401,0.02252495288848877,0.10051391506567597,0.4303428615545552,0.019293783270329982,0.04518551640723771,5,13.708122483172556,339.1637686291807,51.85306980886613,no_fit,13.708122483172556,0.9996766603371258,-2.0846672832678212
lf,0.4,313,2,2,False,0.9571134360207043,0.039510034024715424,0.10298185865394771,0.47993224636913484,0.07597022900772271,0.11871166542160178,5,49.336831609241834,1343.5537492489523,172.97512055169076,no_fit,49.336831609241834,0.9996766603371258,-2.0846672832678212
lf,0.4,313,2,3,False,0.9852295863806675,0.02408587373793125,0.0839559631422162,0.427260659909924,0.005410090206182513,0.028738747806585443,5,11.493639156245488,93.12430679980477,24.759765349053758,no_fit,11.493639156245488,0.9996766603371258,-2.0846672832678212
lf,0.4,313,3,0,False,0.9387373122707884,0.04804740846157074,0.22864177357405424,0.4281273092840191,0.021071140860078635,0.04630212323130695,5,12.116304643614985,370.66115933348664,53.692493064642484,no_fit,12.116304643614985,0.9996766603371258,-2.0846672832678212
lf,0.4,313,3,1,False,0.9691247538307418,0.04005910083651543,0.1683974824845791,0.44929149755919107,0.047542563293378,0.08001719917048458,5,27.32223451681178,839.7737001577948,109.23244984798332,no_fit,27.32223451681178,0.9996766603371258,-2.0846672832678212
lf,0.4,313,3,2,False,0.9880731447803688,0.025247424840927124,0.1170951658859849,0.4389426075165722,0.022519377268765742,0.051303025372311614,5,19.886820778875347,396.3260386237984,61.93064413065756,no_fit,19.886820778875347,0.9996766603371258,-2.0846672832678212
lf,0.4,313,3,3,False,0.981352888741416,0.026287714019417763,0.071539172437042,0.4215565729030652,0.005483614813235628,0.026573216011650462,5,7.39539801941628,94.42727097993918,21.19241338696374,no_fit,7.39539801941628,0.9996766603371258,-2.0846672832678212
lf,0.4,314,0,0,False,0.3162619310774709,0.4284171164035797,0.5919698669596869,0.686660798483171,0.38506363565480556,0.415209759305191,5,197.86602750196735,6821.143542907108,661.4062114483868,no_fit,197.86602750196735,0.9996766603371258,-2.0846672832678212
lf,0.4,314,0,1,False,0.9972335504331041,0.02032160572707653,0.17366546764969826,0.4078826117739709,0.00035553515457151415,0.011607680122287863,5,-2.4289945495038867,3.5501568283693126,-3.4608075648206316,no_fit,-3.4608075648206316,0.9996766603371258,-2.0846672832678212
lf,0.4,314,0,2,False,0.9985786207163059,0.019116999581456184,0.14092422649264336,0.4164268910172375,0.0006014988516157456,0.016209697285345208,5,3.7098523224330178,7.90899531397382,4.120247118653772,no_fit,3.7098523224330178,0.9996766603371258,-2.0846672832678212
lf,0.4,314,0,3,False,0.6622458833585213,0.15443319082260132,0.31698564905673265,0.5188785671332878,0.1037464327314657,0.1582030652052557,5,77.31877047025051,1835.7889336683418,238.03060615269027,no_fit,77.31877047025051,0.9996766603371258,-2.0846672832678212
lf,0.4,314,1,0,False,0.7143269406673537,0.1767338365316391,0.5765363491373137,0.5275346768960507,0.175829842029648,0.22447168707763354,5,83.53796472026939,3113.2129698097265,347.19709302411786,no_fit,83.53796472026939,0.9996766603371258,-2.0846672832678212
lf,0.4,314,1,1,False,0.9976076388374656,0.021345635876059532,0.15685273241251707,0.4029847801345953,0.0009003693532444266,0.009887045280212425,5,-5.947961753478275,13.205420194417664,-6.295266100259756,no_fit,-6.295266100259756,0.9996766603371258,-2.0846672832678212
lf,0.4,314,1,2,False,0.3365166706210569,0.3664606511592865,0.4986514899134704,0.6861356091928095,0.385767284661292,0.41604197708830337,5,197.48869238211495,6833.6132382592605,662.7771512556046,no_fit,197.48869238211495,0.9996766603371258,-2.0846672832678212
lf,0.4,314,1,3,False,0.4570497132737139,0.27254101634025574,0.8575984545022948,0.532583744436411,0.19314314967045343,0.23946079466592232,5,87.16559106461727,3420.0302463620555,371.88914441312363,no_fit,87.16559106461727,0.9996766603371258,-2.0846672832678212
lf,0.4,314,2,0,False,0.9614481354978458,0.04125659167766571,0.18526027211919427,0.44581537349018663,0.08118124896727272,0.10926154124103707,5,24.824727967703012,1435.9006875243806,157.4076192495249,no_fit,24.824727967703012,0.9996766603371258,-2.0846672832678212
lf,0.4,314,2,1,False,0.8904984590171989,0.07827802747488022,0.29466057813260704,0.4773980470692997,0.12670556385079126,0.15894676502170674,5,47.51607400035196,2242.6585063799603,239.2557273934071,no_fit,47.51607400035196,0.9996766603371258,-2.0846672832678212
lf,0.4,314,2,2,False,0.9987972576116526,0.020230120047926903,0.1637484524399042,0.4083320814719648,0.001128731829069213,0.011586425794673852,5,-2.1060620269350774,17.25233915138068,-3.495820519834308,no_fit,-3.495820519834308,0.9996766603371258,-2.0846672832678212
lf,0.4,314,2,3,False,0.3915577435305925,0.3622226119041443,0.9758008161152247,0.46207947202462685,0.19501149237465443,0.20270616923841214,5,36.51006824865225,3453.1400271192756,311.342037489372,no_fit,36.51006824865225,0.9996766603371258,-2.0846672832678212
lf,0.4,314,3,0,False,0.9697800224404045,0.03857084736227989,0.12516507087275386,0.4853740650277742,0.08781318082698804,0.13134088056528392,5,53.24663962219533,1553.4282746090528,193.77964326885743,no_fit,53.24663962219533,0.9996766603371258,-2.0846672832678212
lf,0.4,314,3,1,False,0.668841800694555,0.19574183225631714,0.5129607361159287,0.5698175154563149,0.209694795781993,0.2721492867554989,5,113.91710658139772,3713.349760331269,425.7379757561962,no_fit,113.91710658139772,0.9996766603371258,-2.0846672832678212
lf,0.4,314,3,2,False,0.9777182609362737,0.030202999711036682,0.0885125664062798,0.45631420147623664,0.04095447704564667,0.07652937238725577,5,32.367868296591205,723.0231218074903,103.48683773197418,no_fit,32.367868296591205,0.9996766603371258,-2.0846672832678212
lf,0.4,314,3,3,False,0.9163770863667937,0.0824928730726242,0.1912221232196316,0.5559080807793798,0.17307405989110058,0.23471334687815126,5,103.92353226976644,3064.376456991813,364.06851706411095,no_fit,103.92353226976644,0.9996766603371258,-2.0846672832678212
lf,0.4,315,0,0,False,0.46114593254028335,0.27868685126304626,0.6288226259493968,0.6186902963538011,0.2698351460062298,0.34224985328871355,5,149.03095405680955,4779.125223317566,541.2169514751344,no_fit,149.03095405680955,0.9996766603371258,-2.0846672832678212
lf,0.4,315,0,1,False,0.9986278335415384,0.02043299935758114,0.15644918847829103,0.40760500146225775,0.0012017448861332712,0.011350236160949186,5,-2.628450483135813,18.54623791329929,-3.8849034948632237,no_fit,-3.8849034948632237,0.9996766603371258,-2.0846672832678212
lf,0.4,315,0,2,False,0.27683915446344837,0.459067165851593,0.9383690091778671,0.6797702383610856,0.33764009659420724,0.3562545670704004,5,192.9153356709751,5980.728678173099,564.2873784734643,no_fit,192.9153356709751,0.9996766603371258,-2.0846672832678212
lf,0.4,315,0,3,False,0.9998368858665627,0.016748853027820587,0.1427584094926715,0.41358792947097,0.0002966041622426813,0.015123893618415934,5,1.6701308068250567,2.5058129660651622,2.3315669197648052,ungated,1.6701308068250567,0.9996766603371258,-2.0846672832678212
lf,0.4,315,1,0,False,0.6339759537543987,0.21747227013111115,0.004989919558283873,0.6107557461655254,0.2119946081116103,0.28881717786490985,5,143.33018197098286,3754.105817474942,453.1955426190486,no_fit,143.33018197098286,0.9996766603371258,-2.0846672832678212
lf,0.4,315,1,1,False,0.9991023342524136,0.018918389454483986,0.16431180201470852,0.407805845850871,0.00012217558715200988,0.011729969500346691,5,-2.4841489087512856,-0.5853179415892682,-3.2593562382775234,no_fit,-3.2593562382775234,0.9996766603371258,-2.0846672832678212
lf,0.4,315,1,2,False,0.29459556138470233,0.49932628870010376,0.7532553869136507,0.6879099378578598,0.3771404814866016,0.405900134194613,5,198.76350230640622,6680.733597330731,646.0701588989759,no_fit,198.76350230640622,0.9996766603371258,-2.0846672832678212
lf,0.4,315,1,3,False,0.9972593812473921,0.022736569866538048,0.17705677542835474,0.4055354327895422,0.0021162272901163303,0.010362586641806266,5,-4.115382828280159,34.75221117191669,-5.511891128206906,no_fit,-5.511891128206906,0.9996766603371258,-2.0846672832678212
lf,0.4,315,2,0,False,0.712153056237994,0.1612953394651413,0.6720554310595617,0.44002105981909456,0.11138164919895134,0.1337346662490913,5,20.661661272190187,1971.096199676841,197.72300539169785,no_fit,20.661661272190187,0.9996766603371258,-2.0846672832678212
lf,0.4,315,2,1,False,0.9532624760233385,0.0426587276160717,0.11414762714412063,0.4880113654854075,0.09595495227687681,0.140522614289238,5,55.1414727852686,1697.7124399685824,208.90501611821756,no_fit,55.1414727852686,0.9996766603371258,-2.0846672832678212
lf,0.4,315,2,2,False,0.5150731307517892,0.3123188316822052,0.2596730289515108,0.6656228382287288,0.35226560514383953,0.38094345477156744,5,182.75078924454596,6239.914201499376,604.9581976175548,no_fit,182.75078924454596,0.9996766603371258,-2.0846672832678212
lf,0.4,315,2,3,False,0.9485710949205475,0.052029743790626526,0.18301051552407444,0.47531739020937236,0.08599616215795076,0.12625760041522055,5,46.02117507529577,1521.2280312445318,185.4057881910444,no_fit,46.02117507529577,0.9996766603371258,-2.0846672832678212
lf,0.4,315,3,0,False,0.970221471553062,0.04228559136390686,0.1607102886773646,0.4628939620741229,0.06065462508142151,0.09763947476139286,5,37.09525859065951,1072.1387208261517,138.26220575032286,no_fit,37.09525859065951,0.9996766603371258,-2.0846672832678212
lf,0.4,315,3,1,False,0.3737545288012041,0.3633466958999634,0.9795719434441708,0.5040385759999004,0.2070842223341659,0.23123682101682627,5,66.65661506134822,3667.0865590921057,358.3415213295474,no_fit,66.65661506134822,0.9996766603371258,-2.0846672832678212
lf,0.4,315,3,2,False,0.9930416456219621,0.026409292593598366,0.10378875583410263,0.43520852580097485,0.007011620072011006,0.03283775795949,5,17.20397823514455,121.50577162126949,31.512199991570753,no_fit,17.20397823514455,0.9996766603371258,-2.0846672832678212
lf,0.4,315,3,3,False,0.9845779758965623,0.024319713935256004,0.10642966907471418,0.4352268599201665,0.019108532804384595,0.04667670985456902,5,17.217150832509997,335.88085789827835,54.30956196595905,no_fit,17.217150832509997,0.9996766603371258,-2.0846672832678212
lf,0.4,316,0,0,False,0.1883216352101899,0.6852423548698425,0.9956361431874009,0.6922077317001691,0.3728348334878263,0.38979953774519904,5,201.85135764609237,6604.431181860236,619.5471152433823,no_fit,201.85135764609237,0.9996766603371258,-2.0846672832678212
lf,0.4,316,0,1,False,0.7416323765322622,0.07292404770851135,0.2562743667513132,0.4416634526520821,0.08994137078241869,0.08319540808301035,5,21.841678663735856,1591.142930852571,114.4680182319475,no_fit,21.841678663735856,0.9996766603371258,-2.0846672832678212
lf,0.4,316,0,2,False,0.697225928910299,0.08272750675678253,0.19429776532342657,0.5059670588692979,0.16526709801898354,0.16519398007166697,5,68.0421808526014,2926.0256098027203,249.54697082756,no_fit,68.0421808526014,0.9996766603371258,-2.0846672832678212
lf,0.4,316,0,3,False,0.9999175082985612,0.016350816935300827,0.1407759115099907,0.4074449109913869,0.00016778963176544234,0.011745203464436063,5,-2.7434714062999133,0.2230300200587308,-3.234260826696987,ungated,-3.234260826696987,0.9996766603371258,-2.0846672832678212
lf,0.4,316,1,0,False,0.7265971642283404,0.16970908641815186,0.021224138195975684,0.5964341097091961,0.127477783527689,0.1996110857123135,5,133.0404511864653,2256.34337486849,306.24340429659907,no_fit,133.0404511864653,0.9996766603371258,-2.0846672832678212
lf,0.4,316,1,1,False,0.9008215643049997,0.06468469649553299,0.2224451779620722,0.4870768278370884,0.11746131926061082,0.16025503327590895,5,54.47003130310821,2078.8368954095668,241.41088084554494,no_fit,54.47003130310821,0.9996766603371258,-2.0846672832678212
lf,0.4,316,1,2,False,0.3351787154323557,0.383186399936676,0.5220425759631553,0.6854643031489052,0.38469620474401117,0.41488950208606257,5,197.00637609885655,6814.632126734651,660.8786411667112,no_fit,197.00637609885655,0.9996766603371258,-2.0846672832678212
lf,0.4,316,1,3,False,0.3836144005274344,0.38752928376197815,0.9622334578907612,0.45395873650426183,0.22286958765100678,0.2203674127478203,5,30.675526746944442,3946.82645030052,340.43598652932513,no_fit,30.675526746944442,0.9996766603371258,-2.0846672832678212
lf,0.4,316,2,0,False,0.9354635907433274,0.04755755513906479,0.10062528605340049,0.5256448812321681,0.15433509035702245,0.20841518506871268,5,82.18019470017461,2732.294354765883,320.7466875949305,no_fit,82.18019470017461,0.9996766603371258,-2.0846672832678212
lf,0.4,316,2,1,False,0.9620989361340998,0.03598552569746971,0.17373255547136068,0.4361898965043332,0.05098215465877104,0.07872562278780175,5,17.909068073736798,900.7283182514236,107.10479346642875,no_fit,17.909068073736798,0.9996766603371258,-2.0846672832678212
lf,0.4,316,2,2,False,0.5130993353297819,0.25116997957229614,0.01315399394530914,0.6802887578666745,0.39461308929949723,0.4797026169298132,5,193.2878787204583,6990.37390723804,767.6474232957963,no_fit,193.2878787204583,0.9996766603371258,-2.0846672832678212
lf,0.4,316,2,3,False,0.4411660664143535,0.2854430377483368,0.9373628797766287,0.48120519962483965,0.17218411846352655,0.19827032028058567,5,50.2514160802566,3048.605385931087,304.0347171719104,no_fit,50.2514160802566,0.9996766603371258,-2.0846672832678212
lf,0.4,316,3,0,False,0.9112335278342784,0.059993721544742584,0.2324114078655839,0.4432109929344277,0.04115171696351999,0.0721063417191209,5,22.95354691511122,726.518503261157,96.20063340596982,no_fit,22.95354691511122,0.9996766603371258,-2.0846672832678212
lf,0.4,316,3,1,False,0.9622891050895923,0.04596684128046036,0.21075500827282667,0.441575525788668,0.043275301087060576,0.07318754752180996,5,21.778505453326744,764.1515373891277,97.98173939142211,no_fit,21.778505453326744,0.9996766603371258,-2.0846672832678212
lf,0.4,316,3,2,False,0.9728135378070227,0.0252186618745327,0.07421574182808399,0.4322119633834739,0.01575541552745109,0.042012966440268786,5,15.051024510260605,276.4586878419598,46.62682359259433,no_fit,15.051024510260605,0.9996766603371258,-2.0846672832678212
lf,0.4,316,3,3,False,0.9622666234140181,0.038116298615932465,0.13100748416036367,0.4477959783715699,0.046307196519216935,0.07879228594821085,5,26.2477420961568,817.8811838890953,107.2146098896467,no_fit,26.2477420961568,0.9996766603371258,-2.0846672832678212
lf,0.4,317,0,0,False,0.4551041214457504,0.3057514429092407,0.6417064785782713,0.6352782979192517,0.287935107913919,0.3638713511122198,5,160.94901041036326,5099.8831705239945,576.8347580870784,no_fit,160.94901041036326,0.9996766603371258,-2.0846672832678212
lf,0.4,317,0,1,False,0.31807143025571116,0.5277189016342163,0.9506600830773095,0.6473827485201933,0.3029444861138489,0.31464001715914924,5,169.64574966624178,5365.87142866553,495.73435762906144,no_fit,169.64574966624178,0.9996766603371258,-2.0846672832678212
lf,0.4,317,0,2,False,0.24149416967507595,0.5922102928161621,0.9825117924360125,0.6842056801168988,0.34189068585661087,0.3557207309226871,5,196.1020875283409,6056.055371852331,563.4079725772157,no_fit,196.1020875283409,0.9996766603371258,-2.0846672832678212
lf,0.4,317,0,3,False,0.9997588594327341,0.017191529273986816,0.14179066848009825,0.41364018328331276,0.0004499178963727782,0.014046740030714423,5,1.7076738392230046,5.222757835282302,0.5571362817354691,ungated,0.5571362817354691,0.9996766603371258,-2.0846672832678212
lf,0.4,317,1,0,False,0.3954260374293475,0.3709447383880615,0.9551639521350808,0.5154177025648967,0.22095105911351087,0.24679035129800306,5,74.83222748342011,3912.827302761833,383.9633648396532,no_fit,74.83222748342011,0.9996766603371258,-2.0846672832678212
lf,0.4,317,1,1,False,0.9987977667493143,0.019477862864732742,0.13123042322695255,0.4201183143556262,0.001905596993440355,0.016969807762636804,5,6.362045909354987,31.01953251072209,5.372402182326145,no_fit,5.372402182326145,0.9996766603371258,-2.0846672832678212
lf,0.4,317,1,2,False,0.2898853512030158,0.5090543627738953,0.7628920113010054,0.6885671849363706,0.37949962883609367,0.40855524558175993,5,199.23571758134415,6722.541158299083,650.4440114735074,no_fit,199.23571758134415,0.9996766603371258,-2.0846672832678212
lf,0.4,317,1,3,False,0.8431551144828172,0.11627299338579178,0.08306658896617591,0.5402182181783113,0.07731838450668349,0.13763308361105062,5,92.65076587164185,1367.4450476156085,204.14499691256069,no_fit,92.65076587164185,0.9996766603371258,-2.0846672832678212
lf,0.4,317,2,0,False,0.9453108487856763,0.0434187687933445,0.12933332880493253,0.4807582191617713,0.09461800853040545,0.13679592061547005,5,49.930272009539756,1674.0198303467662,202.76591069371202,no_fit,49.930272009539756,0.9996766603371258,-2.0846672832678212
lf,0.4,317,2,1,False,0.9358362097273565,0.056949928402900696,0.07150121009908617,0.48489978553321716,0.06177270053834852,0.10717215144330847,5,52.905881893112486,1091.9526624363516,153.96569851119568,no_fit,52.905881893112486,0.9996766603371258,-2.0846672832678212
lf,0.4,317,2,2,False,0.9596633265938329,0.04290886968374252,0.22854856494814157,0.41575373173108227,0.01629739842011585,0.020926894958789622,5,3.2262045318500974,286.06342187172015,11.891042456449151,no_fit,3.2262045318500974,0.9996766603371258,-2.0846672832678212
lf,0.4,317,2,3,False,0.9775552176307949,0.027093956246972084,0.08057698328047991,0.4395527564356768,0.024915679923596702,0.05452190128949944,5,20.325197226650356,438.7920462523759,67.23320461291965,no_fit,20.325197226650356,0.9996766603371258,-2.0846672832678212
lf,0.4,317,3,0,False,0.7817782187950919,0.1116483137011528,0.4685815516859293,0.4590460698526978,0.0854022939324954,0.11968012980846297,5,34.33064609913062,1510.7038128025436,174.57050388375,no_fit,34.33064609913062,0.9996766603371258,-2.0846672832678212
lf,0.4,317,3,1,False,0.9881696894939278,0.021268613636493683,0.08542281854897738,0.43346069932148273,0.01432837663646847,0.04098469028606056,5,15.94820945572711,251.1694597435919,44.93291036312118,no_fit,15.94820945572711,0.9996766603371258,-2.0846672832678212
lf,0.4,317,3,2,False,0.9780223314526547,0.025405125692486763,0.09397622058168054,0.4406340528067789,0.027464622466830367,0.057460622301902256,5,21.102081110754206,483.9630572127598,72.07425667881421,no_fit,21.102081110754206,0.9996766603371258,-2.0846672832678212
lf,0.4,317,3,3,False,0.986594306943432,0.021574510261416435,0.0915625779889524,0.42960978050314724,0.013455001705144415,0.03879112181335209,5,13.18142243145568,235.6919713631302,41.31937265686445,no_fit,13.18142243145568,0.9996766603371258,-2.0846672832678212
lf,0.4,318,0,0,False,0.9995646573492797,0.017657188698649406,0.1438990943133831,0.40906021943951715,0.0001591137524121905,0.013559792145756831,5,-1.5829134549862265,0.06928067706273927,-0.24502903253146124,no_fit,-1.5829134549862265,0.9996766603371258,-2.0846672832678212
lf,0.4,318,0,1,False,0.5063944503147002,0.2557525336742401,0.71078408282483,0.5960089238382917,0.24329923691260022,0.3081987719018387,5,132.73496597474895,4308.869884022454,485.123481833696,no_fit,132.73496597474895,0.9996766603371258,-2.0846672832678212
lf,0.4,318,0,2,False,0.2517828718292893,0.5665901303291321,0.8773744114451159,0.6912202784890257,0.3859060200813139,0.41531288639940206,5,201.14189768067877,6836.071833960069,661.5760961126244,no_fit,201.14189768067877,0.9996766603371258,-2.0846672832678212
lf,0.4,318,0,3,False,0.24567366099891763,0.5694519877433777,0.8898840230597163,0.6913183729484085,0.3858560036472402,0.4151796007651595,5,201.21237604965424,6835.185469181961,661.3565302905267,no_fit,201.21237604965424,0.9996766603371258,-2.0846672832678212
lf,0.4,318,1,0,False,0.9934369716774224,0.02681209146976471,0.21546749025583267,0.3961901781570052,0.0007789851470921516,0.009632618904302084,5,-10.829710103294458,11.054313524290075,-6.714391062282519,no_fit,-10.829710103294458,0.9996766603371258,-2.0846672832678212
lf,0.4,318,1,1,False,0.8804581360792004,0.1000606045126915,0.44354477897286415,0.4438051639761158,0.09021399422713106,0.115481869186926,5,23.38044366518371,1595.974219279158,167.6545706701927,no_fit,23.38044366518371,0.9996766603371258,-2.0846672832678212
lf,0.4,318,1,2,False,0.3365363710526857,0.3702608644962311,0.5011536813974544,0.6845779974713303,0.3846122397391032,0.4148338410946196,5,196.36958805840854,6813.144143348342,660.7869489793694,no_fit,196.36958805840854,0.9996766603371258,-2.0846672832678212
lf,0.4,318,1,3,False,0.62831246645673,0.21360071003437042,0.01804555646958761,0.5802260164795676,0.09889970784692684,0.1637390938767772,5,121.39534928964031,1749.89783994297,247.15028880511315,no_fit,121.39534928964031,0.9996766603371258,-2.0846672832678212
lf,0.4,318,2,0,False,0.9757215293217171,0.030895382165908813,0.06620240584015846,0.4595954367409519,0.03943437749187813,0.07625237162730217,5,34.72535220686486,696.084721886932,103.03052524243598,no_fit,34.72535220686486,0.9996766603371258,-2.0846672832678212
lf,0.4,318,2,1,False,0.4345516859698662,0.3334606885910034,0.9475983520023874,0.48339306484363703,0.18980873779543997,0.20966943495038853,5,51.82334147878781,3360.93956354047,322.81285480005425,no_fit,51.82334147878781,0.9996766603371258,-2.0846672832678212
lf,0.4,318,2,2,False,0.821092503345491,0.11466090381145477,0.16869688912993297,0.628626417383394,0.27654251066403623,0.2995769715043217,5,156.16980377895212,4897.9895905342155,470.9205056239867,no_fit,156.16980377895212,0.9996766603371258,-2.0846672832678212
lf,0.4,318,2,3,False,0.9784310594376612,0.02839270979166031,0.1351844216696918,0.437799295507878,0.04026461758903477,0.06885793166618961,5,19.065380239727297,710.7977975613784,90.84942036762914,no_fit,19.065380239727297,0.9996766603371258,-2.0846672832678212
lf,0.4,318,3,0,False,0.9380916595723197,0.06844917684793472,0.1896700244396925,0.5290262641278403,0.14211433880367952,0.19690537292485158,5,84.60963213087143,2515.724662433835,301.786194366096,no_fit,84.60963213087143,0.9996766603371258,-2.0846672832678212
lf,0.4,318,3,1,False,0.505247181865578,0.27756941318511963,0.8519569527416024,0.5307206210650266,0.19954547951710272,0.2412439145595594,5,85.82698440689727,3533.488948066685,374.82653663524934,no_fit,85.82698440689727,0.9996766603371258,-2.0846672832678212
lf,0.4,318,3,2,False,0.9539221216828888,0.04736116901040077,0.1453697511460632,0.523104644666119,0.12563445127505657,0.17882357124260856,5,80.35509946937911,2223.676816099513,271.99944597471114,no_fit,80.35509946937911,0.9996766603371258,-2.0846672832678212
lf,0.4,318,3,3,False,0.9620788568051609,0.05074138566851616,0.1794630754739046,0.49146749010102264,0.10214966624761551,0.1463425105468785,5,57.62461023683456,1807.4918829817198,218.49232320944296,no_fit,57.62461023683456,0.9996766603371258,-2.0846672832678212
lf,0.4,319,0,0,False,0.7506067995910178,0.11899688094854355,0.4852674603462219,0.46850995248867344,0.02886496720888381,0.06697719597381661,5,41.130204571194966,508.77922572920073,87.7512224201079,no_fit,41.130204571194966,0.9996766603371258,-2.0846672832678212
lf,0.4,319,0,1,False,0.31765712576547933,0.46952036023139954,0.776936465241306,0.6742700590078856,0.34791620867908757,0.373456439549694,5,188.96359698639355,6162.836498864651,592.6245904618354,no_fit,188.96359698639355,0.9996766603371258,-2.0846672832678212
lf,0.4,319,0,2,False,0.9939733853622794,0.023324521258473396,0.19618378207087517,0.413731807279805,0.0005060776683599567,0.013765576758762542,5,1.773503345521519,6.217991597102313,0.09396674887007651,no_fit,0.09396674887007651,0.9996766603371258,-2.0846672832678212
lf,0.4,319,0,3,False,0.5803380960235959,0.19017207622528076,0.43760364688932896,0.5330816274688928,0.15023206739252676,0.20684908847699693,5,87.52330733412589,2659.582752932435,318.1668050171975,no_fit,87.52330733412589,0.9996766603371258,-2.0846672832678212
lf,0.4,319,1,0,False,0.2873838842171529,0.48853176832199097,0.8510573418901259,0.6846318684787964,0.3603996577866092,0.38608920494692256,5,196.40829300428587,6384.0615782436025,613.4349616287843,no_fit,196.40829300428587,0.9996766603371258,-2.0846672832678212
lf,0.4,319,1,1,False,0.590142464038291,0.22524432837963104,0.7020777764555532,0.53630497324267,0.19948149869367532,0.2458245019923691,5,89.83919912056501,3532.355113769806,382.3722894171655,no_fit,89.83919912056501,0.9996766603371258,-2.0846672832678212
lf,0.4,319,1,2,False,0.3405536374084897,0.46358582377433777,0.7394827384946439,0.6826064991062851,0.3632409851478776,0.3901363677915315,5,194.95311672984985,6434.414078231724,620.1019864900135,no_fit,194.95311672984985,0.9996766603371258,-2.0846672832678212
lf,0.4,319,1,3,False,0.8676118388709758,0.058796562254428864,0.04521320550702512,0.5376690997655489,0.15018983451183426,0.16389204324383902,5,90.8192892603507,2658.8343241686275,247.40224734294884,no_fit,90.8192892603507,0.9996766603371258,-2.0846672832678212
lf,0.4,319,2,0,False,0.5393804108026781,0.23594866693019867,0.010952212532117755,0.6753626686839458,0.38342171275063575,0.46810970926784107,5,189.74860919177246,6792.046254034418,748.5500440788329,no_fit,189.74860919177246,0.9996766603371258,-2.0846672832678212
lf,0.4,319,2,1,False,0.44825588667599536,0.2837592661380768,0.9320560431515332,0.4844206912901106,0.1709196606768342,0.19840311292441812,5,52.56166488990823,3026.197334132021,304.2534708746429,no_fit,52.56166488990823,0.9996766603371258,-2.0846672832678212
lf,0.4,319,2,2,False,0.3556504561629531,0.4032182991504669,0.3431886786006544,0.684010817410106,0.3931483277620099,0.424492017202495,5,195.96208363989186,6964.416178359519,676.6971810845853,no_fit,195.96208363989186,0.9996766603371258,-2.0846672832678212
lf,0.4,319,2,3,False,0.969147266346051,0.03894714638590813,0.24738436471670866,0.40661246978835774,0.01873609647501518,0.03517111841086036,5,-3.341559194607411,329.2807383464863,35.35602163571763,no_fit,-3.341559194607411,0.9996766603371258,-2.0846672832678212
lf,0.4,319,3,0,False,0.982037074279225,0.020860619843006134,0.0839822106063366,0.4267582440591825,0.012140614584850554,0.0361283673152238,5,11.132666172343233,212.3990983344349,36.93292933348338,no_fit,11.132666172343233,0.9996766603371258,-2.0846672832678212
lf,0.4,319,3,1,False,0.6525093663217298,0.14293603599071503,0.7070952542126179,0.42408341830413143,0.06565780201272019,0.08730435457451674,5,9.21087203946635,1160.8023749365043,121.236821332822,no_fit,9.21087203946635,0.9996766603371258,-2.0846672832678212
lf,0.4,319,3,2,False,0.9873586424114914,0.027238929644227028,0.09447697550058365,0.4332682304881279,0.01246689710094322,0.03886920604113742,5,15.809925504331588,218.18130442995,41.44800338112803,no_fit,15.809925504331588,0.9996766603371258,-2.0846672832678212
lf,0.4,319,3,3,False,0.9798675229489747,0.022812101989984512,0.09807116724550724,0.42385862129631735,0.012742285167465547,0.03589630729868898,5,9.049361118656059,223.06158602133408,36.55064921307859,no_fit,9.049361118656059,0.9996766603371258,-2.0846672832678212
wave,0.1,200,0,0,False,0.9793134348041816,0.02913663350045681,0.20099852047860622,0.42512554265521485,0.02193942064195631,0.01735875209829149,5,3.585104703717475,6.942170056165629,7.0859896530778395,no_fit,3.585104703717475,0.9996897090706724,-1.9853678381934592
wave,0.1,200,0,1,False,0.9918418986763494,0.025902794674038887,0.10267720092087984,0.4466380388333992,0.032422303307150596,0.026881284635998887,5,15.125000489813878,21.812438403228597,22.559998425464414,no_fit,15.125000489813878,0.9996897090706724,-1.9853678381934592
wave,0.1,200,0,2,False,0.9956865355174566,0.02048574574291706,0.12653728015720844,0.43368632960004927,0.02567671831218698,0.020762737884120384,5,8.177346737003532,12.243633501302197,12.61742844863137,no_fit,8.177346737003532,0.9996897090706724,-1.9853678381934592
wave,0.1,200,0,3,False,0.8960385022952643,0.058579813688993454,0.09079659450799227,0.4310116397185335,0.023044763775909707,0.018349789540470406,5,6.742569376107636,8.510130849244483,8.696414402304493,no_fit,6.742569376107636,0.9996897090706724,-1.9853678381934592
wave,0.1,200,1,0,False,0.8055214345016921,0.08714985847473145,0.11449853796511889,0.3919046327536972,0.006113006700693314,0.003776952247032922,5,-14.235506861182195,-15.508049963912924,-14.984283061765746,acf_or_spectral,-15.508049963912924,0.9996897090706724,-1.9853678381934592
wave,0.1,200,1,1,False,0.9776892234509384,0.031095033511519432,0.0866702850908041,0.4160164680065496,0.017288363110731418,0.013371863652127131,5,-1.3012539634821287,0.34451216034862164,0.6073405598685484,no_fit,-1.3012539634821287,0.9996897090706724,-1.9853678381934592
wave,0.1,200,1,2,False,0.945823581215833,0.03908532112836838,0.08634250238537788,0.4732661536532065,0.053940663556500526,0.046732696714943234,5,29.409055090246607,52.33684676649589,54.81832082420323,no_fit,29.409055090246607,0.9996897090706724,-1.9853678381934592
wave,0.1,200,1,3,False,0.6988602818661109,0.12316136062145233,0.407000376842916,0.5702938848486476,0.14444907986516137,0.13317585092469764,5,81.45740397001232,180.7256193172123,195.28747871447862,no_fit,81.45740397001232,0.9996897090706724,-1.9853678381934592
wave,0.1,200,2,0,False,0.9970695571300056,0.020257161930203438,0.1732015237212181,0.41028320000942886,0.01367698313474171,0.010073572580320796,5,-4.376736913137637,-4.778333440554753,-4.752345508613312,acf_or_spectral,-4.778333440554753,0.9996897090706724,-1.9853678381934592
wave,0.1,200,2,1,False,0.9988481209224492,0.01903459057211876,0.15160223748534918,0.3988204269700582,0.00964861834613425,0.006651348668019888,5,-10.525684259757327,-10.492683903080158,-10.313421055514484,acf_or_spectral,-10.525684259757327,0.9996897090706724,-1.9853678381934592
wave,0.1,200,2,2,False,0.9955989390103691,0.023043766617774963,0.12312229815870523,0.4203963843938046,0.01683951489922765,0.012835253777496475,5,1.0482538873080776,-0.2921918422938229,-0.2646444792482784,no_fit,-0.2921918422938229,0.9996897090706724,-1.9853678381934592
wave,0.1,200,2,3,False,0.9987724525433528,0.018436728045344353,0.13872289657592773,0.42757494600776724,0.02092910675789954,0.016434566026940347,5,4.89903216208625,5.509010967151906,5.584197633068832,no_fit,4.89903216208625,0.9996897090706724,-1.9853678381934592
wave,0.1,200,3,0,False,0.9965217195421641,0.019119834527373314,0.09246546030044556,0.4445579679310472,0.030788566693799677,0.02532346564899913,5,14.009193135706091,19.49493637398121,20.02856001082307,no_fit,14.009193135706091,0.9996897090706724,-1.9853678381934592
wave,0.1,200,3,1,False,0.9825757480737536,0.023277221247553825,0.06311343424022198,0.4397035237589426,0.026788999027174226,0.021702510082444396,5,11.405135504201713,13.821435451145625,14.144547750490101,no_fit,11.405135504201713,0.9996897090706724,-1.9853678381934592
wave,0.1,200,3,2,False,0.9943001870854723,0.02125140093266964,0.10663655679672956,0.4086096423087973,0.013617660953039542,0.010012871962488226,5,-5.274479383250983,-4.8624836489486105,-4.850983333069265,acf_or_spectral,-5.274479383250983,0.9996897090706724,-1.9853678381934592
wave,0.1,200,3,3,False,0.9935264627349155,0.023339664563536644,0.08822839660570025,0.4574138097971997,0.039765268586949926,0.03355449630908398,5,20.905420990862243,32.22864429441212,33.4038926899803,no_fit,20.905420990862243,0.9996897090706724,-1.9853678381934592
wave,0.1,201,0,0,False,0.99744737969386,0.021731358021497726,0.1194277098402381,0.4195525953124406,0.018883697034596362,0.014615791247423827,5,0.5956221711308934,2.6075388781626914,2.6287089768956653,no_fit,0.5956221711308934,0.9996897090706724,-1.9853678381934592
wave,0.1,201,0,1,False,0.7181098871827233,0.12054204195737839,0.11229941993951797,0.3758263594149108,0.0024300171680209995,0.001067507211140648,5,-22.860335761239046,-20.732475765424677,-19.38710091381062,acf_or_spectral,-22.860335761239046,0.9996897090706724,-1.9853678381934592
wave,0.1,201,0,2,False,0.9025896980369021,0.0367753803730011,0.009966415585950017,0.4256040701744195,0.02406813640029257,0.01924289197078451,5,3.8418000521634004,9.96181413423804,10.147695853598691,no_fit,3.8418000521634004,0.9996897090706724,-1.9853678381934592
wave,0.1,201,0,3,False,0.7753366073996578,0.07482422888278961,0.0014008500147610903,0.43028289810736287,0.026767467817921033,0.021663593682207515,5,6.351652293392272,13.790892816103568,14.081309035760523,no_fit,6.351652293392272,0.9996897090706724,-1.9853678381934592
wave,0.1,201,1,0,False,0.8161961679407717,0.07318108528852463,0.006693407776765525,0.4762314625675772,0.060620042993376894,0.05299337086034506,5,30.999728509174254,61.811737194105675,64.99184622444571,no_fit,30.999728509174254,0.9996897090706724,-1.9853678381934592
wave,0.1,201,1,1,False,0.9883141884889648,0.02526950277388096,0.13266879878938198,0.4392802871954635,0.028065735061268558,0.022849196007778454,5,11.178099748101626,15.632521966344713,16.007899542414076,no_fit,11.178099748101626,0.9996897090706724,-1.9853678381934592
wave,0.1,201,1,2,False,0.8638145371645335,0.09692852199077606,0.06515502370893955,0.3549762646098673,0.0007509278991665409,0.00039445968089503783,5,-34.044901196487366,-23.11431183132295,-20.48079561593039,acf_or_spectral,-34.044901196487366,0.9996897090706724,-1.9853678381934592
wave,0.1,201,1,3,False,0.9964607841101151,0.021099679172039032,0.14064581040292978,0.43276696992348423,0.02397690292798345,0.019168473100333955,5,7.684176871004503,9.832396849050307,10.026766022209506,no_fit,7.684176871004503,0.9996897090706724,-1.9853678381934592
wave,0.1,201,2,0,False,0.9842195952108549,0.024641849100589752,0.09367421269416809,0.4298743389561907,0.02241843340742391,0.0177803613912083,5,6.13248990573017,7.621663339804317,7.771100034300552,no_fit,6.13248990573017,0.9996897090706724,-1.9853678381934592
wave,0.1,201,2,1,False,0.9974313752637655,0.022053305059671402,0.12599074374884367,0.4223792642371839,0.01850386430426932,0.014284610577922088,5,2.1119252790154244,2.0687353059626363,2.0905440964059454,no_fit,2.0687353059626363,0.9996897090706724,-1.9853678381934592
wave,0.1,201,2,2,False,0.9960596770494575,0.021378114819526672,0.12165431305766106,0.4120897910326188,0.01397962241016985,0.010337549662045278,5,-3.4076317027041494,-4.349030988003286,-4.32338570594121,acf_or_spectral,-4.349030988003286,0.9996897090706724,-1.9853678381934592
wave,0.1,201,2,3,False,0.9985112543742124,0.020079828798770905,0.1404058886691928,0.44255709164945145,0.02895978595679486,0.023672057165400034,5,12.935867958598001,16.9007586868176,17.34503971190916,no_fit,12.935867958598001,0.9996897090706724,-1.9853678381934592
wave,0.1,201,3,0,False,0.9989878190489467,0.01734211854636669,0.11750893946737051,0.43035972066318606,0.022557187357789943,0.017887513630385675,5,6.392862029393076,7.818489779826265,7.94522122343232,no_fit,6.392862029393076,0.9996897090706724,-1.9853678381934592
wave,0.1,201,3,1,False,0.9681429170306427,0.03245716542005539,0.044683405896648765,0.46191743821589054,0.04442401007183225,0.037859680980552805,5,23.321291384540604,38.83720209786921,40.39976958609555,no_fit,23.321291384540604,0.9996897090706724,-1.9853678381934592
wave,0.1,201,3,2,False,0.9977313686073516,0.019111406058073044,0.1136809978634119,0.4191865136782216,0.017429911247106737,0.013335532579123227,5,0.39924589414749384,0.5453022329988003,0.548302972950733,no_fit,0.39924589414749384,0.9996897090706724,-1.9853678381934592
wave,0.1,201,3,3,False,0.9988312158335396,0.018380191177129745,0.1318824328482151,0.432057062575223,0.023749184957299826,0.018956026872693897,5,7.3033630059437815,9.509372406283513,9.681543280554884,no_fit,7.3033630059437815,0.9996897090706724,-1.9853678381934592
wave,0.1,202,0,0,False,0.9957347049888176,0.020145026966929436,0.09995874483138323,0.43868070152639127,0.026668445592017725,0.021609231525185624,5,10.856465471975763,13.650426961573432,13.992971139165094,no_fit,10.856465471975763,0.9996897090706724,-1.9853678381934592
wave,0.1,202,0,1,False,0.8057471354966201,0.09277605265378952,0.39216921478509903,0.5301302778144674,0.09682368742808545,0.08739121283381104,5,59.91253833799964,113.16764043942653,120.887954359638,no_fit,59.91253833799964,0.9996897090706724,-1.9853678381934592
wave,0.1,202,0,2,False,0.9895928811212753,0.024409323930740356,0.09531429596245289,0.4253821970537297,0.020545427781132282,0.016093852099340805,5,3.722781195900106,4.964751384565999,5.030541314891639,no_fit,3.722781195900106,0.9996897090706724,-1.9853678381934592
wave,0.1,202,0,3,False,0.8826530132000793,0.09228087216615677,0.08513664919883013,0.33979968037045694,0.0010066504526857602,0.0014155109185022864,5,-42.18603921511084,-22.751562088272525,-18.82159878512653,acf_or_spectral,-42.18603921511084,0.9996897090706724,-1.9853678381934592
wave,0.1,202,1,0,False,0.9977366251413963,0.01879611425101757,0.16002271324396133,0.4096304089595694,0.013541890508900645,0.009950613080537971,5,-4.726912021738639,-4.969966187207151,-4.952153319272239,acf_or_spectral,-4.969966187207151,0.9996897090706724,-1.9853678381934592
wave,0.1,202,1,1,False,0.970834417120352,0.03126174584031105,0.2594773229211569,0.42703170493164877,0.019426757598070176,0.01512809289343299,5,4.607622678351335,3.3778857918389567,3.4611934166245972,no_fit,3.3778857918389567,0.9996897090706724,-1.9853678381934592
wave,0.1,202,1,2,False,0.8427066838000044,0.059213221073150635,0.008410627488046885,0.4561219386369449,0.04135088356840006,0.035014752398959875,5,20.212425699431485,34.477884414934806,35.77679248897755,no_fit,20.212425699431485,0.9996897090706724,-1.9853678381934592
wave,0.1,202,1,3,False,0.9715306812222969,0.03175082057714462,0.27306524850428104,0.4137693513495653,0.014635325833358312,0.010903961935578957,5,-2.506669263780829,-3.418896961866163,-3.4029721022343002,acf_or_spectral,-3.418896961866163,0.9996897090706724,-1.9853678381934592
wave,0.1,202,2,0,False,0.9905922997867685,0.025741251185536385,0.10798649676144123,0.4209770539132681,0.017683844742594643,0.013566413742613836,5,1.359741019497174,0.9055141461541665,0.9234822789899052,no_fit,0.9055141461541665,0.9996897090706724,-1.9853678381934592
wave,0.1,202,2,1,False,0.9974559082776753,0.021977843716740608,0.1734650582075119,0.3971332510425105,0.008485141488830002,0.00568607315830471,5,-11.430731922076268,-12.143109042451016,-11.881982952883298,acf_or_spectral,-12.143109042451016,0.9996897090706724,-1.9853678381934592
wave,0.1,202,2,2,False,0.9980340039085841,0.019671889021992683,0.1478831684216857,0.4136479904316515,0.015140852286427498,0.01133866356816682,5,-2.5717706045843207,-2.701793255398377,-2.696586815610242,acf_or_spectral,-2.701793255398377,0.9996897090706724,-1.9853678381934592
wave,0.1,202,2,3,False,0.9976635313514717,0.02119136042892933,0.1396437445655465,0.4111516827069374,0.013798646021264882,0.01017576441530116,5,-3.910858860759873,-4.6057511625440775,-4.586284920771715,acf_or_spectral,-4.6057511625440775,0.9996897090706724,-1.9853678381934592
wave,0.1,202,3,0,False,0.9989470108460623,0.01741456240415573,0.1143325176090002,0.43472320169653766,0.025184205946740756,0.02024385882623855,5,8.733553503428034,11.544990649680015,11.774255788241149,no_fit,8.733553503428034,0.9996897090706724,-1.9853678381934592
wave,0.1,202,3,1,False,0.9959491518394886,0.021326903253793716,0.11251090001314878,0.412923708242475,0.015232225393167036,0.011410773135481845,5,-2.9602955304503773,-2.572177894784535,-2.579409575964459,acf_or_spectral,-2.9602955304503773,0.9996897090706724,-1.9853678381934592
wave,0.1,202,3,2,False,0.9788777848902517,0.02578859031200409,0.058499579317867756,0.44380101961095075,0.02933756272082689,0.024045031949640076,5,13.603145197009338,17.436645812130305,17.95111956097827,no_fit,13.603145197009338,0.9996897090706724,-1.9853678381934592
wave,0.1,202,3,3,False,0.9666009447026866,0.033469557762145996,0.04093817085959017,0.4757992697551994,0.05388897351541601,0.04676501958850604,5,30.767888374350793,52.26352296746592,54.870845131899635,no_fit,30.767888374350793,0.9996897090706724,-1.9853678381934592
wave,0.1,203,0,0,False,0.8995416374589119,0.07076557725667953,0.05833280808292329,0.32631095997261983,0.002270297091504125,0.001416446711978153,6,-49.42176055537469,-20.959043253974865,-18.820078131204124,acf_or_spectral,-49.42176055537469,0.9996897090706724,-1.9853678381934592
wave,0.1,203,0,1,False,0.990178870411284,0.023410668596625328,0.11735440045595169,0.4412967979725857,0.028876534485071926,0.023583620785486252,5,12.25981169946171,16.782664097347634,17.201331584563295,no_fit,12.25981169946171,0.9996897090706724,-1.9853678381934592
wave,0.1,203,0,2,False,0.8495578146365111,0.058622051030397415,0.08768758736550808,0.44815747534329675,0.03074308792618648,0.025319134660859707,5,15.94006810598336,19.430423443702274,20.021522203580393,no_fit,15.94006810598336,0.9996897090706724,-1.9853678381934592
wave,0.1,203,0,3,False,0.7206973237775135,0.12045210599899292,0.3541514379903674,0.5637640230013286,0.14340980003182358,0.1321523884487909,5,77.95460612677157,179.2513712021651,193.62436364843106,no_fit,77.95460612677157,0.9996897090706724,-1.9853678381934592
wave,0.1,203,1,0,False,0.9893019602013515,0.029695581644773483,0.16222229972481728,0.3911660296175802,0.007013592318992029,0.004492231627167262,5,-14.631713937640285,-14.230543552620917,-13.821962076347432,acf_or_spectral,-14.631713937640285,0.9996897090706724,-1.9853678381934592
wave,0.1,203,1,1,False,0.9408019158832603,0.04408753663301468,0.12939263507723808,0.47176080906187745,0.05219185508613852,0.04510954946370225,5,28.601546767538917,49.85611202277473,52.18072471149673,no_fit,28.601546767538917,0.9996897090706724,-1.9853678381934592
wave,0.1,203,1,2,False,0.9733970800668564,0.025199785828590393,0.1981749590486288,0.4252510718706127,0.01963378910363392,0.015303031207794752,5,3.6524420341603427,3.67156589323426,3.7454662190898276,no_fit,3.6524420341603427,0.9996897090706724,-1.9853678381934592
wave,0.1,203,1,3,False,0.9738687302868281,0.030749768018722534,0.20072999969124794,0.43674291585248215,0.02657508070159817,0.021519561971258684,5,9.816983835466338,13.517986198944024,13.847259117852799,no_fit,9.816983835466338,0.9996897090706724,-1.9853678381934592
wave,0.1,203,2,0,False,0.9993416166898672,0.018170151859521866,0.1429904280230403,0.42142778777742756,0.019160789686502786,0.014882181390537047,5,1.6015270854461023,3.0006027158920507,3.061589977311096,no_fit,1.6015270854461023,0.9996897090706724,-1.9853678381934592
wave,0.1,203,2,1,False,0.9986894068005945,0.017885349690914154,0.11242684256285429,0.4362664373169387,0.026594700722818054,0.02151297115836772,5,9.561387618321664,13.545817759196382,13.836549120686804,no_fit,9.561387618321664,0.9996897090706724,-1.9853678381934592
wave,0.1,203,2,2,False,0.9992364562694213,0.018099771812558174,0.13227324560284615,0.4283325257275477,0.021472633760858326,0.016918462168093576,5,5.305418800973479,6.280019538554457,6.370523445396464,no_fit,5.305418800973479,0.9996897090706724,-1.9853678381934592
wave,0.1,203,2,3,False,0.9981448251907857,0.018553709611296654,0.14767086505889893,0.4166187134840569,0.01721876824113125,0.013148523481332887,5,-0.9781928928133794,0.24578985088602828,0.2444152825422194,no_fit,-0.9781928928133794,0.9996897090706724,-1.9853678381934592
wave,0.1,203,3,0,False,0.8564476128900586,0.07138942927122116,0.007674737018533051,0.4464407488860737,0.04489828962721669,0.038363058953691354,5,15.019168725200279,39.5099811878717,41.2177531573071,no_fit,15.019168725200279,0.9996897090706724,-1.9853678381934592
wave,0.1,203,3,1,False,0.9532667098355513,0.0369090661406517,0.06048892252147198,0.4738061293692474,0.05465618333228969,0.04740023164414056,5,29.698712944849895,53.351831996555035,55.90305761133116,no_fit,29.698712944849895,0.9996897090706724,-1.9853678381934592
wave,0.1,203,3,2,False,0.9956518322354106,0.021874189376831055,0.10808018315583467,0.4238883234496508,0.01962086316280304,0.015269453633263095,5,2.921426226868051,3.6532300771298196,3.690903036364971,no_fit,2.921426226868051,0.9996897090706724,-1.9853678381934592
wave,0.1,203,3,3,False,0.9527427617137036,0.05310403183102608,0.06750561809167266,0.42303662737004494,0.020305375180120752,0.015892855709442905,5,2.4645529789348246,4.624229916525153,4.703924431391134,no_fit,2.4645529789348246,0.9996897090706724,-1.9853678381934592
wave,0.1,204,0,0,False,0.9969281409408877,0.020987363532185555,0.15044571459293365,0.4442405100484488,0.027194374667907525,0.02208704384446495,5,13.838899979053473,14.3964723710075,14.769410809053872,no_fit,13.838899979053473,0.9996897090706724,-1.9853678381934592
wave,0.1,204,0,1,False,0.9685944414993654,0.0376097671687603,0.2657994031906128,0.44378654041999077,0.028742486784625303,0.02352580385650338,5,13.595378159964394,16.592513607199887,17.107379722206225,no_fit,13.595378159964394,0.9996897090706724,-1.9853678381934592
wave,0.1,204,0,2,False,0.93423376109244,0.04699515178799629,0.32843029871582985,0.4496831606612866,0.033428575794546236,0.027754161001803127,5,16.75848775501668,23.239864655696568,23.97841274835373,no_fit,16.75848775501668,0.9996897090706724,-1.9853678381934592
wave,0.1,204,0,3,False,0.9480638440469046,0.03809727355837822,0.0945864082314074,0.4738848441971608,0.05620284468253614,0.04884632630374862,5,29.740937747746678,55.54581527908843,58.25294524467537,no_fit,29.740937747746678,0.9996897090706724,-1.9853678381934592
wave,0.1,204,1,0,False,0.8540720621049832,0.05634696036577225,0.009924348094500601,0.4672799304085866,0.04950479960754789,0.04261025024948498,5,26.1978799749536,46.04444711091264,48.11939146716549,no_fit,26.1978799749536,0.9996897090706724,-1.9853678381934592
wave,0.1,204,1,1,False,0.998631621476475,0.01969246380031109,0.1507334653288126,0.4209354526643039,0.016837131560430645,0.012837479891772537,5,1.3374249631156916,-0.29557267642174057,-0.2610270684702408,no_fit,-0.29557267642174057,0.9996897090706724,-1.9853678381934592
wave,0.1,204,1,2,False,0.9894755442109896,0.02424170821905136,0.10821151174604893,0.41872078861508377,0.01824738412074068,0.01405025050013034,5,0.14941813594277453,1.7049108431134996,1.7097115935726384,no_fit,0.14941813594277453,0.9996897090706724,-1.9853678381934592
wave,0.1,204,1,3,False,0.9818022666889595,0.025577284395694733,0.20421055518090725,0.42820822020978444,0.02083454286522384,0.0164001306117479,5,5.238737895664148,5.374869385590623,5.528240468873416,no_fit,5.238737895664148,0.9996897090706724,-1.9853678381934592
wave,0.1,204,2,0,False,0.9872944379030826,0.027217043563723564,0.0849994607269764,0.4343669599382308,0.026101233618817235,0.021084481901766663,5,8.54245560704883,12.845820583676703,13.14025887549595,no_fit,8.54245560704883,0.9996897090706724,-1.9853678381934592
wave,0.1,204,2,1,False,0.9911825986320777,0.02277555502951145,0.09202637895941734,0.429151489028868,0.022124305695134315,0.01751176902015803,5,5.744733284592435,7.204434782570158,7.33464043814058,no_fit,5.744733284592435,0.9996897090706724,-1.9853678381934592
wave,0.1,204,2,2,False,0.9990510322756101,0.017836730927228928,0.15077359043061733,0.4173717505247504,0.01674796581281322,0.012741335505147295,5,-0.5742430721744318,-0.4220568351007241,-0.417260620433813,no_fit,-0.5742430721744318,0.9996897090706724,-1.9853678381934592
wave,0.1,204,2,3,False,0.9989452043633176,0.018181104212999344,0.1498470176011324,0.41951776396900053,0.017261272031435848,0.013192704703374357,5,0.5769376786359816,0.30608269091706414,0.3162092737664332,no_fit,0.30608269091706414,0.9996897090706724,-1.9853678381934592
wave,0.1,204,3,0,False,0.9980933609988908,0.018342040479183197,0.11195778660476208,0.42525421658510754,0.020446850527075896,0.016026440464744433,5,3.6541289456766615,4.824916735304674,4.920998163321971,no_fit,3.6541289456766615,0.9996897090706724,-1.9853678381934592
wave,0.1,204,3,1,False,0.988484907802121,0.02488761767745018,0.09742878749966621,0.40895034688130727,0.012825135848035144,0.009336571789255385,5,-5.091716061503204,-5.986703137003067,-5.949963543631093,acf_or_spectral,-5.986703137003067,0.9996897090706724,-1.9853678381934592
wave,0.1,204,3,2,False,0.9869288797810114,0.0246077012270689,0.059578385669738054,0.4409299850711765,0.03145222791665271,0.025965944798975807,5,12.06304315060541,20.43635876613785,21.072581437208044,no_fit,12.06304315060541,0.9996897090706724,-1.9853678381934592
wave,0.1,204,3,3,False,0.9651189849404724,0.03536597266793251,0.03363872808404267,0.4521119316215757,0.04080572423329176,0.034523514932369465,5,18.061347429592995,33.704560333775056,34.97853710499804,no_fit,18.061347429592995,0.9996897090706724,-1.9853678381934592
wave,0.1,205,0,0,False,0.9775962551854063,0.028639081865549088,0.07736691646277905,0.3725104485549351,0.004934741301036751,0.0030206244509950906,5,-24.63908172559207,-17.179453072823687,-16.213307263504717,acf_or_spectral,-24.63908172559207,0.9996897090706724,-1.9853678381934592
wave,0.1,205,0,1,False,0.8315575403927382,0.08608711510896683,0.40934524685144424,0.5357517435377958,0.10097806422609576,0.0913688155781451,5,62.92804746697312,119.06074253493497,127.35151429132321,no_fit,62.92804746697312,0.9996897090706724,-1.9853678381934592
wave,0.1,205,0,2,False,0.9590562784489997,0.03598145768046379,0.2845704387873411,0.4214524799550615,0.019901302584955205,0.01554666481272523,5,1.61477264998996,4.051041404003111,4.1413680997097115,no_fit,1.61477264998996,0.9996897090706724,-1.9853678381934592
wave,0.1,205,0,3,False,0.9941860208535765,0.02354670874774456,0.102350989356637,0.44674472010809607,0.03227869302199865,0.026756242138871712,5,15.182227265457808,21.60872311366439,22.35680576743934,no_fit,15.182227265457808,0.9996897090706724,-1.9853678381934592
wave,0.1,205,1,0,False,0.8929791098610561,0.04055226966738701,0.31104569509625435,0.4309028760728001,0.023242798896583233,0.01849886385967657,5,6.684225559254229,8.791049321826065,8.938658502180166,no_fit,6.684225559254229,0.9996897090706724,-1.9853678381934592
wave,0.1,205,1,1,False,0.9901136911534573,0.02746441774070263,0.11423806753009558,0.4009263929411706,0.010992626163157613,0.007799500377522737,5,-9.395986077156486,-8.58617044318565,-8.44768738072516,acf_or_spectral,-9.395986077156486,0.9996897090706724,-1.9853678381934592
wave,0.1,205,1,2,False,0.9940452787912827,0.02410927228629589,0.10241551976650953,0.41597851053418206,0.018017231980970334,0.01385279557779091,5,-1.3216153976828495,1.3784334620016174,1.3888495552091693,no_fit,-1.3216153976828495,0.9996897090706724,-1.9853678381934592
wave,0.1,205,1,3,False,0.8511121742441553,0.058932095766067505,0.01278332166839391,0.43510382765095534,0.02752079948888657,0.02234215690478327,5,8.937731754574815,14.859515299000666,15.18396667617055,no_fit,8.937731754574815,0.9996897090706724,-1.9853678381934592
wave,0.1,205,2,0,False,0.9965130602461468,0.019589221104979515,0.1378707466647029,0.4072520657311195,0.012138965974988902,0.008750126254299917,5,-6.0027208712813005,-6.9600546920811315,-6.9029309728831265,acf_or_spectral,-6.9600546920811315,0.9996897090706724,-1.9853678381934592
wave,0.1,205,2,1,False,0.9949368633132428,0.02326737530529499,0.1452642884105444,0.4371568173717621,0.028053261303858813,0.022828152173815633,5,10.039012016605133,15.614827585332996,15.97370354780278,no_fit,10.039012016605133,0.9996897090706724,-1.9853678381934592
wave,0.1,205,2,2,False,0.9216999206840767,0.051845259964466095,0.0418184797745198,0.47726609657285823,0.059584248011434145,0.05202598386852103,5,31.554734701798353,60.3424324402549,63.419853192287306,no_fit,31.554734701798353,0.9996897090706724,-1.9853678381934592
wave,0.1,205,2,3,False,0.9980070279771919,0.018935129046440125,0.11822347994893789,0.4156384200100757,0.015845071832623223,0.011946357205788755,5,-1.504049326945129,-1.7028377236392844,-1.7090914573902034,no_fit,-1.7090914573902034,0.9996897090706724,-1.9853678381934592
wave,0.1,205,3,0,False,0.9995735782400492,0.01721826195716858,0.13581250794231892,0.4218988969764308,0.01910837497634338,0.01481260149835731,5,1.8542430425037386,2.926250953090032,2.9485234314413384,no_fit,1.8542430425037386,0.9996897090706724,-1.9853678381934592
wave,0.1,205,3,1,False,0.985922489212232,0.025352010503411293,0.06657919567078352,0.444515969849297,0.03239076864314478,0.02677584116530827,5,13.986664207282395,21.767705582021136,22.388653965994568,no_fit,13.986664207282395,0.9996897090706724,-1.9853678381934592
wave,0.1,205,3,2,False,0.9923050322126515,0.020925914868712425,0.08993775025010109,0.4226760870166689,0.019451717904013205,0.015116908262105237,5,2.271149197700882,3.4132926984363174,3.443018515924995,no_fit,2.271149197700882,0.9996897090706724,-1.9853678381934592
wave,0.1,205,3,3,False,0.9973305992126618,0.018642354756593704,0.11214922647923231,0.42545340797458253,0.019690290792065912,0.015336994444248705,5,3.760980696258736,3.751715151399242,3.800656098121067,no_fit,3.751715151399242,0.9996897090706724,-1.9853678381934592
wave,0.1,206,0,0,False,0.8491608530484938,0.061729997396469116,0.4823222942650318,0.443348369756005,0.02818393569938536,0.02297497616149465,5,13.360331340802228,15.800192946143698,16.212290884138504,no_fit,13.360331340802228,0.9996897090706724,-1.9853678381934592
wave,0.1,206,0,1,False,0.9986551183812976,0.018503857776522636,0.1215910529717803,0.44058500330531025,0.02648521114462972,0.021431193772271498,5,11.877985424471476,13.390503666606842,13.703661783749393,no_fit,11.877985424471476,0.9996897090706724,-1.9853678381934592
wave,0.1,206,0,2,False,0.8733372631044487,0.06654740124940872,0.04556217696517706,0.39248554549338804,0.007498696498285195,0.004882701438190259,5,-13.923889258960545,-13.542409424560693,-13.187453004606667,acf_or_spectral,-13.923889258960545,0.9996897090706724,-1.9853678381934592
wave,0.1,206,0,3,False,0.9972054617524032,0.021030189469456673,0.155359560623765,0.40785357314603976,0.012583612410391075,0.009135683600251457,5,-5.680055717723562,-6.329311028799581,-6.276404601890165,acf_or_spectral,-6.329311028799581,0.9996897090706724,-1.9853678381934592
wave,0.1,206,1,0,False,0.9924570678864555,0.025352325290441513,0.12468987423926592,0.41978104588329235,0.017655582158928297,0.013532435866326539,5,0.7181693529208351,0.8654228643261934,0.8682686103933697,no_fit,0.7181693529208351,0.9996897090706724,-1.9853678381934592
wave,0.1,206,1,1,False,0.995529665799939,0.022095059975981712,0.1315294997766614,0.43557445503373593,0.027219697556969916,0.022073687242906474,5,9.190189252132853,14.43239361211143,14.747706481043785,no_fit,9.190189252132853,0.9996897090706724,-1.9853678381934592
wave,0.1,206,1,2,False,0.9120688395701827,0.0728016048669815,0.06322946911677718,0.37974734361166673,0.0043297553562898555,0.002437557432224257,5,-20.757011784573823,-18.037642907806543,-17.160784641778015,acf_or_spectral,-20.757011784573823,0.9996897090706724,-1.9853678381934592
wave,0.1,206,1,3,False,0.9505077245992584,0.02958550490438938,0.23974395170807838,0.41347862585037015,0.01579217862658045,0.011900525882306215,5,-2.6626224332914306,-1.7778682465129205,-1.7835668449838555,no_fit,-2.6626224332914306,0.9996897090706724,-1.9853678381934592
wave,0.1,206,2,0,False,0.8879196924151648,0.06088859960436821,0.02551548113115132,0.4594467790025226,0.04653219990723555,0.039905801223581575,5,21.995961696666555,41.82772956824575,43.72469207542397,no_fit,21.995961696666555,0.9996897090706724,-1.9853678381934592
wave,0.1,206,2,1,False,0.9995524315426384,0.017506003379821777,0.1363287791609764,0.41854708639849003,0.01832232580978724,0.014121384118613039,5,0.0562394801186091,1.8112177686125903,1.825302927291292,no_fit,0.0562394801186091,0.9996897090706724,-1.9853678381934592
wave,0.1,206,2,2,False,0.9755055295488385,0.03007323294878006,0.06544203963130713,0.4392482018483163,0.027749336621905166,0.022566598212767318,5,11.160888283691696,15.18370174692672,15.548681289103468,no_fit,11.160888283691696,0.9996897090706724,-1.9853678381934592
wave,0.1,206,2,3,False,0.9855835509172582,0.025640713050961494,0.09182872343808413,0.42069461438881,0.01890691341103149,0.014664325801480376,5,1.2082326751783736,2.6404719709638784,2.7075770839103686,no_fit,1.2082326751783736,0.9996897090706724,-1.9853678381934592
wave,0.1,206,3,0,False,0.9921832654785454,0.021428797394037247,0.07445901166647673,0.4381959372795284,0.027254997797299813,0.022115629452456202,5,10.596424570943729,14.482468010841872,14.815862102033872,no_fit,10.596424570943729,0.9996897090706724,-1.9853678381934592
wave,0.1,206,3,1,False,0.9845743264278429,0.02508898638188839,0.0535727278329432,0.458500623127486,0.03954978664740902,0.033395460896386404,5,21.48841761136428,31.92297701116017,33.145461924692015,no_fit,21.48841761136428,0.9996897090706724,-1.9853678381934592
wave,0.1,206,3,2,False,0.997969822196125,0.01928013563156128,0.11822747252881527,0.4266047987383589,0.021596499923625747,0.017020885343903103,5,4.378618431693975,6.455727226821175,6.5369599594956735,no_fit,4.378618431693975,0.9996897090706724,-1.9853678381934592
wave,0.1,206,3,3,False,0.9940809943016623,0.021200740709900856,0.08292610198259354,0.4440795957745705,0.030538870818719373,0.025098064350120006,5,13.752581128108892,19.140735646358163,19.662285423432415,no_fit,13.752581128108892,0.9996897090706724,-1.9853678381934592
wave,0.1,207,0,0,False,0.8431577711451664,0.0927150547504425,0.44129227846860886,0.5413462715309878,0.09960771883274343,0.09016913023802059,5,65.9291064551581,117.11686847107956,125.40203904367446,no_fit,65.9291064551581,0.9996897090706724,-1.9853678381934592
wave,0.1,207,0,1,False,0.935342500969355,0.0425599180161953,0.25068253837525845,0.4345230879559667,0.024107222302877825,0.01930451616470262,5,8.626206978300168,10.01725860295843,10.247834478854537,no_fit,8.626206978300168,0.9996897090706724,-1.9853678381934592
wave,0.1,207,0,2,False,0.768292730444726,0.08437445014715195,0.008120096288621426,0.4024477665657016,0.012777533426869638,0.009303898829275861,5,-8.579879339315104,-6.0542285304763,-6.003056737835575,acf_or_spectral,-8.579879339315104,0.9996897090706724,-1.9853678381934592
wave,0.1,207,0,3,False,0.6895141156502045,0.13518399000167847,0.024986676638945937,0.3786431285896581,0.003770388066832002,0.0020693350819217943,5,-21.349343152067288,-18.831121377848486,-17.759141838900376,acf_or_spectral,-21.349343152067288,0.9996897090706724,-1.9853678381934592
wave,0.1,207,1,0,False,0.7880874720305591,0.0819619745016098,0.12643388099968433,0.5044593910416537,0.08300866143239455,0.0741715574049045,5,46.14196724103114,93.5706316453033,99.40616227703758,no_fit,46.14196724103114,0.9996897090706724,-1.9853678381934592
wave,0.1,207,1,1,False,0.9951077629397457,0.023685874417424202,0.12166670523583889,0.44426740227823996,0.03171207658765427,0.026169831057476597,5,13.853325712202968,20.8049615246377,21.403894324837186,no_fit,13.853325712202968,0.9996897090706724,-1.9853678381934592
wave,0.1,207,1,2,False,0.9403896032438489,0.04360286891460419,0.040250438498333097,0.444141683253618,0.031282356573006154,0.025782500046337566,5,13.785886562861569,20.19539141534535,20.774485767770106,no_fit,13.785886562861569,0.9996897090706724,-1.9853678381934592
wave,0.1,207,1,3,False,0.9729153657317839,0.03371664136648178,0.10632046218961477,0.46358119110121476,0.045461585093174196,0.03885165679415924,5,24.213774281524394,40.30903188842791,42.01171917838718,no_fit,24.213774281524394,0.9996897090706724,-1.9853678381934592
wave,0.1,207,2,0,False,0.9987270937205365,0.019204601645469666,0.14930434897542,0.41051703653857397,0.013372501732628564,0.009814519553565123,5,-4.251300554894214,-5.210249002401646,-5.173303777084156,acf_or_spectral,-5.210249002401646,0.9996897090706724,-1.9853678381934592
wave,0.1,207,2,1,False,0.9975738539501964,0.020291663706302643,0.16300959419459105,0.40012129331009133,0.00980063053493867,0.006776003844903683,5,-9.827863706006513,-10.277050273310417,-10.110857788548989,acf_or_spectral,-10.277050273310417,0.9996897090706724,-1.9853678381934592
wave,0.1,207,2,2,False,0.9979290439364749,0.018458710983395576,0.14106683433055878,0.40472009455161706,0.010913804873005011,0.007712620670736988,5,-7.360939987410098,-8.697980693616337,-8.588865931664374,acf_or_spectral,-8.697980693616337,0.9996897090706724,-1.9853678381934592
wave,0.1,207,2,3,False,0.9986307776864893,0.019553039222955704,0.1609176155179739,0.40418994176267276,0.011584495323657086,0.008287401060388952,5,-7.645328553220967,-7.746587141142181,-7.654854232943355,acf_or_spectral,-7.746587141142181,0.9996897090706724,-1.9853678381934592
wave,0.1,207,3,0,False,0.9954769345400556,0.0205501951277256,0.09466572012752295,0.434619699074246,0.025369543154874177,0.020408466379531576,5,8.678031844530798,11.807896770797832,12.041741219618904,no_fit,8.678031844530798,0.9996897090706724,-1.9853678381934592
wave,0.1,207,3,1,False,0.9990373924295401,0.018534919247031212,0.1380522781983018,0.41632966170386854,0.016485211081469216,0.012506325584262866,5,-1.1332482333248053,-0.794781923164404,-0.7991491110179627,no_fit,-1.1332482333248053,0.9996897090706724,-1.9853678381934592
wave,0.1,207,3,2,False,0.9977895466048717,0.018878616392612457,0.11259477026760578,0.43802187474383564,0.027178062600562658,0.022041700265096106,5,10.503052630025273,14.373333237768994,14.695728000184854,no_fit,10.503052630025273,0.9996897090706724,-1.9853678381934592
wave,0.1,207,3,3,False,0.9977003313918091,0.019899234175682068,0.13585310708731413,0.4042266791045549,0.011786355907718985,0.008446674535303159,5,-7.625621630636686,-7.460242139527144,-7.396036619218058,acf_or_spectral,-7.625621630636686,0.9996897090706724,-1.9853678381934592
wave,0.1,208,0,0,False,0.9220141454999039,0.05399299040436745,0.05629436764866114,0.37703757675904737,0.006532279834443648,0.004608075339181697,5,-22.2106053994123,-14.913299053432715,-13.633717341153412,acf_or_spectral,-22.2106053994123,0.9996897090706724,-1.9853678381934592
wave,0.1,208,0,1,False,0.9529133525787696,0.03818809986114502,0.11003430746495724,0.46367703987550857,0.04709724554782038,0.04036671673151629,5,24.265190205432717,42.62926294147834,44.47367461603159,no_fit,24.265190205432717,0.9996897090706724,-1.9853678381934592
wave,0.1,208,0,2,False,0.8336393677196583,0.07391536980867386,0.1329986657947302,0.4071540456256323,0.01054571381297511,0.007423231997165016,5,-6.055301557078777,-9.220128371275003,-9.059119286614854,acf_or_spectral,-9.220128371275003,0.9996897090706724,-1.9853678381934592
wave,0.1,208,0,3,False,0.7785622704894855,0.09883499890565872,0.4195518381893635,0.5464016242709299,0.11256981233112756,0.1024760697467396,5,68.6409369790398,135.50396816653532,145.4006779735025,no_fit,68.6409369790398,0.9996897090706724,-1.9853678381934592
wave,0.1,208,1,0,False,0.9957563031451042,0.023287922143936157,0.13238700293004513,0.40967451912004227,0.01368016395355421,0.010082771972791994,5,-4.7032501160839715,-4.773821358256787,-4.737396598831566,acf_or_spectral,-4.773821358256787,0.9996897090706724,-1.9853678381934592
wave,0.1,208,1,1,False,0.9817894834899267,0.02447711117565632,0.21264032647013664,0.4165520328759202,0.015271065595220438,0.011472013982376284,5,-1.0139622085858235,-2.517081959283331,-2.4798938853306436,acf_or_spectral,-2.517081959283331,0.9996897090706724,-1.9853678381934592
wave,0.1,208,1,2,False,0.9975577036182176,0.01905086077749729,0.15477009490132332,0.4099605172644189,0.013620543399771921,0.010113482925867235,5,-4.5498328299732975,-4.858394815964825,-4.687491643882569,acf_or_spectral,-4.858394815964825,0.9996897090706724,-1.9853678381934592
wave,0.1,208,1,3,False,0.8805657444755398,0.06062217056751251,0.1300074588507414,0.4816202166874604,0.06088210337798216,0.05323820147615149,5,33.89040472105021,62.18347733149685,65.3896932343389,no_fit,33.89040472105021,0.9996897090706724,-1.9853678381934592
wave,0.1,208,2,0,False,0.9993564290990308,0.01785249635577202,0.12929868418723345,0.4159798728899842,0.015872368524977493,0.011972502595098702,5,-1.3208845924870967,-1.6641165862137035,-1.6666054924499367,no_fit,-1.6666054924499367,0.9996897090706724,-1.9853678381934592
wave,0.1,208,2,1,False,0.9975986806964611,0.019017953425645828,0.11414235085248947,0.4368147493263355,0.026357769098669825,0.021303931591330663,5,9.85551729041062,13.209723485940074,13.496862164375697,no_fit,9.85551729041062,0.9996897090706724,-1.9853678381934592
wave,0.1,208,2,2,False,0.9963087988945325,0.02037055604159832,0.1148017467930913,0.42361247505114774,0.018323490127933516,0.014134481820914585,5,2.773453544148196,1.8128693871443844,1.8465865469071552,no_fit,1.8128693871443844,0.9996897090706724,-1.9853678381934592
wave,0.1,208,2,3,False,0.9982282885442594,0.02049766108393669,0.11749467067420483,0.43287931864835394,0.023440288024950785,0.018684401362617068,5,7.744443823103347,9.071193288733534,9.24015486743167,no_fit,7.744443823103347,0.9996897090706724,-1.9853678381934592
wave,0.1,208,3,0,False,0.9837567549927859,0.02576375938951969,0.06014473270624876,0.446363678663325,0.03402068805695638,0.028264041470742497,5,14.97782613383548,24.07979280474088,24.80696280244847,no_fit,14.97782613383548,0.9996897090706724,-1.9853678381934592
wave,0.1,208,3,1,False,0.9964725861665747,0.022161681205034256,0.17383025027811527,0.39619859570741256,0.008393289327632595,0.005618328647257788,5,-11.93210680082638,-12.273403955490359,-11.992067024958677,acf_or_spectral,-12.273403955490359,0.9996897090706724,-1.9853678381934592
wave,0.1,208,3,2,False,0.9180073704923745,0.053186506032943726,0.035803504288196564,0.5006877110669343,0.08044012010719762,0.07172653967701109,5,44.11873416355561,89.92708244361134,95.43303584032057,no_fit,44.11873416355561,0.9996897090706724,-1.9853678381934592
wave,0.1,208,3,3,False,0.9590750368981925,0.029323574155569077,0.038687862921506166,0.4355044915314137,0.025614050782732274,0.02063211100300981,5,9.152658901450081,12.154737821611628,12.405161229148476,no_fit,9.152658901450081,0.9996897090706724,-1.9853678381934592
wave,0.1,209,0,0,False,0.9831303362229626,0.026879597455263138,0.08872659504413605,0.4329449678719183,0.025466021085650555,0.020514725606589845,5,7.779659875768534,11.944753470050747,12.214411274054081,no_fit,7.779659875768534,0.9996897090706724,-1.9853678381934592
wave,0.1,209,0,1,False,0.9937865133578214,0.022151591256260872,0.17326314561069012,0.4157536301656076,0.017565919010686208,0.013542983076875228,5,-1.4422474245844767,0.7382331286603274,0.8854077094626934,no_fit,-1.4422474245844767,0.9996897090706724,-1.9853678381934592
wave,0.1,209,0,2,False,0.8939620427490631,0.05568680167198181,0.36796332709491253,0.46112727315519175,0.04051810790362715,0.034292888500962654,5,22.897425070805916,33.29656835869452,34.6037717357434,no_fit,22.897425070805916,0.9996897090706724,-1.9853678381934592
wave,0.1,209,0,3,False,0.9923417476275397,0.02218673564493656,0.08865858893841505,0.4291943702032781,0.022080288575190024,0.017481178494564546,5,5.767735928254945,7.1419952412396315,7.284931176501293,no_fit,5.767735928254945,0.9996897090706724,-1.9853678381934592
wave,0.1,209,1,0,False,0.980671592883341,0.027561888098716736,0.189302833750844,0.4230704289738235,0.01881097037300497,0.014558207984709626,5,2.482685090698002,2.5043740323478323,2.5351368196093738,no_fit,2.482685090698002,0.9996897090706724,-1.9853678381934592
wave,0.1,209,1,1,False,0.9749475613163622,0.0320318378508091,0.11704435013234615,0.45174324365092766,0.036163222019494526,0.030244276628731536,5,17.86357304192429,27.11903839998364,28.02482276614758,no_fit,17.86357304192429,0.9996897090706724,-1.9853678381934592
wave,0.1,209,1,2,False,0.9778430449768891,0.04277129843831062,0.1298320135101676,0.39912311874266526,0.00984997939245952,0.006818371803523604,5,-10.363312051424924,-10.207047510006339,-10.042010330085947,acf_or_spectral,-10.363312051424924,0.9996897090706724,-1.9853678381934592
wave,0.1,209,1,3,False,0.8300152229421528,0.062240052968263626,0.007686738856136799,0.44889008280288445,0.037544486795473925,0.031520117880064286,5,16.333058936323738,29.07840191984412,30.098050516971178,no_fit,16.333058936323738,0.9996897090706724,-1.9853678381934592
wave,0.1,209,2,0,False,0.997432027345181,0.02006584405899048,0.1384436022490263,0.42061741707858363,0.017912796153010203,0.013766829480257958,5,1.166821910588316,1.2302882583954424,1.2491556090782168,no_fit,1.166821910588316,0.9996897090706724,-1.9853678381934592
wave,0.1,209,2,1,False,0.9994476183862039,0.01793576404452324,0.14407104067504406,0.4221114508279167,0.018614264556696597,0.014396232808878811,5,1.9682627859479211,2.2253412159598818,2.271928972139175,no_fit,1.9682627859479211,0.9996897090706724,-1.9853678381934592
wave,0.1,209,2,2,False,0.99791589092374,0.01928034983575344,0.1310434127226472,0.39465795068976556,0.008664718240496914,0.005837678232006675,5,-12.758551245011546,-11.888374293292076,-11.635626405282851,acf_or_spectral,-12.758551245011546,0.9996897090706724,-1.9853678381934592
wave,0.1,209,2,3,False,0.9168245609276413,0.051890239119529724,0.01930155698210001,0.42988262420138973,0.030705136240902493,0.025260172619126928,5,6.1369343395776905,19.376587894605656,19.925709545823853,no_fit,6.1369343395776905,0.9996897090706724,-1.9853678381934592
wave,0.1,209,3,0,False,0.9906987967635867,0.021564114838838577,0.07927974127233028,0.4332501215417486,0.024932596418115405,0.020023701391964577,5,7.943352713615853,11.188075349868477,11.416502422130648,no_fit,7.943352713615853,0.9996897090706724,-1.9853678381934592
wave,0.1,209,3,1,False,0.9856982393165901,0.027877632528543472,0.12932773865759373,0.44593335886521523,0.032268281753237954,0.026683715957251247,5,14.746990735481456,21.593954431685436,22.23895153421107,no_fit,14.746990735481456,0.9996897090706724,-1.9853678381934592
wave,0.1,209,3,2,False,0.9965333403128342,0.021372798830270767,0.11882570385932922,0.4190765848517692,0.017061115632171168,0.013016288824135733,5,0.34027704224666805,0.022155124091387993,0.029535444917118982,no_fit,0.022155124091387993,0.9996897090706724,-1.9853678381934592
wave,0.1,209,3,3,False,0.992618240236398,0.02274276129901409,0.08723435737192631,0.4262588586984003,0.020971286494341868,0.016466233050336454,5,4.193046660929018,5.568844127527566,5.635656191586365,no_fit,4.193046660929018,0.9996897090706724,-1.9853678381934592
wave,0.1,210,0,0,False,0.9212664609878234,0.049517665058374405,0.3488308861851692,0.4552725339587643,0.0349859135590687,0.02919201531760028,5,19.756781622368653,25.44899273669231,26.31490991525296,no_fit,19.756781622368653,0.9996897090706724,-1.9853678381934592
wave,0.1,210,0,1,False,0.9935353308888337,0.021985884755849838,0.17854858189821243,0.4024639652978479,0.01045249930962164,0.007321364179275805,5,-8.571189892991118,-9.352355805557616,-9.224653350310586,acf_or_spectral,-9.352355805557616,0.9996897090706724,-1.9853678381934592
wave,0.1,210,0,2,False,0.9669168751934176,0.03460664674639702,0.055143002420663834,0.4313155471406628,0.025268402005149723,0.02032628531938966,5,6.905593692344329,11.664425162332087,11.90819791687623,no_fit,6.905593692344329,0.9996897090706724,-1.9853678381934592
wave,0.1,210,0,3,False,0.8870063534329821,0.05973256751894951,0.34326145611703396,0.46992925470497804,0.04631651134303906,0.03964670938711258,5,27.6190505369702,41.52176918202072,43.30367074160344,no_fit,27.6190505369702,0.9996897090706724,-1.9853678381934592
wave,0.1,210,1,0,False,0.858253451274987,0.057956818491220474,0.015238100080750883,0.45322609911861667,0.039013711807171766,0.03285257391489417,5,18.659017578961674,31.16253954533749,32.26327665719512,no_fit,18.659017578961674,0.9996897090706724,-1.9853678381934592
wave,0.1,210,1,1,False,0.8030666681383303,0.13534189760684967,0.050551775842905045,0.31988116230995595,0.0033420318633338546,0.001989494451502602,6,-52.87088121242203,-19.438756882087766,-17.88888196954391,acf_or_spectral,-52.87088121242203,0.9996897090706724,-1.9853678381934592
wave,0.1,210,1,2,False,0.9908451313685605,0.026823855936527252,0.0891083013266325,0.4157058312519727,0.01859424535801276,0.014567795779109565,5,-1.467888079089049,2.1969434110783848,2.550716878177302,no_fit,-1.467888079089049,0.9996897090706724,-1.9853678381934592
wave,0.1,210,1,3,False,0.8982945018064804,0.053851787000894547,0.33925987780094147,0.48088078858984984,0.050847924803019424,0.04392213613080116,5,33.49375511251288,47.94970854693703,50.251191338205274,no_fit,33.49375511251288,0.9996897090706724,-1.9853678381934592
wave,0.1,210,2,0,False,0.9987376014146853,0.018833203241229057,0.14400956593453884,0.4089629367026706,0.012683950443382093,0.009217008586445951,5,-5.084962534376697,-6.186978664349211,-6.144252409728604,acf_or_spectral,-6.186978664349211,0.9996897090706724,-1.9853678381934592
wave,0.1,210,2,1,False,0.9814416357579319,0.029346739873290062,0.08964824676513672,0.43431038007842176,0.026553355473513902,0.021506854215664735,5,8.512104611033287,13.487168342650847,13.826609157271466,no_fit,8.512104611033287,0.9996897090706724,-1.9853678381934592
wave,0.1,210,2,2,False,0.9943934314447304,0.021808406338095665,0.10130074806511402,0.4452111091193234,0.030592316649572234,0.02516333393024066,5,14.359556068202872,19.216550083302362,19.76834776045858,no_fit,14.359556068202872,0.9996897090706724,-1.9853678381934592
wave,0.1,210,2,3,False,0.9948995661383583,0.025834020227193832,0.19608758203685284,0.39063410815890864,0.006913758692138806,0.004431515532901152,5,-14.91705126663341,-14.37216040256402,-13.920625049834637,acf_or_spectral,-14.91705126663341,0.9996897090706724,-1.9853678381934592
wave,0.1,210,3,0,False,0.9984656838720921,0.01871793158352375,0.12628332898020744,0.4124770995737174,0.014457345658687476,0.010741156206507677,5,-3.1998687279046076,-3.671366920973868,-3.6675295894225033,acf_or_spectral,-3.671366920973868,0.9996897090706724,-1.9853678381934592
wave,0.1,210,3,1,False,0.9969069465321333,0.018308931961655617,0.09486666228622198,0.43716383571184736,0.02656647254767243,0.021490270618030636,5,10.04277684763657,13.505775286837414,13.799660996763572,no_fit,10.04277684763657,0.9996897090706724,-1.9853678381934592
wave,0.1,210,3,2,False,0.9984134365948883,0.01987241581082344,0.12942238803952932,0.41312509474279907,0.014947683672370307,0.011169386163169,5,-2.8522662619165216,-2.975808449405839,-2.971660703730946,acf_or_spectral,-2.975808449405839,0.9996897090706724,-1.9853678381934592
wave,0.1,210,3,3,False,0.9951547196984291,0.02102692984044552,0.11650430969893932,0.43379829911189516,0.025890680762961114,0.02087277113033447,5,8.23741026878614,12.547145346357048,12.796231241945938,no_fit,8.23741026878614,0.9996897090706724,-1.9853678381934592
wave,0.1,211,0,0,False,0.8004464507782728,0.0849185436964035,0.3485299199819565,0.39308627892116954,0.006346048573058751,0.004013761687430886,5,-13.60163929343339,-15.177473414612988,-14.599470372117088,acf_or_spectral,-15.177473414612988,0.9996897090706724,-1.9853678381934592
wave,0.1,211,0,1,False,0.8150902031384405,0.07181549072265625,0.012151751201599836,0.4226928339172461,0.02093459713239142,0.016433283109752138,5,2.2801326966774798,5.516799220118925,5.582112906999797,no_fit,2.2801326966774798,0.9996897090706724,-1.9853678381934592
wave,0.1,211,0,2,False,0.9212251172490089,0.03962928429245949,0.30584372393786907,0.4332760780681347,0.02401411193794782,0.01919439087011064,5,7.957276509672972,9.88517889200266,10.06888210795634,no_fit,7.957276509672972,0.9996897090706724,-1.9853678381934592
wave,0.1,211,0,3,False,0.9747441149869878,0.03180290386080742,0.22162196412682533,0.4299764581683448,0.02343118334176811,0.018690287454654404,5,6.18726946530594,9.058278035700047,9.249719701099622,no_fit,6.18726946530594,0.9996897090706724,-1.9853678381934592
wave,0.1,211,1,0,False,0.9931429011914574,0.021654659882187843,0.1818656399846077,0.422852833630927,0.019004205193278723,0.014734272283892388,5,2.3659609523289746,2.7784831417636746,2.821239334803727,no_fit,2.3659609523289746,0.9996897090706724,-1.9853678381934592
wave,0.1,211,1,1,False,0.9581902351537519,0.04953913390636444,0.06452122190967202,0.4243265122298169,0.020855878648104398,0.016370969289247632,5,3.156482764048588,5.40513480274367,5.480853646261183,no_fit,3.156482764048588,0.9996897090706724,-1.9853678381934592
wave,0.1,211,1,2,False,0.9321528426820517,0.043164338916540146,0.22059503011405468,0.4454610558320886,0.03288847230500147,0.027236965893008114,5,14.493634372900642,22.47371243581317,23.13797648637838,no_fit,14.493634372900642,0.9996897090706724,-1.9853678381934592
wave,0.1,211,1,3,False,0.9931575824099682,0.02319994941353798,0.19659449718892574,0.4086231008475868,0.012551044702555574,0.009101908301064115,5,-5.2672598521571805,-6.375509252172872,-6.331289084967051,acf_or_spectral,-6.375509252172872,0.9996897090706724,-1.9853678381934592
wave,0.1,211,2,0,False,0.9976278586535199,0.02035713940858841,0.16709314659237862,0.4035888281755068,0.010729794856936488,0.007555807304232604,5,-7.967782446718291,-8.95900415489874,-8.843685896763755,acf_or_spectral,-8.95900415489874,0.9996897090706724,-1.9853678381934592
wave,0.1,211,2,1,False,0.9644049861601037,0.035169243812561035,0.07816390739753842,0.44270049331019884,0.03226493094874982,0.026666330753307557,5,13.012792561250862,21.58920121985349,22.210700772423788,no_fit,13.012792561250862,0.9996897090706724,-1.9853678381934592
wave,0.1,211,2,2,False,0.9975185884601628,0.017751090228557587,0.15641449578106403,0.4197965790305623,0.017374451613822367,0.013290899561722995,5,0.7265017611751065,0.4666311598114134,0.475774819326218,no_fit,0.4666311598114134,0.9996897090706724,-1.9853678381934592
wave,0.1,211,2,3,False,0.9974331510864101,0.02033185586333275,0.16829704493284225,0.40490862152639695,0.011120003345196626,0.007887107072965985,5,-7.259808922757815,-8.405482273842516,-8.30532748135589,acf_or_spectral,-8.405482273842516,0.9996897090706724,-1.9853678381934592
wave,0.1,211,3,0,False,0.9977455394906799,0.019819127395749092,0.10966058447957039,0.4353223315466375,0.025573237549190258,0.020594012156158442,5,9.054943265695753,12.09684308461374,12.343251029518136,no_fit,9.054943265695753,0.9996897090706724,-1.9853678381934592
wave,0.1,211,3,1,False,0.9881788381156981,0.027643803507089615,0.08688600733876228,0.42620436594927624,0.02103784389882741,0.016526240445661262,5,4.1638152486009945,5.663257706005377,5.733167537227586,no_fit,4.1638152486009945,0.9996897090706724,-1.9853678381934592
wave,0.1,211,3,2,False,0.9964660589893336,0.020656362175941467,0.10788156650960445,0.4383955825507751,0.02656350390180416,0.021497726229568546,5,10.703519796216119,13.501564177918386,13.81177628204974,no_fit,10.703519796216119,0.9996897090706724,-1.9853678381934592
wave,0.1,211,3,3,False,0.9556986444070761,0.038517482578754425,0.021924039465375245,0.47670517299743836,0.05608416151811667,0.04874661393017881,5,31.25383983814817,55.377459821952975,58.09091375386923,no_fit,31.25383983814817,0.9996897090706724,-1.9853678381934592
wave,0.1,212,0,0,False,0.9653940323905665,0.03362077847123146,0.030191559111699462,0.42524370158851055,0.0260872623286941,0.021154156974025617,5,3.6484884117323273,12.826001909756457,13.25348008792893,no_fit,3.6484884117323273,0.9996897090706724,-1.9853678381934592
wave,0.1,212,0,1,False,0.9626148715224563,0.037111684679985046,0.2801426164805889,0.43885451566365163,0.02653946707268917,0.021471141363245322,5,10.94970416512979,13.467467249566877,13.768576171882687,no_fit,10.94970416512979,0.9996897090706724,-1.9853678381934592
wave,0.1,212,0,2,False,0.9511486871869129,0.04600687325000763,0.1646866211667657,0.3506778154381929,0.0007284775161783131,0.0005683834889079872,5,-36.35070778778652,-23.14615834055058,-20.19817137492494,acf_or_spectral,-36.35070778778652,0.9996897090706724,-1.9853678381934592
wave,0.1,212,0,3,False,0.9508997290905696,0.04054487124085426,0.25847187638282776,0.4028222248295418,0.010868766695310375,0.007876970527624573,5,-8.379009607361798,-8.761868634516945,-8.321799254060641,acf_or_spectral,-8.761868634516945,0.9996897090706724,-1.9853678381934592
wave,0.1,212,1,0,False,0.8486797312535519,0.05770014598965645,0.00903717678738758,0.46958441996123723,0.05086415495486142,0.043899134661616546,5,27.434071677555938,47.97273148069601,50.2138142082736,no_fit,27.434071677555938,0.9996897090706724,-1.9853678381934592
wave,0.1,212,1,1,False,0.9938572863279433,0.026724092662334442,0.1219436265528202,0.39953460903296445,0.010105801430045655,0.00704577156524588,5,-10.142577319959466,-9.844156645966724,-9.672488262947253,acf_or_spectral,-10.142577319959466,0.9996897090706724,-1.9853678381934592
wave,0.1,212,1,2,False,0.9984470981781255,0.018588263541460037,0.15643562376499176,0.41218388302414666,0.0157432637583952,0.011927907455330344,5,-3.3571581654844618,-1.8472553835540466,-1.739072095346682,no_fit,-3.3571581654844618,0.9996897090706724,-1.9853678381934592
wave,0.1,212,1,3,False,0.9379820938231609,0.04436774179339409,0.1560133881866932,0.4640645908990157,0.04642412772000988,0.039718101534518255,5,24.473083254478443,41.67442608520329,43.41968218192779,no_fit,24.473083254478443,0.9996897090706724,-1.9853678381934592
wave,0.1,212,2,0,False,0.995713967674131,0.01907467469573021,0.08596351556479931,0.43602979343137804,0.027054459463100082,0.02194401873211359,5,9.434445316732493,14.197998658406577,14.536996602598522,no_fit,9.434445316732493,0.9996897090706724,-1.9853678381934592
wave,0.1,212,2,1,False,0.9189227913818647,0.050093650817871094,0.022291257744655013,0.4543220007334846,0.04291599707626211,0.03653513849944916,5,19.246889405766023,36.698042609855364,38.24740288208731,no_fit,19.246889405766023,0.9996897090706724,-1.9853678381934592
wave,0.1,212,2,2,False,0.9900245847024525,0.026637282222509384,0.13097892981022596,0.41076507830571385,0.012648472841681257,0.009212612713598722,5,-4.11824411552591,-6.237304655248001,-6.151395653895108,acf_or_spectral,-6.237304655248001,0.9996897090706724,-1.9853678381934592
wave,0.1,212,2,3,False,0.9735491723479616,0.0341765433549881,0.06030915956944227,0.4398340003780301,0.030909797590894083,0.025441977403329215,5,11.475126758323063,19.666905862653874,20.221140284912234,no_fit,11.475126758323063,0.9996897090706724,-1.9853678381934592
wave,0.1,212,3,0,False,0.999141373669026,0.018810607492923737,0.12561289221048355,0.42603486753484066,0.021085585639930172,0.016572096103382655,5,4.072891628101817,5.730980728787196,5.807682467686958,no_fit,4.072891628101817,0.9996897090706724,-1.9853678381934592
wave,0.1,212,3,1,False,0.9939382623499009,0.021849608048796654,0.08661759551614523,0.43302537482138914,0.02445456685056495,0.019588084661583773,5,7.822792379299793,10.509976760545575,10.708630111837257,no_fit,7.822792379299793,0.9996897090706724,-1.9853678381934592
wave,0.1,212,3,2,False,0.9932557757973826,0.02254446968436241,0.07975848345085979,0.44926844220945417,0.03486821982999522,0.029047773472826763,5,16.5360213487439,25.282040821843534,26.080518532232492,no_fit,16.5360213487439,0.9996897090706724,-1.9853678381934592
wave,0.1,212,3,3,False,0.9947675342838963,0.021383870393037796,0.09464038070291281,0.4368898579052449,0.025838984095500027,0.020851318366757257,5,9.895807601961513,12.473812147622729,12.761370741289076,no_fit,9.895807601961513,0.9996897090706724,-1.9853678381934592
wave,0.1,213,0,0,False,0.8494846961912306,0.06617876887321472,0.02578163705766201,0.4130960165596198,0.014779065558161648,0.011026897137571533,5,-2.8678646007033533,-3.2149980584609543,-3.2032037752125233,acf_or_spectral,-3.2149980584609543,0.9996897090706724,-1.9853678381934592
wave,0.1,213,0,1,False,0.9772819832786778,0.03194393590092659,0.19304220750927925,0.4254578064030312,0.021936538906795054,0.017371572988700082,5,3.7633401344894266,6.9380822325658,7.10682345646646,no_fit,3.7633401344894266,0.9996897090706724,-1.9853678381934592
wave,0.1,213,0,2,False,0.9229234203077041,0.048208609223365784,0.2195593286305666,0.49390571873668837,0.0668385979429349,0.05886828936130864,5,40.480686581122576,70.63293492990712,74.53852302087421,no_fit,40.480686581122576,0.9996897090706724,-1.9853678381934592
wave,0.1,213,0,3,False,0.9965902495290396,0.0208752378821373,0.1661390122026205,0.42147582302139563,0.01879303488771841,0.014623512435491995,5,1.6272945140541024,2.478932034410424,2.6412558210704646,no_fit,1.6272945140541024,0.9996897090706724,-1.9853678381934592
wave,0.1,213,1,0,False,0.9957538633762814,0.021581413224339485,0.18146182410418987,0.4085579793748456,0.013073518432673799,0.00955636396220525,5,-5.3021928047371985,-5.6343653493659644,-5.592803723083299,acf_or_spectral,-5.6343653493659644,0.9996897090706724,-1.9853678381934592
wave,0.1,213,1,1,False,0.9953508781381581,0.020856419578194618,0.1292033437639475,0.4657760263111994,0.041765131601358696,0.03544509723224506,5,25.391144372893102,35.06550707647527,36.47609802550758,no_fit,25.391144372893102,0.9996897090706724,-1.9853678381934592
wave,0.1,213,1,2,False,0.9911953816361244,0.02617938071489334,0.21671528741717339,0.4319354055642763,0.021817510730195777,0.017246963347139623,5,7.23810283267774,6.7692373658031855,6.904334183891634,no_fit,6.7692373658031855,0.9996897090706724,-1.9853678381934592
wave,0.1,213,1,3,False,0.9963244248850159,0.019788220524787903,0.09648887347429991,0.4225361982424971,0.01991183923977496,0.015523967787023411,5,2.19610900421443,4.065987949686615,4.10448568702944,no_fit,2.19610900421443,0.9996897090706724,-1.9853678381934592
wave,0.1,213,2,0,False,0.9836571501287381,0.029418913647532463,0.08116664830595255,0.4271782769490159,0.023000657289888354,0.01827478870622891,5,4.686247947662934,8.44756453958224,8.574538886269906,no_fit,4.686247947662934,0.9996897090706724,-1.9853678381934592
wave,0.1,213,2,1,False,0.994951599961815,0.020827561616897583,0.10022183321416378,0.43029588161059645,0.02219621746777787,0.017591675767735585,5,6.3586170023229815,7.306443685147417,7.464488008426291,no_fit,6.3586170023229815,0.9996897090706724,-1.9853678381934592
wave,0.1,213,2,2,False,0.9947661963227745,0.025033941492438316,0.11278622411191463,0.44391591521073787,0.03289011663774584,0.02723484032552926,5,13.664778363000037,22.476044968756785,23.134522463020218,no_fit,13.664778363000037,0.9996897090706724,-1.9853678381934592
wave,0.1,213,2,3,False,0.9933642566269862,0.022150011733174324,0.11039738729596138,0.4314213497412051,0.025293387534935086,0.020336136368054814,5,6.962349122957471,11.699867849669939,11.924205760678094,no_fit,6.962349122957471,0.9996897090706724,-1.9853678381934592
wave,0.1,213,3,0,False,0.9786979733838217,0.022829074412584305,0.04074206901714206,0.436848816892474,0.0283453681867842,0.023093150246326223,5,9.873792071712982,16.029189538419313,16.404322449072676,no_fit,9.873792071712982,0.9996897090706724,-1.9853678381934592
wave,0.1,213,3,1,False,0.9761320360388106,0.03618553653359413,0.15122712403535843,0.37229313809142695,0.00260959868872978,0.0012164226654507232,5,-24.755653046806547,-20.477734251243692,-19.145114967612653,acf_or_spectral,-24.755653046806547,0.9996897090706724,-1.9853678381934592
wave,0.1,213,3,2,False,0.8503734824633759,0.06840503960847855,0.011709265934769064,0.4693784307492751,0.057180468174710855,0.049818856162002004,5,27.32357338765903,56.9326021139062,59.8332953772089,no_fit,27.32357338765903,0.9996897090706724,-1.9853678381934592
wave,0.1,213,3,3,False,0.9219492864822508,0.04129674285650253,0.037820522440597415,0.4944181884411744,0.07521489579557275,0.06677105409296344,5,40.7555894531239,82.51495257732526,87.38042724115373,no_fit,40.7555894531239,0.9996897090706724,-1.9853678381934592
wave,0.1,214,0,0,False,0.8594338367750339,0.06932854652404785,0.02470833680126816,0.5005535174906129,0.08795744865345134,0.07892975722049145,5,44.046749031143,100.59062760633475,107.13818371100025,no_fit,44.046749031143,0.9996897090706724,-1.9853678381934592
wave,0.1,214,0,1,False,0.9422953484556497,0.04006040468811989,0.09743631538003683,0.43492684444411256,0.027445356728140233,0.022308326635583,5,8.842793085164335,14.752497588989838,15.128992867438022,no_fit,8.842793085164335,0.9996897090706724,-1.9853678381934592
wave,0.1,214,0,2,False,0.9943964886918331,0.022549714893102646,0.09023667313158512,0.45231367679585954,0.034892991819147415,0.029112956678183814,5,18.169569100723113,25.317180595696655,26.186440511234743,no_fit,18.169569100723113,0.9996897090706724,-1.9853678381934592
wave,0.1,214,0,3,False,0.7262875269930703,0.12313317507505417,0.38207837473601103,0.5741663304641516,0.1514127965576445,0.13990685610671863,5,83.5346905140796,190.60385025973395,206.22528678403745,no_fit,83.5346905140796,0.9996897090706724,-1.9853678381934592
wave,0.1,214,1,0,False,0.957885043331733,0.04031061381101608,0.12629339843988419,0.45509925500759285,0.04126034470218802,0.03494934525807815,5,19.663830017781237,34.3494524483268,35.67050661725458,no_fit,19.663830017781237,0.9996897090706724,-1.9853678381934592
wave,0.1,214,1,1,False,0.9502183298181478,0.035476867109537125,0.07482248824089766,0.4268643945603677,0.022094119684251335,0.017472207363235133,5,4.517872784497787,7.161615064321508,7.270353188519644,no_fit,4.517872784497787,0.9996897090706724,-1.9853678381934592
wave,0.1,214,1,2,False,0.9955062113454118,0.020991116762161255,0.16328854486346245,0.4235035714027492,0.01899535176464396,0.01474512217368577,5,2.715034626007055,2.7659243004797203,2.8388702842572884,no_fit,2.715034626007055,0.9996897090706724,-1.9853678381934592
wave,0.1,214,1,3,False,0.8804794685495556,0.04910432919859886,0.1858589295297861,0.44890531352827007,0.035421908788751094,0.02957876976339698,5,16.341229117145193,26.06746441766828,26.943381560093194,no_fit,16.341229117145193,0.9996897090706724,-1.9853678381934592
wave,0.1,214,2,0,False,0.8624412633492446,0.06053749844431877,0.15421258751302958,0.3450436882957188,0.0004138958086119706,0.0010130407762355322,5,-39.373008850910075,-23.592401474046735,-19.475608260798936,acf_or_spectral,-39.373008850910075,0.9996897090706724,-1.9853678381934592
wave,0.1,214,2,1,False,0.9982818653090998,0.020383067429065704,0.14437600411474705,0.42086397297837574,0.018058494486743223,0.01389241095777053,5,1.2990812897641049,1.4369655044857277,1.4532241041958678,no_fit,1.2990812897641049,0.9996897090706724,-1.9853678381934592
wave,0.1,214,2,2,False,0.9943495093490966,0.020618820562958717,0.1004464877769351,0.42520041917840423,0.020033015718873795,0.015636968449996003,5,3.6252705341852076,4.237880244878926,4.288110499357398,no_fit,3.6252705341852076,0.9996897090706724,-1.9853678381934592
wave,0.1,214,2,3,False,0.9981797864913255,0.021999768912792206,0.17298385687172413,0.3965898984131311,0.00850598282414102,0.005704293191371298,5,-11.72220124605452,-12.113545013291846,-11.852375603116927,acf_or_spectral,-12.113545013291846,0.9996897090706724,-1.9853678381934592
wave,0.1,214,3,0,False,0.9988076082870985,0.01864711567759514,0.16395342350006104,0.4145933395618682,0.01494923214687664,0.011170309959808132,5,-2.064659279435513,-2.9736118941096294,-2.9701595445339346,acf_or_spectral,-2.9736118941096294,0.9996897090706724,-1.9853678381934592
wave,0.1,214,3,1,False,0.9941296719981328,0.022434748709201813,0.09113991167396307,0.43206803560062346,0.02361841203761668,0.01883839705576254,5,7.309249239160527,9.323867286143805,9.490396144865677,no_fit,7.309249239160527,0.9996897090706724,-1.9853678381934592
wave,0.1,214,3,2,False,0.9966629682113372,0.021973395720124245,0.12319141067564487,0.4176708539721221,0.01675358552363094,0.012741014833276694,5,-0.413795740384453,-0.41408511486294675,-0.41778170863373076,no_fit,-0.41778170863373076,0.9996897090706724,-1.9853678381934592
wave,0.1,214,3,3,False,0.9934332011448141,0.024810485541820526,0.12192085571587086,0.4323610128994303,0.025556834048268418,0.02056918523719559,5,7.466410336037399,12.07357425023587,12.30290756413209,no_fit,7.466410336037399,0.9996897090706724,-1.9853678381934592
wave,0.1,215,0,0,False,0.9998070032990947,0.016690542921423912,0.14118501916527748,0.4227730677904389,0.018887999436295214,0.01462117772527613,5,2.323172357323579,2.613641957806158,2.63746194310594,ungated,2.323172357323579,0.9996897090706724,-1.9853678381934592
wave,0.1,215,0,1,False,0.9976102949280897,0.020666824653744698,0.12095671147108078,0.42410123852823356,0.020049729497961175,0.015647643545809435,5,3.0356397424816195,4.261589217693061,4.305457410550297,no_fit,3.0356397424816195,0.9996897090706724,-1.9853678381934592
wave,0.1,215,0,2,False,0.9984505711818805,0.019352484494447708,0.13043653406202793,0.4013660888261307,0.010407289391888631,0.00728313406366396,5,-9.16012108743204,-9.416487364605837,-9.286776860207194,acf_or_spectral,-9.416487364605837,0.9996897090706724,-1.9853678381934592
wave,0.1,215,0,3,False,0.9803281075294851,0.03337634727358818,0.1616472601890564,0.4198776501160528,0.018748674167940002,0.014491992859334458,5,0.7699905255694198,2.416005086905422,2.4275379821296634,no_fit,0.7699905255694198,0.9996897090706724,-1.9853678381934592
wave,0.1,215,1,0,False,0.9948413475310574,0.021804753690958023,0.1823515873402357,0.40897584956080313,0.01363376153108623,0.010048095353244116,5,-5.078035721425009,-4.839644519317596,-4.79374571740436,acf_or_spectral,-5.078035721425009,0.9996897090706724,-1.9853678381934592
wave,0.1,215,1,1,False,0.9869260976398078,0.025132743641734123,0.07417475106194615,0.4044318865533477,0.01315032967951906,0.00970086737724618,5,-7.515542700047435,-5.525406402753511,-5.357987291306472,acf_or_spectral,-7.515542700047435,0.9996897090706724,-1.9853678381934592
wave,0.1,215,1,2,False,0.9986036655664217,0.01963859237730503,0.12610557302832603,0.42825164872752713,0.022566070337189763,0.01789002829991767,5,5.26203414937382,7.831090539714129,7.949307533270974,no_fit,5.26203414937382,0.9996897090706724,-1.9853678381934592
wave,0.1,215,1,3,False,0.9819326860931042,0.027694862335920334,0.1932433396577835,0.4292101752959533,0.02342779213665311,0.01867179482390116,5,5.776214215518798,9.05346751442545,9.219669383144069,no_fit,5.776214215518798,0.9996897090706724,-1.9853678381934592
wave,0.1,215,2,0,False,0.9991289609428509,0.019426381215453148,0.141463877633214,0.4091580048816235,0.01404704288676974,0.01039379844572824,5,-4.980322587545087,-4.253393117090547,-4.23198206214166,acf_or_spectral,-4.980322587545087,0.9996897090706724,-1.9853678381934592
wave,0.1,215,2,1,False,0.9718010285967217,0.031349338591098785,0.05009233532473445,0.4144140596894572,0.015540272989237358,0.011689535927731273,5,-2.1608299435477387,-2.135203584994485,-2.126423159210126,acf_or_spectral,-2.1608299435477387,0.9996897090706724,-1.9853678381934592
wave,0.1,215,2,2,False,0.9985103809110291,0.01941577158868313,0.1472425628453493,0.39793754163847656,0.009376305621224566,0.0064341178251068575,5,-10.999288281956174,-10.878967277897639,-10.66641874342561,acf_or_spectral,-10.999288281956174,0.9996897090706724,-1.9853678381934592
wave,0.1,215,2,3,False,0.9405056780419974,0.03095323219895363,0.017383762635290623,0.41372830272075023,0.016012219448592997,0.012175603684058203,5,-2.528688879485311,-1.465734058318777,-1.3365684965356948,no_fit,-2.528688879485311,0.9996897090706724,-1.9853678381934592
wave,0.1,215,3,0,False,0.9948135884783992,0.02048732154071331,0.08943758718669415,0.43745971940336026,0.028212270166552353,0.022992631008624313,5,10.201497013654635,15.840386196769616,16.24097981308443,no_fit,10.201497013654635,0.9996897090706724,-1.9853678381934592
wave,0.1,215,3,1,False,0.9639316262307669,0.02662309817969799,0.03566985670477152,0.44091206808600997,0.028076203276941606,0.02286116062290966,5,12.05343198601019,15.647371429144675,16.027341908062645,no_fit,12.05343198601019,0.9996897090706724,-1.9853678381934592
wave,0.1,215,3,2,False,0.9678089796379794,0.03258843347430229,0.08838164480403066,0.468260216336536,0.04989466982278416,0.04295129815770633,5,26.72373236118594,46.59748914202682,48.673590500114344,no_fit,26.72373236118594,0.9996897090706724,-1.9853678381934592
wave,0.1,215,3,3,False,0.8712040280093168,0.06355616450309753,0.0018378905224381015,0.43736018928599735,0.04639014418152823,0.039935181701848343,5,10.14810631587449,41.626219465636446,43.772435023703395,no_fit,10.14810631587449,0.9996897090706724,-1.9853678381934592
wave,0.1,216,0,0,False,0.8414462638828347,0.11286913603544235,0.07713917782530189,0.3080153582669594,0.0059138307754455785,0.0026651587153539652,6,-59.23602549601665,-15.790586700353014,-16.790935104608206,acf_or_spectral,-59.23602549601665,0.9996897090706724,-1.9853678381934592
wave,0.1,216,0,1,False,0.9971494311655081,0.02089422009885311,0.14799724705517292,0.4302956344230975,0.02070844867147411,0.01638961368080768,5,6.358484404136601,5.196001171765174,5.511150573828881,no_fit,5.196001171765174,0.9996897090706724,-1.9853678381934592
wave,0.1,216,0,2,False,0.7304128517845137,0.11519810557365417,0.3193058930337429,0.5696150920874054,0.14930219920189405,0.13788032989213983,5,81.09328082687675,187.60990765301023,202.932204371592,no_fit,81.09328082687675,0.9996897090706724,-1.9853678381934592
wave,0.1,216,0,3,False,0.9918306333273881,0.0220014750957489,0.09233465977013111,0.4113875205368191,0.01581364329681482,0.011957904567399584,5,-3.784348949649994,-1.7474199989687529,-1.6903271240412407,no_fit,-3.784348949649994,0.9996897090706724,-1.9853678381934592
wave,0.1,216,1,0,False,0.8891648827883064,0.06817179173231125,0.09230618644505739,0.427933307231913,0.022085286232383754,0.01748429943163172,5,5.091266998349157,7.149084560652138,7.290002664297666,no_fit,5.091266998349157,0.9996897090706724,-1.9853678381934592
wave,0.1,216,1,1,False,0.9924881717513574,0.02509688027203083,0.1551392925903201,0.3931550503811452,0.007237195692157911,0.004679642477387153,5,-13.564748387115353,-13.91335578390487,-13.517421542738377,acf_or_spectral,-13.91335578390487,0.9996897090706724,-1.9853678381934592
wave,0.1,216,1,2,False,0.8521888241805919,0.07203338295221329,0.035162940388545394,0.48878040905256814,0.06443559077641352,0.0566422642778083,5,37.731329224527336,67.2242006582996,70.92125717975064,no_fit,37.731329224527336,0.9996897090706724,-1.9853678381934592
wave,0.1,216,1,3,False,0.8323545750180591,0.0692652091383934,0.012052677688188851,0.44951696855740986,0.03637180856465071,0.0305267874891187,5,16.669337730615762,27.414924369437223,28.483899751667437,no_fit,16.669337730615762,0.9996897090706724,-1.9853678381934592
wave,0.1,216,2,0,False,0.9983621588698619,0.018426816910505295,0.13719772174954414,0.4416355519839678,0.027952635704017147,0.022757530309032825,5,12.44152868646743,15.472087299094945,15.858943808117546,no_fit,12.44152868646743,0.9996897090706724,-1.9853678381934592
wave,0.1,216,2,1,False,0.9975642196225087,0.02030986361205578,0.1416319441050291,0.4241672645323571,0.01912816129431137,0.014853712834527277,5,3.071057910621986,2.9543184100273567,3.0153288924906487,no_fit,2.9543184100273567,0.9996897090706724,-1.9853678381934592
wave,0.1,216,2,2,False,0.9547940982980628,0.0372147373855114,0.06896145408973098,0.389907846533339,0.007406504489626562,0.0049012946259634925,5,-15.306638016729565,-13.673186420926434,-13.157239282619328,acf_or_spectral,-15.306638016729565,0.9996897090706724,-1.9853678381934592
wave,0.1,216,2,3,False,0.8381645003617748,0.07294423878192902,0.00792659106082283,0.5084982705369994,0.09008030656707423,0.08090466095301732,5,48.30853350478976,103.60196216443968,110.34738016800515,no_fit,48.30853350478976,0.9996897090706724,-1.9853678381934592
wave,0.1,216,3,0,False,0.9961005753939395,0.019622767344117165,0.09790904633700848,0.44024282631649925,0.028346817861714706,0.023101973279610992,5,11.694432258043323,16.031245943696483,16.418659779389685,no_fit,11.694432258043323,0.9996897090706724,-1.9853678381934592
wave,0.1,216,3,1,False,0.9962906939939725,0.021926095709204674,0.17054924182593822,0.3947371472274704,0.00788470818572656,0.005216131295349594,5,-12.716068039707821,-12.994840825284637,-12.645633219352213,acf_or_spectral,-12.994840825284637,0.9996897090706724,-1.9853678381934592
wave,0.1,216,3,2,False,0.9996044224828445,0.017156675457954407,0.12804914359003305,0.414309459343218,0.016267311928364888,0.012316125498844787,5,-2.2169404518212614,-1.1038780928675558,-1.108222120599572,no_fit,-2.2169404518212614,0.9996897090706724,-1.9853678381934592
wave,0.1,216,3,3,False,0.9766076895016326,0.02895232103765011,0.06868564244359732,0.4704665089611011,0.0516045765869686,0.04454391411268223,5,27.90724852547625,49.02304070489069,51.261573598177144,no_fit,27.90724852547625,0.9996897090706724,-1.9853678381934592
wave,0.1,217,0,0,False,0.8747859797692649,0.057479437440633774,0.26369138434529305,0.42664992712377703,0.018610724011699394,0.014398713730180186,5,4.402826541269299,2.2203188517987265,2.2759604414808714,no_fit,2.2203188517987265,0.9996897090706724,-1.9853678381934592
wave,0.1,217,0,1,False,0.9879157606122837,0.02735053561627865,0.08798725996166468,0.44492101013707297,0.030613073445689462,0.02518943886468321,5,14.203938979646816,19.245994191201543,19.810767986692206,no_fit,14.203938979646816,0.9996897090706724,-1.9853678381934592
wave,0.1,217,0,2,False,0.9242324727297535,0.051814232021570206,0.1869268137961626,0.46669617603219105,0.04823587013727603,0.041420162339062636,5,25.884738040494412,44.24443442937327,46.18551193534295,no_fit,25.884738040494412,0.9996897090706724,-1.9853678381934592
wave,0.1,217,0,3,False,0.9865447251540781,0.02607782371342182,0.0757048362866044,0.4079056290427933,0.017895715644165977,0.013921048821858462,5,-5.652131500161259,1.2060590689510788,1.4997603127479837,no_fit,-5.652131500161259,0.9996897090706724,-1.9853678381934592
wave,0.1,217,1,0,False,0.9761374236524017,0.030465591698884964,0.06128931697458029,0.43247715317907864,0.024974606737254136,0.020047428148451295,5,7.528711182606248,11.24766818696212,11.45505813580891,no_fit,7.528711182606248,0.9996897090706724,-1.9853678381934592
wave,0.1,217,1,1,False,0.9906563911570393,0.024948908016085625,0.10616907011717558,0.4016409792993745,0.010618762422205918,0.007465741658494739,5,-9.012662262219505,-9.116506833542022,-8.990041562834696,acf_or_spectral,-9.116506833542022,0.9996897090706724,-1.9853678381934592
wave,0.1,217,1,2,False,0.9712217980683473,0.030560001730918884,0.05365705117583275,0.4297482531904425,0.023044012228162866,0.018323224483322843,5,6.064854026342089,8.509064757308888,8.653246481826134,no_fit,6.064854026342089,0.9996897090706724,-1.9853678381934592
wave,0.1,217,1,3,False,0.9174280729061266,0.048731084913015366,0.16294700372964144,0.47032940785876964,0.051039462776549305,0.044040999388595736,5,27.83370371598695,48.22141063080168,50.44434280148928,no_fit,27.83370371598695,0.9996897090706724,-1.9853678381934592
wave,0.1,217,2,0,False,0.999169967607358,0.018960969522595406,0.14401244651526213,0.431309141573183,0.02187397237488536,0.017319315977999496,5,6.902157569425114,6.849329820776311,7.021906399076783,no_fit,6.849329820776311,0.9996897090706724,-1.9853678381934592
wave,0.1,217,2,1,False,0.8113933941537614,0.08405844122171402,0.005561708938330412,0.418479977427838,0.02742332117168786,0.02235709965288305,5,0.020240378888222808,14.721239523046622,15.208248474553908,no_fit,0.020240378888222808,0.9996897090706724,-1.9853678381934592
wave,0.1,217,2,2,False,0.9970835651731011,0.01926552876830101,0.10096506960690022,0.4363202304166207,0.026162221019899748,0.02113670408205389,5,9.590243719408203,12.932332953303623,13.225119333853835,no_fit,9.590243719408203,0.9996897090706724,-1.9853678381934592
wave,0.1,217,2,3,False,0.9943799776715934,0.02329542674124241,0.09469905402511358,0.4305100009436091,0.023452544905287507,0.01874936166623934,5,6.473476513199267,9.088580023425324,9.345714633610212,no_fit,6.473476513199267,0.9996897090706724,-1.9853678381934592
wave,0.1,217,3,0,False,0.9841818737703447,0.027867775410413742,0.08231047121807933,0.46435698756131205,0.04625728973661544,0.03956831843093829,5,24.62993288193005,41.43776164253091,43.17628631537928,no_fit,24.62993288193005,0.9996897090706724,-1.9853678381934592
wave,0.1,217,3,1,False,0.9878331802195236,0.025804243981838226,0.09746557381004095,0.4126408467112954,0.014231803032440073,0.010550398643083206,5,-3.112030250804125,-3.991305575551765,-3.977508494523732,acf_or_spectral,-3.991305575551765,0.9996897090706724,-1.9853678381934592
wave,0.1,217,3,2,False,0.9909441649054221,0.021672992035746574,0.07358320709317923,0.44314404399735047,0.02984854356845001,0.0244835685093396,5,13.250725373100558,18.16148673299591,18.66373656122812,no_fit,13.250725373100558,0.9996897090706724,-1.9853678381934592
wave,0.1,217,3,3,False,0.9947890147861145,0.022568533197045326,0.13547077775001526,0.40361693725972086,0.009987600624364107,0.006938231745897923,5,-7.952703959322578,-10.011827863461086,-9.847239265517393,acf_or_spectral,-10.011827863461086,0.9996897090706724,-1.9853678381934592
wave,0.1,218,0,0,False,0.9991359044628724,0.01844722218811512,0.12503657676279545,0.4208118655928277,0.0183253217307146,0.01412194905752904,5,1.2711294521935137,1.8154675679816419,1.8262209467055037,no_fit,1.2711294521935137,0.9996897090706724,-1.9853678381934592
wave,0.1,218,0,1,False,0.9987344819854432,0.017884310334920883,0.12148972041904926,0.4236759577808853,0.020497206606723724,0.01604713380211958,5,2.807507429820988,4.89634827195208,4.9546246049019835,no_fit,2.807507429820988,0.9996897090706724,-1.9853678381934592
wave,0.1,218,0,2,False,0.9975771304759817,0.018930967897176743,0.11325459089130163,0.4205252310088217,0.017807727124735103,0.01366867993280997,5,1.117370762326819,1.0812448420646033,1.0896636932247479,no_fit,1.0812448420646033,0.9996897090706724,-1.9853678381934592
wave,0.1,218,0,3,False,0.9995507549387554,0.017273392528295517,0.13892441242933273,0.41914903668328646,0.017334364468679402,0.013252101459168076,5,0.37914220128242015,0.4097663999374174,0.4127283370055273,no_fit,0.37914220128242015,0.9996897090706724,-1.9853678381934592
wave,0.1,218,1,0,False,0.9979706541015618,0.020333847030997276,0.17900131084024906,0.4162961509143152,0.015731368437536995,0.011854435448395623,5,-1.1512243443233676,-1.864129235803032,-1.8584632841224409,no_fit,-1.864129235803032,0.9996897090706724,-1.9853678381934592
wave,0.1,218,1,1,False,0.9970245699618251,0.01893574371933937,0.10179548431187868,0.41751951847069824,0.017853399183676913,0.013701434338362814,5,-0.4949762738150268,1.1460319616116486,1.14288923557412,no_fit,-0.4949762738150268,0.9996897090706724,-1.9853678381934592
wave,0.1,218,1,2,False,0.9987387233821503,0.017517222091555595,0.11188831087201834,0.42163121840783946,0.01914698119306621,0.014864121159774103,5,1.710652881690696,2.9810149737195353,3.032242304499216,no_fit,1.710652881690696,0.9996897090706724,-1.9853678381934592
wave,0.1,218,1,3,False,0.9532116149900626,0.040006667375564575,0.3298777565360069,0.4293810074010763,0.020942223008264226,0.01648776615195542,5,5.867853264456244,5.5276167427633895,5.6706472406617205,no_fit,5.5276167427633895,0.9996897090706724,-1.9853678381934592
wave,0.1,218,2,0,False,0.9993898796209842,0.017556769773364067,0.1321342485025525,0.4164629613089485,0.016245580766549556,0.012301258210302896,5,-1.0617426517219366,-1.134704366327658,-1.1323812980461028,no_fit,-1.134704366327658,0.9996897090706724,-1.9853678381934592
wave,0.1,218,2,1,False,0.9960244026163011,0.01905457116663456,0.09544094000011683,0.4218884090324858,0.019314176884146744,0.015000068586388932,5,1.8486170203474517,3.218186834957202,3.2531553508648963,no_fit,1.8486170203474517,0.9996897090706724,-1.9853678381934592
wave,0.1,218,2,2,False,0.997680153048564,0.017796987667679787,0.10320816095918417,0.4274545042947903,0.021288401755372357,0.016777798154832123,5,4.834423908142101,6.018681178945606,6.141945998530542,no_fit,4.834423908142101,0.9996897090706724,-1.9853678381934592
wave,0.1,218,2,3,False,0.9979408058442001,0.021571140736341476,0.17198576219379902,0.41667892813875207,0.017183260602077977,0.013300197799332251,5,-0.9458920926541243,0.1954212511452401,0.4908843513507744,no_fit,-0.9458920926541243,0.9996897090706724,-1.9853678381934592
wave,0.1,218,3,0,False,0.9756786820250785,0.024776523932814598,0.049160278867930174,0.4343776266175332,0.02566144112418344,0.020669455832614224,5,8.548177507776373,12.221962373955192,12.465846159193473,no_fit,8.548177507776373,0.9996897090706724,-1.9853678381934592
wave,0.1,218,3,1,False,0.9715204784247884,0.03149361163377762,0.0380815549287945,0.427484306156112,0.027924908940399652,0.02276351670690608,5,4.8504104478274686,15.432756093303938,15.868671637645976,no_fit,4.8504104478274686,0.9996897090706724,-1.9853678381934592
wave,0.1,218,3,2,False,0.9789828534220606,0.028028147295117378,0.051315374206751585,0.4259106274488599,0.023834611307373216,0.01922453466278313,5,4.006245822203767,9.630552122786415,10.117865433600025,no_fit,4.006245822203767,0.9996897090706724,-1.9853678381934592
wave,0.1,218,3,3,False,0.9794085820203879,0.026691963896155357,0.042247612960636616,0.4403633645331255,0.03232241736193024,0.026766965463864124,5,11.759092279204406,21.67074733818803,22.374231050508175,no_fit,11.759092279204406,0.9996897090706724,-1.9853678381934592
wave,0.1,219,0,0,False,0.9915751077388348,0.02453719638288021,0.08619585912674665,0.43214038298933033,0.02428903248099075,0.0195279984978683,5,7.348058372194571,10.275161531295405,10.610990768442992,no_fit,7.348058372194571,0.9996897090706724,-1.9853678381934592
wave,0.1,219,0,1,False,0.7872503423284707,0.10423485189676285,0.38990053441375494,0.5618683986983019,0.1320015360212022,0.12116558446059979,5,76.93774101147623,163.06842299696007,175.7709301610101,no_fit,76.93774101147623,0.9996897090706724,-1.9853678381934592
wave,0.1,219,0,2,False,0.9874736842401405,0.023635897785425186,0.20372062176465988,0.4158886072307201,0.016571401541430483,0.012594048364234523,5,-1.3698420071931463,-0.6725182949701958,-0.6566005755895542,no_fit,-1.3698420071931463,0.9996897090706724,-1.9853678381934592
wave,0.1,219,0,3,False,0.8212520211864376,0.07820634543895721,0.10153914522379637,0.41411397707105235,0.013744774840933206,0.0101431905601478,5,-2.3218025296636524,-4.682168969867707,-4.639217070743124,acf_or_spectral,-4.682168969867707,0.9996897090706724,-1.9853678381934592
wave,0.1,219,1,0,False,0.9794557418526758,0.0282759852707386,0.09829286485910416,0.4604057212015066,0.042928067780012236,0.03647757338609017,5,22.510364718496586,36.71516524774372,38.15386021730007,no_fit,22.510364718496586,0.9996897090706724,-1.9853678381934592
wave,0.1,219,1,1,False,0.8782116221962638,0.06103086471557617,0.10510488506406546,0.3494382971616235,0.0005454765280449576,0.0005410212136112606,5,-37.01561954968042,-23.405750466899182,-20.242634765971115,acf_or_spectral,-37.01561954968042,0.9996897090706724,-1.9853678381934592
wave,0.1,219,1,2,False,0.997676127133775,0.020913295447826385,0.14109126012772322,0.414950096120271,0.015673289292233314,0.011800149379516612,5,-1.8732852300981115,-1.9465161615769262,-1.9466775383374688,no_fit,-1.9466775383374688,0.9996897090706724,-1.9853678381934592
wave,0.1,219,1,3,False,0.9218857574825627,0.04907258227467537,0.13943119440227747,0.46149095414709973,0.04548219762718558,0.038839988525511106,5,23.092513577097353,40.33827135641127,41.992758372456116,no_fit,23.092513577097353,0.9996897090706724,-1.9853678381934592
wave,0.1,219,2,0,False,0.9973743007123764,0.020512105897068977,0.1272754706442356,0.40873652946103656,0.012745488583721203,0.009268633696905558,5,-5.206413618064687,-6.099685055363192,-6.060362183156618,acf_or_spectral,-6.099685055363192,0.9996897090706724,-1.9853678381934592
wave,0.1,219,2,1,False,0.9976504371714504,0.019605984911322594,0.12111928313970566,0.4142616343635964,0.01521512237504017,0.011399419102904457,5,-2.242595088839391,-2.5964390142889626,-2.5978597517983317,acf_or_spectral,-2.5978597517983317,0.9996897090706724,-1.9853678381934592
wave,0.1,219,2,2,False,0.9946146695005568,0.022038143128156662,0.10421526432037354,0.4580755238688392,0.03874725760962125,0.03263200835459605,5,21.26038265424453,30.784566658840046,31.904860090864208,no_fit,21.26038265424453,0.9996897090706724,-1.9853678381934592
wave,0.1,219,2,3,False,0.9983626408137095,0.019074339419603348,0.13235306181013584,0.43856470083997257,0.02609321810115986,0.021085903321965457,5,10.794239507062171,12.834450343036545,13.142568667406694,no_fit,10.794239507062171,0.9996897090706724,-1.9853678381934592
wave,0.1,219,3,0,False,0.9938171328578463,0.02674262784421444,0.12167087197303772,0.41230696833893393,0.014341660716520021,0.010646380863760145,5,-3.2911318106775087,-3.835469314245541,-3.8215384604107596,acf_or_spectral,-3.835469314245541,0.9996897090706724,-1.9853678381934592
wave,0.1,219,3,1,False,0.9466613281844364,0.03531990572810173,0.06703473394736648,0.47942930262034067,0.06012337519319219,0.052526124109584606,5,32.71513803877213,61.10719973966923,64.2325754851223,no_fit,32.71513803877213,0.9996897090706724,-1.9853678381934592
wave,0.1,219,3,2,False,0.9921853055370449,0.022465111687779427,0.11159272771328688,0.3995143220746904,0.009753782565929271,0.006736852629117669,5,-10.153459803440711,-10.343505454860589,-10.17447807591723,acf_or_spectral,-10.343505454860589,0.9996897090706724,-1.9853678381934592
wave,0.1,219,3,3,False,0.9967139006697199,0.01928066648542881,0.1016683867201209,0.4212834971746159,0.018392205579822688,0.014182079542761242,5,1.5241256297727068,1.9103442174765382,1.9239323120682905,no_fit,1.5241256297727068,0.9996897090706724,-1.9853678381934592
wave,0.25,200,0,0,False,0.9883210131148724,0.025309700518846512,0.07045625196769834,0.36331900994153593,0.020060771394435257,0.015827951353598248,5,-0.5613377537073345,4.832049399919993,4.945310010783374,no_fit,-0.5613377537073345,0.9996896743994793,-1.9827702415236381
wave,0.25,200,0,1,False,0.986680730647054,0.02735290862619877,0.08432982582598925,0.38981461261241246,0.02614742898880036,0.021400112843186693,5,11.923486616731898,13.54363064850573,14.053797242187086,no_fit,11.923486616731898,0.9996896743994793,-1.9827702415236381
wave,0.25,200,0,2,False,0.984219444201939,0.03466165065765381,0.1211650762706995,0.34993692448662367,0.01215353847889699,0.008948286935570537,5,-6.867025104553386,-6.485246000263988,-6.300475960250303,acf_or_spectral,-6.867025104553386,0.9996896743994793,-1.9827702415236381
wave,0.25,200,0,3,False,0.9087039254856961,0.04969959706068039,0.14069143868982792,0.48692772163338616,0.09201579695500826,0.0831232946907497,5,57.68353688827624,107.8183011639936,114.94908083915637,no_fit,57.68353688827624,0.9996896743994793,-1.9827702415236381
wave,0.25,200,1,0,False,0.9830180523636276,0.03150356560945511,0.0916978009045124,0.3669909268064807,0.018168124426989132,0.014116358928494775,5,1.1688828316156572,2.123182082155888,2.147469751029208,no_fit,1.1688828316156572,0.9996896743994793,-1.9827702415236381
wave,0.25,200,1,1,False,0.9957507064550225,0.020414918661117554,0.09001435525715351,0.3802944982395332,0.027128034178352668,0.02223801570713725,5,7.4375740897246505,14.947130294925516,15.423468159246951,no_fit,7.4375740897246505,0.9996896743994793,-1.9827702415236381
wave,0.25,200,1,2,False,0.9900639906730047,0.02594328671693802,0.11896476149559021,0.378087015874248,0.023249646714316903,0.01881809927216028,5,6.3974003683047815,9.396154741820126,9.833130327391292,no_fit,6.3974003683047815,0.9996896743994793,-1.9827702415236381
wave,0.25,200,1,3,False,0.8370613545013572,0.07751234620809555,0.37225644662976265,0.44440718245146293,0.06026752622330594,0.05292946030179804,5,37.647704134556534,62.37831448930846,65.59298168216709,no_fit,37.647704134556534,0.9996896743994793,-1.9827702415236381
wave,0.25,200,2,0,False,0.9989165189860535,0.019251195713877678,0.13006358314305544,0.3635007720721517,0.01676759502023762,0.012893435474357022,5,-0.47569077650424324,0.11866227324719607,0.1484281425239672,no_fit,-0.47569077650424324,0.9996896743994793,-1.9827702415236381
wave,0.25,200,2,1,False,0.9856838136047494,0.024212801828980446,0.0805259607732296,0.36202524215451526,0.015974515703227304,0.012179018707911991,5,-1.1709658417235926,-1.016439348553319,-1.019387256800706,no_fit,-1.1709658417235926,0.9996896743994793,-1.9827702415236381
wave,0.25,200,2,2,False,0.9957221833552646,0.02066071517765522,0.09513913001865149,0.39785340875165554,0.030576036349852655,0.025308588581605413,5,15.711396602962626,19.882113181120772,20.442754458189725,no_fit,15.711396602962626,0.9996896743994793,-1.9827702415236381
wave,0.25,200,2,3,False,0.9975477275834896,0.02164217084646225,0.12392068840563297,0.368578180388101,0.017903166778433795,0.013940723567259459,5,1.9168024937587504,1.743959159387745,1.8603688749716805,no_fit,1.743959159387745,0.9996896743994793,-1.9827702415236381
wave,0.25,200,3,0,False,0.9760413670563791,0.03579133003950119,0.10527069587260485,0.3371649198237383,0.00757855905799502,0.005024745594264949,5,-12.885240166701264,-13.033224807662716,-12.714060038160094,acf_or_spectral,-13.033224807662716,0.9996896743994793,-1.9827702415236381
wave,0.25,200,3,1,False,0.9674690198519579,0.036774780601263046,0.04276767512783408,0.4207433995528659,0.05114185192109593,0.044507983660881836,5,26.497243543074017,49.31711433153518,51.82688524065577,no_fit,26.497243543074017,0.9996896743994793,-1.9827702415236381
wave,0.25,200,3,2,False,0.9895821735252577,0.026885785162448883,0.09567853435873985,0.36392672555565814,0.01622614750180601,0.012408217507972639,5,-0.27497994544245224,-0.6562891636512537,-0.6447293529143535,no_fit,-0.6562891636512537,0.9996896743994793,-1.9827702415236381
wave,0.25,200,3,3,False,0.9495081792710508,0.03789765387773514,0.04334421898238361,0.4229048647681173,0.05279358530242648,0.04602178260428518,5,27.515733815985957,51.68117199855157,54.30140403783446,no_fit,27.515733815985957,0.9996896743994793,-1.9827702415236381
wave,0.25,201,0,0,False,0.748033892305526,0.08425366133451462,0.0009900480581563897,0.4034284547470381,0.03943781020694076,0.03343478152422001,5,18.338378558197736,32.56560354767042,33.726167868951244,no_fit,18.338378558197736,0.9996896743994793,-1.9827702415236381
wave,0.25,201,0,1,False,0.7907046936550782,0.07832749933004379,0.5294635742902756,0.4187218268374503,0.03958182768781417,0.033644487840917496,5,25.544671125018482,32.77172981095929,34.06896254774021,no_fit,25.544671125018482,0.9996896743994793,-1.9827702415236381
wave,0.25,201,0,2,False,0.8051312386302002,0.06749596446752548,0.002683256665477529,0.4046039659145164,0.040053460415560224,0.034012663470892865,5,18.892283696863952,33.44675822574241,34.67079776569122,no_fit,18.892283696863952,0.9996896743994793,-1.9827702415236381
wave,0.25,201,0,3,False,0.9049470451167604,0.050781749188899994,0.16893012542277575,0.2817713642411548,0.0005127594480488845,0.0008852848197959262,5,-38.986885080892606,-23.146211522285334,-19.48059501378809,acf_or_spectral,-38.986885080892606,0.9996896743994793,-1.9827702415236381
wave,0.25,201,1,0,False,0.9354765992130615,0.043394580483436584,0.04420642647892237,0.4253536244858649,0.05035187712665428,0.04360906275389695,5,28.66959830366148,48.18645608447289,50.35747168926955,no_fit,28.66959830366148,0.9996896743994793,-1.9827702415236381
wave,0.25,201,1,1,False,0.9922308766872924,0.0243485476821661,0.14927510265260935,0.38757651850079566,0.027294176687590578,0.022337703467570177,5,10.868888529073999,15.184923196141103,15.586421924087963,no_fit,10.868888529073999,0.9996896743994793,-1.9827702415236381
wave,0.25,201,1,2,False,0.7485714082650741,0.13685092329978943,0.006077308673411608,0.3479608226760912,0.013543000917897119,0.010066809083439134,5,-7.798171466803272,-4.496565884527934,-4.472093074912239,acf_or_spectral,-7.798171466803272,0.9996896743994793,-1.9827702415236381
wave,0.25,201,1,3,False,0.9980436645682651,0.01983506977558136,0.15603632107377052,0.35606505251761333,0.014039728025702403,0.010494284658759536,5,-3.9794288820085644,-3.7856209215606005,-3.7733236966703996,acf_or_spectral,-3.9794288820085644,0.9996896743994793,-1.9827702415236381
wave,0.25,201,2,0,False,0.9945770914246165,0.020397579297423363,0.08889335719868541,0.4183197471237897,0.0422526055695862,0.036064625623261376,5,25.355209701161662,36.59430372008186,38.025020556810055,no_fit,25.355209701161662,0.9996896743994793,-1.9827702415236381
wave,0.25,201,2,1,False,0.9989405546621293,0.018656495958566666,0.13362633623182774,0.36388521413425,0.016203810775199744,0.012383329644235613,5,-0.2945402782299526,-0.6882587965147942,-0.6854120914690752,no_fit,-0.6882587965147942,0.9996896743994793,-1.9827702415236381
wave,0.25,201,2,2,False,0.8813167285949564,0.06248406320810318,0.012498677591793239,0.44487906818215495,0.06875919115289432,0.060928192587034455,5,37.87005840759527,74.53208325697506,78.66804259409942,no_fit,37.87005840759527,0.9996896743994793,-1.9827702415236381
wave,0.25,201,2,3,False,0.9843049807663202,0.026272065937519073,0.11064483132213354,0.35630400645679655,0.01394395559977414,0.01045918380858411,5,-3.866832916542707,-3.9226960332969063,-3.830701008191552,acf_or_spectral,-3.9226960332969063,0.9996896743994793,-1.9827702415236381
wave,0.25,201,3,0,False,0.9951127145618137,0.02132539637386799,0.11648427695035934,0.39685956198729433,0.03164271244722916,0.026268895228168762,5,15.2430923919466,21.408802557704487,22.012511695986582,no_fit,15.2430923919466,0.9996896743994793,-1.9827702415236381
wave,0.25,201,3,1,False,0.9656106897675211,0.03589373826980591,0.048640369437634945,0.3782960648681741,0.02412078606525987,0.01943375006096127,5,6.495905014770255,10.642980461342384,10.839498746410612,no_fit,6.495905014770255,0.9996896743994793,-1.9827702415236381
wave,0.25,201,3,2,False,0.9959565447620241,0.020507995039224625,0.11072677932679653,0.39544383221277246,0.03082971817255667,0.025536601643816055,5,14.575995371717834,20.245197480756964,20.815474105604732,no_fit,14.575995371717834,0.9996896743994793,-1.9827702415236381
wave,0.25,201,3,3,False,0.9936587272072417,0.02351435273885727,0.12459119688719511,0.34392721345267785,0.009574271799969196,0.006674643671746123,5,-9.698822807286003,-10.176843709990775,-10.017067928377436,acf_or_spectral,-10.176843709990775,0.9996896743994793,-1.9827702415236381
wave,0.25,202,0,0,False,0.9959417917365635,0.020557429641485214,0.10391959920525551,0.3649891248381012,0.019553987107513465,0.01540785731013219,5,0.22562646149018464,4.106710012484599,4.258606791924948,no_fit,0.22562646149018464,0.9996896743994793,-1.9827702415236381
wave,0.25,202,0,1,False,0.9011553318536544,0.042720943689346313,0.2606464233249426,0.3957324079203798,0.02963417685144291,0.02448289839187933,5,14.711973294990845,18.534068639771053,19.093046887031228,no_fit,14.711973294990845,0.9996896743994793,-1.9827702415236381
wave,0.25,202,0,2,False,0.8439921403987116,0.0597110390663147,0.010959905805066228,0.3968624089300632,0.03464316663667735,0.029065920319591498,5,15.244433881736565,25.70322852939641,26.584645396480155,no_fit,15.244433881736565,0.9996896743994793,-1.9827702415236381
wave,0.25,202,0,3,False,0.7841382679842215,0.08959753066301346,0.35780902951955795,0.48573610002943596,0.08873567961216833,0.07993446752432067,5,57.12204045333415,103.12360488873418,109.73649114970765,no_fit,57.12204045333415,0.9996896743994793,-1.9827702415236381
wave,0.25,202,1,0,False,0.9974879496842981,0.021252788603305817,0.14536767732352018,0.3639164621989631,0.016653886223370315,0.01279383053214536,5,-0.27981607645559226,-0.04408442430081819,-0.014390244203485935,no_fit,-0.27981607645559226,0.9996896743994793,-1.9827702415236381
wave,0.25,202,1,1,False,0.9963363854110902,0.022351525723934174,0.18627484887838364,0.3502119569174263,0.011924895617951594,0.008677527540551405,5,-6.73742882258166,-6.812493069637319,-6.743070543505375,acf_or_spectral,-6.812493069637319,0.9996896743994793,-1.9827702415236381
wave,0.25,202,1,2,False,0.9839298234830113,0.027887826785445213,0.08471583016216755,0.40515788513837453,0.037112149234967085,0.031289835093578466,5,19.15329245032326,29.236981196255417,30.21994910410592,no_fit,19.15329245032326,0.9996896743994793,-1.9827702415236381
wave,0.25,202,1,3,False,0.8326943312874233,0.11585076153278351,0.10543387103825808,0.25892026393485407,0.00268634584893271,0.0011790114541097162,6,-49.754406678317615,-20.035247214115536,-19.000457224678904,acf_or_spectral,-49.754406678317615,0.9996896743994793,-1.9827702415236381
wave,0.25,202,2,0,False,0.9985710761348368,0.019505567848682404,0.12520458828657866,0.3803063309020726,0.022291256820377005,0.017801003378143228,5,7.443149683360854,8.024450929105198,8.170543020638327,no_fit,7.443149683360854,0.9996896743994793,-1.9827702415236381
wave,0.25,202,2,1,False,0.9992136749090221,0.01877065747976303,0.16354315541684628,0.3708824265084215,0.01814770271715152,0.014105773172939104,5,3.002571648581158,2.0939533335812843,2.130165834139192,no_fit,2.0939533335812843,0.9996896743994793,-1.9827702415236381
wave,0.25,202,2,2,False,0.9977728430129895,0.02016151323914528,0.11426517087966204,0.3927533687194508,0.0273470698381149,0.022385572024523737,5,13.3082391856651,15.26062697463406,15.664669860837803,no_fit,13.3082391856651,0.9996896743994793,-1.9827702415236381
wave,0.25,202,2,3,False,0.9529550342991733,0.032184865325689316,0.04820265481248498,0.3794334439462496,0.023554324187633015,0.018929863450209243,5,7.031842174184015,9.832227006812385,10.01582470740692,no_fit,7.031842174184015,0.9996896743994793,-1.9827702415236381
wave,0.25,202,3,0,False,0.9980619185378014,0.0197919849306345,0.1173803098499775,0.37538586069158464,0.021271811242185905,0.016874463121332537,5,5.124606219337501,6.565360641006019,6.655981729780078,no_fit,5.124606219337501,0.9996896743994793,-1.9827702415236381
wave,0.25,202,3,1,False,0.9854876823046841,0.02787250280380249,0.17502010986208916,0.33515870304538065,0.006762065768262513,0.004367500132472546,5,-13.830576811349673,-14.20183788013369,-13.78842084191998,acf_or_spectral,-14.20183788013369,0.9996896743994793,-1.9827702415236381
wave,0.25,202,3,2,False,0.9581759860669783,0.03256896138191223,0.03929076110944152,0.38974026800988504,0.028274340978616086,0.023196677553518372,5,11.888455169552731,16.587791802736646,16.990536738165915,no_fit,11.888455169552731,0.9996896743994793,-1.9827702415236381
wave,0.25,202,3,3,False,0.8848532300161558,0.06032981723546982,0.017626609886065125,0.46320520507238966,0.08285654206123508,0.07430288287989283,5,46.505400781396006,94.70903849453097,100.53086835464237,no_fit,46.505400781396006,0.9996896743994793,-1.9827702415236381
wave,0.25,203,0,0,False,0.9543807783584821,0.040144409984350204,0.033615261083468795,0.33775771706528934,0.011233402624961536,0.008398238247363217,5,-12.605911949865476,-7.8021983878463645,-7.1996084535472225,acf_or_spectral,-12.605911949865476,0.9996896743994793,-1.9827702415236381
wave,0.25,203,0,1,False,0.9726957625488297,0.028964418917894363,0.04398060776293278,0.38197419854265946,0.024492118379154486,0.019784374117376827,5,8.229054983365748,11.174453042568754,11.412643431260719,no_fit,8.229054983365748,0.9996896743994793,-1.9827702415236381
wave,0.25,203,0,2,False,0.8926643883139773,0.0643479973077774,0.22258202265948057,0.48253855782857585,0.08802914143242224,0.07926335676934275,5,55.61534693551935,102.11236601704472,108.63946556026703,no_fit,55.61534693551935,0.9996896743994793,-1.9827702415236381
wave,0.25,203,0,3,False,0.9024376633379451,0.048747703433036804,0.3223667312413454,0.43905552594187086,0.049817693995267254,0.043189992892908535,5,35.125984117724606,47.42190186426997,49.672442641742606,no_fit,35.125984117724606,0.9996896743994793,-1.9827702415236381
wave,0.25,203,1,0,False,0.9954617803244389,0.022450609132647514,0.10953452624380589,0.377027586583349,0.02283265111940655,0.01840986550458497,5,5.8981934321926515,8.799326195274817,9.165814409441797,no_fit,5.8981934321926515,0.9996896743994793,-1.9827702415236381
wave,0.25,203,1,1,False,0.9108053184789815,0.044326264411211014,0.03723207046277821,0.4671457038589854,0.08411056720124782,0.07550304069865155,5,48.36217814531128,96.50387280640417,102.49269630745005,no_fit,48.36217814531128,0.9996896743994793,-1.9827702415236381
wave,0.25,203,1,2,False,0.9309623131527691,0.04772141948342323,0.1291923327371478,0.36201653063501765,0.015143613959777672,0.01148268936653528,5,-1.175070741403675,-2.2056746448437208,-2.157636197832381,acf_or_spectral,-2.2056746448437208,0.9996896743994793,-1.9827702415236381
wave,0.25,203,1,3,False,0.895078713895084,0.05579417571425438,0.1994306445121765,0.443314906252099,0.06096937945450604,0.053566180924936965,5,37.133019615677526,63.382847987930525,66.63379172987815,no_fit,37.133019615677526,0.9996896743994793,-1.9827702415236381
wave,0.25,203,2,0,False,0.9974062021309269,0.019887682050466537,0.13176323287189007,0.358887234250492,0.013890140452395085,0.010380816340036852,5,-2.6496065822810237,-3.9997194277509105,-3.9588037360026314,acf_or_spectral,-3.9997194277509105,0.9996896743994793,-1.9827702415236381
wave,0.25,203,2,1,False,0.9950818587291442,0.021956078708171844,0.10854928940534592,0.3732042889452234,0.02140731405694931,0.016990629541409945,5,4.096641675818344,6.759300214889113,6.8458721979529775,no_fit,4.096641675818344,0.9996896743994793,-1.9827702415236381
wave,0.25,203,2,2,False,0.9974745157997484,0.02071397937834263,0.11999189760535955,0.382981744042,0.0234252894276483,0.018855571814537047,5,8.703814088140524,9.647544892191831,9.894384505757225,no_fit,8.703814088140524,0.9996896743994793,-1.9827702415236381
wave,0.25,203,2,3,False,0.9904842896687885,0.024972399696707726,0.116342400200665,0.3743384934206825,0.021727394869929716,0.01728043903583468,5,4.631082950929918,7.217418642804892,7.319606867064701,no_fit,4.631082950929918,0.9996896743994793,-1.9827702415236381
wave,0.25,203,3,0,False,0.9695567424564827,0.029567498713731766,0.06357515184208751,0.4203346789870894,0.047513295489275575,0.040942068560744616,5,26.304652925540545,44.123711600922306,45.99789191040889,no_fit,26.304652925540545,0.9996896743994793,-1.9827702415236381
wave,0.25,203,3,1,False,0.9946563363651322,0.020377017557621002,0.09820289630442858,0.36426142378505644,0.01674790753167096,0.012856889321073683,5,-0.11726892210619679,0.09048438520765156,0.08868827835093421,no_fit,-0.11726892210619679,0.9996896743994793,-1.9827702415236381
wave,0.25,203,3,2,False,0.9978269697898263,0.020669208839535713,0.12130328733474016,0.37442307313712175,0.01956734953008045,0.01536522897597786,5,4.670937221020046,4.125835095186472,4.188924741599195,no_fit,4.125835095186472,0.9996896743994793,-1.9827702415236381
wave,0.25,203,3,3,False,0.9952785919429823,0.02054426446557045,0.10097853001207113,0.3626404239313142,0.016390507916218617,0.012549226128535483,5,-0.8810899504432824,-0.4210469010452192,-0.41423078923949175,no_fit,-0.8810899504432824,0.9996896743994793,-1.9827702415236381
wave,0.25,204,0,0,False,0.8716348332410732,0.058235760778188705,0.08570672105997801,0.3826515666311139,0.02300655150289181,0.018522427812121375,5,8.548233290934089,9.048222621006829,9.349813445156826,no_fit,8.548233290934089,0.9996896743994793,-1.9827702415236381
wave,0.25,204,0,1,False,0.9749936134968381,0.030673302710056305,0.055626253597438335,0.38363588877468136,0.023130094661593888,0.018559260635963703,5,9.012049465981208,9.225044833864084,9.410021912964382,no_fit,9.012049465981208,0.9996896743994793,-1.9827702415236381
wave,0.25,204,0,2,False,0.8234685899579518,0.06702869385480881,0.34182034619152546,0.4144361338523197,0.04406406399506477,0.03772486096312863,5,23.525236998925102,39.18696923598029,40.738910386198874,no_fit,23.525236998925102,0.9996896743994793,-1.9827702415236381
wave,0.25,204,0,3,False,0.9842771652090986,0.02948327362537384,0.10497344005852938,0.36532312820393903,0.019250110809919188,0.015370306534103512,5,0.3830100625888095,3.671784437163469,4.1972247295734535,no_fit,0.3830100625888095,0.9996896743994793,-1.9827702415236381
wave,0.25,204,1,0,False,0.9360582528441445,0.04508984461426735,0.0428339596837759,0.38339693036301903,0.02809591699678546,0.023106481680428878,5,8.899451393066924,16.33242093780534,16.84309880767951,no_fit,8.899451393066924,0.9996896743994793,-1.9827702415236381
wave,0.25,204,1,1,False,0.9931174260200761,0.025358490645885468,0.100367471575737,0.3680538602793354,0.018327448854611753,0.014250119963730962,5,1.669740951013656,2.3512165451760887,2.366121109893205,no_fit,1.669740951013656,0.9996896743994793,-1.9827702415236381
wave,0.25,204,1,2,False,0.9749607193697655,0.03503171727061272,0.06704806815832853,0.3623015778432099,0.01851487173943721,0.014610219233465773,5,-1.0407554598918614,2.6194671677366346,2.954754373043586,no_fit,-1.0407554598918614,0.9996896743994793,-1.9827702415236381
wave,0.25,204,1,3,False,0.9175173389838581,0.05302274599671364,0.04554220801219344,0.44645130640189656,0.0668731963404613,0.05914840325393157,5,38.61090277659474,71.83273689352396,75.75872482837302,no_fit,38.61090277659474,0.9996896743994793,-1.9827702415236381
wave,0.25,204,2,0,False,0.998476351738429,0.01958409696817398,0.12585012800991535,0.37578601566308556,0.020904320113106976,0.016576881846147615,5,5.313160697686411,6.039385788721013,6.169542984170986,no_fit,5.313160697686411,0.9996896743994793,-1.9827702415236381
wave,0.25,204,2,1,False,0.9960553675768564,0.020789626985788345,0.10095883905887604,0.3876653731692431,0.027446088356619814,0.022525226000195575,5,10.910757172102798,15.402348084405167,15.892954065557731,no_fit,10.910757172102798,0.9996896743994793,-1.9827702415236381
wave,0.25,204,2,2,False,0.9973543615423469,0.019337622448801994,0.1049033422023058,0.3971433813102152,0.031132219199034795,0.025833417152790424,5,15.376829089451464,20.678154687415745,21.30066109787464,no_fit,15.376829089451464,0.9996896743994793,-1.9827702415236381
wave,0.25,204,2,3,False,0.9495502985538343,0.0397232361137867,0.04275821801275015,0.39466814146502416,0.03420790884940349,0.02865629727173894,5,14.210487069388968,25.080262062311704,25.915058503130936,no_fit,14.210487069388968,0.9996896743994793,-1.9827702415236381
wave,0.25,204,3,0,False,0.9716569879944111,0.03793520852923393,0.11644757632166147,0.32417729468693146,0.00476845761137191,0.0028794201841276764,5,-19.005056380595715,-17.055206772228786,-16.22089829867227,acf_or_spectral,-19.005056380595715,0.9996896743994793,-1.9827702415236381
wave,0.25,204,3,1,False,0.9627307943732811,0.034986864775419235,0.03845768142491579,0.4064419419940566,0.037946276459381256,0.03208006304399687,5,19.758344712164057,30.430832990032776,31.511688622017118,no_fit,19.758344712164057,0.9996896743994793,-1.9827702415236381
wave,0.25,204,3,2,False,0.9629336742155955,0.03514100983738899,0.04036803497001529,0.3907225483235962,0.02973672159357985,0.02455088236212047,5,12.351309226943313,18.68083668756928,19.204176316075696,no_fit,12.351309226943313,0.9996896743994793,-1.9827702415236381
wave,0.25,204,3,3,False,0.9460454585017067,0.044524796307086945,0.03003424359485507,0.4102479146778629,0.04725873443835796,0.04071564822092851,5,21.551732887034337,43.759368898312054,45.62777579335116,no_fit,21.551732887034337,0.9996896743994793,-1.9827702415236381
wave,0.25,205,0,0,False,0.9700646304667936,0.033112477511167526,0.07489279797300696,0.39371870310595225,0.030444702731730708,0.025199715729271883,5,13.763108260504579,19.694140805937508,20.26478635960188,no_fit,13.763108260504579,0.9996896743994793,-1.9827702415236381
wave,0.25,205,0,1,False,0.776674594973275,0.10255125164985657,0.3559452947229147,0.5008375675543619,0.10407566443821897,0.09460069546612143,5,64.23790689074231,125.07909065286348,133.71051813911836,no_fit,64.23790689074231,0.9996896743994793,-1.9827702415236381
wave,0.25,205,0,2,False,0.8907268647465246,0.05027378723025322,0.24810953624546528,0.3421374124776462,0.007712614215126666,0.005159510339303952,5,-10.542183538079001,-12.84135720626759,-12.4937679734515,acf_or_spectral,-12.84135720626759,0.9996896743994793,-1.9827702415236381
wave,0.25,205,0,3,False,0.9288929288345534,0.04602883756160736,0.07972587691619992,0.416265936495711,0.04473739120489415,0.03835201008266595,5,24.387446661376604,40.15067462015413,41.76407445550399,no_fit,24.387446661376604,0.9996896743994793,-1.9827702415236381
wave,0.25,205,1,0,False,0.8572318699731509,0.11258085072040558,0.10881877085193992,0.2721316514533302,0.0016799195178614176,0.002212678800025175,5,-43.52915281612529,-21.475703592335403,-17.310781532511317,acf_or_spectral,-43.52915281612529,0.9996896743994793,-1.9827702415236381
wave,0.25,205,1,1,False,0.9952629836835761,0.020309988409280777,0.09809861239045858,0.3973622699591396,0.03341385780471209,0.027891675567686482,5,15.479970217149138,23.94376964687543,24.665176021937743,no_fit,15.479970217149138,0.9996896743994793,-1.9827702415236381
wave,0.25,205,1,2,False,0.9015610793122504,0.05712391808629036,0.03248333721421659,0.42830324300161676,0.05597037874263193,0.048852558341435995,5,30.05946927909831,56.22798504582153,58.92870794942838,no_fit,30.05946927909831,0.9996896743994793,-1.9827702415236381
wave,0.25,205,1,3,False,0.9209207206068857,0.04867687448859215,0.0698286322876811,0.3397086269038767,0.008600587574340507,0.0059374067625306,5,-11.686636136445397,-11.570437667022853,-11.22218608345178,acf_or_spectral,-11.686636136445397,0.9996896743994793,-1.9827702415236381
wave,0.25,205,2,0,False,0.9970964372477003,0.02105313166975975,0.12045519519597292,0.3726652211442233,0.02067984666342105,0.016352265007844265,5,3.8426309668397236,5.718106225221392,5.8023749457953695,no_fit,3.8426309668397236,0.9996896743994793,-1.9827702415236381
wave,0.25,205,2,1,False,0.9982530597122279,0.019839467480778694,0.1393413571640849,0.3601489208231873,0.015874525979854157,0.01209302843399314,5,-2.0550952791674693,-1.1595505036797722,-1.1599505397346699,no_fit,-2.0550952791674693,0.9996896743994793,-1.9827702415236381
wave,0.25,205,2,2,False,0.9943618622567215,0.01938934437930584,0.09881095495074987,0.3635000533722077,0.016400708067655576,0.012551364827061205,5,-0.4760294305325125,-0.4064478462087507,-0.4107347835602305,no_fit,-0.4760294305325125,0.9996896743994793,-1.9827702415236381
wave,0.25,205,2,3,False,0.9952097155908529,0.020805398002266884,0.1285310173407197,0.333637433099813,0.007186490603462197,0.004730423092917057,5,-14.547404744134026,-13.594376169262581,-13.195171856338945,acf_or_spectral,-14.547404744134026,0.9996896743994793,-1.9827702415236381
wave,0.25,205,3,0,False,0.9997446978918125,0.01701318845152855,0.1392654562368989,0.3718195357802381,0.01941788376187139,0.015223306796937803,5,3.444140946697181,3.9119109235949976,3.95693283719105,ungated,3.444140946697181,0.9996896743994793,-1.9827702415236381
wave,0.25,205,3,1,False,0.9941499874119357,0.02171633206307888,0.10418081842362881,0.37813333679173466,0.02402890909198864,0.019356221413873897,5,6.419226953141614,10.511480749864047,10.71276719109176,no_fit,6.419226953141614,0.9996896743994793,-1.9827702415236381
wave,0.25,205,3,2,False,0.998869379874742,0.019788533449172974,0.13057615235447884,0.3599464362109459,0.015490477463690025,0.011751925725070137,5,-2.1505067651016514,-1.7092232592262608,-1.7175312334435067,no_fit,-2.1505067651016514,0.9996896743994793,-1.9827702415236381
wave,0.25,205,3,3,False,0.982532808605048,0.022298742085695267,0.06587185710668564,0.3761023424922031,0.021294159330161554,0.01690050946436832,5,5.462215050374575,6.5973465349276115,6.698558166843051,no_fit,5.462215050374575,0.9996896743994793,-1.9827702415236381
wave,0.25,206,0,0,False,0.7842307398383597,0.09723789244890213,0.40217647328972816,0.5032489842655617,0.10182518275889596,0.09246607352991776,5,65.37417521787737,121.85806931333121,130.22117622285933,no_fit,65.37417521787737,0.9996896743994793,-1.9827702415236381
wave,0.25,206,0,1,False,0.9119319312852636,0.047927290201187134,0.10623465944081545,0.42126283615390697,0.04466167926709786,0.03840991427591485,5,26.742003959212962,40.042311255306586,41.858727061290416,no_fit,26.742003959212962,0.9996896743994793,-1.9827702415236381
wave,0.25,206,0,2,False,0.9616945397770245,0.036278627812862396,0.04604175314307213,0.28153885617884994,0.006553027179830161,0.005367863068319837,5,-39.096443725723056,-14.5010261651629,-12.153185925458942,acf_or_spectral,-39.096443725723056,0.9996896743994793,-1.9827702415236381
wave,0.25,206,0,3,False,0.9812057379755857,0.025470783933997154,0.057077424600720406,0.3823625742623147,0.027179195603235937,0.022241614911326715,5,8.412059035391637,15.020355526138887,15.429351568308983,no_fit,8.412059035391637,0.9996896743994793,-1.9827702415236381
wave,0.25,206,1,0,False,0.9878241956741128,0.02673032507300377,0.08607763983309269,0.36554687848212974,0.01779604694941893,0.013904872895071963,5,0.4884420076835532,1.5906429789833239,1.801765873162205,no_fit,0.4884420076835532,0.9996896743994793,-1.9827702415236381
wave,0.25,206,1,1,False,0.9977629536053013,0.021087391301989555,0.1383960610255599,0.3793878706508721,0.021398227144427618,0.017004563293128033,5,7.010367871604896,6.746294492864468,6.868648888802102,no_fit,6.746294492864468,0.9996896743994793,-1.9827702415236381
wave,0.25,206,1,2,False,0.9306187323605445,0.05664166063070297,0.05333143216557801,0.3175658158061576,0.005265684606074097,0.003591371243651416,5,-22.120409282006012,-16.34354634182305,-15.05711344656898,acf_or_spectral,-22.120409282006012,0.9996896743994793,-1.9827702415236381
wave,0.25,206,1,3,False,0.9883178804041225,0.02657344378530979,0.11365370638668537,0.3475572651062735,0.01163645728332612,0.008442422998322187,5,-7.988329261857815,-7.2253229271313275,-7.127382219493433,acf_or_spectral,-7.988329261857815,0.9996896743994793,-1.9827702415236381
wave,0.25,206,2,0,False,0.984351178323381,0.02400188520550728,0.08646481670439243,0.355036405933364,0.012867365895157822,0.009495189769867142,5,-4.464130894758831,-5.463574345860218,-5.406485810769361,acf_or_spectral,-5.463574345860218,0.9996896743994793,-1.9827702415236381
wave,0.25,206,2,1,False,0.9855786814200062,0.025871064513921738,0.11122725065797567,0.3905726108852227,0.030216312325318368,0.024963241017500894,5,12.280658160504117,19.367255064294906,19.878234947418203,no_fit,12.280658160504117,0.9996896743994793,-1.9827702415236381
wave,0.25,206,2,2,False,0.9648691434188128,0.03371740132570267,0.05369901284575462,0.4143119074096512,0.04292117106214649,0.03673146656550413,5,23.46670104719959,37.551193855290336,39.1150665325314,no_fit,23.46670104719959,0.9996896743994793,-1.9827702415236381
wave,0.25,206,2,3,False,0.9989502909205076,0.017979025840759277,0.11720222234725952,0.3676137300031309,0.018371817329553113,0.014291730407175851,5,1.4623499636568797,2.4147193081186487,2.4341392736738126,no_fit,1.4623499636568797,0.9996896743994793,-1.9827702415236381
wave,0.25,206,3,0,False,0.981658512044368,0.02577795460820198,0.05133527470752597,0.40554949298066967,0.03718139958907625,0.03137179861868068,5,19.33781949029565,29.33609636364611,30.35393009572458,no_fit,19.33781949029565,0.9996896743994793,-1.9827702415236381
wave,0.25,206,3,1,False,0.9476642084227087,0.03723113238811493,0.052005184814333916,0.4459499780390618,0.06597196796259819,0.05827796369039102,5,38.37467502817701,70.54284599436215,74.33586806712661,no_fit,38.37467502817701,0.9996896743994793,-1.9827702415236381
wave,0.25,206,3,2,False,0.9767860011425161,0.03353093937039375,0.15395130589604378,0.32329841830745376,0.004218820514076826,0.0024380951522965733,5,-19.419186127988382,-17.841879614603844,-16.942306575306645,acf_or_spectral,-19.419186127988382,0.9996896743994793,-1.9827702415236381
wave,0.25,206,3,3,False,0.9737469003828627,0.026918698102235794,0.04170580767095089,0.38538983147760014,0.026415525949828777,0.02151132829344586,5,9.838513648500976,13.92734673936324,14.235594648904971,no_fit,9.838513648500976,0.9996896743994793,-1.9827702415236381
wave,0.25,207,0,0,False,0.8220976568931857,0.07364030927419662,0.4393823090940714,0.44362163904469876,0.05685298480859971,0.04973590049108111,5,37.27755322345507,57.491222600253884,60.37265581526769,no_fit,37.27755322345507,0.9996896743994793,-1.9827702415236381
wave,0.25,207,0,1,False,0.8810468491524182,0.06401136517524719,0.4117192514240742,0.4268903967085034,0.04622522053479923,0.039816354667754864,5,29.393730965799424,42.28014319803114,44.15775309898542,no_fit,29.393730965799424,0.9996896743994793,-1.9827702415236381
wave,0.25,207,0,2,False,0.8446764289876626,0.05922612175345421,0.013071947963908315,0.37643204751185144,0.024289571054097313,0.019583209899051938,5,5.617573255111185,10.884555434306247,11.083812022219325,no_fit,5.617573255111185,0.9996896743994793,-1.9827702415236381
wave,0.25,207,0,3,False,0.9271252580868566,0.03724592179059982,0.20243145152926445,0.39017993644200144,0.026990736383051696,0.022064411346891986,5,12.095628534294999,14.750621639645907,15.13968724199166,no_fit,12.095628534294999,0.9996896743994793,-1.9827702415236381
wave,0.25,207,1,0,False,0.9932736511391221,0.025039179250597954,0.11711573600769043,0.36007337811913587,0.018848714059234793,0.014844660490852833,5,-2.0906912761434744,3.097281871134015,3.3379818160052195,no_fit,-2.0906912761434744,0.9996896743994793,-1.9827702415236381
wave,0.25,207,1,1,False,0.9521821061148185,0.03894449770450592,0.05684360163286328,0.3717431965464789,0.019590296370134874,0.015407070702891724,5,3.4081696220250826,4.158677958191857,4.257320970970316,no_fit,3.4081696220250826,0.9996896743994793,-1.9827702415236381
wave,0.25,207,1,2,False,0.9808067370024772,0.023864686489105225,0.05898432759568095,0.3445193199807371,0.012525215527577993,0.009346571124663926,5,-9.419820057160385,-5.953280014397347,-5.649424037651581,acf_or_spectral,-9.419820057160385,0.9996896743994793,-1.9827702415236381
wave,0.25,207,1,3,False,0.9826099580593685,0.027792423963546753,0.17486579529941082,0.3633907176776767,0.01585863663063037,0.012080111212561676,5,-0.5275488075625605,-1.1822922719826778,-1.1810655678424429,no_fit,-1.1822922719826778,0.9996896743994793,-1.9827702415236381
wave,0.25,207,2,0,False,0.8962201608054137,0.0747973844408989,0.021501307608559728,0.37049320539933295,0.03019062733527103,0.025448283412724003,5,2.8191692459787205,19.330493200464478,20.671105446924397,no_fit,2.8191692459787205,0.9996896743994793,-1.9827702415236381
wave,0.25,207,2,1,False,0.9829064261179268,0.0271353330463171,0.11810908932238817,0.36957117471713774,0.01900192870239974,0.014919083550271892,5,2.384705034148712,3.316571652382788,3.4596368483848647,no_fit,2.384705034148712,0.9996896743994793,-1.9827702415236381
wave,0.25,207,2,2,False,0.888221262860815,0.07632146775722504,0.01602806756272912,0.428917581079061,0.05704536946166351,0.04991531474618345,5,30.348947616173298,57.76657479645725,60.66593382861762,no_fit,30.348947616173298,0.9996896743994793,-1.9827702415236381
wave,0.25,207,2,3,False,0.9961920210825159,0.021948302164673805,0.10124102607369423,0.3796032747769556,0.023889962428462686,0.01927138859283106,5,7.111867079463132,10.312612137697188,10.574095928832685,no_fit,7.111867079463132,0.9996896743994793,-1.9827702415236381
wave,0.25,207,3,0,False,0.9976000499028932,0.017772391438484192,0.10347648337483406,0.3714323412364885,0.019748865858363104,0.0155139546378016,5,3.261693469055188,4.385631907683898,4.432037902306183,no_fit,3.261693469055188,0.9996896743994793,-1.9827702415236381
wave,0.25,207,3,1,False,0.9946632146655927,0.020953312516212463,0.09338442794978619,0.40525764324100466,0.03606112655867913,0.030339577005598025,5,19.200298831206016,27.73269591379349,28.666617658655074,no_fit,19.200298831206016,0.9996896743994793,-1.9827702415236381
wave,0.25,207,3,2,False,0.9980821527576536,0.020243482664227486,0.11811909638345242,0.37710252783608156,0.02142977351391151,0.017019537227412396,5,5.933506023119109,6.791445506634529,6.893125905393929,no_fit,5.933506023119109,0.9996896743994793,-1.9827702415236381
wave,0.25,207,3,3,False,0.9954248416427753,0.021108848974108696,0.11260844394564629,0.35511607651070554,0.013206716241291456,0.009772063881031218,5,-4.426589828871172,-4.977876232199987,-4.953895857847788,acf_or_spectral,-4.977876232199987,0.9996896743994793,-1.9827702415236381
wave,0.25,208,0,0,False,0.7879325521246808,0.06836999952793121,0.001783706873538904,0.40284557962236833,0.04110655063652864,0.03499985090796327,5,18.06372567893341,34.95400269938433,36.28449546313934,no_fit,18.06372567893341,0.9996896743994793,-1.9827702415236381
wave,0.25,208,0,1,False,0.860137120129167,0.07555604726076126,0.14152185525745153,0.353382912382371,0.013549232471529721,0.010081049844688142,5,-5.243263071453656,-4.487646919573245,-4.448814533498027,acf_or_spectral,-5.243263071453656,0.9996896743994793,-1.9827702415236381
wave,0.25,208,0,2,False,0.959471603490558,0.03398512303829193,0.04529952257871628,0.3419201682229439,0.01200649387156464,0.008767435093481015,5,-10.644549821236847,-6.6957048644406205,-6.596103913159816,acf_or_spectral,-10.644549821236847,0.9996896743994793,-1.9827702415236381
wave,0.25,208,0,3,False,0.8788845545943762,0.04758061468601227,0.278505252674222,0.40254428905434003,0.034398296763460096,0.02879891668375628,5,17.92175646717293,25.35275640856643,26.148190133601,no_fit,17.92175646717293,0.9996896743994793,-1.9827702415236381
wave,0.25,208,1,0,False,0.9872616032949021,0.023913884535431862,0.07474067620933056,0.3636977255946725,0.016731668328230434,0.01285654147000005,5,-0.3828855601686889,0.06724188503556615,0.08811966649922534,no_fit,-0.3828855601686889,0.9996896743994793,-1.9827702415236381
wave,0.25,208,1,1,False,0.9939621827964534,0.02361488901078701,0.13970799185335636,0.36357615033887114,0.015619486236702234,0.012012283904705243,5,-0.44017226299729273,-1.5245783386845377,-1.291938910028445,no_fit,-1.5245783386845377,0.9996896743994793,-1.9827702415236381
wave,0.25,208,1,2,False,0.8939890227978754,0.058992378413677216,0.016783999046310782,0.43993836095999495,0.06331607090908442,0.05578505991289356,5,35.54197919004911,66.74157039920063,70.26086373193625,no_fit,35.54197919004911,0.9996896743994793,-1.9827702415236381
wave,0.25,208,1,3,False,0.957885115092687,0.03490043804049492,0.06737537076696754,0.44317185720913976,0.0630159439953709,0.05549048121947144,5,37.065614386217746,66.31201116193992,69.77933313152339,no_fit,37.065614386217746,0.9996896743994793,-1.9827702415236381
wave,0.25,208,2,0,False,0.9984518300093804,0.019010283052921295,0.12001505680382252,0.358116863430388,0.01492827424240518,0.01126557078130983,5,-3.012608115349815,-2.5138814750874126,-2.5125472794515384,acf_or_spectral,-3.012608115349815,0.9996896743994793,-1.9827702415236381
wave,0.25,208,2,1,False,0.9980399908147163,0.018578018993139267,0.1085150633007288,0.38251930212264745,0.024197848731174653,0.01950496140671705,5,8.485909773361836,10.753277067474915,10.955903777879918,no_fit,8.485909773361836,0.9996896743994793,-1.9827702415236381
wave,0.25,208,2,2,False,0.9259566533396607,0.04740895330905914,0.03022290440276265,0.4140792902244753,0.04516639280965774,0.03874898698190379,5,23.357090983275327,40.76468687199028,42.4129894276609,no_fit,23.357090983275327,0.9996896743994793,-1.9827702415236381
wave,0.25,208,2,3,False,0.9989913218747596,0.018134798854589462,0.12281212862581015,0.36778811944613804,0.017894422245473968,0.013878565261461048,5,1.5445229036366852,1.7314434710679365,1.7587623196433053,no_fit,1.5445229036366852,0.9996896743994793,-1.9827702415236381
wave,0.25,208,3,0,False,0.9944294876396907,0.02547764778137207,0.11531246174126863,0.3580819884112304,0.014273638198669843,0.010695946416020114,5,-3.029041351253411,-3.450834966365244,-3.4436789897640185,acf_or_spectral,-3.450834966365244,0.9996896743994793,-1.9827702415236381
wave,0.25,208,3,1,False,0.9929642820508426,0.02115083485841751,0.09497086517512798,0.363441587449008,0.01624254161583448,0.012415369936898105,5,-0.5035787862452649,-0.6328249463623076,-0.6330376947197984,no_fit,-0.6330376947197984,0.9996896743994793,-1.9827702415236381
wave,0.25,208,3,2,False,0.9117804224281856,0.0535135380923748,0.020594981615431607,0.44095989357500454,0.06458258885063863,0.05697679486149111,5,36.02332907461274,68.55428514117256,72.20892331039619,no_fit,36.02332907461274,0.9996896743994793,-1.9827702415236381
wave,0.25,208,3,3,False,0.9383797583456258,0.04409283399581909,0.03126824484206736,0.42179395317337676,0.04787173284125657,0.04133040931838686,5,26.992268231009277,44.63672815654409,46.632689885849345,no_fit,26.992268231009277,0.9996896743994793,-1.9827702415236381
wave,0.25,209,0,0,False,0.9526054373623015,0.03524883836507797,0.0728675490245223,0.44523764868250193,0.06574175912139843,0.05806974136957324,5,38.03902284388708,70.21335760222537,73.99549918980571,no_fit,38.03902284388708,0.9996896743994793,-1.9827702415236381
wave,0.25,209,0,1,False,0.8973336422532977,0.06359528750181198,0.3052128665149212,0.48018652884550594,0.08371225814657897,0.07533054592166766,5,54.507062321933724,95.93378953196347,102.21072916120396,no_fit,54.507062321933724,0.9996896743994793,-1.9827702415236381
wave,0.25,209,0,2,False,0.9949216523304747,0.025370648130774498,0.10092022828757763,0.39891041664716254,0.032107138743378845,0.026720733042229744,5,16.20946256875694,22.073516705027856,22.75110460427356,no_fit,16.20946256875694,0.9996896743994793,-1.9827702415236381
wave,0.25,209,0,3,False,0.9256044249616331,0.04087698087096214,0.047469355165958405,0.39392467944751347,0.030737409957452118,0.025481056267634687,5,13.860165061997305,20.113080550680316,20.724677320433155,no_fit,13.860165061997305,0.9996896743994793,-1.9827702415236381
wave,0.25,209,1,0,False,0.8465032067415272,0.05662087723612785,0.3402768801897764,0.4056791548932943,0.03621714558260866,0.030488999711459693,5,19.398916655238924,27.955999489231257,28.91087023657584,no_fit,19.398916655238924,0.9996896743994793,-1.9827702415236381
wave,0.25,209,1,1,False,0.9851810810480435,0.03345862403512001,0.14334069937467575,0.32899325769520693,0.007224939989838821,0.0048501105505317985,5,-16.73575709045572,-13.53934515294776,-12.999525753568946,acf_or_spectral,-16.73575709045572,0.9996896743994793,-1.9827702415236381
wave,0.25,209,1,2,False,0.9914395130482777,0.023313745856285095,0.14001349825412035,0.3459446007060829,0.010731592854940257,0.007653705212328983,5,-8.748222594156687,-8.520417955006112,-8.41665315974228,acf_or_spectral,-8.748222594156687,0.9996896743994793,-1.9827702415236381
wave,0.25,209,1,3,False,0.994327163084096,0.022454900667071342,0.11843390762805939,0.3872484915035523,0.02725025300900526,0.02235494228446134,5,10.714321014599316,15.122057051824557,15.614601212113094,no_fit,10.714321014599316,0.9996896743994793,-1.9827702415236381
wave,0.25,209,2,0,False,0.9981143499569072,0.019125647842884064,0.14842211734503508,0.3427428096105072,0.010579338159140679,0.007524077692530894,5,-10.25691820661911,-8.738333803297737,-8.628547702125083,acf_or_spectral,-10.25691820661911,0.9996896743994793,-1.9827702415236381
wave,0.25,209,2,1,False,0.998178213979564,0.018633412197232246,0.1199998278170824,0.3714490330640498,0.019519340197027626,0.015318863263428772,5,3.269558718927526,4.057121322628069,4.113133416900978,no_fit,3.269558718927526,0.9996896743994793,-1.9827702415236381
wave,0.25,209,2,2,False,0.9969559982291224,0.019256452098488808,0.0983066400513053,0.3963880473116211,0.030289774485691923,0.02504408958246658,5,15.02091296138261,19.47239841577624,20.010393378763606,no_fit,15.02091296138261,0.9996896743994793,-1.9827702415236381
wave,0.25,209,2,3,False,0.998965790292499,0.018797563388943672,0.1190175823867321,0.38242197661037314,0.024518260288536008,0.019797677604817945,5,8.440049637904586,11.21186887614236,11.434389865874465,no_fit,8.440049637904586,0.9996896743994793,-1.9827702415236381
wave,0.25,209,3,0,False,0.9438021356534237,0.041992172598838806,0.030093686189502478,0.39109314426859365,0.038808918647352225,0.03324049254254431,5,12.52593538446702,31.66549707166669,33.40857500806554,no_fit,12.52593538446702,0.9996896743994793,-1.9827702415236381
wave,0.25,209,3,1,False,0.9873216774082081,0.025006204843521118,0.07172506209462881,0.3705746371834253,0.019599503165462766,0.015429823415995527,5,2.857540198894701,4.171855263518229,4.294513503378612,no_fit,2.857540198894701,0.9996896743994793,-1.9827702415236381
wave,0.25,209,3,2,False,0.9581102514538534,0.041477710008621216,0.16520760860294104,0.30664983180637817,0.0014811791552252168,0.0005601463608220026,5,-27.264060655430786,-21.760152452754543,-20.012079879676463,acf_or_spectral,-27.264060655430786,0.9996896743994793,-1.9827702415236381
wave,0.25,209,3,3,False,0.9625009579300507,0.03562886640429497,0.03425059746950865,0.3675876035122424,0.02282043630579818,0.01832105842248799,5,1.4500390661011322,8.781843637806144,9.020646654549918,no_fit,1.4500390661011322,0.9996896743994793,-1.9827702415236381
wave,0.25,210,0,0,False,0.8300556666679826,0.07721645385026932,0.3676277846097946,0.4620018970525771,0.07116603056987322,0.06323058354288376,5,45.938397664783984,77.9768929588912,82.4316267368486,no_fit,45.938397664783984,0.9996896743994793,-1.9827702415236381
wave,0.25,210,0,1,False,0.990431808114183,0.02507169358432293,0.10011282004415989,0.3649226448300741,0.017729228488055776,0.013841827957317589,5,0.19430083985123153,1.4950084790880975,1.6987099923135738,no_fit,0.19430083985123153,0.9996896743994793,-1.9827702415236381
wave,0.25,210,0,2,False,0.953351905462367,0.043510984629392624,0.06351027032360435,0.30732501286958214,0.0052842709093429635,0.003401830176924933,5,-26.945912882116932,-16.31694453475122,-15.366945167945083,acf_or_spectral,-26.945912882116932,0.9996896743994793,-1.9827702415236381
wave,0.25,210,0,3,False,0.8776270204135845,0.05977257713675499,0.14793961681425571,0.36743522930996514,0.01677236564623384,0.012893814019716192,5,1.3782397876454497,0.12549027290519757,0.14904692853312143,no_fit,0.12549027290519757,0.9996896743994793,-1.9827702415236381
wave,0.25,210,1,0,False,0.9168843373172751,0.04768284782767296,0.036534006241708994,0.37915234025293665,0.02301536307582989,0.018492204395020202,5,6.899385091229951,9.060834260874495,9.300408988866426,no_fit,6.899385091229951,0.9996896743994793,-1.9827702415236381
wave,0.25,210,1,1,False,0.9962680900725023,0.02135755866765976,0.1148901479318738,0.3798359365518942,0.024506885547385757,0.019789811312276737,5,7.221498154245805,11.195588679634547,11.42153129648376,no_fit,7.221498154245805,0.9996896743994793,-1.9827702415236381
wave,0.25,210,1,2,False,0.9060946893096447,0.049273598939180374,0.04072947637178004,0.45578142910262187,0.0766615461475375,0.06842041522593406,5,43.00729053648676,85.8423970907504,90.91514174382115,no_fit,43.00729053648676,0.9996896743994793,-1.9827702415236381
wave,0.25,210,1,3,False,0.9226127766136094,0.05380572751164436,0.31841384060680866,0.4283881600969647,0.04764574689732823,0.041091166612113594,5,30.099482523357587,44.31328382259755,46.241613794575215,no_fit,30.099482523357587,0.9996896743994793,-1.9827702415236381
wave,0.25,210,2,0,False,0.9711991092432589,0.03142007440328598,0.06480404082685709,0.38375931683635134,0.026927522461306273,0.02198022093713289,5,9.070209217675677,14.660146168208708,15.002066091971113,no_fit,9.070209217675677,0.9996896743994793,-1.9827702415236381
wave,0.25,210,2,1,False,0.8676534526794087,0.06711926311254501,0.016526228631846607,0.4520164668720733,0.0776577218490581,0.06939509647305117,5,41.23322663638899,87.26818216689757,92.50839630233371,no_fit,41.23322663638899,0.9996896743994793,-1.9827702415236381
wave,0.25,210,2,2,False,0.9968424322913734,0.01942354440689087,0.10212708450853825,0.38319106944672743,0.024820638709129837,0.0200658503957682,5,8.802448980381163,11.644650602070373,11.872756278395775,no_fit,8.802448980381163,0.9996896743994793,-1.9827702415236381
wave,0.25,210,2,3,False,0.997699316162386,0.019383328035473824,0.1459259670227766,0.35914721867659716,0.014193150063951634,0.010633408572845518,5,-2.5271009748679143,-3.566034304306305,-3.545905952693875,acf_or_spectral,-3.566034304306305,0.9996896743994793,-1.9827702415236381
wave,0.25,210,3,0,False,0.989931948938729,0.020987525582313538,0.08643991872668266,0.37422442137183637,0.02022863847701467,0.015946581105027658,5,4.577331786515556,5.072310611624666,5.139227142973164,no_fit,4.577331786515556,0.9996896743994793,-1.9827702415236381
wave,0.25,210,3,1,False,0.9941906379745249,0.01950129307806492,0.07803623424842954,0.38744955247405294,0.02717828350490087,0.022198116481442817,5,10.809061675366014,15.0190500775196,15.358247223267313,no_fit,10.809061675366014,0.9996896743994793,-1.9827702415236381
wave,0.25,210,3,2,False,0.9962359545822008,0.02301391027867794,0.12395444978028536,0.354877196636069,0.013166378059341457,0.009733933243267353,5,-4.539150894853193,-5.035610603491545,-5.016225786340779,acf_or_spectral,-5.035610603491545,0.9996896743994793,-1.9827702415236381
wave,0.25,210,3,3,False,0.9982837379168565,0.018722832202911377,0.1334082530811429,0.37021113779564846,0.019584328965529554,0.015368855272041074,5,2.6862579649508564,4.150137058813756,4.194852436166339,no_fit,2.6862579649508564,0.9996896743994793,-1.9827702415236381
wave,0.25,211,0,0,False,0.8175998353457389,0.07672526687383652,0.09495528694242239,0.3494593878426469,0.01091494782809477,0.007827258206732534,5,-7.092042108490123,-8.257989566156613,-8.132956207231059,acf_or_spectral,-8.257989566156613,0.9996896743994793,-1.9827702415236381
wave,0.25,211,0,1,False,0.9691008297633791,0.03214716911315918,0.05961532099172473,0.2584012056996208,0.004450157733846608,0.004526453916223024,5,-49.99898880711142,-17.51077622089362,-13.528588367146988,acf_or_spectral,-49.99898880711142,0.9996896743994793,-1.9827702415236381
wave,0.25,211,0,2,False,0.8159755876711853,0.07635803520679474,0.39109549485147,0.4426608210987731,0.05737204556419789,0.05019781251917245,5,36.824812311845854,58.23413278950654,61.12771645336353,no_fit,36.824812311845854,0.9996896743994793,-1.9827702415236381
wave,0.25,211,0,3,False,0.9266523259559686,0.045721907168626785,0.14121711440384388,0.47650008497218105,0.08341505909628759,0.0748517023771616,5,52.76999655741226,95.50842082451182,101.42799156123975,no_fit,52.76999655741226,0.9996896743994793,-1.9827702415236381
wave,0.25,211,1,0,False,0.9280465808531655,0.048382360488176346,0.15268092695623636,0.4089657865966231,0.041236019864856324,0.03510619131999573,5,20.94758947072766,35.139306650573,36.45832392934401,no_fit,20.94758947072766,0.9996896743994793,-1.9827702415236381
wave,0.25,211,1,1,False,0.9909697252470854,0.025959674268960953,0.1439360836520791,0.34391569543543743,0.010476274815328802,0.007445126953063842,5,-9.704250138912634,-8.885844104222056,-8.757603868872797,acf_or_spectral,-9.704250138912634,0.9996896743994793,-1.9827702415236381
wave,0.25,211,1,2,False,0.9899841468151552,0.025410545989871025,0.10437603760510683,0.38098605718963074,0.02547760248533135,0.020727996661817932,5,7.763439182926075,12.584935680543586,12.955128140895598,no_fit,7.763439182926075,0.9996896743994793,-1.9827702415236381
wave,0.25,211,1,3,False,0.9948910028108126,0.021246125921607018,0.10547432210296392,0.3657028343094719,0.017182094079569353,0.013254171887018742,5,0.5619289608999019,0.7119176316845889,0.738102906037387,no_fit,0.5619289608999019,0.9996896743994793,-1.9827702415236381
wave,0.25,211,2,0,False,0.997731079536341,0.019200535491108894,0.13617590069770813,0.37267334396006246,0.020362659117078977,0.016070795611263088,5,3.846458467214228,5.26412881016906,5.342273347953862,no_fit,3.846458467214228,0.9996896743994793,-1.9827702415236381
wave,0.25,211,2,1,False,0.8310451566086332,0.08061155676841736,0.011412727064453065,0.39363963369033744,0.03791168960697429,0.032039616991934215,5,13.725850464209602,30.381330258820313,31.445573820882636,no_fit,13.725850464209602,0.9996896743994793,-1.9827702415236381
wave,0.25,211,2,2,False,0.9981395022446753,0.019738979637622833,0.11300603859126568,0.3881541386691855,0.02725036339395247,0.022299741623915667,5,11.141065253821523,15.122215041233577,15.52436791347579,no_fit,11.141065253821523,0.9996896743994793,-1.9827702415236381
wave,0.25,211,2,3,False,0.9995560358912029,0.01785137876868248,0.13634511083364487,0.362592731005593,0.01600201945402404,0.012203582196076281,5,-0.9035630305516096,-0.9770743676928162,-0.9792347560662562,no_fit,-0.9792347560662562,0.9996896743994793,-1.9827702415236381
wave,0.25,211,3,0,False,0.9888190781366316,0.02355283871293068,0.07681732252240181,0.39041319412352343,0.02871413662862909,0.02361029075000646,5,12.205540402427703,17.21725312505742,17.666646094650137,no_fit,12.205540402427703,0.9996896743994793,-1.9827702415236381
wave,0.25,211,3,1,False,0.9877562550329735,0.032276228070259094,0.11467744689434767,0.356440298670556,0.013573272036608021,0.010087862008878833,5,-3.802611529583456,-4.453240084440257,-4.437679086209741,acf_or_spectral,-4.453240084440257,0.9996896743994793,-1.9827702415236381
wave,0.25,211,3,2,False,0.9520743313839128,0.03482324630022049,0.06030645780265331,0.4416608041287643,0.061852868030500815,0.0543903782292023,5,36.35360067748127,64.64734864246071,67.98105896828919,no_fit,36.35360067748127,0.9996896743994793,-1.9827702415236381
wave,0.25,211,3,3,False,0.9583306302838375,0.030481435358524323,0.024776725564152002,0.3842163218457483,0.027125482786019197,0.022150204745652085,5,9.285551640703602,14.943478592613458,15.279928704591986,no_fit,9.285551640703602,0.9996896743994793,-1.9827702415236381
wave,0.25,212,0,0,False,0.8916089664748205,0.05377688631415367,0.013988490332849324,0.42139523878977136,0.050916914098363276,0.0441578789048529,5,26.80439256291765,48.99517013010193,51.25458942584463,no_fit,26.80439256291765,0.9996896743994793,-1.9827702415236381
wave,0.25,212,0,1,False,0.7822285956508918,0.10270676016807556,0.31676211953163147,0.5146229808971039,0.11680137424398393,0.10685103026131273,5,70.73364380965458,143.29287271635238,153.7354255778046,no_fit,70.73364380965458,0.9996896743994793,-1.9827702415236381
wave,0.25,212,0,2,False,0.9806179262772028,0.028102310374379158,0.06313838018104434,0.3255200118685384,0.011376154406835906,0.008413546416054152,5,-18.37236315977081,-7.597883667180911,-7.174585083474749,acf_or_spectral,-18.37236315977081,0.9996896743994793,-1.9827702415236381
wave,0.25,212,0,3,False,0.9163615878187052,0.043104663491249084,0.1575419120490551,0.405431285808443,0.03490009771869216,0.029313345549206154,5,19.282119840700656,26.070963359482988,26.989096981180847,no_fit,19.282119840700656,0.9996896743994793,-1.9827702415236381
wave,0.25,212,1,0,False,0.7533707794928902,0.14469197392463684,0.01942226872779429,0.31491279716770937,0.003680834632979053,0.002036203890372546,5,-23.37052131621672,-18.611876553172248,-17.59925476937596,acf_or_spectral,-23.37052131621672,0.9996896743994793,-1.9827702415236381
wave,0.25,212,1,1,False,0.9667854156383296,0.03669381141662598,0.08019397919997573,0.3892549753648156,0.030186657090381822,0.024945658159784705,5,11.659783509684537,19.324810753178276,19.849493275932417,no_fit,11.659783509684537,0.9996896743994793,-1.9827702415236381
wave,0.25,212,1,2,False,0.9896105933710077,0.028158940374851227,0.10723744425922632,0.35988024756656356,0.01537142056068792,0.011650698606566225,5,-2.1816950951311993,-1.8796244798679507,-1.88300129709609,no_fit,-2.1816950951311993,0.9996896743994793,-1.9827702415236381
wave,0.25,212,1,3,False,0.9949649285770668,0.021274590864777565,0.11545700021088123,0.3926379436171338,0.0291228230759846,0.023991595535437976,5,13.25385045753278,17.802189132403957,18.289942776891955,no_fit,13.25385045753278,0.9996896743994793,-1.9827702415236381
wave,0.25,212,2,0,False,0.9955543224753902,0.022187329828739166,0.10409182962030172,0.4035095272903585,0.034201676550239354,0.02874335403912146,5,18.376580235555036,25.07134203030857,26.057365120696232,no_fit,18.376580235555036,0.9996896743994793,-1.9827702415236381
wave,0.25,212,2,1,False,0.9990264955522131,0.018322505056858063,0.1221916414797306,0.366759571673019,0.017909408051684585,0.013884721950814218,5,1.0598674510504837,1.7528920356299085,1.768826300464007,no_fit,1.0598674510504837,0.9996896743994793,-1.9827702415236381
wave,0.25,212,2,2,False,0.8227553919672936,0.07950825244188309,0.008584664203226566,0.4256744102658493,0.05980542574652679,0.05247768228950038,5,28.820753730219934,61.716929191045814,64.85448652833296,no_fit,28.820753730219934,0.9996896743994793,-1.9827702415236381
wave,0.25,212,2,3,False,0.9981054851949448,0.018646856769919395,0.10993419401347637,0.38961145583493334,0.02716810938960639,0.022219036835260293,5,11.827758404092329,15.004488287136915,15.392444504874993,no_fit,11.827758404092329,0.9996896743994793,-1.9827702415236381
wave,0.25,212,3,0,False,0.9951550627297525,0.024414539337158203,0.12560589611530304,0.3551401576153421,0.012954022046258796,0.009556848198768635,5,-4.415242724758518,-5.339546981202028,-5.305696375034765,acf_or_spectral,-5.339546981202028,0.9996896743994793,-1.9827702415236381
wave,0.25,212,3,1,False,0.9827067422546801,0.023251848295331,0.06647256342694163,0.3726397191661113,0.019935883247249264,0.01568472737178293,5,3.830614341976285,4.653302160679308,4.711190125343375,no_fit,3.830614341976285,0.9996896743994793,-1.9827702415236381
wave,0.25,212,3,2,False,0.9902882935350271,0.02272956259548664,0.08903693035244942,0.4042504665424931,0.03684652538826781,0.03104434910010721,5,18.725713506723572,28.85680477164023,29.818667475567448,no_fit,18.725713506723572,0.9996896743994793,-1.9827702415236381
wave,0.25,212,3,3,False,0.9983978604852218,0.018459532409906387,0.11238560266792774,0.3803621961597721,0.023386896467893048,0.018774636969966552,5,7.469473596028613,9.59259463696617,9.762085038176567,no_fit,7.469473596028613,0.9996896743994793,-1.9827702415236381
wave,0.25,213,0,0,False,0.8463956664411232,0.05938493832945824,0.05858676042407751,0.4168063451124,0.03956645756464691,0.03364745496206369,5,24.64208916758578,32.74973118943403,34.07381272753573,no_fit,24.64208916758578,0.9996896743994793,-1.9827702415236381
wave,0.25,213,0,1,False,0.9089824100472796,0.05082495138049126,0.04793243552558124,0.45519015282124425,0.07558254935347761,0.06739036684910943,5,42.728679001617984,84.29807361063244,89.23138176924651,no_fit,42.728679001617984,0.9996896743994793,-1.9827702415236381
wave,0.25,213,0,2,False,0.7929969388404747,0.08940302580595016,0.27944307029247284,0.48320632757158966,0.0930157589929874,0.08401003143201827,5,55.93000246779695,109.24950546689726,116.39857764583593,no_fit,55.93000246779695,0.9996896743994793,-1.9827702415236381
wave,0.25,213,0,3,False,0.9881575123204208,0.028726940974593163,0.1644571479409933,0.36367236953851767,0.017130209570709015,0.013251299793408878,5,-0.39483342607505956,0.6376574802842131,0.7334080622103153,no_fit,-0.39483342607505956,0.9996896743994793,-1.9827702415236381
wave,0.25,213,1,0,False,0.9919433290808068,0.024488354101777077,0.17769638821482658,0.3635913941803966,0.017551797277563216,0.01361138646736616,5,-0.43298930941287206,1.2410585267083494,1.3220207357781761,no_fit,-0.43298930941287206,0.9996896743994793,-1.9827702415236381
wave,0.25,213,1,1,False,0.9908371604795955,0.026068413630127907,0.08880781102925539,0.3896248704544796,0.026910383397510656,0.022082926164208642,5,11.834079421625367,14.635615735131868,15.169952333453143,no_fit,11.834079421625367,0.9996896743994793,-1.9827702415236381
wave,0.25,213,1,2,False,0.9639578898676036,0.043544892221689224,0.3177629727870226,0.3264991472078522,0.00560540399416752,0.0036872156150133954,5,-17.910991025757784,-15.857320033670685,-14.900442245566696,acf_or_spectral,-17.910991025757784,0.9996896743994793,-1.9827702415236381
wave,0.25,213,1,3,False,0.9523501608749265,0.03460310027003288,0.056130596436560154,0.3507668846705088,0.013526533434463561,0.010056714383883312,5,-6.475944846482747,-4.520135112411558,-4.4885942912141825,acf_or_spectral,-6.475944846482747,0.9996896743994793,-1.9827702415236381
wave,0.25,213,2,0,False,0.776525584600699,0.08939491957426071,0.004447665996849537,0.43904640187187566,0.07038010024651964,0.06246568426744535,5,35.12168482274918,76.85202339600326,81.18129052590808,no_fit,35.12168482274918,0.9996896743994793,-1.9827702415236381
wave,0.25,213,2,1,False,0.9901958747551746,0.02434411086142063,0.12206875998526812,0.34222634898204496,0.009266709794076764,0.006491725490634585,5,-10.500276333652204,-10.617044487144794,-10.316073605107938,acf_or_spectral,-10.617044487144794,0.9996896743994793,-1.9827702415236381
wave,0.25,213,2,2,False,0.9984318283391858,0.018875107169151306,0.11879971157759428,0.37133803320068604,0.02023433542101964,0.01594679395886687,5,3.2172551794891615,5.080464411932715,5.1395750827233355,no_fit,3.2172551794891615,0.9996896743994793,-1.9827702415236381
wave,0.25,213,2,3,False,0.9978166484362799,0.020860858261585236,0.12035991065204144,0.3767950748640425,0.022471343154678365,0.01794490343561896,5,5.7886330641697255,8.282201050366934,8.40576804750896,no_fit,5.7886330641697255,0.9996896743994793,-1.9827702415236381
wave,0.25,213,3,0,False,0.9952600148837651,0.01983609050512314,0.09713445324450731,0.37202064518163536,0.019452515397696518,0.015253116981732899,5,3.538904428278563,3.9614777514614685,4.005661806744294,no_fit,3.538904428278563,0.9996896743994793,-1.9827702415236381
wave,0.25,213,3,1,False,0.9844844936647964,0.03164742887020111,0.14198004268109798,0.3291429154926083,0.005604392016660988,0.003512972041534894,5,-16.665237791859923,-15.858768435216726,-15.18526804739397,acf_or_spectral,-16.665237791859923,0.9996896743994793,-1.9827702415236381
wave,0.25,213,3,2,False,0.9672151776208645,0.03151858225464821,0.05633381335064769,0.42316382325901414,0.0508427478360558,0.044083189262631814,5,27.637755998996532,48.8890190266468,51.132498626114575,no_fit,27.637755998996532,0.9996896743994793,-1.9827702415236381
wave,0.25,213,3,3,False,0.9583517951769281,0.033044785261154175,0.05620806687511504,0.44400432998712336,0.0646829246767773,0.05707414445206394,5,37.45787858776848,68.69789165887124,72.36805500540751,no_fit,37.45787858776848,0.9996896743994793,-1.9827702415236381
wave,0.25,214,0,0,False,0.942860759846202,0.04025045409798622,0.11489022616297007,0.3994245878106797,0.032471619758664194,0.027042965467773787,5,16.45174189157876,22.595183305949334,23.277839146891587,no_fit,16.45174189157876,0.9996896743994793,-1.9827702415236381
wave,0.25,214,0,1,False,0.8246237414192941,0.06838861852884293,0.015752259641885757,0.3615517606253561,0.017025718139298145,0.013101105243482302,5,-1.3940720608056265,0.48810321665033546,0.48789379583651604,no_fit,-1.3940720608056265,0.9996896743994793,-1.9827702415236381
wave,0.25,214,0,2,False,0.9199312223358695,0.04260313883423805,0.04011256224475801,0.43668548193066137,0.06085725000666708,0.0534484213053691,5,34.00921075734031,63.22236174731918,66.44129695146711,no_fit,34.00921075734031,0.9996896743994793,-1.9827702415236381
wave,0.25,214,0,3,False,0.7731392902157731,0.09634954482316971,0.4047901201993227,0.493997278815037,0.09540621788900339,0.08631542797186388,5,61.01473795156455,112.67087040671692,120.16707484135729,no_fit,61.01473795156455,0.9996896743994793,-1.9827702415236381
wave,0.25,214,1,0,False,0.9954374155634215,0.024367867037653923,0.14436212740838528,0.37162375652827817,0.022177197251636877,0.017717511847445806,5,3.3518890509219594,7.861202186284809,8.034064287437795,no_fit,3.3518890509219594,0.9996896743994793,-1.9827702415236381
wave,0.25,214,1,1,False,0.9643383612238814,0.026050299406051636,0.17367996275424957,0.358047903334095,0.015254737015498307,0.011544056950267832,5,-3.0451023636023176,-2.046628811643307,-2.057322189723594,acf_or_spectral,-3.0451023636023176,0.9996896743994793,-1.9827702415236381
wave,0.25,214,1,2,False,0.998476646691647,0.019700871780514717,0.13598067220300436,0.38503178398174553,0.024511024565922326,0.01979708250256293,5,9.669800365865067,11.201512685661122,11.433417086944543,no_fit,9.669800365865067,0.9996896743994793,-1.9827702415236381
wave,0.25,214,1,3,False,0.9969561606323082,0.019663337618112564,0.12999439891427755,0.36357595414301125,0.016876318507060305,0.013005825752650128,5,-0.4402647112002411,0.27427370273884516,0.3321459720734973,no_fit,-0.4402647112002411,0.9996896743994793,-1.9827702415236381
wave,0.25,214,2,0,False,0.9722183995142331,0.03307601809501648,0.16255145519971848,0.349438109998763,0.01118072236780866,0.008036417521569953,5,-7.102068305937748,-7.877597460862813,-7.791055680463216,acf_or_spectral,-7.877597460862813,0.9996896743994793,-1.9827702415236381
wave,0.25,214,2,1,False,0.8075440592784919,0.07982378453016281,0.006663768261205405,0.42369435962166196,0.05507687308252884,0.04802469190225283,5,27.887746663185894,54.94914735315003,57.575442990274354,no_fit,27.887746663185894,0.9996896743994793,-1.9827702415236381
wave,0.25,214,2,2,False,0.996722705305773,0.020613165572285652,0.10132508631795645,0.3769272121676503,0.022100556384916273,0.017619358785454814,5,5.850896642349809,7.751509283891765,7.8736192045846485,no_fit,5.850896642349809,0.9996896743994793,-1.9827702415236381
wave,0.25,214,2,3,False,0.9114679648355273,0.06104734167456627,0.04128173179924488,0.41857377582327027,0.049985671388918074,0.043304286985258796,5,25.474908948522124,47.662320959648284,49.85927252503698,no_fit,25.474908948522124,0.9996896743994793,-1.9827702415236381
wave,0.25,214,3,0,False,0.9982131490373835,0.019343482330441475,0.11797985341399908,0.374673296277752,0.020573967563072358,0.01625217728641197,5,4.788843275205479,5.566565848435832,5.63876738804785,no_fit,4.788843275205479,0.9996896743994793,-1.9827702415236381
wave,0.25,214,3,1,False,0.9897954469884592,0.02374333329498768,0.09361011441797018,0.3974813239251498,0.033634465103955444,0.028087262290260505,5,15.536068879055604,24.259515749164603,24.984890224142095,no_fit,15.536068879055604,0.9996896743994793,-1.9827702415236381
wave,0.25,214,3,2,False,0.9941902907590385,0.023294443264603615,0.14072817750275135,0.33448974576338253,0.0072364382599592065,0.0047441737254480644,5,-14.145791916316997,-13.5228881545346,-13.17269449973928,acf_or_spectral,-14.145791916316997,0.9996896743994793,-1.9827702415236381
wave,0.25,214,3,3,False,0.9944956075286238,0.020604891702532768,0.10480013024061918,0.37189117315987774,0.019500478196915583,0.015325066212403286,5,3.4778967406026653,4.030124922068421,4.123273015625275,no_fit,3.4778967406026653,0.9996896743994793,-1.9827702415236381
wave,0.25,215,0,0,False,0.7361058859026611,0.11878455430269241,0.30348581122234464,0.5655457727105635,0.1675667710200574,0.1559428638711951,5,94.72864857104095,215.95128528105437,233.98298129515254,no_fit,94.72864857104095,0.9996896743994793,-1.9827702415236381
wave,0.25,215,0,1,False,0.9885324008849711,0.020515184849500656,0.07032601116225123,0.40179791596802394,0.03396813864336226,0.02864978621044267,5,17.57006275356959,24.737088884170053,25.904415251173724,no_fit,17.57006275356959,0.9996896743994793,-1.9827702415236381
wave,0.25,215,0,2,False,0.9898519187574433,0.02300669439136982,0.07880957936868072,0.38451880240434444,0.02647817653708112,0.021589901718977643,5,9.428081580348886,14.017015933442055,14.364034042580323,no_fit,9.428081580348886,0.9996896743994793,-1.9827702415236381
wave,0.25,215,0,3,False,0.9862405214815313,0.023158054798841476,0.0674758949317038,0.3683194253870449,0.02023402388433255,0.016005697103316906,5,1.794876195901441,5.08001852235877,5.235860615745876,no_fit,1.794876195901441,0.9996896743994793,-1.9827702415236381
wave,0.25,215,1,0,False,0.9892053124796617,0.028171462938189507,0.09674614109098911,0.38448419014808866,0.025461137210486734,0.02066076013130469,5,9.41177215928057,12.56136961372196,12.84522050795853,no_fit,9.41177215928057,0.9996896743994793,-1.9827702415236381
wave,0.25,215,1,1,False,0.9769026460639789,0.0322432704269886,0.08368820091709495,0.3465610748097794,0.011089141842661842,0.00799546127995256,5,-8.45773775374072,-8.008672878402853,-7.85800445869144,acf_or_spectral,-8.45773775374072,0.9996896743994793,-1.9827702415236381
wave,0.25,215,1,2,False,0.971277298097455,0.0394478403031826,0.07559550972655416,0.38421034387020925,0.026851429616481338,0.02190943209874105,5,9.28273479688153,14.551237626886762,14.886351708634818,no_fit,9.28273479688153,0.9996896743994793,-1.9827702415236381
wave,0.25,215,1,3,False,0.9801276217613567,0.033964965492486954,0.08745825011283159,0.36769726843770967,0.018755574189098775,0.014661398976861499,5,1.5017135779461142,2.9639746276110976,3.0384149130508202,no_fit,1.5017135779461142,0.9996896743994793,-1.9827702415236381
wave,0.25,215,2,0,False,0.9927294257529063,0.021805014461278915,0.08473799750208855,0.39224233425302857,0.02901792629167343,0.023886318748819094,5,13.067437885925806,17.652054703930748,18.117852957084505,no_fit,13.067437885925806,0.9996896743994793,-1.9827702415236381
wave,0.25,215,2,1,False,0.9960224622567291,0.022361572831869125,0.10153921879827976,0.37914686935978015,0.022771290002952027,0.01824672989858488,5,6.8968071864713085,8.711502567411738,8.899146153861706,no_fit,6.8968071864713085,0.9996896743994793,-1.9827702415236381
wave,0.25,215,2,2,False,0.890572639414774,0.06113816425204277,0.019074508105404675,0.3659820953479397,0.027904427353864912,0.02299845043580742,5,0.6935177781872616,16.058349732599158,16.666506436107763,no_fit,0.6935177781872616,0.9996896743994793,-1.9827702415236381
wave,0.25,215,2,3,False,0.9963546936074821,0.021342748776078224,0.10156590864062309,0.38667526543642,0.02579896629619792,0.020958586081383332,5,10.444214806350255,13.044890410264387,13.332059209338729,no_fit,10.444214806350255,0.9996896743994793,-1.9827702415236381
wave,0.25,215,3,0,False,0.9829182273350268,0.02886795438826084,0.07586733344942331,0.3797569233824053,0.023439461821931757,0.018832636297776116,5,7.18426686132999,9.667829253908124,9.85689315487787,no_fit,7.18426686132999,0.9996896743994793,-1.9827702415236381
wave,0.25,215,3,1,False,0.9613970393282225,0.04659109190106392,0.1062177699059248,0.3223993633723748,0.004012664345422333,0.0022307000967579293,5,-19.842824084190653,-18.13694241143234,-17.281323170349644,acf_or_spectral,-19.842824084190653,0.9996896743994793,-1.9827702415236381
wave,0.25,215,3,2,False,0.963297776064362,0.035542502999305725,0.048541398253291845,0.39921266320963067,0.03431403561987471,0.02871332537912812,5,16.351882248575407,25.232156919099104,26.008279022485233,no_fit,16.351882248575407,0.9996896743994793,-1.9827702415236381
wave,0.25,215,3,3,False,0.9338873902604244,0.04346605762839317,0.035533063812181354,0.45418171502191285,0.07419529941630053,0.06609209168053103,5,42.253499441841306,82.31256015723862,87.10916711018818,no_fit,42.253499441841306,0.9996896743994793,-1.9827702415236381
wave,0.25,216,0,0,False,0.9866119872963025,0.023081492632627487,0.07646980648860335,0.3792798006626862,0.023372523449791485,0.01884139956769071,5,6.959444900009327,9.57202313067755,9.871217960838996,no_fit,6.959444900009327,0.9996896743994793,-1.9827702415236381
wave,0.25,216,0,1,False,0.9464206341723782,0.034987933933734894,0.13987994100898504,0.43668632408790486,0.05611946816808973,0.049024429738897715,5,34.00960758489724,56.44137057360002,59.209656093546,no_fit,34.00960758489724,0.9996896743994793,-1.9827702415236381
wave,0.25,216,0,2,False,0.7471207640439698,0.11208480596542358,0.34990317933261395,0.5215202272317062,0.12526729946751453,0.11497862723824646,5,73.98365137494076,155.40980130742605,167.02113408153718,no_fit,73.98365137494076,0.9996896743994793,-1.9827702415236381
wave,0.25,216,0,3,False,0.9769522600692881,0.026650553569197655,0.061242634896188974,0.3522446209557155,0.013827435545424104,0.010323686709550067,5,-5.77963013283745,-4.089466367396148,-4.05219020924035,acf_or_spectral,-5.77963013283745,0.9996896743994793,-1.9827702415236381
wave,0.25,216,1,0,False,0.9608150890009229,0.0371025986969471,0.1243838956579566,0.38895611976337574,0.03065809409174261,0.02535834674013795,5,11.518961663039011,19.99955903288211,20.524091216375687,no_fit,11.518961663039011,0.9996896743994793,-1.9827702415236381
wave,0.25,216,1,1,False,0.9660452534288849,0.036860741674900055,0.05910853762179613,0.34709812637305226,0.012315599498872554,0.009016124896518762,5,-8.204677103314308,-6.253294765804401,-6.189585204076794,acf_or_spectral,-8.204677103314308,0.9996896743994793,-1.9827702415236381
wave,0.25,216,1,2,False,0.9869022258370349,0.029284046962857246,0.12773371767252684,0.3813136838250807,0.023629840147961732,0.019009797238307112,5,7.917818045467159,9.94030987721693,10.146487806387016,no_fit,7.917818045467159,0.9996896743994793,-1.9827702415236381
wave,0.25,216,1,3,False,0.8847312798368571,0.050015855580568314,0.027405055472627282,0.4047190508846508,0.037245075822074813,0.031419343509739336,5,18.9465121534744,29.42723352205706,30.431648954723087,no_fit,18.9465121534744,0.9996896743994793,-1.9827702415236381
wave,0.25,216,2,0,False,0.9967715618767298,0.019266430288553238,0.09688578266650438,0.4054202156728475,0.03498399877243234,0.029345757529093318,5,19.2769035525345,26.191047467249494,27.042078953347012,no_fit,19.2769035525345,0.9996896743994793,-1.9827702415236381
wave,0.25,216,2,1,False,0.9962546485031191,0.02259523794054985,0.13572304788976908,0.3701832459378973,0.02036678533247377,0.01606268214479735,5,2.673115220106968,5.270034491588396,5.329010737772215,no_fit,2.673115220106968,0.9996896743994793,-1.9827702415236381
wave,0.25,216,2,2,False,0.9841533060410267,0.033358845859766006,0.09351308364421129,0.36754842052913783,0.017773567392985128,0.013779731852938676,5,1.4315759019132068,1.5584689196955925,1.5972051140159753,no_fit,1.4315759019132068,0.9996896743994793,-1.9827702415236381
wave,0.25,216,2,3,False,0.8167654082572054,0.07894542813301086,0.007068775390507653,0.4803795201208695,0.09695157567196669,0.08776641497179505,5,54.598000512993984,114.88267707987075,122.53891861984438,no_fit,54.598000512993984,0.9996896743994793,-1.9827702415236381
wave,0.25,216,3,0,False,0.9880492337055943,0.02365865372121334,0.07154001435264945,0.38968381050889844,0.02764372170203815,0.022625736549515663,5,11.8618521896935,15.685212516870623,16.0572527953799,no_fit,11.8618521896935,0.9996896743994793,-1.9827702415236381
wave,0.25,216,3,1,False,0.9973361138570602,0.021032778546214104,0.13343474827706814,0.35131514592825475,0.012065357649378038,0.008804685869613865,5,-6.217602147239378,-6.611455574075601,-6.535212243131961,acf_or_spectral,-6.611455574075601,0.9996896743994793,-1.9827702415236381
wave,0.25,216,3,2,False,0.9967849609201486,0.01995571330189705,0.11005607899278402,0.3733910906159437,0.020127245736391335,0.01586636296372809,5,4.184663302652725,4.9271913759419,5.008099228407279,no_fit,4.184663302652725,0.9996896743994793,-1.9827702415236381
wave,0.25,216,3,3,False,0.9886128300241694,0.024652443826198578,0.08939982671290636,0.3946849820821569,0.03192452836263877,0.02651968216507897,5,14.21842242944867,21.812154020502096,22.42245846743563,no_fit,14.21842242944867,0.9996896743994793,-1.9827702415236381
wave,0.25,217,0,0,False,0.8419184771875651,0.07257579267024994,0.3090269286185503,0.4582426643405194,0.07024837964934624,0.06233815622788165,5,44.1670335346433,76.66349715371051,80.97282788135223,no_fit,44.1670335346433,0.9996896743994793,-1.9827702415236381
wave,0.25,217,0,1,False,0.9046942107414653,0.05271996930241585,0.07560834009200335,0.4269384017583016,0.04961810800972968,0.04291225906018173,5,29.41635111990839,47.13624269877013,49.21844735215028,no_fit,29.41635111990839,0.9996896743994793,-1.9827702415236381
wave,0.25,217,0,2,False,0.982201388958856,0.025508666411042213,0.0749128544703126,0.3736406432158944,0.021007428976322254,0.01663875211344559,5,4.302253395630509,6.186961239684573,6.270678699770778,no_fit,4.302253395630509,0.9996896743994793,-1.9827702415236381
wave,0.25,217,0,3,False,0.9925643729953801,0.02329578995704651,0.08451479487121105,0.36262824591920084,0.01884946384594951,0.01478444673476773,5,-0.8868282740551188,3.09835500984489,3.2395539026217324,no_fit,-0.8868282740551188,0.9996896743994793,-1.9827702415236381
wave,0.25,217,1,0,False,0.994160397665278,0.024237966164946556,0.14247519616037607,0.33174915250120024,0.006211882719658434,0.00393821838558709,5,-15.437169431830709,-14.98929212003479,-14.490142663422619,acf_or_spectral,-15.437169431830709,0.9996896743994793,-1.9827702415236381
wave,0.25,217,1,1,False,0.9317902053642054,0.04281974956393242,0.048390005715191364,0.37432178751831224,0.021689963351304534,0.017245580522651856,5,4.623211068956408,7.163844458500011,7.26262568968412,no_fit,4.623211068956408,0.9996896743994793,-1.9827702415236381
wave,0.25,217,1,2,False,0.9960914273987628,0.022526122629642487,0.1105261892080307,0.3606154982497356,0.016270005647066127,0.012436292650833125,5,-1.8352422983530274,-0.5935168144723706,-0.59883655516569,no_fit,-1.8352422983530274,0.9996896743994793,-1.9827702415236381
wave,0.25,217,1,3,False,0.9303065495514116,0.043955639004707336,0.050750607857480645,0.4370839510350141,0.061469286034085066,0.05403005113562776,5,34.196970848955736,64.09834359733314,67.39205329480234,no_fit,34.196970848955736,0.9996896743994793,-1.9827702415236381
wave,0.25,217,2,0,False,0.9977887541200073,0.018233535811305046,0.10876607336103916,0.38899316323115446,0.027172934828101653,0.022199086636291297,5,11.536416679821766,15.011394737657549,15.359833078786105,no_fit,11.536416679821766,0.9996896743994793,-1.9827702415236381
wave,0.25,217,2,1,False,0.8016821531091296,0.082996666431427,0.004814098763745278,0.4240998920006058,0.060778156572703516,0.05339985510526623,5,28.07883499548511,63.10915858687836,66.36190861817107,no_fit,28.07883499548511,0.9996896743994793,-1.9827702415236381
wave,0.25,217,2,2,False,0.9979427719691746,0.0198508333414793,0.1077109482139349,0.37534379987713695,0.02107939874133752,0.01671015481169928,5,5.104787010551048,6.28996858742047,6.387396524002311,no_fit,5.104787010551048,0.9996896743994793,-1.9827702415236381
wave,0.25,217,2,3,False,0.9738516665409904,0.03466271609067917,0.08270419528707862,0.4047446249499871,0.038334701186376316,0.03245069358004932,5,18.958562746100185,30.98676923512562,32.11753673167975,no_fit,18.958562746100185,0.9996896743994793,-1.9827702415236381
wave,0.25,217,3,0,False,0.9933470094080054,0.021749384701251984,0.11424518562853336,0.39103388599615607,0.029545835668539824,0.024349837932049985,5,12.49801267091078,18.407629558793527,18.875540717903704,no_fit,12.49801267091078,0.9996896743994793,-1.9827702415236381
wave,0.25,217,3,1,False,0.9915779110758653,0.022759102284908295,0.0920754773542285,0.3673379718923032,0.018106495815015722,0.014054896048681506,5,1.3324117386172907,2.0349755990212093,2.0469999679781403,no_fit,1.3324117386172907,0.9996896743994793,-1.9827702415236381
wave,0.25,217,3,2,False,0.9984316183004085,0.018291816115379333,0.11424964666366577,0.37897955571921227,0.02239118681000534,0.01788038499626509,5,6.817968390342892,8.167476589793507,8.300303519579744,no_fit,6.817968390342892,0.9996896743994793,-1.9827702415236381
wave,0.25,217,3,3,False,0.9971808142198614,0.020899780094623566,0.14879138581454754,0.33990466604984293,0.008790112401428645,0.006020087103328013,5,-11.594261777668896,-11.299178621445689,-11.08703335504495,acf_or_spectral,-11.594261777668896,0.9996896743994793,-1.9827702415236381
wave,0.25,218,0,0,False,0.9438726738903674,0.03820838779211044,0.30575666204094887,0.3825239965029645,0.023426355655748334,0.018826971241518366,5,8.488121782445537,9.649070940368349,9.847632817989696,no_fit,8.488121782445537,0.9996896743994793,-1.9827702415236381
wave,0.25,218,0,1,False,0.9136999739528342,0.05323627591133118,0.4123648703098297,0.3404981293982261,0.009094328438547017,0.00641684748462017,5,-11.314619688870485,-10.86376679099658,-10.438472312139245,acf_or_spectral,-11.314619688870485,0.9996896743994793,-1.9827702415236381
wave,0.25,218,0,2,False,0.9443327897332359,0.04586731642484665,0.04823632026091218,0.35473781482418987,0.017140031292281924,0.013565630219852283,5,-4.6048281116865,0.6517149041094991,1.2472256680085456,no_fit,-4.6048281116865,0.9996896743994793,-1.9827702415236381
wave,0.25,218,0,3,False,0.9873684259009544,0.030777454376220703,0.08564761560410261,0.3632159836101753,0.01891937143195336,0.014833151435050826,5,-0.6098841358578244,3.198410846060951,3.319168634080401,no_fit,-0.6098841358578244,0.9996896743994793,-1.9827702415236381
wave,0.25,218,1,0,False,0.8860731585608767,0.06552182883024216,0.26135580241680145,0.44499076982619756,0.06429013187646541,0.05672220419064557,5,37.922692628642615,68.13570357111938,71.79275879704458,no_fit,37.922692628642615,0.9996896743994793,-1.9827702415236381
wave,0.25,218,1,1,False,0.972723499719435,0.0353345088660717,0.08365134987980127,0.37387457553887277,0.026515281780830898,0.021682593304282616,5,4.412483157271822,14.07012313401368,14.515551568191606,no_fit,4.412483157271822,0.9996896743994793,-1.9827702415236381
wave,0.25,218,1,2,False,0.9319400809934603,0.04675230011343956,0.05801708484068513,0.37125241222932626,0.020444722156909872,0.01624743424138521,5,3.176910266292368,5.3815822446541235,5.631014209116307,no_fit,3.176910266292368,0.9996896743994793,-1.9827702415236381
wave,0.25,218,1,3,False,0.9103218540328926,0.05536879226565361,0.21247043646872044,0.4366736785939855,0.053600245117818975,0.04669504813021104,5,34.003648982157685,52.835710825947835,55.40195190560505,no_fit,34.003648982157685,0.9996896743994793,-1.9827702415236381
wave,0.25,218,2,0,False,0.8699777116067775,0.0945851281285286,0.03295278875157237,0.3601058491854108,0.01882465347879026,0.014855778173726448,5,-2.0753907915838714,3.0628449575766097,3.3561552434420103,no_fit,-2.0753907915838714,0.9996896743994793,-1.9827702415236381
wave,0.25,218,2,1,False,0.9911626917518058,0.024990452453494072,0.09558031987398863,0.37562436922380804,0.021515744112737545,0.017127344162162814,5,5.236992307423487,6.914491668678527,7.069351610708777,no_fit,5.236992307423487,0.9996896743994793,-1.9827702415236381
wave,0.25,218,2,2,False,0.9921780547002153,0.026881253346800804,0.08806181512773037,0.3741522123444151,0.023669242549660907,0.019235491983059058,5,4.543306630095701,9.996704904942746,10.515417835534441,no_fit,4.543306630095701,0.9996896743994793,-1.9827702415236381
wave,0.25,218,2,3,False,0.9979366867052627,0.021035656332969666,0.11116443946957588,0.3830958593124624,0.024757315166146484,0.020014292326282684,5,8.757585618737695,11.554018234289655,11.788477310806247,no_fit,8.757585618737695,0.9996896743994793,-1.9827702415236381
wave,0.25,218,3,0,False,0.9971699755404906,0.022945623844861984,0.1303413873538375,0.36315387070322,0.01632031838461507,0.012486863670751924,5,-0.6391519635840693,-0.5215062743358343,-0.5161710599049881,no_fit,-0.6391519635840693,0.9996896743994793,-1.9827702415236381
wave,0.25,218,3,1,False,0.9874271346426607,0.023732999339699745,0.06775739043951035,0.37909685177818897,0.023883691163488416,0.019213357024708045,5,6.873238720059848,10.303636335541775,10.479235110772322,no_fit,6.873238720059848,0.9996896743994793,-1.9827702415236381
wave,0.25,218,3,2,False,0.9951849469512704,0.020278500393033028,0.09892633650451899,0.3708970224728606,0.01889587918790766,0.01476657336607466,5,3.009449320125483,3.1647873688827395,3.210337349794397,no_fit,3.009449320125483,0.9996896743994793,-1.9827702415236381
wave,0.25,218,3,3,False,0.9443830900332121,0.043834980577230453,0.028842290630564094,0.396318643737449,0.036188740225374286,0.030439865472471565,5,14.98820974474012,27.91534407637027,28.83055336326118,no_fit,14.98820974474012,0.9996896743994793,-1.9827702415236381
wave,0.25,219,0,0,False,0.9760518618674111,0.034831151366233826,0.08138325158506632,0.41140627194932433,0.0375575775205927,0.03176352842357866,5,22.097555047490914,29.874504276942297,30.994267948950906,no_fit,22.097555047490914,0.9996896743994793,-1.9827702415236381
wave,0.25,219,0,1,False,0.722547824689665,0.11905726045370102,0.34461151994764805,0.5407156132078736,0.14222208400769998,0.13136098589754536,5,83.02858708039133,179.67648310842483,193.80041981245398,no_fit,83.02858708039133,0.9996896743994793,-1.9827702415236381
wave,0.25,219,0,2,False,0.9696516734424296,0.028009094297885895,0.040361243300139904,0.3712984117226694,0.021454167538147696,0.017039555742059613,5,3.1985853949034198,6.826359664498485,6.925849003135541,no_fit,3.1985853949034198,0.9996896743994793,-1.9827702415236381
wave,0.25,219,0,3,False,0.8195581034785127,0.06951192766427994,0.059736146591603756,0.37902629271639743,0.020416107400243078,0.01613982991060744,5,6.839991033447357,5.3406271270470365,5.455119688692883,no_fit,5.3406271270470365,0.9996896743994793,-1.9827702415236381
wave,0.25,219,1,0,False,0.9526420354361135,0.04275018721818924,0.07365914294496179,0.399273039485078,0.035775792879821286,0.0300751906956194,5,16.380331769217165,27.32430962167987,28.234440785623327,no_fit,16.380331769217165,0.9996896743994793,-1.9827702415236381
wave,0.25,219,1,1,False,0.9652825852520883,0.03522871062159538,0.13981194701045752,0.3451491475504245,0.01023439679685492,0.007358847851690217,5,-9.12304301498913,-9.2320341071118,-8.898639281192963,acf_or_spectral,-9.2320341071118,0.9996896743994793,-1.9827702415236381
wave,0.25,219,1,2,False,0.9747719955217353,0.03008083440363407,0.07093601999804378,0.3337149326686113,0.008119403617011285,0.005523097448914299,5,-14.510886665370135,-12.259136361634864,-11.89943334198456,acf_or_spectral,-14.510886665370135,0.9996896743994793,-1.9827702415236381
wave,0.25,219,1,3,False,0.9968948682506412,0.01997232995927334,0.12851478159427643,0.3857135483269536,0.026841845594523003,0.02191946847241992,5,9.991050205609456,14.537520412687698,14.902757583029233,no_fit,9.991050205609456,0.9996896743994793,-1.9827702415236381
wave,0.25,219,2,0,False,0.9862861768937503,0.02768583595752716,0.09020459745079279,0.37337601666876774,0.02023060597366954,0.01595664327470934,5,4.177560403903859,5.075126608203984,5.155675184588089,no_fit,4.177560403903859,0.9996896743994793,-1.9827702415236381
wave,0.25,219,2,1,False,0.9959754980492022,0.020367233082652092,0.09823883604258299,0.38074036700524716,0.02405065017809193,0.0193795733895039,5,7.647669074215111,10.542597867113528,10.750939302982514,no_fit,7.647669074215111,0.9996896743994793,-1.9827702415236381
wave,0.25,219,2,2,False,0.9951996810188931,0.022026821970939636,0.15217025019228458,0.36335679525724834,0.017562370345488233,0.0135753429134501,5,-0.5435331754793553,1.2561913214889964,1.2631024414623573,no_fit,-0.5435331754793553,0.9996896743994793,-1.9827702415236381
wave,0.25,219,2,3,False,0.9977304078867242,0.020594622939825058,0.12170394510030746,0.39456861679185384,0.028842648003792513,0.023730914557752426,5,14.1635906813169,17.401186140632355,17.86382279434026,no_fit,14.1635906813169,0.9996896743994793,-1.9827702415236381
wave,0.25,219,3,0,False,0.9136184942721592,0.05168312042951584,0.021044673048891127,0.42716340103089007,0.055173117794896614,0.04814565775312905,5,29.522371595707234,55.086898428931725,57.77317880791005,no_fit,29.522371595707234,0.9996896743994793,-1.9827702415236381
wave,0.25,219,3,1,False,0.95655238552677,0.03273676708340645,0.06915731774643064,0.42537370090934,0.051630569128972334,0.04478313281017467,5,28.679058387441685,50.01659505605282,52.276655499064134,no_fit,28.679058387441685,0.9996896743994793,-1.9827702415236381
wave,0.25,219,3,2,False,0.9934684236856172,0.022586464881896973,0.15025817416608334,0.34073809272734584,0.008538065272707047,0.005812167657820199,5,-11.20154809519434,-11.659923251201715,-11.426907139770513,acf_or_spectral,-11.659923251201715,0.9996896743994793,-1.9827702415236381
wave,0.25,219,3,3,False,0.9915833951847897,0.020876459777355194,0.09368234779685736,0.3651604080530443,0.016787458081176897,0.012896580081909761,5,0.3063357355056479,0.1470914507613561,0.15356844899129019,no_fit,0.1470914507613561,0.9996896743994793,-1.9827702415236381
wave,0.4,200,0,0,False,0.984325077467663,0.026154302060604095,0.06220646994188428,0.3337362816273115,0.018067102199233985,0.013712415422810773,5,-1.2015877024657733,1.8111302076102476,1.8214510833888597,no_fit,-1.2015877024657733,0.9996897454477081,-1.9817825819007238
wave,0.4,200,0,1,False,0.9663983183978355,0.02928031235933304,0.03774849069304764,0.3461360503850785,0.02345601852414972,0.018469915152714303,5,4.237923288269992,9.4971070352076,9.657934273567385,no_fit,4.237923288269992,0.9996897454477081,-1.9817825819007238
wave,0.4,200,0,2,False,0.8400431987555781,0.06902312487363815,0.06194809032604098,0.3401051184078623,0.017279773511709,0.013060832705235781,5,1.5922835658438208,0.6881975652827017,0.7481736681128309,no_fit,0.6881975652827017,0.9996897454477081,-1.9817825819007238
wave,0.4,200,0,3,False,0.7798903892173948,0.10012556612491608,0.3632899411022663,0.48673088209782844,0.10433193043114103,0.09410318565844386,5,65.913842193057,124.84690045358289,134.23993881072653,no_fit,65.913842193057,0.9996897454477081,-1.9817825819007238
wave,0.4,200,1,0,False,0.9723861763864997,0.03491676226258278,0.11878676433116198,0.32256659699524937,0.012054158508809835,0.008584298425602516,5,-6.101487330117852,-6.764869693625998,-6.625507387947966,acf_or_spectral,-6.764869693625998,0.9996897454477081,-1.9817825819007238
wave,0.4,200,1,1,False,0.98268839583238,0.024837596341967583,0.06781788682565093,0.32804283571578197,0.015388666112604036,0.011406473288947044,5,-3.6991795701790924,-2.0090066167187572,-1.9768626939014513,no_fit,-3.6991795701790924,0.9996897454477081,-1.9817825819007238
wave,0.4,200,1,2,False,0.940293950140927,0.04845605418086052,0.05069892411120236,0.40955307996433526,0.05610230743028227,0.04841943984214536,5,32.057605746469626,56.05908812952473,58.990348379100574,no_fit,32.057605746469626,0.9996897454477081,-1.9817825819007238
wave,0.4,200,1,3,False,0.9241068197331389,0.04432816803455353,0.36283255368471146,0.35506572207686354,0.023464520024685038,0.018500015525788047,5,8.155177574217985,9.509232355434259,9.707515162900464,no_fit,8.155177574217985,0.9996897454477081,-1.9817825819007238
wave,0.4,200,2,0,False,0.9959845817305971,0.02115185745060444,0.12479497026652098,0.34627648735362904,0.020835250639412786,0.016154744255302413,5,4.299529956011902,5.759219857507848,5.844419013456862,no_fit,4.299529956011902,0.9996897454477081,-1.9817825819007238
wave,0.4,200,2,1,False,0.9973711507288849,0.019321514293551445,0.10222201235592365,0.3548223231675265,0.02418930801589555,0.019146018618403114,5,8.04840372477481,10.54296592439108,10.771601902466914,no_fit,8.04840372477481,0.9996897454477081,-1.9817825819007238
wave,0.4,200,2,2,False,0.9974181950530304,0.019511889666318893,0.11517264880239964,0.36654012953607695,0.028511223354370403,0.023052353861071087,5,13.188752530805466,16.70712568110705,17.206059538261723,no_fit,13.188752530805466,0.9996897454477081,-1.9817825819007238
wave,0.4,200,2,3,False,0.996823330717729,0.021477919071912766,0.12582020834088326,0.35003668964777856,0.020634341036350895,0.01599424639891698,5,5.94904956448076,5.472671234283563,5.580049318232593,no_fit,5.472671234283563,0.9996897454477081,-1.9817825819007238
wave,0.4,200,3,0,False,0.9939140386485292,0.019707441329956055,0.09022199269384146,0.3482513830983932,0.021051113141160843,0.016359683921157164,5,5.16587410476654,6.06709514937531,6.181992599930639,no_fit,5.16587410476654,0.9996897454477081,-1.9817825819007238
wave,0.4,200,3,1,False,0.9795481325129447,0.03235059976577759,0.06680171238258481,0.3769582643910388,0.035993573985521464,0.0298503977179789,5,17.758963488250583,27.378876753041677,28.40369683415174,no_fit,17.758963488250583,0.9996897454477081,-1.9817825819007238
wave,0.4,200,3,2,False,0.9943194865040025,0.02229873463511467,0.10221839509904385,0.3315875550205466,0.015184845447231166,0.011209302589384698,5,-2.144187699442564,-2.299707161427224,-2.301639354003835,acf_or_spectral,-2.301639354003835,0.9996897454477081,-1.9817825819007238
wave,0.4,200,3,3,False,0.9535734745666412,0.03736625984311104,0.04561312682926655,0.40246224935898134,0.05222152992270164,0.044800453025246594,5,28.9470113664649,50.52410406261362,53.02920682025911,no_fit,28.9470113664649,0.9996897454477081,-1.9817825819007238
wave,0.4,201,0,0,False,0.7824773457527067,0.07252265512943268,0.0021242280927253887,0.38007503889438854,0.03926552462895565,0.03280580153930271,5,19.126225208836814,32.04551755987785,33.271794297283506,no_fit,19.126225208836814,0.9996897454477081,-1.9817825819007238
wave,0.4,201,0,1,False,0.8937717076727039,0.043887507170438766,0.22601253911852837,0.37288843741506644,0.03274298553930668,0.026852391368208016,5,15.973618212974559,22.742703918412776,23.46542511626677,no_fit,15.973618212974559,0.9996897454477081,-1.9817825819007238
wave,0.4,201,0,2,False,0.9190112475574032,0.050563376396894455,0.016768358065746725,0.3973999848426246,0.05141971175998447,0.044052222237828204,5,26.72630515712645,49.38050571240409,51.79673213379243,no_fit,26.72630515712645,0.9996897454477081,-1.9817825819007238
wave,0.4,201,0,3,False,0.9980261503686944,0.019696641713380814,0.14008216746151447,0.34555362644202936,0.019488966779831245,0.014979591013186673,5,3.9824264720492053,3.8390737791079648,3.9087239739301793,no_fit,3.8390737791079648,0.9996897454477081,-1.9817825819007238
wave,0.4,201,1,0,False,0.9575712359021323,0.04122183099389076,0.052771823946386576,0.3699300058049111,0.03359965490112239,0.027628171250396714,5,14.675818102895882,23.964534146762286,24.743278264179335,no_fit,14.675818102895882,0.9996897454477081,-1.9817825819007238
wave,0.4,201,1,1,False,0.7787665461094382,0.1395249217748642,0.08272471651434898,0.2754159300637129,0.002999335283121078,0.001710079054616225,5,-26.78546749176092,-19.679369992853108,-17.948619863968222,acf_or_spectral,-26.78546749176092,0.9996897454477081,-1.9817825819007238
wave,0.4,201,1,2,False,0.9896275832794129,0.022509625181555748,0.07538914354518056,0.35780842555044484,0.026149770234117548,0.020884948921459333,5,9.358342405782256,13.339087866564677,13.635942178334554,no_fit,9.358342405782256,0.9996897454477081,-1.9817825819007238
wave,0.4,201,1,3,False,0.9981230510266559,0.02064095064997673,0.13240506686270237,0.32920044385783465,0.0142868701447492,0.010438139592084488,5,-3.1913618572304907,-3.58045025530687,-3.5718876374132646,acf_or_spectral,-3.58045025530687,0.9996897454477081,-1.9817825819007238
wave,0.4,201,2,0,False,0.9985581784547354,0.020124124363064766,0.12497020978480577,0.34777697178285816,0.020841065465506764,0.016172543917103602,5,4.957760097530244,5.767513290903387,5.87373835311318,no_fit,4.957760097530244,0.9996897454477081,-1.9817825819007238
wave,0.4,201,2,1,False,0.9980463233075364,0.019317694008350372,0.11718746926635504,0.3484394463952364,0.02155766289576031,0.01679664838684762,5,5.2483734150453465,6.789565019222011,6.901754004973964,no_fit,5.2483734150453465,0.9996897454477081,-1.9817825819007238
wave,0.4,201,2,2,False,0.9870100422053443,0.02690131403505802,0.08342079259455204,0.3504221699468063,0.023144071492638165,0.01819684082446405,5,6.118151453736566,9.052190560154877,9.208130278928843,no_fit,6.118151453736566,0.9996897454477081,-1.9817825819007238
wave,0.4,201,2,3,False,0.985576232996248,0.024845581501722336,0.20612807013094425,0.3424988241967908,0.018820838519975062,0.014381253217260323,5,2.6423506438535256,2.886151519139889,2.923150806084642,no_fit,2.6423506438535256,0.9996897454477081,-1.9817825819007238
wave,0.4,201,3,0,False,0.9984523641931402,0.018560800701379776,0.11708216089755297,0.3428671227412168,0.019142115872518836,0.01467032770563176,5,2.80391526811495,3.3443754250235793,3.3993100278273958,no_fit,2.80391526811495,0.9996897454477081,-1.9817825819007238
wave,0.4,201,3,1,False,0.9511426625009775,0.04001738876104355,0.035056682070717216,0.39200157952054693,0.044288173962726315,0.03744171747009055,5,24.35814122959397,39.20910371801184,40.90800645182133,no_fit,24.35814122959397,0.9996897454477081,-1.9817825819007238
wave,0.4,201,3,2,False,0.9932095788339453,0.022539541125297546,0.10971993207931519,0.3595943918069234,0.027356726385853535,0.021968152469575015,5,10.141807264763036,15.060516898831926,15.420179041869261,no_fit,10.141807264763036,0.9996897454477081,-1.9817825819007238
wave,0.4,201,3,3,False,0.9901015325656299,0.02882557548582554,0.1495551811531186,0.31264962694741855,0.009119363250508777,0.00610193304369587,5,-10.451848100852702,-10.950640447711187,-10.714422930059195,acf_or_spectral,-10.950640447711187,0.9996897454477081,-1.9817825819007238
wave,0.4,202,0,0,False,0.9579741017813621,0.04022286459803581,0.05125637166202068,0.3869870679415547,0.043140955258921865,0.03658444938201617,5,22.15838320346025,37.57287560794462,39.495927136410074,no_fit,22.15838320346025,0.9996897454477081,-1.9817825819007238
wave,0.4,202,0,1,False,0.8230410441008351,0.09415402263402939,0.33213616255670786,0.4863029497959691,0.10606409366676726,0.09578072620311878,5,65.72611752619201,127.31740949249387,137.00315878456234,no_fit,65.72611752619201,0.9996897454477081,-1.9817825819007238
wave,0.4,202,0,2,False,0.7717586985850636,0.07907909899950027,0.03394988807849586,0.35151076462415787,0.022341850227682584,0.01760717465439738,5,6.5956944488993745,7.908017282765783,8.236840884943293,no_fit,6.5956944488993745,0.9996897454477081,-1.9817825819007238
wave,0.4,202,0,3,False,0.733051313166705,0.11761126667261124,0.3044409407302737,0.5424486103080111,0.15589312664696447,0.14371755904906888,5,90.35600727684329,198.3863906634659,215.964000847564,no_fit,90.35600727684329,0.9996897454477081,-1.9817825819007238
wave,0.4,202,1,0,False,0.9938296974886294,0.021791717037558556,0.15846661664545536,0.33764725098750253,0.017622964803732898,0.013437270784904295,5,0.5140701646105322,1.177676369348215,1.3682369053051149,no_fit,0.5140701646105322,0.9996897454477081,-1.9817825819007238
wave,0.4,202,1,1,False,0.9360170378169897,0.04158441722393036,0.06638505216687918,0.38324214940446144,0.03986246532097923,0.033402005094560226,5,20.515568249417736,32.896908089942336,34.25385197546543,no_fit,20.515568249417736,0.9996897454477081,-1.9817825819007238
wave,0.4,202,1,2,False,0.7774537082258871,0.09193357825279236,0.005032723376643844,0.479521745933454,0.11206082693786795,0.10149171097986176,5,62.75134971711768,135.8702891781295,146.41020844155082,no_fit,62.75134971711768,0.9996897454477081,-1.9817825819007238
wave,0.4,202,1,3,False,0.9392693897838947,0.04845254495739937,0.320789635181427,0.39506807782208647,0.041026837813741446,0.03449626854661554,5,25.703347865310356,34.55760190266397,36.05630654919004,no_fit,25.703347865310356,0.9996897454477081,-1.9817825819007238
wave,0.4,202,2,0,False,0.9985011131641163,0.019948339089751244,0.12230685912072659,0.36641420575809913,0.028341848884662374,0.02289439866755816,5,13.13351248660091,16.465554246170576,16.945878079714266,no_fit,13.13351248660091,0.9996897454477081,-1.9817825819007238
wave,0.4,202,2,1,False,0.997768635587299,0.019320031628012657,0.1507431110367179,0.325311707897024,0.012922269962511241,0.009275407531221247,5,-4.897266411752854,-5.526720107581871,-5.487122690894011,acf_or_spectral,-5.526720107581871,0.9996897454477081,-1.9817825819007238
wave,0.4,202,2,2,False,0.9957946317084315,0.020755793899297714,0.09766367729753256,0.3590207585310454,0.025291888733994967,0.020145316212929806,5,9.890166724544464,12.115528818100568,12.417630120245299,no_fit,9.890166724544464,0.9996897454477081,-1.9817825819007238
wave,0.4,202,2,3,False,0.981815435187894,0.027836551889777184,0.10120992735028267,0.36511040079020224,0.030189964226895467,0.024526440206923763,5,12.561561380802369,19.10144072847791,19.634152764949185,no_fit,12.561561380802369,0.9996897454477081,-1.9817825819007238
wave,0.4,202,3,0,False,0.9937269458587386,0.02315320447087288,0.10702632274478674,0.33204220909125315,0.015274652076274623,0.011285573321007396,5,-1.9447407691889709,-2.17161987482356,-2.176007332943056,acf_or_spectral,-2.176007332943056,0.9996897454477081,-1.9817825819007238
wave,0.4,202,3,1,False,0.9966791531817599,0.02276299148797989,0.12868524435907602,0.32895224943485246,0.014375849805551727,0.010526373449208822,5,-3.300239395031771,-3.453542437515436,-3.4265501329645836,acf_or_spectral,-3.453542437515436,0.9996897454477081,-1.9817825819007238
wave,0.4,202,3,2,False,0.9968791093917301,0.018263429403305054,0.0957959471270442,0.36275876921638284,0.02720511811551158,0.021842769922181794,5,11.529951353079925,14.844284620863016,15.21365076425049,no_fit,11.529951353079925,0.9996897454477081,-1.9817825819007238
wave,0.4,202,3,3,False,0.929314670225479,0.04641680791974068,0.038909401977434754,0.4169395909340813,0.060345043459781776,0.05239587280082698,5,35.29790872211636,62.11031788374725,65.54026993594576,no_fit,35.29790872211636,0.9996897454477081,-1.9817825819007238
wave,0.4,203,0,0,False,0.9918142676255378,0.02404192090034485,0.09113799594342709,0.344791626307247,0.021015998935857042,0.01630616168835556,5,3.648153455425862,6.017013286527173,6.093831569670507,no_fit,3.648153455425862,0.9996897454477081,-1.9817825819007238
wave,0.4,203,0,1,False,0.9912654201613291,0.025609901174902916,0.08566909469664097,0.33272384435484803,0.016548883962121258,0.012394534413462312,5,-1.6457220874353329,-0.3542383908466212,-0.3493430233349549,no_fit,-1.6457220874353329,0.9996897454477081,-1.9817825819007238
wave,0.4,203,0,2,False,0.8091649705069744,0.09260085970163345,0.3249607291072607,0.4940422619904273,0.1097640633475202,0.09930205865131488,5,69.12118678634423,132.59451522479054,142.8034455116156,no_fit,69.12118678634423,0.9996897454477081,-1.9817825819007238
wave,0.4,203,0,3,False,0.8851791147209946,0.053423672914505005,0.26050134003162384,0.3347084492722664,0.014101860115669594,0.010371080546803036,5,-0.7751187341426784,-3.8443220081126075,-3.682346304976483,acf_or_spectral,-3.8443220081126075,0.9996897454477081,-1.9817825819007238
wave,0.4,203,1,0,False,0.9076800602589737,0.069284588098526,0.09373398590832949,0.2257464054686143,0.0022235728604858332,0.0012156201010474807,6,-48.57441615827735,-20.785806174934393,-18.76308533908309,acf_or_spectral,-48.57441615827735,0.9996897454477081,-1.9817825819007238
wave,0.4,203,1,1,False,0.8825057567515422,0.06336590647697449,0.024861664045602083,0.4420383917010449,0.07893980425285617,0.06991994083552117,5,46.308211034461415,88.63121595549832,94.40565561621159,no_fit,46.308211034461415,0.9996897454477081,-1.9817825819007238
wave,0.4,203,1,2,False,0.9584707486296626,0.037325214594602585,0.19683677703142166,0.32694703694521865,0.013356622522760504,0.009659516897056143,5,-4.179882845583344,-4.9072219540016855,-4.854423424589201,acf_or_spectral,-4.9072219540016855,0.9996897454477081,-1.9817825819007238
wave,0.4,203,1,3,False,0.9196716214370392,0.04536600410938263,0.22664619237184525,0.38935019645220537,0.04099214103058526,0.03441224018467938,5,23.195036689288663,34.50811539085869,35.91789627421472,no_fit,23.195036689288663,0.9996897454477081,-1.9817825819007238
wave,0.4,203,2,0,False,0.998363251892447,0.01951710134744644,0.12868870422244072,0.32870267753557775,0.01491342255071361,0.010969706330713156,5,-3.40972120195928,-2.6868258263558205,-2.6962987675835137,acf_or_spectral,-3.40972120195928,0.9996897454477081,-1.9817825819007238
wave,0.4,203,2,1,False,0.9948435658164909,0.0218217633664608,0.09919474087655544,0.3396918983879328,0.018074493758984445,0.013742202596333805,5,1.4110128595985445,1.8216724676002887,1.8705160750543264,no_fit,1.4110128595985445,0.9996897454477081,-1.9817825819007238
wave,0.4,203,2,2,False,0.9995171870614017,0.017668500542640686,0.13274662103503942,0.35204735593019326,0.02219222110507459,0.01736878568346547,5,6.831085476242889,7.694607777076945,7.84417009787217,no_fit,6.831085476242889,0.9996897454477081,-1.9817825819007238
wave,0.4,203,2,3,False,0.9984810222464904,0.018877768889069557,0.13125072233378887,0.3547796534998598,0.0243243005151769,0.019253890308630256,5,8.029685462299257,10.735499851217668,10.949286555152808,no_fit,8.029685462299257,0.9996897454477081,-1.9817825819007238
wave,0.4,203,3,0,False,0.9906027227366679,0.023692715913057327,0.09794243238866329,0.33773524178054326,0.01715564293532692,0.012919138985977545,5,0.5526698268444576,0.5111555263744623,0.5147778694453742,no_fit,0.5111555263744623,0.9996897454477081,-1.9817825819007238
wave,0.4,203,3,1,False,0.9954015191663347,0.019438564777374268,0.09559630043804646,0.3420997451974286,0.018898629595027108,0.014447208278617818,5,2.46728329819494,2.997101544004722,3.031791007656589,no_fit,2.46728329819494,0.9996897454477081,-1.9817825819007238
wave,0.4,203,3,2,False,0.9981238204582863,0.01843843050301075,0.11288488004356623,0.34823381515932816,0.020743509807722854,0.016074975300719455,5,5.158167428981233,5.6283739018463725,5.7130247712757605,no_fit,5.158167428981233,0.9996897454477081,-1.9817825819007238
wave,0.4,203,3,3,False,0.9864423084424357,0.024615081027150154,0.08861644333228469,0.38457479041257536,0.03908811417488987,0.03265107472969858,5,21.100169103832886,31.79248475017943,33.016930584961806,no_fit,21.100169103832886,0.9996897454477081,-1.9817825819007238
wave,0.4,204,0,0,False,0.9607387529468194,0.039567217230796814,0.08895472157746553,0.34575743965790207,0.02097811915472246,0.016423805805763532,5,4.071834931953132,5.962987003229964,6.28761321987139,no_fit,4.071834931953132,0.9996897454477081,-1.9817825819007238
wave,0.4,204,0,1,False,0.9765662479788237,0.025446970015764236,0.05690968409180641,0.3514589158506518,0.02263100530762914,0.01775128141706634,5,6.572949510759645,8.320426589211275,8.474211413027223,no_fit,6.572949510759645,0.9996897454477081,-1.9817825819007238
wave,0.4,204,0,2,False,0.8381721328533162,0.07309520244598389,0.35197928734123707,0.4270451601873711,0.0623409281511691,0.05428222062546327,5,39.73100389467589,64.956961357804,68.64743417300856,no_fit,39.73100389467589,0.9996897454477081,-1.9817825819007238
wave,0.4,204,0,3,False,0.9960095353673876,0.02094246633350849,0.14830455463379622,0.3411707246975638,0.019868116311784173,0.015301244425246137,5,2.059742051390007,4.379838255875037,4.438546716919315,no_fit,2.059742051390007,0.9996897454477081,-1.9817825819007238
wave,0.4,204,1,0,False,0.8490232190898805,0.06411074846982956,0.013161702081561089,0.38821243034724595,0.039389618533897455,0.03313728964240621,5,22.695923249859664,32.22250729590677,33.8178165979022,no_fit,22.695923249859664,0.9996897454477081,-1.9817825819007238
wave,0.4,204,1,1,False,0.9226771017059987,0.049797121435403824,0.06436061346903443,0.285114431944618,0.0029435446061341127,0.001371760382487557,5,-22.53094399173114,-19.758941807419088,-18.505893376858907,acf_or_spectral,-22.53094399173114,0.9996897454477081,-1.9817825819007238
wave,0.4,204,1,2,False,0.8767188012415711,0.09278705716133118,0.04444807441905141,0.3096139198934035,0.009965880902422551,0.006852257739180585,5,-11.78354728069634,-9.743289161390532,-9.478499189195206,acf_or_spectral,-11.78354728069634,0.9996897454477081,-1.9817825819007238
wave,0.4,204,1,3,False,0.9579761594981687,0.04640574753284454,0.06261630356311798,0.3294995415530486,0.014536409827793632,0.01066767230707443,5,-3.0601541522963944,-3.224542665393516,-3.19380474414294,acf_or_spectral,-3.224542665393516,0.9996897454477081,-1.9817825819007238
wave,0.4,204,2,0,False,0.9985690825600361,0.018954895436763763,0.11861032713204622,0.3506827696132381,0.022396060238315474,0.017548529019819452,5,6.23247090415775,7.985334661701836,8.140240663053925,no_fit,6.23247090415775,0.9996897454477081,-1.9817825819007238
wave,0.4,204,2,1,False,0.9632901540204022,0.04091835394501686,0.05968051962554455,0.3665628672541006,0.03319951439077069,0.02725997473155816,5,13.198727077065964,23.39383115103629,24.136790404090885,no_fit,13.198727077065964,0.9996897454477081,-1.9817825819007238
wave,0.4,204,2,2,False,0.9855269856167198,0.028512345626950264,0.06605628784745932,0.37054791801792497,0.03211375405160177,0.02627498057434413,5,14.946882857381203,21.845258431769388,22.514322596701575,no_fit,14.946882857381203,0.9996897454477081,-1.9817825819007238
wave,0.4,204,2,3,False,0.8451640287500868,0.07301419228315353,0.013310339651070535,0.37513233397886936,0.03953375991869757,0.03306838269594069,5,16.957967216518252,32.428089879987596,33.70431409483962,no_fit,16.957967216518252,0.9996897454477081,-1.9817825819007238
wave,0.4,204,3,0,False,0.9992999729873526,0.017461072653532028,0.12048751208931208,0.34533932146406054,0.020297526531562984,0.015674364595274652,5,3.888415502505876,4.992287364333785,5.053144742425519,no_fit,3.888415502505876,0.9996897454477081,-1.9817825819007238
wave,0.4,204,3,1,False,0.9982911094287826,0.017449088394641876,0.1120366407558322,0.35811617169391374,0.02557232754127145,0.02037395044349685,5,9.493343998348818,12.515506484170524,12.794233043263093,no_fit,9.493343998348818,0.9996897454477081,-1.9817825819007238
wave,0.4,204,3,2,False,0.9968304769935816,0.01951911859214306,0.10469760745763779,0.3445566553416449,0.019805390459530434,0.015244689093015606,5,3.5450767630403033,4.290375102646159,4.345389610140351,no_fit,3.5450767630403033,0.9996897454477081,-1.9817825819007238
wave,0.4,204,3,3,False,0.9968516372592616,0.020459158346056938,0.11621618177741766,0.3533348061340239,0.024112249706456805,0.01907179730456607,5,7.395862099950099,10.433061011230405,10.649345652071132,no_fit,7.395862099950099,0.9996897454477081,-1.9817825819007238
wave,0.4,205,0,0,False,0.9884675745390149,0.028018811717629433,0.07369709014892578,0.3157875481186811,0.012959326973332385,0.009444390652229948,5,-9.075309793357773,-5.4738673057756015,-5.208776193282032,acf_or_spectral,-9.075309793357773,0.9996897454477081,-1.9817825819007238
wave,0.4,205,0,1,False,0.7977030004102288,0.0929727777838707,0.3921189345419407,0.46343352515418307,0.08712313691459604,0.07769613342397352,5,55.693794414289016,100.30274719079483,107.21448503557414,no_fit,55.693794414289016,0.9996897454477081,-1.9817825819007238
wave,0.4,205,0,2,False,0.8618351383962255,0.05987517535686493,0.252218721434474,0.32820233804727905,0.011374131882629163,0.008126578220259766,5,-3.629209339106604,-7.734762075663602,-7.379457340362625,acf_or_spectral,-7.734762075663602,0.9996897454477081,-1.9817825819007238
wave,0.4,205,0,3,False,0.8599344306404137,0.08219058811664581,0.03938135062344372,0.30407931133972715,0.007851042146892404,0.005062226444084753,5,-14.211460626925877,-12.759591640231436,-12.427012263350742,acf_or_spectral,-14.211460626925877,0.9996897454477081,-1.9817825819007238
wave,0.4,205,1,0,False,0.9395941047683802,0.042075496166944504,0.2728701736778021,0.36986929543490227,0.031894617855890844,0.026089950952200028,5,14.649185773586694,21.532714012674447,22.209544539752166,no_fit,14.649185773586694,0.9996897454477081,-1.9817825819007238
wave,0.4,205,1,1,False,0.9987322128943331,0.019310960546135902,0.12372891884297132,0.3457426482383672,0.021651123820246178,0.016914156545428105,5,4.065346255373734,6.922864268379573,7.0953117058050825,no_fit,4.065346255373734,0.9996897454477081,-1.9817825819007238
wave,0.4,205,1,2,False,0.9878755062782949,0.027878878638148308,0.13028931990265846,0.34315300751565786,0.020943485399633026,0.016270248941658662,5,2.9293267498155426,5.913590385613297,6.034676624472205,no_fit,2.9293267498155426,0.9996897454477081,-1.9817825819007238
wave,0.4,205,1,3,False,0.8263391750329274,0.0635765939950943,0.010100539773702621,0.3534407303071298,0.02415816597261264,0.019103204660167024,5,7.442328749050569,10.498549383364118,10.701079383692345,no_fit,7.442328749050569,0.9996897454477081,-1.9817825819007238
wave,0.4,205,2,0,False,0.9041096947745321,0.06631167978048325,0.11477605858817697,0.22445117607784004,0.002424862755166437,0.001147776444362261,6,-49.14260534343675,-20.4987151583247,-18.874836406945942,acf_or_spectral,-49.14260534343675,0.9996897454477081,-1.9817825819007238
wave,0.4,205,2,1,False,0.9985414368769969,0.019279371947050095,0.15112373791635036,0.33628785744132517,0.017268232518430904,0.013012925586314682,5,-0.08226645098444131,0.6717371488363042,0.6692617703873666,no_fit,-0.08226645098444131,0.9996897454477081,-1.9817825819007238
wave,0.4,205,2,2,False,0.9841464095983126,0.02394705079495907,0.06627868302166462,0.3343917021014198,0.016648479948401504,0.012530087484395947,5,-0.9140688831948878,-0.21218897005075388,-0.12606200976565857,no_fit,-0.9140688831948878,0.9996897454477081,-1.9817825819007238
wave,0.4,205,2,3,False,0.994538040296088,0.02321840636432171,0.12448297720402479,0.35352959489647284,0.024081200698247922,0.01903543673533449,5,7.4813117268674665,10.388777162080624,10.589453060217137,no_fit,7.4813117268674665,0.9996897454477081,-1.9817825819007238
wave,0.4,205,3,0,False,0.9894126133710895,0.024967707693576813,0.13357401359826326,0.30946578096403776,0.008279071027566106,0.005405769117375436,5,-11.848532632454281,-12.149112675622172,-11.861133853010607,acf_or_spectral,-12.149112675622172,0.9996897454477081,-1.9817825819007238
wave,0.4,205,3,1,False,0.9866425198534847,0.027904938906431198,0.0794543232768774,0.351340245433794,0.023825617006249522,0.0188158735856297,5,6.520891359564773,10.024249265232607,10.227791887431506,no_fit,6.520891359564773,0.9996897454477081,-1.9817825819007238
wave,0.4,205,3,2,False,0.9792164601851385,0.02857058309018612,0.06657056929543614,0.3904809973697365,0.04283341134381931,0.036101592899634445,5,23.69109465128831,37.134239106201605,38.70057308023027,no_fit,23.69109465128831,0.9996897454477081,-1.9817825819007238
wave,0.4,205,3,3,False,0.9888496625917204,0.021196957677602768,0.07371767237782478,0.36047355065516784,0.025897062297648897,0.02067405499925462,5,10.527475280921232,12.978661534675332,13.288560828866448,no_fit,10.527475280921232,0.9996897454477081,-1.9817825819007238
wave,0.4,206,0,0,False,0.8406945888857248,0.07897763699293137,0.2857593558728695,0.4594243384503878,0.08474544587584415,0.0754362501395767,5,53.935050717915985,96.91154993977447,103.49203871390083,no_fit,53.935050717915985,0.9996897454477081,-1.9817825819007238
wave,0.4,206,0,1,False,0.8463817857995577,0.07917288690805435,0.2423557210713625,0.440562730029937,0.07487907423636325,0.06607522581399045,5,45.6608701013032,82.83957345669192,88.07269789729159,no_fit,45.6608701013032,0.9996897454477081,-1.9817825819007238
wave,0.4,206,0,2,False,0.8674413852786732,0.05739105865359306,0.07532766973599792,0.41175596839642736,0.05151152736517542,0.044228423621680446,5,33.02396536750884,49.511458314255904,52.08696844719991,no_fit,33.02396536750884,0.9996897454477081,-1.9817825819007238
wave,0.4,206,0,3,False,0.9760621632365819,0.03265929967164993,0.054039505776017904,0.35637284806357306,0.027494538542263806,0.02240456327626261,5,8.728585539308389,15.257072379909493,16.13902846799186,no_fit,8.728585539308389,0.9996897454477081,-1.9817825819007238
wave,0.4,206,1,0,False,0.9945797248785471,0.022581391036510468,0.15743432939052582,0.33124733904980647,0.016522654489403404,0.012451596921867451,5,-2.2934331045962364,-0.3916483462726172,-0.255350503462471,no_fit,-2.2934331045962364,0.9996897454477081,-1.9817825819007238
wave,0.4,206,1,1,False,0.9964876725479319,0.023263966664671898,0.1336655942723155,0.3486018881605112,0.021257256809132912,0.01656357997718368,5,5.319633112288759,6.3611088915935134,6.517847167730664,no_fit,5.319633112288759,0.9996897454477081,-1.9817825819007238
wave,0.4,206,1,2,False,0.932957403082454,0.04847594350576401,0.05063921306282282,0.40618401630237044,0.055066696449884406,0.04745083733939497,5,30.579670215916526,54.582041258163656,57.39488066250603,no_fit,30.579670215916526,0.9996897454477081,-1.9817825819007238
wave,0.4,206,1,3,False,0.8734840733608276,0.09461114555597305,0.05532097211107612,0.2702479177339948,0.0018094393958924425,0.0007537887093092737,5,-29.052562984985418,-21.37646671231937,-19.523807176922606,acf_or_spectral,-29.052562984985418,0.9996897454477081,-1.9817825819007238
wave,0.4,206,2,0,False,0.87029186798056,0.06681443005800247,0.016469807946123183,0.4176809404628153,0.06720911217286771,0.05884758618313765,5,35.62312276346688,71.90024036368841,76.16743679641613,no_fit,35.62312276346688,0.9996897454477081,-1.9817825819007238
wave,0.4,206,2,1,False,0.9976425114572908,0.020798705518245697,0.11576976533979177,0.3399682287311934,0.018474243707205927,0.014070100966055585,5,1.5322330185066277,2.3918184215572924,2.4106254199399375,no_fit,1.5322330185066277,0.9996897454477081,-1.9817825819007238
wave,0.4,206,2,2,False,0.9443188953913747,0.042708348482847214,0.03133755759336054,0.39611247065620847,0.04669292947703868,0.03966460725103359,5,26.1615004656396,42.638901852673136,44.56951762175112,no_fit,26.1615004656396,0.9996897454477081,-1.9817825819007238
wave,0.4,206,2,3,False,0.9982639145335396,0.01890905201435089,0.1233025137335062,0.36058225522767606,0.025413645958731676,0.020254392735930948,5,10.5751616312438,12.289185848845712,12.59729935565667,no_fit,10.5751616312438,0.9996897454477081,-1.9817825819007238
wave,0.4,206,3,0,False,0.9920247999626789,0.022309385240077972,0.08041420392692089,0.3523217332531604,0.0233819646609714,0.018416423817463164,5,6.951448887290662,9.391487232994116,9.569824137295395,no_fit,6.951448887290662,0.9996897454477081,-1.9817825819007238
wave,0.4,206,3,1,False,0.9940097854146643,0.022337693721055984,0.0881323330104351,0.36480924675456505,0.028786230229453133,0.023263824938976385,5,12.4294516036965,17.099356018687747,17.554391570063522,no_fit,12.4294516036965,0.9996897454477081,-1.9817825819007238
wave,0.4,206,3,2,False,0.9922561488866385,0.023403123021125793,0.09511992242187262,0.34800414555571274,0.02130801120743165,0.016568945720062886,5,5.057416329705976,6.4334976810462505,6.526685540040266,no_fit,5.057416329705976,0.9996897454477081,-1.9817825819007238
wave,0.4,206,3,3,False,0.9880816122950763,0.023403659462928772,0.08887768723070621,0.3260324262188181,0.013477868823841431,0.00974459716893495,5,-4.581102835704873,-4.734293631431289,-4.714280459114432,acf_or_spectral,-4.734293631431289,0.9996897454477081,-1.9817825819007238
wave,0.4,207,0,0,False,0.9121424698317486,0.042169127613306046,0.15726626850664616,0.38854519488360584,0.038252646782692204,0.03192990523415973,5,22.841899871538427,30.60089396838253,31.829030858234052,no_fit,22.841899871538427,0.9996897454477081,-1.9817825819007238
wave,0.4,207,0,1,False,0.7946084205303524,0.07898309081792831,0.30394162610173225,0.4376292806045759,0.07119391187873955,0.0625986963715334,5,44.374029136625985,77.58358676495708,82.34621001864113,no_fit,44.374029136625985,0.9996897454477081,-1.9817825819007238
wave,0.4,207,0,2,False,0.9614953869116286,0.03961058706045151,0.10057684034109116,0.28682150987627897,0.005049760457976929,0.0029484254221165155,5,-21.782085738588638,-16.754937800837073,-15.908834042954323,acf_or_spectral,-21.782085738588638,0.9996897454477081,-1.9817825819007238
wave,0.4,207,0,3,False,0.9811805665817978,0.026805682107806206,0.06170452851802111,0.3553456300343103,0.025064605907230624,0.019950346324286862,5,8.27796715527145,11.791365213677022,12.096478603338667,no_fit,8.27796715527145,0.9996897454477081,-1.9817825819007238
wave,0.4,207,1,0,False,0.9913240545660792,0.02487105131149292,0.10750834364444017,0.3283887948308184,0.014814065453581592,0.010913016578790033,5,-3.547414771548704,-2.8285345299560687,-2.7896772884920065,acf_or_spectral,-3.547414771548704,0.9996897454477081,-1.9817825819007238
wave,0.4,207,1,1,False,0.9915794233403618,0.025094572454690933,0.13165361899882555,0.3511452386975274,0.023303824136453828,0.01846365678991621,5,6.435346112237056,9.280038803564706,9.647625590929524,no_fit,6.435346112237056,0.9996897454477081,-1.9817825819007238
wave,0.4,207,1,2,False,0.9576512767835135,0.04715218394994736,0.053910570684820414,0.33417193630137854,0.01657648186254876,0.012417927272748297,5,-1.0104753975472918,-0.3148767065325813,-0.310810651506833,no_fit,-1.0104753975472918,0.9996897454477081,-1.9817825819007238
wave,0.4,207,1,3,False,0.9302939105134204,0.053229302167892456,0.07046745298430324,0.39613378183074544,0.04688308039437841,0.0398473815738305,5,26.170849218054578,42.91010583067189,44.87058078297242,no_fit,26.170849218054578,0.9996897454477081,-1.9817825819007238
wave,0.4,207,2,0,False,0.7997329165193587,0.0833556205034256,0.00507780016050674,0.39666745392653163,0.05531379739631224,0.04778675683344975,5,26.404959650852742,54.934470584175024,57.94820228475802,no_fit,26.404959650852742,0.9996897454477081,-1.9817825819007238
wave,0.4,207,2,1,False,0.969293373183425,0.03403274714946747,0.12115572206676006,0.3203970606103068,0.011738918498776379,0.00827793411226012,5,-7.053216127745959,-7.21448280063348,-7.130146153660927,acf_or_spectral,-7.21448280063348,0.9996897454477081,-1.9817825819007238
wave,0.4,207,2,2,False,0.8931224593992264,0.06516007333993912,0.026381100760772824,0.389073515403629,0.048063697856451065,0.040965279339665386,5,23.07366268352612,44.59396913613694,46.7119654487958,no_fit,23.07366268352612,0.9996897454477081,-1.9817825819007238
wave,0.4,207,2,3,False,0.9983947164733852,0.01951688341796398,0.12375972047448158,0.3717617158073329,0.03164728103949257,0.02589897301290732,5,15.479349756159426,21.179948275589343,21.894968502773054,no_fit,15.479349756159426,0.9996897454477081,-1.9817825819007238
wave,0.4,207,3,0,False,0.9980941712178629,0.019480016082525253,0.11303428374230862,0.35556233026345196,0.02496216607664011,0.019839080573728206,5,8.373028869819368,11.645259741506045,11.913203304673923,no_fit,8.373028869819368,0.9996897454477081,-1.9817825819007238
wave,0.4,207,3,1,False,0.9971996324559811,0.018933409824967384,0.10258171148598194,0.3554180753037761,0.024166932255795893,0.019118135240148524,5,8.30974733175573,10.511052351558138,10.725672814209894,no_fit,8.30974733175573,0.9996897454477081,-1.9817825819007238
wave,0.4,207,3,2,False,0.9966321499326578,0.019795389845967293,0.10185217671096325,0.3470567857118982,0.02086226504194144,0.016178435107479273,5,4.64183000843824,5.797749324162701,5.883442234767425,no_fit,4.64183000843824,0.9996897454477081,-1.9817825819007238
wave,0.4,207,3,3,False,0.9918341222809154,0.022020898759365082,0.10091695748269558,0.32652198980250424,0.013219664308945814,0.009523789913018658,5,-4.36634185538767,-5.102559493918913,-5.077990905250927,acf_or_spectral,-5.102559493918913,0.9996897454477081,-1.9817825819007238
wave,0.4,208,0,0,False,0.7850811964721899,0.08004555106163025,0.0024953026440925896,0.4261932412425198,0.07362591453708468,0.06489452720406737,5,39.35728543635125,81.05224631535158,86.12786860993039,no_fit,39.35728543635125,0.9996897454477081,-1.9817825819007238
wave,0.4,208,0,1,False,0.9216784596157968,0.051417939364910126,0.07509563444182277,0.4020999399116768,0.04741696666067296,0.04035408800734927,5,28.788074029877396,43.67156457745926,45.70522012591689,no_fit,28.788074029877396,0.9996897454477081,-1.9817825819007238
wave,0.4,208,0,2,False,0.9832219423300973,0.02706798166036606,0.06751734623685479,0.33397594107292217,0.01629054340350594,0.012175886436935787,5,-1.09645427506889,-0.7226982865710044,-0.7094967363970485,no_fit,-1.09645427506889,0.9996897454477081,-1.9817825819007238
wave,0.4,208,0,3,False,0.8294179855704281,0.07324232161045074,0.3275607265532017,0.43649850872571216,0.06930487669345503,0.06082424304538807,5,43.87798391326314,74.88933809134458,79.4233567445378,no_fit,43.87798391326314,0.9996897454477081,-1.9817825819007238
wave,0.4,208,1,0,False,0.9453728930184127,0.05694398656487465,0.06918010162189603,0.30318921808175675,0.007652277855391447,0.004930357248631169,5,-14.60192533268719,-13.043080498940713,-12.644225251714973,acf_or_spectral,-14.60192533268719,0.9996897454477081,-1.9817825819007238
wave,0.4,208,1,1,False,0.9813391105437914,0.03275120630860329,0.18147511593997478,0.31932586410722735,0.010733696387235762,0.007439257487395396,5,-7.523126919274927,-8.648187350872618,-8.51160188584682,acf_or_spectral,-8.648187350872618,0.9996897454477081,-1.9817825819007238
wave,0.4,208,1,2,False,0.8728295852742951,0.06842222064733505,0.015993083245120943,0.42707649859944863,0.07419829146920648,0.0654367359831167,5,39.7447513798313,81.8686026236875,87.02098689134193,no_fit,39.7447513798313,0.9996897454477081,-1.9817825819007238
wave,0.4,208,1,3,False,0.9848267141044581,0.027447449043393135,0.0941502251662314,0.39099093901420545,0.042561704213414875,0.03586743282664664,5,23.91479504715135,36.74671505085007,38.314868071305945,no_fit,23.91479504715135,0.9996897454477081,-1.9817825819007238
wave,0.4,208,2,0,False,0.9958109475622773,0.020206669345498085,0.11017458979040384,0.3293257898580941,0.015111017541701919,0.01115469220702384,5,-3.136375271643654,-2.4050046900795574,-2.3915927681238953,acf_or_spectral,-3.136375271643654,0.9996897454477081,-1.9817825819007238
wave,0.4,208,2,1,False,0.9961956743733037,0.01969495229423046,0.09840578865259886,0.35523341645083284,0.023996608791944096,0.01897160286272331,5,8.228741477554422,10.268127407574804,10.48430684937507,no_fit,8.228741477554422,0.9996897454477081,-1.9817825819007238
wave,0.4,208,2,2,False,0.922674731836196,0.05107439309358597,0.05208821641281247,0.40817953850045086,0.05601622528335562,0.04836395757623456,5,31.455062744661582,55.936312909674115,58.898958811292474,no_fit,31.455062744661582,0.9996897454477081,-1.9817825819007238
wave,0.4,208,2,3,False,0.9981256296032718,0.020134415477514267,0.12617402337491512,0.3527125677332711,0.024199078630400682,0.019142291097105798,5,7.122899540254564,10.55690132664081,10.765461984517188,no_fit,7.122899540254564,0.9996897454477081,-1.9817825819007238
wave,0.4,208,3,0,False,0.999196524053073,0.01688563823699951,0.11789517663419247,0.3437850107741521,0.01943768808773986,0.014918933676582702,5,3.2065729418952738,3.7659372122361354,3.8088101062172206,no_fit,3.2065729418952738,0.9996897454477081,-1.9817825819007238
wave,0.4,208,3,1,False,0.9977772244650277,0.0184311605989933,0.12341278046369553,0.3271879950026372,0.013794941792096603,0.010012283047071335,5,-4.07417974520791,-4.282066255882853,-4.273352239806578,acf_or_spectral,-4.282066255882853,0.9996897454477081,-1.9817825819007238
wave,0.4,208,3,2,False,0.9979867399683635,0.019170906394720078,0.11151920258998871,0.3451784263647568,0.020270980301439735,0.015654861514976637,5,3.8178342942498804,4.9544256316058135,5.021019557015325,no_fit,3.8178342942498804,0.9996897454477081,-1.9817825819007238
wave,0.4,208,3,3,False,0.9915791315260012,0.021336780861020088,0.07950422959402204,0.3607796234177412,0.026645345288615382,0.02133700257546791,5,10.661742797397288,14.045904999277388,14.380558271201643,no_fit,10.661742797397288,0.9996897454477081,-1.9817825819007238
wave,0.4,209,0,0,False,0.8783000470674401,0.07689881324768066,0.15257032960653305,0.2988646053164013,0.005903209653919684,0.0036134130816495164,5,-16.49903963597549,-15.537700354929953,-14.813476205548376,acf_or_spectral,-16.49903963597549,0.9996897454477081,-1.9817825819007238
wave,0.4,209,0,1,False,0.8775937751620981,0.07023053616285324,0.3104147845879197,0.47315930903951575,0.09240326386705802,0.08276644870861535,5,59.9602859409677,107.83356247099489,115.56623338087707,no_fit,59.9602859409677,0.9996897454477081,-1.9817825819007238
wave,0.4,209,0,2,False,0.9945809768161137,0.022306108847260475,0.09764292649924755,0.3287832198331506,0.015375190127401106,0.011378590262084159,5,-3.3743890339628146,-2.0282268279363413,-2.0227912033512503,acf_or_spectral,-3.3743890339628146,0.9996897454477081,-1.9817825819007238
wave,0.4,209,0,3,False,0.9854886066723942,0.026779433712363243,0.07057894300669432,0.3228963866376169,0.01513535418855314,0.011196809582980702,5,-5.9568157302410185,-2.3702943898110087,-2.322217649377,acf_or_spectral,-5.9568157302410185,0.9996897454477081,-1.9817825819007238
wave,0.4,209,1,0,False,0.7892903030814034,0.09193293005228043,0.37806876190006733,0.4731564114814969,0.09332128686223415,0.08360469625824363,5,59.959014844788584,109.14289871648495,116.94698234667963,no_fit,59.959014844788584,0.9996897454477081,-1.9817825819007238
wave,0.4,209,1,1,False,0.9811615376478287,0.0333252027630806,0.1183835668489337,0.31614007658937837,0.010363096916973054,0.007115966183836666,5,-8.920663160153104,-9.176757246751187,-9.044122539488617,acf_or_spectral,-9.176757246751187,0.9996897454477081,-1.9817825819007238
wave,0.4,209,1,2,False,0.9545454680473929,0.03694221377372742,0.08319177385419607,0.3883892069746194,0.04432349121051739,0.03747780468546878,5,22.773471341786856,39.25947517152312,40.96744877925108,no_fit,22.773471341786856,0.9996897454477081,-1.9817825819007238
wave,0.4,209,1,3,False,0.9732696334316532,0.03316783532500267,0.09231735952198505,0.4097527992490822,0.05275541286220048,0.04532085709219557,5,32.14521828712788,51.28555806453706,53.8864087023975,no_fit,32.14521828712788,0.9996897454477081,-1.9817825819007238
wave,0.4,209,2,0,False,0.997748716062583,0.022604752331972122,0.1157116387039423,0.33478137449392836,0.017229862218673748,0.01300061223397642,5,-0.7431280129863951,0.6170112601751777,0.6489793985341374,no_fit,-0.7431280129863951,0.9996897454477081,-1.9817825819007238
wave,0.4,209,2,1,False,0.9955582559559492,0.021310774609446526,0.12529632728546858,0.35452947293609766,0.025627887112499546,0.02046238985479778,5,7.919936647394932,12.594748682650396,12.939909133511252,no_fit,7.919936647394932,0.9996897454477081,-1.9817825819007238
wave,0.4,209,2,2,False,0.9953776643866219,0.021605387330055237,0.10382856335490942,0.3651081488895546,0.028215875155501252,0.022764884025621913,5,12.560573520579966,16.285883398667938,16.7325434770792,no_fit,12.560573520579966,0.9996897454477081,-1.9817825819007238
wave,0.4,209,2,3,False,0.9967707360524214,0.020146725699305534,0.12921892758458853,0.35390247996973795,0.0241198325681712,0.01908189981082567,5,7.644888362362089,10.443876116886107,10.665986350962696,no_fit,7.644888362362089,0.9996897454477081,-1.9817825819007238
wave,0.4,209,3,0,False,0.9526050933800957,0.04183076694607735,0.037881606724113226,0.3934642530520466,0.04659922158581887,0.03958207917514495,5,24.999784546165255,42.50525036561098,44.43357859576358,no_fit,24.999784546165255,0.9996897454477081,-1.9817825819007238
wave,0.4,209,3,1,False,0.9910549467524165,0.025440817698836327,0.08638044260442257,0.3419490168810623,0.01966157726546213,0.015199084529581283,5,2.4011620382338554,4.0852606027232055,4.2702704477571825,no_fit,2.4011620382338554,0.9996897454477081,-1.9817825819007238
wave,0.4,209,3,2,False,0.9737389505855938,0.03378281742334366,0.1583646647632122,0.2884199016108191,0.0034375128179321016,0.001689516669703784,5,-21.08090577488277,-19.05441644451908,-17.98248992027185,acf_or_spectral,-21.08090577488277,0.9996897454477081,-1.9817825819007238
wave,0.4,209,3,3,False,0.9677483009431291,0.03200528398156166,0.03896467527374625,0.36085945136886244,0.02961356286387023,0.024014331072230173,5,10.696761597019643,18.279344549488382,18.790614172537207,no_fit,10.696761597019643,0.9996897454477081,-1.9817825819007238
wave,0.4,210,0,0,False,0.7843596685455243,0.0967724546790123,0.365692469291389,0.4942689932258477,0.1077397607400149,0.09738410841677665,5,69.22064888689671,129.70734051372764,139.64422625237194,no_fit,69.22064888689671,0.9996897454477081,-1.9817825819007238
wave,0.4,210,0,1,False,0.8877764332727969,0.05800445377826691,0.03163328324444592,0.40119843759868135,0.05182886887037554,0.044431694039335494,5,28.39260441786218,49.96406869236215,52.42179247272783,no_fit,28.39260441786218,0.9996897454477081,-1.9817825819007238
wave,0.4,210,0,2,False,0.9931250064649759,0.026780277490615845,0.11345811747014523,0.33004386957343756,0.017705261325488712,0.01376308644064703,5,-2.821369195309475,1.295052316768765,1.9049156345284386,no_fit,-2.821369195309475,0.9996897454477081,-1.9817825819007238
wave,0.4,210,0,3,False,0.9401546802452551,0.037332240492105484,0.13310000766068697,0.4019608630580191,0.047883753115849775,0.040781133878502254,5,28.72706401519029,44.33732178384554,46.40864376873723,no_fit,28.72706401519029,0.9996897454477081,-1.9817825819007238
wave,0.4,210,1,0,False,0.8800187417284449,0.05368490889668465,0.028164649149402976,0.3337529299980872,0.016495750568023302,0.012353911669707377,5,-1.1942844214464787,-0.4300202384734488,-0.4162562060249164,no_fit,-1.1942844214464787,0.9996897454477081,-1.9817825819007238
wave,0.4,210,1,1,False,0.9885694498163231,0.03010520711541176,0.09633451979607344,0.340778799864088,0.018059940309668353,0.013722715653058526,5,1.8878130839325533,1.800915516209539,1.8384174703093104,no_fit,1.800915516209539,0.9996897454477081,-1.9817825819007238
wave,0.4,210,1,2,False,0.9062355956494559,0.04917126148939133,0.04238460538908839,0.44019573271820317,0.07856309862518424,0.06957810749595583,5,45.49987629974571,88.09393711304807,93.84259279510226,no_fit,45.49987629974571,0.9996897454477081,-1.9817825819007238
wave,0.4,210,1,3,False,0.9304143598367083,0.052302151918411255,0.32993900775909424,0.3953935044533335,0.04197865875137194,0.035344125198518636,5,25.84610550635406,35.91514268258401,37.45288348613805,no_fit,25.84610550635406,0.9996897454477081,-1.9817825819007238
wave,0.4,210,2,0,False,0.9163661802747164,0.05161217600107193,0.023966330918483436,0.39955740198767636,0.050496092440689616,0.0432168066655028,5,27.67271750572448,48.06318767337655,50.42064795911731,no_fit,27.67271750572448,0.9996897454477081,-1.9817825819007238
wave,0.4,210,2,1,False,0.9488457713481598,0.04152248054742813,0.05180230177938938,0.40202494265384553,0.05110323052327463,0.04375714831504528,5,28.755174351164214,48.929122297806494,51.31069073242059,no_fit,28.755174351164214,0.9996897454477081,-1.9817825819007238
wave,0.4,210,2,2,False,0.9972987785187308,0.01996254362165928,0.1069547925144434,0.3546848327075538,0.023381732376915335,0.018426469278100648,5,7.988089626765982,9.391155936353993,9.586370871481932,no_fit,7.988089626765982,0.9996897454477081,-1.9817825819007238
wave,0.4,210,2,3,False,0.997397417910334,0.019943121820688248,0.1350935259833932,0.32926999715726635,0.014618176408656373,0.010727445965122418,5,-3.160850325596992,-3.1079225496056324,-3.0953464586775112,acf_or_spectral,-3.160850325596992,0.9996897454477081,-1.9817825819007238
wave,0.4,210,3,0,False,0.9984827843968535,0.018144408240914345,0.11200337205082178,0.34855585070199135,0.021102011973163366,0.016390740645821307,5,5.299437472636422,6.139689938333975,6.233148777458681,no_fit,5.299437472636422,0.9996897454477081,-1.9817825819007238
wave,0.4,210,3,1,False,0.9935433008133833,0.02305745519697666,0.0855409437790513,0.3620368976413187,0.02806341089819476,0.022611835806358303,5,11.213281869707375,16.068430263744215,16.480444713939523,no_fit,11.213281869707375,0.9996897454477081,-1.9817825819007238
wave,0.4,210,3,2,False,0.9966812727260225,0.021487217396497726,0.13275984302163124,0.32403082986455134,0.012827204709394588,0.009186446548882315,5,-5.459159965700214,-5.6623075408448456,-5.633657905241766,acf_or_spectral,-5.6623075408448456,0.9996897454477081,-1.9817825819007238
wave,0.4,210,3,3,False,0.994404642555416,0.02017902582883835,0.10495063662528992,0.3440747856640738,0.01917046176071774,0.014692449494459437,5,3.3336909333159666,3.384803931743404,3.4357487111961245,no_fit,3.3336909333159666,0.9996897454477081,-1.9817825819007238
wave,0.4,211,0,0,False,0.7839449720941455,0.0947023332118988,0.10612983535975218,0.3025532562128722,0.006447216411889965,0.004003431203386053,5,-14.880908081725913,-14.761807191311139,-14.171044123914744,acf_or_spectral,-14.880908081725913,0.9996897454477081,-1.9817825819007238
wave,0.4,211,0,1,False,0.8176022879110458,0.06729017198085785,0.01505967101547867,0.34836070832165544,0.023302161716066763,0.018334961932523895,5,5.213832721182437,9.277667765715476,9.435641325270353,no_fit,5.213832721182437,0.9996897454477081,-1.9817825819007238
wave,0.4,211,0,2,False,0.9170593321789224,0.05367318540811539,0.04174198117107153,0.41487883439124196,0.05986414749355667,0.05215328928970725,5,34.39389929395797,61.42443689580131,65.14068996431584,no_fit,34.39389929395797,0.9996897454477081,-1.9817825819007238
wave,0.4,211,0,3,False,0.763099197095356,0.09518244117498398,0.32673223596066236,0.4822039454809989,0.10258574941079117,0.09242275410477842,5,63.9279727818888,122.35639845837716,131.47195680964046,no_fit,63.9279727818888,0.9996897454477081,-1.9817825819007238
wave,0.4,211,1,0,False,0.951471673347545,0.034892477095127106,0.23564383015036583,0.35218393865446984,0.023977379513610727,0.019052790413106577,5,6.891001370189034,10.240701524749651,10.61803778157696,no_fit,6.891001370189034,0.9996897454477081,-1.9817825819007238
wave,0.4,211,1,1,False,0.8934313240813845,0.06506866961717606,0.11897185817360878,0.22288117311445912,0.0025846997432052445,0.0011525670333259153,6,-49.83133176581046,-20.270746618420077,-18.86694541965933,acf_or_spectral,-49.83133176581046,0.9996897454477081,-1.9817825819007238
wave,0.4,211,1,2,False,0.9923438025322808,0.022409187629818916,0.1834286693483591,0.3335365321495486,0.0168286418432718,0.012630349743618301,5,-1.2892134881486312,0.04476809992393902,0.03908850071502838,no_fit,-1.2892134881486312,0.9996897454477081,-1.9817825819007238
wave,0.4,211,1,3,False,0.996048326410819,0.02162949927151203,0.13375465292483568,0.30990993243072673,0.009124996409227667,0.006149092644228302,5,-11.653692967957092,-10.94260611858654,-10.636742333567511,acf_or_spectral,-11.653692967957092,0.9996897454477081,-1.9817825819007238
wave,0.4,211,2,0,False,0.9963296558373704,0.022511079907417297,0.12176032084971666,0.34333531784009735,0.02026821209317934,0.015646408703479896,5,3.0093023552389955,4.9504774566369445,5.007096210937637,no_fit,3.0093023552389955,0.9996897454477081,-1.9817825819007238
wave,0.4,211,2,1,False,0.7774125276692566,0.09132935851812363,0.004369378613773733,0.41348784526688065,0.06523015430660709,0.05699716272949987,5,33.78370237998586,69.07773888365134,73.11944665192932,no_fit,33.78370237998586,0.9996897454477081,-1.9817825819007238
wave,0.4,211,2,2,False,0.9827454489694788,0.02974924072623253,0.09389808680862188,0.3439049012341976,0.020084105180264447,0.015484393713630895,5,3.2591662997103894,4.687893779113156,4.7402275159110605,no_fit,3.2591662997103894,0.9996897454477081,-1.9817825819007238
wave,0.4,211,2,3,False,0.9986827782668156,0.019472815096378326,0.12200132012367249,0.35556210121958365,0.024289254255660208,0.019235096671535584,5,8.372928393216666,10.68551489648867,10.918329954094272,no_fit,8.372928393216666,0.9996897454477081,-1.9817825819007238
wave,0.4,211,3,0,False,0.9975405422332365,0.019566893577575684,0.10570563282817602,0.3589732809775125,0.025433460023656235,0.020254459295587307,5,9.869339346284388,12.31744578733586,12.597408991738186,no_fit,9.869339346284388,0.9996897454477081,-1.9817825819007238
wave,0.4,211,3,1,False,0.9901481151312866,0.027914654463529587,0.14267336577177048,0.30415117083229093,0.0070724708111022635,0.0044367660169571535,5,-14.179937418128574,-13.870034052901133,-13.457261428158725,acf_or_spectral,-14.179937418128574,0.9996897454477081,-1.9817825819007238
wave,0.4,211,3,2,False,0.9757547378817187,0.02856062538921833,0.07493487279862165,0.40024406315261085,0.04853764251355508,0.04137604167576986,5,27.973940941946466,45.26993577440572,47.38856709352284,no_fit,27.973940941946466,0.9996897454477081,-1.9817825819007238
wave,0.4,211,3,3,False,0.9894273286090907,0.02427816018462181,0.07765033561736345,0.37011862091367487,0.03158588765060451,0.02580545717409164,5,14.758559481157208,21.092385556869882,21.74093059620456,no_fit,14.758559481157208,0.9996897454477081,-1.9817825819007238
wave,0.4,212,0,0,False,0.8136660816787008,0.06520212441682816,0.0038636594836134464,0.40800897323115737,0.05463676318654969,0.047056030700897346,5,31.380239441494854,53.968846155444076,56.7445610068872,no_fit,31.380239441494854,0.9996897454477081,-1.9817825819007238
wave,0.4,212,0,1,False,0.7708984747730062,0.10277500003576279,0.3383037680760026,0.4982324472751177,0.11468541288914956,0.10401898495503553,5,70.95933065455273,139.61362189797896,150.57309675427945,no_fit,70.95933065455273,0.9996897454477081,-1.9817825819007238
wave,0.4,212,0,2,False,0.9555008856876422,0.03349322825670242,0.1653176210820675,0.33337601087105073,0.01623772968118376,0.012116305752888301,5,-1.3596307092834317,-0.7980242002562172,-0.8076371579429945,no_fit,-1.3596307092834317,0.9996897454477081,-1.9817825819007238
wave,0.4,212,0,3,False,0.9839223190552114,0.026915960013866425,0.17411312647163868,0.35232570628667903,0.022948218319420233,0.018109565577589262,5,6.953191771364817,8.772853702760273,9.064371783105065,no_fit,6.953191771364817,0.9996897454477081,-1.9817825819007238
wave,0.4,212,1,0,False,0.9737755164758695,0.031645361334085464,0.06937599135562778,0.3469970573471298,0.020524638135054653,0.015880223094442113,5,4.615628463638247,5.316206760455181,5.392231817542157,no_fit,4.615628463638247,0.9996897454477081,-1.9817825819007238
wave,0.4,212,1,1,False,0.9971166772307659,0.019632069393992424,0.11269816756248474,0.3595338666506555,0.026491721507426777,0.021248753793416904,5,10.115256184725448,13.826798085903302,14.23519618263449,no_fit,10.115256184725448,0.9996897454477081,-1.9817825819007238
wave,0.4,212,1,2,False,0.8201137013040956,0.11875075101852417,0.07698789844289422,0.22304105720178652,0.0027304842344045756,0.0011758606219333424,6,-49.76119406669278,-20.062820543190348,-18.828576565024687,acf_or_spectral,-49.76119406669278,0.9996897454477081,-1.9817825819007238
wave,0.4,212,1,3,False,0.9790375922631208,0.030110454186797142,0.12489210441708565,0.36446418858714236,0.028548873282985686,0.02305127177297732,5,12.278082031343532,16.760824135759208,17.204277138758094,no_fit,12.278082031343532,0.9996897454477081,-1.9817825819007238
wave,0.4,212,2,0,False,0.9592166834665925,0.0460161417722702,0.11935797892510891,0.262177499580643,0.0010931121184668,0.00047464423513434643,5,-32.59288128467088,-22.398133133416657,-19.983609826148903,acf_or_spectral,-32.59288128467088,0.9996897454477081,-1.9817825819007238
wave,0.4,212,2,1,False,0.9882840173588979,0.02392267808318138,0.1492625828832388,0.31633662786212763,0.011245510819191411,0.007905769462224287,5,-8.834440357998588,-7.918208700832523,-7.743170260767629,acf_or_spectral,-8.834440357998588,0.9996897454477081,-1.9817825819007238
wave,0.4,212,2,2,False,0.8275659462673107,0.07942590117454529,0.008938734012190253,0.40285426065983965,0.05758676168048565,0.049811866406287444,5,29.118978265297244,58.17630062286771,61.28393282112822,no_fit,29.118978265297244,0.9996897454477081,-1.9817825819007238
wave,0.4,212,2,3,False,0.9969423266002633,0.020335054025053978,0.1039043003693223,0.35848680985658504,0.025428243496444056,0.020252143390187168,5,9.65593496264997,12.310005681597353,12.593594266616046,no_fit,9.65593496264997,0.9996897454477081,-1.9817825819007238
wave,0.4,212,3,0,False,0.9982992165261576,0.01820330321788788,0.11896620783954859,0.3442475329174729,0.019297403116955145,0.014799648908387147,5,3.4094714258267866,3.5658548636336374,3.6123260003047726,no_fit,3.4094714258267866,0.9996897454477081,-1.9817825819007238
wave,0.4,212,3,1,False,0.9948292865897381,0.021611573174595833,0.09264842793345451,0.3587596437695675,0.02593505889399582,0.02069884293505453,5,9.77562131304129,13.032854426426082,13.329391150094683,no_fit,9.77562131304129,0.9996897454477081,-1.9817825819007238
wave,0.4,212,3,2,False,0.9975978815226578,0.018290625885128975,0.1096796290948987,0.3361602911369882,0.016553640936031278,0.012395693330365361,5,-0.13822703606017792,-0.34745372598313917,-0.3474340725529978,no_fit,-0.34745372598313917,0.9996897454477081,-1.9817825819007238
wave,0.4,212,3,3,False,0.998876261561144,0.01919272169470787,0.12777683325111866,0.33277907630429543,0.015540266334916633,0.011516066549561969,5,-1.6214930230126035,-1.7927858173038678,-1.7963422959353685,no_fit,-1.7963422959353685,0.9996897454477081,-1.9817825819007238
wave,0.4,213,0,0,False,0.9077546100980078,0.055415403097867966,0.05710169952362776,0.4446055309092786,0.0771837414198891,0.06825197210893885,5,47.4343596111588,86.12661996101497,91.65820219956771,no_fit,47.4343596111588,0.9996897454477081,-1.9817825819007238
wave,0.4,213,0,1,False,0.9968759634440849,0.020658906549215317,0.13153088092803955,0.36858390312264083,0.030735391652036537,0.02518567223162161,5,14.08531190250553,19.879360127854724,20.72003000578232,no_fit,14.08531190250553,0.9996897454477081,-1.9817825819007238
wave,0.4,213,0,2,False,0.814707007103178,0.06999578326940536,0.263120723888278,0.41625980757641234,0.0575988597422981,0.049827038150280126,5,34.999702431531844,58.19355556192094,61.308923493438094,no_fit,34.999702431531844,0.9996897454477081,-1.9817825819007238
wave,0.4,213,0,3,False,0.8036390583699908,0.08662182092666626,0.07787309866398573,0.3160879847812378,0.009834407599721394,0.0067509070146883066,5,-8.943514712342779,-9.93080381129087,-9.64544260356977,acf_or_spectral,-9.93080381129087,0.9996897454477081,-1.9817825819007238
wave,0.4,213,1,0,False,0.9933045156041945,0.023333672434091568,0.2006312571465969,0.3317525680968709,0.01563757715396115,0.01163399147837576,5,-2.0718000235256997,-1.6539956310854236,-1.6020980973401084,no_fit,-2.0718000235256997,0.9996897454477081,-1.9817825819007238
wave,0.4,213,1,1,False,0.9482185773992472,0.0396578423678875,0.06026838161051273,0.400284006823978,0.05086107483484768,0.04353462053200864,5,27.9914633686672,48.58374617806325,50.9441462594586,no_fit,27.9914633686672,0.9996897454477081,-1.9817825819007238
wave,0.4,213,1,2,False,0.9924810816305127,0.02579139731824398,0.15504662413150072,0.3691170936848096,0.030568635654081928,0.024881086198026238,5,14.319211096896309,19.641523305223778,20.21832039616734,no_fit,14.319211096896309,0.9996897454477081,-1.9817825819007238
wave,0.4,213,1,3,False,0.9509390567031889,0.03721393644809723,0.05120098777115345,0.3596706166166926,0.02843459211505251,0.02294457875411421,5,10.175245444023165,16.597829879473576,17.02853397611011,no_fit,10.175245444023165,0.9996897454477081,-1.9817825819007238
wave,0.4,213,2,0,False,0.8276514011672784,0.07880709320306778,0.0097672856063582,0.38679702282650763,0.0498027389433055,0.04257498715647725,5,22.07501451229925,47.074287754929365,49.36345235656299,no_fit,22.07501451229925,0.9996897454477081,-1.9817825819007238
wave,0.4,213,2,1,False,0.9930664190189641,0.023485979065299034,0.08630129508674145,0.358539259677547,0.025367112375819408,0.020198151389625614,5,9.678943567339157,12.222817024688034,12.50465944184974,no_fit,9.678943567339157,0.9996897454477081,-1.9817825819007238
wave,0.4,213,2,2,False,0.9980301414273454,0.020599069073796272,0.134077244438231,0.34409295406812934,0.01945708031426363,0.01494796944730412,5,3.3416610201357226,3.7935955009737254,3.8566373983013507,no_fit,3.3416610201357226,0.9996897454477081,-1.9817825819007238
wave,0.4,213,2,3,False,0.9942665310973389,0.022124623879790306,0.09609015937894583,0.36444613400555115,0.03089919928921435,0.025489336680139786,5,12.270161875982811,20.112991831822928,21.220221594088677,no_fit,12.270161875982811,0.9996897454477081,-1.9817825819007238
wave,0.4,213,3,0,False,0.9863919752709154,0.02430143393576145,0.0742136794142425,0.34746296749366434,0.020713471558070132,0.016046917135196438,5,4.82001319147298,5.585531653636847,5.6668077760153475,no_fit,4.82001319147298,0.9996897454477081,-1.9817825819007238
wave,0.4,213,3,1,False,0.9929336369675341,0.024264847859740257,0.10601860657334328,0.32617341017687784,0.013303278795930537,0.009593036724323578,5,-4.51925621546827,-4.983303790050461,-4.963928581851601,acf_or_spectral,-4.983303790050461,0.9996897454477081,-1.9817825819007238
wave,0.4,213,3,2,False,0.9718876841072536,0.03362002223730087,0.06593845970928669,0.39635206753898394,0.047027215548706626,0.03998910269647191,5,26.266606448070675,43.11567952850178,45.104021720087346,no_fit,26.266606448070675,0.9996897454477081,-1.9817825819007238
wave,0.4,213,3,3,False,0.9885399105239274,0.024338312447071075,0.07971578324213624,0.38299417899015437,0.03932449014881117,0.032885039473858624,5,20.406788979388548,32.129617514657504,33.40231385113001,no_fit,20.406788979388548,0.9996897454477081,-1.9817825819007238
wave,0.4,214,0,0,False,0.7771594452477294,0.10998225212097168,0.09670683555305004,0.28097735805246093,0.0023670446260185465,0.0009829458004391705,5,-24.34578903807754,-20.581178639672718,-19.14634300571895,acf_or_spectral,-24.34578903807754,0.9996897454477081,-1.9817825819007238
wave,0.4,214,0,1,False,0.8163746248045571,0.07689855247735977,0.023795213783159852,0.3118553287550566,0.008909967619175228,0.0059193455353101975,5,-10.800289578405897,-11.249292323745827,-11.015178373345352,acf_or_spectral,-11.249292323745827,0.9996897454477081,-1.9817825819007238
wave,0.4,214,0,2,False,0.9869089003296364,0.02490413561463356,0.09092648047953844,0.31949521656779206,0.011682937564065105,0.008219224543046081,5,-7.44883564912742,-7.294325971511592,-7.226851687737284,acf_or_spectral,-7.44883564912742,0.9996897454477081,-1.9817825819007238
wave,0.4,214,0,3,False,0.826656840356853,0.0791148692369461,0.40151622891426086,0.4352125043183602,0.06646168260952748,0.05816536817218915,5,43.31384152927361,70.83421410576835,75.04369737900088,no_fit,43.31384152927361,0.9996897454477081,-1.9817825819007238
wave,0.4,214,1,0,False,0.9992258457760781,0.01879033073782921,0.14477879088371992,0.3345184430643843,0.017072425263653795,0.012844230741270566,5,-0.8584703575699644,0.3924657829154687,0.3913901166805574,no_fit,-0.8584703575699644,0.9996897454477081,-1.9817825819007238
wave,0.4,214,1,1,False,0.9871706395718884,0.026860898360610008,0.13476420380175114,0.3396853314358959,0.018649350526768187,0.014220966814441845,5,1.4081320794422318,2.6415656576179383,2.6591294140483988,no_fit,1.4081320794422318,0.9996897454477081,-1.9817825819007238
wave,0.4,214,1,2,False,0.9988859500046827,0.01799805648624897,0.11763222236186266,0.35318699378373836,0.024276232606586137,0.01924177486898703,5,7.331020011387674,10.666942685118887,10.929330182163653,no_fit,7.331020011387674,0.9996897454477081,-1.9817825819007238
wave,0.4,214,1,3,False,0.9719719329066834,0.03420398011803627,0.08358568511903286,0.34295203813343367,0.020796731021842704,0.016115939948997043,5,2.8411658183687263,5.704281003348483,5.780501134038562,no_fit,2.8411658183687263,0.9996897454477081,-1.9817825819007238
wave,0.4,214,2,0,False,0.9987109927313458,0.018953800201416016,0.13756681233644485,0.335781214801144,0.016221777793472805,0.012109688209381181,5,-0.3045196448526508,-0.820775683469267,-0.818537477732371,no_fit,-0.820775683469267,0.9996897454477081,-1.9817825819007238
wave,0.4,214,2,1,False,0.8325584372021871,0.07713045179843903,0.010650472657289356,0.38569450796193316,0.045136114684639315,0.038219237629279326,5,21.591365031372774,40.41848466714012,42.188726158269176,no_fit,21.591365031372774,0.9996897454477081,-1.9817825819007238
wave,0.4,214,2,2,False,0.9989297606042303,0.01777922548353672,0.11740948259830475,0.345758185499984,0.020783046699417797,0.01610792193316516,5,4.072162116780629,5.684763649818069,5.767293976949262,no_fit,4.072162116780629,0.9996897454477081,-1.9817825819007238
wave,0.4,214,2,3,False,0.9281111566617081,0.0528486929833889,0.04116502474062145,0.3816048519286498,0.0411891432641929,0.03457730541286775,5,19.797321176527543,34.78909110307981,36.189789276719914,no_fit,19.797321176527543,0.9996897454477081,-1.9817825819007238
wave,0.4,214,3,0,False,0.9785810999639525,0.029979348182678223,0.10090682562440634,0.3753835386105957,0.03614406447135447,0.029943624959864856,5,17.068165267941048,27.593514783611667,28.557259368126036,no_fit,17.068165267941048,0.9996897454477081,-1.9817825819007238
wave,0.4,214,3,1,False,0.9978667475928348,0.019863182678818703,0.11474461760371923,0.3373653247793904,0.017152651390701892,0.012915119838624157,5,0.39039522054016085,0.5068888164683596,0.5081575893693291,no_fit,0.39039522054016085,0.9996897454477081,-1.9817825819007238
wave,0.4,214,3,2,False,0.9881343966639109,0.02349722757935524,0.08411623165011406,0.33884499473667135,0.01802077367586562,0.013677467292683466,5,1.0394945023513344,1.7450538509558107,1.7638850403370063,no_fit,1.0394945023513344,0.9996897454477081,-1.9817825819007238
wave,0.4,214,3,3,False,0.9971266832177405,0.01937730610370636,0.1070846151560545,0.3490776811978289,0.021920867170160514,0.017115739566448004,5,5.528353251056193,7.307587469082174,7.427356276552726,no_fit,5.528353251056193,0.9996897454477081,-1.9817825819007238
wave,0.4,215,0,0,False,0.736738984895651,0.11560852825641632,0.31444617081433535,0.5387632571355437,0.15133899173724963,0.13930305748136163,5,88.7393223629555,191.89102623852878,208.69249915710438,no_fit,88.7393223629555,0.9996897454477081,-1.9817825819007238
wave,0.4,215,0,1,False,0.9827890387787228,0.023841820657253265,0.05760887358337641,0.3638340119672442,0.028813950499580257,0.023306036301116727,5,12.001637146200519,17.138892233578808,17.623921501461762,no_fit,12.001637146200519,0.9996897454477081,-1.9817825819007238
wave,0.4,215,0,2,False,0.9865645984754733,0.02450747601687908,0.07774577289819717,0.36425508076996493,0.0267746158312671,0.02148051206273861,5,12.186350944094595,14.23027794838373,14.616944976083449,no_fit,12.186350944094595,0.9996897454477081,-1.9817825819007238
wave,0.4,215,0,3,False,0.9835846352775856,0.02592259645462036,0.07563869003206491,0.3305349537054102,0.015547629502905298,0.01153529708508336,5,-2.6059411832695063,-1.7822840512480613,-1.7646660422502063,no_fit,-2.6059411832695063,0.9996897454477081,-1.9817825819007238
wave,0.4,215,1,0,False,0.9707271851146836,0.030092790722846985,0.2544814758002758,0.3336739171782692,0.016461916939707617,0.012372997682184287,5,-1.2289456405550785,-0.47827567009438055,-0.3848180085610829,no_fit,-1.2289456405550785,0.9996897454477081,-1.9817825819007238
wave,0.4,215,1,1,False,0.9708989396505614,0.034718822687864304,0.060517432633787394,0.3511728612073813,0.022874963506417625,0.017966854687329385,5,6.447463511269018,8.668373551037593,8.829300515407985,no_fit,6.447463511269018,0.9996897454477081,-1.9817825819007238
wave,0.4,215,1,2,False,0.9967284989581617,0.022065401077270508,0.11839509289711714,0.34918295763439977,0.021758275214918656,0.01699085143148531,5,5.574535752115665,7.075689639352519,7.221642387777005,no_fit,5.574535752115665,0.9996897454477081,-1.9817825819007238
wave,0.4,215,1,3,False,0.8866091651329415,0.08204521983861923,0.07738712034188211,0.2308747205430021,0.001777688717358185,0.001334445621290418,6,-46.3247349943754,-21.421751323317412,-18.56735769960577,acf_or_spectral,-46.3247349943754,0.9996897454477081,-1.9817825819007238
wave,0.4,215,2,0,False,0.9950330748004843,0.02211853116750717,0.09604957234114408,0.36032548857878854,0.02604952628106043,0.020814916373276315,5,10.46252364291009,13.196114278954589,13.520585600770922,no_fit,10.46252364291009,0.9996897454477081,-1.9817825819007238
wave,0.4,215,2,1,False,0.9906021741633998,0.027638953179121017,0.12483144365251064,0.34136547357273594,0.019095434525449866,0.014626277805637,5,2.145174180619727,3.27779585127992,3.3267516840679137,no_fit,2.145174180619727,0.9996897454477081,-1.9817825819007238
wave,0.4,215,2,2,False,0.8775904971592714,0.06683696061372757,0.021784124081023037,0.37257528180363325,0.039622742499148156,0.033171707812241345,5,15.836243603538037,32.55500186194599,33.87450969819907,no_fit,15.836243603538037,0.9996897454477081,-1.9817825819007238
wave,0.4,215,2,3,False,0.9953594090694655,0.021545395255088806,0.10846523474901915,0.37483202738010246,0.03242302039999605,0.026573108966286764,5,16.826229191681314,22.28635156515576,23.00539527449672,no_fit,16.826229191681314,0.9996897454477081,-1.9817825819007238
wave,0.4,215,3,0,False,0.9957694306507755,0.022586656734347343,0.11552504915744066,0.3332225697229209,0.015516090197687193,0.011514019096505311,5,-1.4269420300014455,-1.8272671896842783,-1.7997148303278203,no_fit,-1.8272671896842783,0.9996897454477081,-1.9817825819007238
wave,0.4,215,3,1,False,0.9507653864979795,0.03449491783976555,0.04017246188595891,0.3412275252963073,0.018898105946959315,0.014446178360276056,5,2.08465924841047,2.9963546875548897,3.0300945413968554,no_fit,2.08465924841047,0.9996897454477081,-1.9817825819007238
wave,0.4,215,3,2,False,0.9967024578475364,0.020023809745907784,0.1166090602055192,0.3534711448995488,0.024372608398921143,0.019295664598274125,5,7.455670974456036,10.80439928343409,11.018096547199296,no_fit,7.455670974456036,0.9996897454477081,-1.9817825819007238
wave,0.4,215,3,3,False,0.9808045971867235,0.029233897104859352,0.06266380287706852,0.39153427299076893,0.043497924246180014,0.03672785583662941,5,24.153143938561602,38.08200493911491,39.7321441274224,no_fit,24.153143938561602,0.9996897454477081,-1.9817825819007238
wave,0.4,216,0,0,False,0.986247798698874,0.025428561493754387,0.07801366969943047,0.33817037864255317,0.018014719565397755,0.01367270636540875,5,0.743554978786874,1.736419136671495,1.7560429113457061,no_fit,0.743554978786874,0.9996897454477081,-1.9817825819007238
wave,0.4,216,0,1,False,0.9293462930099058,0.051698122173547745,0.26045476272702217,0.39475592667793025,0.04432546518807026,0.037480639177737245,5,25.566413893993758,39.26229056979892,40.972117712992656,no_fit,25.566413893993758,0.9996897454477081,-1.9817825819007238
wave,0.4,216,0,2,False,0.7993203767422851,0.10420642048120499,0.3210520073771477,0.5301839233247021,0.14213081573913589,0.13041487975609073,5,84.9757537457559,178.7578055539328,194.05202426698455,no_fit,84.9757537457559,0.9996897454477081,-1.9817825819007238
wave,0.4,216,0,3,False,0.9832671653986954,0.024097371846437454,0.06203931290656328,0.36340190491621904,0.028688960857235223,0.023191426719440737,5,11.812081106959592,16.96062494627432,17.43513829363686,no_fit,11.812081106959592,0.9996897454477081,-1.9817825819007238
wave,0.4,216,1,0,False,0.9983885860266662,0.02082696743309498,0.12737725861370564,0.33178145260747427,0.01578202924440364,0.011737858036931306,5,-2.0591290119965127,-1.4479699010688534,-1.431010638306511,no_fit,-2.0591290119965127,0.9996897454477081,-1.9817825819007238
wave,0.4,216,1,1,False,0.9865402091307865,0.02884555235505104,0.12102586310356855,0.31943137707929276,0.011554271265160844,0.008277699670365195,5,-7.47684065519799,-7.477837114057737,-7.130532322882779,acf_or_spectral,-7.477837114057737,0.9996897454477081,-1.9817825819007238
wave,0.4,216,1,2,False,0.9401177555328625,0.058470457792282104,0.09306730329990387,0.3354611148174703,0.01652200201563616,0.012366164405388657,5,-0.4449406005447936,-0.3925789412110596,-0.3960736810325287,no_fit,-0.4449406005447936,0.9996897454477081,-1.9817825819007238
wave,0.4,216,1,3,False,0.840619719798283,0.07732484489679337,0.009002315608086064,0.5023589511442956,0.1261939190753576,0.11504739012229453,5,72.76953885989907,156.02770341906083,168.73892263220452,no_fit,72.76953885989907,0.9996897454477081,-1.9817825819007238
wave,0.4,216,2,0,False,0.9958210366194385,0.018125884234905243,0.08751317299902439,0.3739474787875651,0.03313988033679241,0.027219599529602862,5,16.43819681100221,23.308777695132065,24.070284968592063,no_fit,16.43819681100221,0.9996897454477081,-1.9817825819007238
wave,0.4,216,2,1,False,0.9986660028489807,0.018184835091233253,0.15039175376296043,0.3398921915433913,0.01778944882474895,0.013486366141461039,5,1.4988771449549307,1.4151252831081835,1.4491060504896045,no_fit,1.4151252831081835,0.9996897454477081,-1.9817825819007238
wave,0.4,216,2,2,False,0.936314364626112,0.06529513746500015,0.07812011940404773,0.3062624567163538,0.008818563980757628,0.00585083317780633,5,-13.25376185830196,-11.37965735531769,-11.128030915306388,acf_or_spectral,-13.25376185830196,0.9996897454477081,-1.9817825819007238
wave,0.4,216,2,3,False,0.9983619756784311,0.02008722350001335,0.11389550287276506,0.3446050631369144,0.020235652920185837,0.015655314956925723,5,3.566312218277381,4.90403972517751,5.02176645988731,no_fit,3.566312218277381,0.9996897454477081,-1.9817825819007238
wave,0.4,216,3,0,False,0.9962227847398424,0.019019385799765587,0.09553367644548416,0.35807263336475564,0.025285220209260995,0.02011643002550475,5,9.47424467282104,12.106017791487925,12.370049219554549,no_fit,9.47424467282104,0.9996897454477081,-1.9817825819007238
wave,0.4,216,3,1,False,0.9889638069427549,0.023829754441976547,0.08292881585657597,0.34226863157442855,0.019108984555398518,0.01462743295738551,5,2.5413701075397856,3.2971216692958865,3.328654432943002,no_fit,2.5413701075397856,0.9996897454477081,-1.9817825819007238
wave,0.4,216,3,2,False,0.9944575293308572,0.022164490073919296,0.10364162642508745,0.3431058898367043,0.018969360346826385,0.014510317068599,5,2.9086572407680267,3.097981737080699,3.1357428731147228,no_fit,2.9086572407680267,0.9996897454477081,-1.9817825819007238
wave,0.4,216,3,3,False,0.9826317195351908,0.0267803892493248,0.09514767862856388,0.3694191697894337,0.03262476138022241,0.02673449613908723,5,14.451725365770237,22.574085945448044,23.271229838566562,no_fit,14.451725365770237,0.9996897454477081,-1.9817825819007238
wave,0.4,217,0,0,False,0.8671533281734612,0.06314586102962494,0.30424320697784424,0.42378408625421293,0.06011169668042297,0.052193203349022846,5,38.30044112793844,61.77750552764255,65.20643581247899,no_fit,38.30044112793844,0.9996897454477081,-1.9817825819007238
wave,0.4,217,0,1,False,0.8202447526674298,0.06819268316030502,0.01183108042459935,0.35432381213476616,0.02515527776530671,0.020004993607131545,5,7.829717691617594,11.920686538794998,12.186492799389914,no_fit,7.829717691617594,0.9996897454477081,-1.9817825819007238
wave,0.4,217,0,2,False,0.9881315074156036,0.025950860232114792,0.08512892387807369,0.34496231648983455,0.020881220133422182,0.016190026392415034,5,3.723031555359297,5.824784146212612,5.902535227874857,no_fit,3.723031555359297,0.9996897454477081,-1.9817825819007238
wave,0.4,217,0,3,False,0.9748666119526795,0.04063856601715088,0.09438965190201998,0.3267236094678444,0.015054045374812808,0.01110299064612297,5,-4.277895658769745,-2.486261612274311,-2.4767548145574487,acf_or_spectral,-4.277895658769745,0.9996897454477081,-1.9817825819007238
wave,0.4,217,1,0,False,0.9786550486526384,0.028675435110926628,0.09515096712857485,0.4007233552153272,0.04787264325180478,0.040790857400568474,5,28.184196027654007,44.321476268261485,46.42466021047075,no_fit,28.184196027654007,0.9996897454477081,-1.9817825819007238
wave,0.4,217,1,1,False,0.9582414623901448,0.04098949208855629,0.07810510229319334,0.3164763942924387,0.010625312010641534,0.007334706776938897,5,-8.773127840913409,-8.802771270300955,-8.68381626977285,acf_or_spectral,-8.802771270300955,0.9996897454477081,-1.9817825819007238
wave,0.4,217,1,2,False,0.9915203319792302,0.022979771718382835,0.07605898100882769,0.35273553054263573,0.02356799534110464,0.01857773856009693,5,7.132972829229322,9.656814695978726,9.835539395465913,no_fit,7.132972829229322,0.9996897454477081,-1.9817825819007238
wave,0.4,217,1,3,False,0.8883232741022017,0.06782002747058868,0.02324663777835667,0.40822665163933897,0.060200546894405516,0.05226006328257985,5,31.475730262080358,61.9042287210682,65.31656650615462,no_fit,31.475730262080358,0.9996897454477081,-1.9817825819007238
wave,0.4,217,2,0,False,0.9982087886169609,0.018509656190872192,0.12331311032176018,0.34517962416119163,0.02046910684091936,0.015824828075866812,5,3.8183597416996773,5.23700489236215,5.300985962254684,no_fit,3.8183597416996773,0.9996897454477081,-1.9817825819007238
wave,0.4,217,2,1,False,0.7898040989924694,0.08445119112730026,0.0036686858511529863,0.40335220644833203,0.06252935131822007,0.054470392375904675,5,29.337416337991,65.2257011207579,68.95738789721622,no_fit,29.337416337991,0.9996897454477081,-1.9817825819007238
wave,0.4,217,2,2,False,0.9966549077384523,0.020447777584195137,0.11047749780118465,0.347467906507969,0.020765562184482535,0.016117020412988015,5,4.822179830473947,5.659826247095211,5.782280858344087,no_fit,4.822179830473947,0.9996897454477081,-1.9817825819007238
wave,0.4,217,2,3,False,0.9867513272970259,0.023761089891195297,0.09118058905005455,0.3519782118390696,0.023497502919232544,0.018515562230612057,5,6.800753455464185,9.556274422505728,9.733123465145914,no_fit,6.800753455464185,0.9996897454477081,-1.9817825819007238
wave,0.4,217,3,0,False,0.9994976475108142,0.017950059846043587,0.13171857222914696,0.3446901216026285,0.020376224175404807,0.01574670499970402,5,3.6036255317871335,5.104530388809437,5.172302786664223,no_fit,3.6036255317871335,0.9996897454477081,-1.9817825819007238
wave,0.4,217,3,1,False,0.9872630981594251,0.02374962344765663,0.09672249853610992,0.32983964869062415,0.014270639362333377,0.010427333954318631,5,-2.910956489903617,-3.603599513899923,-3.5896865241223996,acf_or_spectral,-3.603599513899923,0.9996897454477081,-1.9817825819007238
wave,0.4,217,3,2,False,0.998465410283231,0.019788967445492744,0.12316997535526752,0.34386136110743915,0.01937978158258282,0.014869850024309217,5,3.240066185614129,3.683347684032411,3.7279602401550034,no_fit,3.240066185614129,0.9996897454477081,-1.9817825819007238
wave,0.4,217,3,3,False,0.9972226203944676,0.01884337142109871,0.10185275971889496,0.3501651264456447,0.02221269349494616,0.01737626632751533,5,6.005392016284149,7.723806655788591,7.856492104110018,no_fit,6.005392016284149,0.9996897454477081,-1.9817825819007238
wave,0.4,218,0,0,False,0.7305294175872227,0.11709125339984894,0.3877134220674634,0.5174736330672525,0.12977933166416109,0.11852555639215231,5,79.40002367356949,161.1414213566557,174.46810666874026,no_fit,79.40002367356949,0.9996897454477081,-1.9817825819007238
wave,0.4,218,0,1,False,0.9457749563883903,0.038209352642297745,0.2174088004976511,0.3658032535739755,0.03111707804100448,0.025370628798312034,5,12.865500946605616,20.423742813377828,21.024687726868944,no_fit,12.865500946605616,0.9996897454477081,-1.9817825819007238
wave,0.4,218,0,2,False,0.9647442473162676,0.03261733800172806,0.03614159510470927,0.3357163075572166,0.02139497344142885,0.01666913060599466,5,-0.33299305218939684,6.557528130784033,6.691708602381088,no_fit,-0.33299305218939684,0.9996897454477081,-1.9817825819007238
wave,0.4,218,0,3,False,0.9909141920519423,0.025012275204062462,0.09120224323123693,0.32940984089575465,0.015936788204755734,0.01186145820194058,5,-3.0995038950826164,-1.2272439310570897,-1.2274182745885804,no_fit,-3.0995038950826164,0.9996897454477081,-1.9817825819007238
wave,0.4,218,1,0,False,0.9215601760708984,0.052971482276916504,0.35476179048419,0.3666757258408514,0.028941154971360118,0.023438810678827162,5,13.24823570380107,17.32031843571641,17.84262549265155,no_fit,13.24823570380107,0.9996897454477081,-1.9817825819007238
wave,0.4,218,1,1,False,0.8973566373604754,0.05541696771979332,0.09423721814528108,0.24586492929712855,0.0007450476224789049,0.0011540383468490387,5,-39.74885387397793,-22.894562376213287,-18.864521893785234,acf_or_spectral,-39.74885387397793,0.9996897454477081,-1.9817825819007238
wave,0.4,218,1,2,False,0.9549218751146011,0.04244256764650345,0.05067969439551234,0.34055502288469414,0.0225034263541847,0.01787275586170983,5,1.7896469517517368,8.138466280172995,8.674302321598704,no_fit,1.7896469517517368,0.9996897454477081,-1.9817825819007238
wave,0.4,218,1,3,False,0.9460786551274875,0.037160467356443405,0.15117214526981115,0.3668789447487823,0.02850981630946827,0.023051887790299756,5,13.337383453634958,16.705118874197993,17.20529183338052,no_fit,13.337383453634958,0.9996897454477081,-1.9817825819007238
wave,0.4,218,2,0,False,0.9979122194609383,0.02205990068614483,0.13114626705646515,0.34730593846648206,0.021084839661090857,0.016371639891414373,5,4.751127945634217,6.115197816967135,6.20168629730575,no_fit,4.751127945634217,0.9996897454477081,-1.9817825819007238
wave,0.4,218,2,1,False,0.9929003038582203,0.021020570769906044,0.07959979167208076,0.36805509255019775,0.030122631980258927,0.02448859431944223,5,13.853334115095613,19.005407675411973,19.57181357884219,no_fit,13.853334115095613,0.9996897454477081,-1.9817825819007238
wave,0.4,218,2,2,False,0.9605487121917597,0.035177260637283325,0.06130279274657369,0.35833328652325636,0.03115314527170642,0.025400923943879168,5,9.588587589058612,20.47518393487549,21.07458944257239,no_fit,9.588587589058612,0.9996897454477081,-1.9817825819007238
wave,0.4,218,2,3,False,0.9962842935042534,0.019778277724981308,0.1032856423407793,0.3727018079436235,0.032180881077079185,0.02636024490947903,5,15.89174789095963,21.940998786827322,22.654768748449428,no_fit,15.89174789095963,0.9996897454477081,-1.9817825819007238
wave,0.4,218,3,0,False,0.9954631749385742,0.025019656866788864,0.12780440878123045,0.32526362508172896,0.013229725346149473,0.009539587542683315,5,-4.918359305287596,-5.088209874413524,-5.051969283319219,acf_or_spectral,-5.088209874413524,0.9996897454477081,-1.9817825819007238
wave,0.4,218,3,1,False,0.9940070935331285,0.021511677652597427,0.08369760122150183,0.351315322219792,0.022697680352017573,0.017802504371576766,5,6.509958083377395,8.415522303312297,8.558585106093174,no_fit,6.509958083377395,0.9996897454477081,-1.9817825819007238
wave,0.4,218,3,2,False,0.9914028846330225,0.023077547550201416,0.10033118911087513,0.36115920938441154,0.027651404079061373,0.02223521737188335,5,10.82825897023631,15.48080286822684,15.860084398977575,no_fit,10.82825897023631,0.9996897454477081,-1.9817825819007238
wave,0.4,218,3,3,False,0.9374059747493436,0.04856327921152115,0.03903204062953591,0.40807387276529317,0.055036289076914977,0.04742200179873951,5,31.408709466712395,54.53867254543183,57.34738318642509,no_fit,31.408709466712395,0.9996897454477081,-1.9817825819007238
wave,0.4,219,0,0,False,0.9703966187083535,0.029296496883034706,0.04374183714389801,0.35302082375496374,0.02559712930458448,0.020465022589345704,5,7.258124805395689,12.550880159806594,12.94424573491962,no_fit,7.258124805395689,0.9996897454477081,-1.9817825819007238
wave,0.4,219,0,1,False,0.7357797361345724,0.1138552576303482,0.36069907154887915,0.5247697190488264,0.13787776999780885,0.126311102785089,5,82.60065915810345,172.69187150641122,187.2923435365037,no_fit,82.60065915810345,0.9996897454477081,-1.9817825819007238
wave,0.4,219,0,2,False,0.9796724878503301,0.03323543816804886,0.24511882662773132,0.35221014658136834,0.022937567678051975,0.01818918820541672,5,6.902498222202465,8.7576631564946,9.195524998018724,no_fit,6.902498222202465,0.9996897454477081,-1.9817825819007238
wave,0.4,219,0,3,False,0.8405577606482667,0.07244107872247696,0.08840869087725878,0.3341900688584736,0.015085116273118412,0.011148234061367904,5,-1.002521036015603,-2.4419465422322384,-2.402230530130346,acf_or_spectral,-2.4419465422322384,0.9996897454477081,-1.9817825819007238
wave,0.4,219,1,0,False,0.8998217821484689,0.052876073867082596,0.12679912149906158,0.28035854748411126,0.002168169959780879,0.0008567776351555718,5,-24.617247881663886,-20.864824921065438,-19.354165341507215,acf_or_spectral,-24.617247881663886,0.9996897454477081,-1.9817825819007238
wave,0.4,219,1,1,False,0.9721308634464626,0.031636808067560196,0.25342125445604324,0.3500023069096374,0.021783241622017474,0.017012308463589768,5,5.933966599171971,7.111298139254932,7.256986093703207,no_fit,5.933966599171971,0.9996897454477081,-1.9817825819007238
wave,0.4,219,1,2,False,0.9578194980609259,0.0422394759953022,0.14834719616919756,0.3495261072895375,0.022598844162994035,0.017726366975795077,5,5.725068101311256,8.274556548277156,8.433172713857626,no_fit,5.725068101311256,0.9996897454477081,-1.9817825819007238
wave,0.4,219,1,3,False,0.8821800630277434,0.06019894778728485,0.028243205742910504,0.45774736403370553,0.09229901144692199,0.08260073992111536,5,53.199398227218346,107.68487178123938,115.2932803169922,no_fit,53.199398227218346,0.9996897454477081,-1.9817825819007238
wave,0.4,219,2,0,False,0.9987029774448742,0.018889352679252625,0.15666423551738262,0.3300933413390658,0.014794566321715486,0.010875483568163926,5,-2.7996669992344545,-2.856345293130889,-2.851501108470288,acf_or_spectral,-2.856345293130889,0.9996897454477081,-1.9817825819007238
wave,0.4,219,2,1,False,0.9975827517804996,0.02005806937813759,0.13666991889476776,0.32860843659239086,0.01393014180559311,0.010146528752951196,5,-3.451062670196038,-4.089236360562249,-4.052224698617518,acf_or_spectral,-4.089236360562249,0.9996897454477081,-1.9817825819007238
wave,0.4,219,2,2,False,0.9915908704993416,0.02668742835521698,0.09698760975152254,0.3422677667512938,0.019281959918071946,0.014778281176106156,5,2.5409907282917907,3.5438289011573882,3.5771293877270116,no_fit,2.5409907282917907,0.9996897454477081,-1.9817825819007238
wave,0.4,219,2,3,False,0.9956460394687066,0.022295774891972542,0.11468889284878969,0.34955637570573717,0.02158821806221895,0.016823213867398136,5,5.738346202363521,6.833144523375504,6.945512271624953,no_fit,5.738346202363521,0.9996897454477081,-1.9817825819007238
wave,0.4,219,3,0,False,0.9668573658208378,0.03683667629957199,0.06025389349088073,0.4064205499967454,0.0527366954913132,0.04529293048816256,5,30.683432443694027,51.25886229302395,53.84040841327761,no_fit,30.683432443694027,0.9996897454477081,-1.9817825819007238
wave,0.4,219,3,1,False,0.9963206793138623,0.021567726507782936,0.10768961533904076,0.3456893457846477,0.020487737162635383,0.015842462268967464,5,4.041963619092013,5.263576509430686,5.3300327443148126,no_fit,4.041963619092013,0.9996897454477081,-1.9817825819007238
wave,0.4,219,3,2,False,0.996777928834259,0.020993655547499657,0.10919566173106432,0.32861878403330813,0.0147390091955092,0.010825301729444271,5,-3.4465234711436192,-2.9355840043825605,-2.934159891004112,acf_or_spectral,-3.4465234711436192,0.9996897454477081,-1.9817825819007238
wave,0.4,219,3,3,False,0.9959495594318089,0.019958367571234703,0.09362238552421331,0.3558800146127332,0.024109122263077314,0.019066378819297458,5,8.512390138828334,10.428600474845148,10.640420403277774,no_fit,8.512390138828334,0.9996897454477081,-1.9817825819007238
