pde,r,condition,seed,input_step_index,reference_scope,evaluation_scope,weighting,n_modes,mode_min,mode_max,rmse_reference,rmse_identity,reference_advantage,fraction_modes_closer_reference,magnitude_rmse_reference,phase_mae_reference
heat,0.1,heat_r0.1,100,0,full_one_step,in_support_k1_5,uniform,5,1,5,0.004403703353095661,0.008948722777622717,0.3403890334259822,1.0,0.004403675136205865,1.2692704985095522e-05
heat,0.1,heat_r0.1,100,0,full_one_step,near_support_k6_8,uniform,3,6,8,0.039542554959821584,0.007608786094171728,-0.677261094845262,0.0,0.03954250810433176,5.392411853931367e-05
heat,0.1,heat_r0.1,100,0,full_one_step,spectral_extrapolation_k9_nyquist,uniform,24,9,32,0.2795879367503031,0.009301100855397738,-0.9356077964571805,0.0,0.27958793524028747,1.9892130994495536e-05
heat,0.1,heat_r0.1,100,0,full_one_step,all_non_dc_k1_nyquist,uniform,32,1,32,0.24243902255292443,0.009100704857950967,-0.9276400197167624,0.15625,0.24243902045033164,2.1957719512853486e-05
heat,0.1,heat_r0.1,100,0,full_one_step,empirical_training_spectrum_k1_5,empirical_training_power,5,1,5,0.0017950022135787107,0.004194855057699848,0.4006527593951966,1.0,0.0017949531021459505,9.778082594891594e-06
heat,0.1,heat_r0.1,101,0,full_one_step,in_support_k1_5,uniform,5,1,5,0.0044681635505626534,0.009048485539040446,0.33886519936371956,1.0,0.004467526078967001,5.598173402958396e-05
heat,0.1,heat_r0.1,101,0,full_one_step,near_support_k6_8,uniform,3,6,8,0.04059749673415057,0.006846555386204198,-0.711384037398996,0.0,0.04059733245034069,8.073176932617592e-05
heat,0.1,heat_r0.1,101,0,full_one_step,spectral_extrapolation_k9_nyquist,uniform,24,9,32,0.28259293980602473,0.005907270273482669,-0.9590484161390754,0.0,0.28259293893331,1.1194830334574338e-05
heat,0.1,heat_r0.1,101,0,full_one_step,all_non_dc_k1_nyquist,uniform,32,1,32,0.2450545069295737,0.006584787450858639,-0.9476648711237947,0.15625,0.24505450180723531,2.4711872067382243e-05
heat,0.1,heat_r0.1,101,0,full_one_step,empirical_training_spectrum_k1_5,empirical_training_power,5,1,5,0.0017552197700945917,0.0043494770158651426,0.4249608681199554,1.0,0.0017549217877926761,1.5722094567986386e-05
heat,0.1,heat_r0.1,102,0,full_one_step,in_support_k1_5,uniform,5,1,5,0.004731153223472518,0.008653167819133915,0.2930305230408335,1.0,0.004730811250949772,3.6263863260210685e-05
heat,0.1,heat_r0.1,102,0,full_one_step,near_support_k6_8,uniform,3,6,8,0.04100491313041541,0.006132764090490622,-0.7397935387545707,0.0,0.04100474328648375,8.369299760299497e-05
heat,0.1,heat_r0.1,102,0,full_one_step,spectral_extrapolation_k9_nyquist,uniform,24,9,32,0.28147107196674087,0.007270360629097817,-0.9496410295970625,0.0,0.2814710714948379,8.411901889306653e-06
heat,0.1,heat_r0.1,102,0,full_one_step,all_non_dc_k1_nyquist,uniform,32,1,32,0.24409138095798055,0.007407374705636611,-0.9410941442943433,0.15625,0.24409137683933319,1.982137357666869e-05
heat,0.1,heat_r0.1,102,0,full_one_step,empirical_training_spectrum_k1_5,empirical_training_power,5,1,5,0.0019522444981770603,0.0041092184284789975,0.3558503873407142,1.0,0.0019520293764537801,1.670456082402975e-05
heat,0.1,heat_r0.1,103,0,full_one_step,in_support_k1_5,uniform,5,1,5,0.003794596710489144,0.0095883713522624,0.4329215025102625,1.0,0.0037945476182031854,1.5938538713980294e-05
heat,0.1,heat_r0.1,103,0,full_one_step,near_support_k6_8,uniform,3,6,8,0.03866853881841747,0.008568718383723466,-0.6372050838152769,0.0,0.03866853796253721,8.00338162078757e-06
heat,0.1,heat_r0.1,103,0,full_one_step,spectral_extrapolation_k9_nyquist,uniform,24,9,32,0.279832514410951,0.008971680328970737,-0.9378701522181835,0.0,0.27983251420396993,6.086374711022557e-06
heat,0.1,heat_r0.1,103,0,full_one_step,all_non_dc_k1_nyquist,uniform,32,1,32,0.24263574998218485,0.00903420285700557,-0.9282059478687299,0.15625,0.242635749670402,7.805494734275173e-06
heat,0.1,heat_r0.1,103,0,full_one_step,empirical_training_spectrum_k1_5,empirical_training_power,5,1,5,0.0015222197237050787,0.004487761720907815,0.49343613196359026,1.0,0.0015221802321776718,7.819310608927817e-06
heat,0.1,heat_r0.1,104,0,full_one_step,in_support_k1_5,uniform,5,1,5,0.0072661406594618115,0.006673634461753819,-0.042504717081571025,0.8,0.007266112923215185,1.6820842867919684e-05
heat,0.1,heat_r0.1,104,0,full_one_step,near_support_k6_8,uniform,3,6,8,0.03943587079611481,0.008102349982682673,-0.6591227080044022,0.0,0.03943586782436862,1.2447902784285872e-05
heat,0.1,heat_r0.1,104,0,full_one_step,spectral_extrapolation_k9_nyquist,uniform,24,9,32,0.2822494909371,0.006262898105046439,-0.9565848931074392,0.0,0.2822494908519425,6.556010109057288e-06
heat,0.1,heat_r0.1,104,0,full_one_step,all_non_dc_k1_nyquist,uniform,32,1,32,0.2447501373173012,0.006521609834216158,-0.9480911808975993,0.125,0.24475013707009613,8.712255165932218e-06
heat,0.1,heat_r0.1,104,0,full_one_step,empirical_training_spectrum_k1_5,empirical_training_power,5,1,5,0.0028549343812471883,0.0035762492602508973,0.11215896158668628,0.9722794641605221,0.002854916020506471,5.030237348211073e-06
heat,0.1,heat_r0.1,105,0,full_one_step,in_support_k1_5,uniform,5,1,5,0.005297790237919812,0.008234261192079647,0.21700116714380183,1.0,0.005297774161829753,8.687503118939812e-06
heat,0.1,heat_r0.1,105,0,full_one_step,near_support_k6_8,uniform,3,6,8,0.039449167710125514,0.007870627051549933,-0.6673431450330637,0.0,0.03944916285573275,1.594427877004189e-05
heat,0.1,heat_r0.1,105,0,full_one_step,spectral_extrapolation_k9_nyquist,uniform,24,9,32,0.28050575272278644,0.008273604251672426,-0.9426994759019135,0.0,0.2805057525224856,7.51354419844304e-06
heat,0.1,heat_r0.1,105,0,full_one_step,all_non_dc_k1_nyquist,uniform,32,1,32,0.24323422988833843,0.008230500161308779,-0.9345395264005111,0.15625,0.24323422958657218,8.487356645858054e-06
heat,0.1,heat_r0.1,105,0,full_one_step,empirical_training_spectrum_k1_5,empirical_training_power,5,1,5,0.0020970595110920264,0.004025667909527549,0.3149917129971403,1.0,0.0020970448037299486,3.8020461291522513e-06
heat,0.1,heat_r0.1,106,0,full_one_step,in_support_k1_5,uniform,5,1,5,0.003360322453448289,0.010000393826636958,0.4969846851015013,1.0,0.003360089181697185,3.0915332427729656e-05
heat,0.1,heat_r0.1,106,0,full_one_step,near_support_k6_8,uniform,3,6,8,0.03903142902558498,0.00827107799835743,-0.6502900789520106,0.0,0.039031299277961895,7.828922301019773e-05
heat,0.1,heat_r0.1,106,0,full_one_step,spectral_extrapolation_k9_nyquist,uniform,24,9,32,0.2793851528760595,0.00952537645856696,-0.9340600255691318,0.0,0.27938515153719934,1.7089492569852214e-05
heat,0.1,heat_r0.1,106,0,full_one_step,all_non_dc_k1_nyquist,uniform,32,1,32,0.24225324712298704,0.009491540143500898,-0.9245939489229343,0.15625,0.24225324349954883,2.4987254776427958e-05
heat,0.1,heat_r0.1,106,0,full_one_step,empirical_training_spectrum_k1_5,empirical_training_power,5,1,5,0.0013565312894867232,0.004648003268460082,0.5481643826359869,1.0,0.0013560786719009333,3.0617503286400926e-05
heat,0.1,heat_r0.1,107,0,full_one_step,in_support_k1_5,uniform,5,1,5,0.0024558152835987184,0.01086450909371193,0.631267946029623,1.0,0.002455727499257612,1.6917000622702526e-05
heat,0.1,heat_r0.1,107,0,full_one_step,near_support_k6_8,uniform,3,6,8,0.03845562581541392,0.009212978093604265,-0.6134571882495887,0.0,0.038455372775934735,0.000141283111555807
heat,0.1,heat_r0.1,107,0,full_one_step,spectral_extrapolation_k9_nyquist,uniform,24,9,32,0.28057301340155355,0.008101333117453934,-0.9438721644985485,0.0,0.28057301318866396,8.17336201045273e-06
heat,0.1,heat_r0.1,107,0,full_one_step,all_non_dc_k1_nyquist,uniform,32,1,32,0.24327041544567624,0.00869623309976686,-0.9309731414854417,0.15625,0.2432704113730844,2.2018594563493723e-05
heat,0.1,heat_r0.1,107,0,full_one_step,empirical_training_spectrum_k1_5,empirical_training_power,5,1,5,0.0010034540813661055,0.00494774320491674,0.6627723689554008,1.0,0.0010033994277347477,7.252059356917488e-06
heat,0.1,heat_r0.1,108,0,full_one_step,in_support_k1_5,uniform,5,1,5,0.0038886800256234338,0.009503052096749672,0.41924166491849846,1.0,0.0038886340288284606,1.7033681110654047e-05
heat,0.1,heat_r0.1,108,0,full_one_step,near_support_k6_8,uniform,3,6,8,0.038432200910060096,0.008787299814146969,-0.6278105579527162,0.0,0.03843211382584326,6.630743376385486e-05
heat,0.1,heat_r0.1,108,0,full_one_step,spectral_extrapolation_k9_nyquist,uniform,24,9,32,0.27862330922894074,0.01033914047030135,-0.9284395568970116,0.0,0.2786233089227148,7.513190647990964e-06
heat,0.1,heat_r0.1,108,0,full_one_step,all_non_dc_k1_nyquist,uniform,32,1,32,0.24158651879674392,0.010075864922225305,-0.919925538546301,0.15625,0.24158651711740872,1.451272757489431e-05
heat,0.1,heat_r0.1,108,0,full_one_step,empirical_training_spectrum_k1_5,empirical_training_power,5,1,5,0.0015637629940769959,0.0044747400199716915,0.4820693173659522,1.0,0.0015636695619024724,1.5887814344958852e-05
heat,0.1,heat_r0.1,109,0,full_one_step,in_support_k1_5,uniform,5,1,5,0.006554425123339483,0.007126863042292356,0.04184093719996845,0.8,0.006554402639979717,1.3145678389838593e-05
heat,0.1,heat_r0.1,109,0,full_one_step,near_support_k6_8,uniform,3,6,8,0.04010814711543319,0.007177456472131485,-0.6964210699419289,0.0,0.04010813763372726,2.577410507391967e-05
heat,0.1,heat_r0.1,109,0,full_one_step,spectral_extrapolation_k9_nyquist,uniform,24,9,32,0.2815520441693442,0.007106940679564471,-0.9507589158654846,0.0,0.2815520440400979,4.701585708279533e-06
heat,0.1,heat_r0.1,109,0,full_one_step,all_non_dc_k1_nyquist,uniform,32,1,32,0.24415402916634024,0.007116694870369841,-0.9433543649173383,0.125,0.24415402881422432,7.9965238803019e-06
heat,0.1,heat_r0.1,109,0,full_one_step,empirical_training_spectrum_k1_5,empirical_training_power,5,1,5,0.002601907253242463,0.0036712721536889233,0.1704661752961972,0.9722794641605221,0.002601886751494977,8.499589519990554e-06
heat,0.1,heat_r0.1,110,0,full_one_step,in_support_k1_5,uniform,5,1,5,0.004250352431590677,0.009181359998573967,0.36711682092815967,1.0,0.004250309230479138,1.392279102304208e-05
heat,0.1,heat_r0.1,110,0,full_one_step,near_support_k6_8,uniform,3,6,8,0.04076163284569458,0.007031971271761558,-0.705735886564236,0.0,0.04076149265172932,0.00010802833304297497
heat,0.1,heat_r0.1,110,0,full_one_step,spectral_extrapolation_k9_nyquist,uniform,24,9,32,0.2820067739646078,0.006563641188766828,-0.9545092577471722,0.0,0.2820067735907049,1.0323285206792453e-05
heat,0.1,heat_r0.1,110,0,full_one_step,all_non_dc_k1_nyquist,uniform,32,1,32,0.24454949352725075,0.007079428765653396,-0.9437311998863731,0.15625,0.24454949089584244,2.0045556225223567e-05
heat,0.1,heat_r0.1,110,0,full_one_step,empirical_training_spectrum_k1_5,empirical_training_power,5,1,5,0.0017024477211627378,0.0043723594810354755,0.4395055959811549,1.0,0.0017024115153062556,4.617791333678653e-06
heat,0.1,heat_r0.1,111,0,full_one_step,in_support_k1_5,uniform,5,1,5,0.005287902655969354,0.008284358019289664,0.2207779112865532,1.0,0.00528782127429655,2.554279109213728e-05
heat,0.1,heat_r0.1,111,0,full_one_step,near_support_k6_8,uniform,3,6,8,0.03968137384898833,0.007943197945400354,-0.6664243836272664,0.0,0.03968132648825154,5.283823800848839e-05
heat,0.1,heat_r0.1,111,0,full_one_step,spectral_extrapolation_k9_nyquist,uniform,24,9,32,0.280826786305144,0.007897464801698971,-0.9452940667683888,0.0,0.2808267862582535,3.180750910784578e-06
heat,0.1,heat_r0.1,111,0,full_one_step,all_non_dc_k1_nyquist,uniform,32,1,32,0.24351540362081853,0.007963422094991696,-0.9366672556043271,0.15625,0.24351540258062201,1.1330209104530669e-05
heat,0.1,heat_r0.1,111,0,full_one_step,empirical_training_spectrum_k1_5,empirical_training_power,5,1,5,0.002096816981334854,0.004078619399321884,0.32091698397130464,1.0,0.0020967561476631473,1.0961603708217549e-05
heat,0.1,heat_r0.1,112,0,full_one_step,in_support_k1_5,uniform,5,1,5,0.0037895940999804647,0.009663734009836661,0.4366309854265529,1.0,0.003789489090808611,2.5893236354443705e-05
heat,0.1,heat_r0.1,112,0,full_one_step,near_support_k6_8,uniform,3,6,8,0.03910101781181753,0.008140897928803273,-0.6553527603113967,0.0,0.039100898779405445,7.283968536409131e-05
heat,0.1,heat_r0.1,112,0,full_one_step,spectral_extrapolation_k9_nyquist,uniform,24,9,32,0.28028495782675766,0.008467158257413199,-0.9413534461860358,0.0,0.2802849577402973,5.284568065137146e-06
heat,0.1,heat_r0.1,112,0,full_one_step,all_non_dc_k1_nyquist,uniform,32,1,32,0.24303357895011835,0.008635659875032497,-0.9313729408063876,0.15625,0.24303357682410912,1.483796473211825e-05
heat,0.1,heat_r0.1,112,0,full_one_step,empirical_training_spectrum_k1_5,empirical_training_power,5,1,5,0.0015034855173011845,0.0045700169783517664,0.5049033013891773,1.0,0.001503384545976978,1.6031500284875914e-05
heat,0.1,heat_r0.1,113,0,full_one_step,in_support_k1_5,uniform,5,1,5,0.005211353881316568,0.008425765314553245,0.2357104449310823,1.0,0.005211325426838643,1.294327658111158e-05
heat,0.1,heat_r0.1,113,0,full_one_step,near_support_k6_8,uniform,3,6,8,0.03966807022150943,0.007590293927788999,-0.6787745803553517,0.0,0.03966806226461538,2.4744511423369432e-05
heat,0.1,heat_r0.1,113,0,full_one_step,spectral_extrapolation_k9_nyquist,uniform,24,9,32,0.28100273719072105,0.007684998222687611,-0.9467590944819151,0.0,0.281002736947615,5.020516824825013e-06
heat,0.1,heat_r0.1,113,0,full_one_step,all_non_dc_k1_nyquist,uniform,32,1,32,0.24366712551654973,0.0077966860664391725,-0.937989597649393,0.15625,0.24366712508975635,8.10757253035833e-06
heat,0.1,heat_r0.1,113,0,full_one_step,empirical_training_spectrum_k1_5,empirical_training_power,5,1,5,0.0020490015786255784,0.004176141381844685,0.3417013579810891,1.0,0.0020489421391946595,1.3756104126105174e-05
heat,0.1,heat_r0.1,114,0,full_one_step,in_support_k1_5,uniform,5,1,5,0.004241117023322123,0.009153820982392898,0.36675824531436757,1.0,0.004241011120453173,2.6543208373253212e-05
heat,0.1,heat_r0.1,114,0,full_one_step,near_support_k6_8,uniform,3,6,8,0.03992650450002503,0.007174629101489441,-0.6953521687104892,0.0,0.03992650183530253,1.178748858307369e-05
heat,0.1,heat_r0.1,114,0,full_one_step,spectral_extrapolation_k9_nyquist,uniform,24,9,32,0.2802258725755349,0.008598680986845814,-0.940457410003484,0.0,0.28022587221370376,8.092710765708137e-06
heat,0.1,heat_r0.1,114,0,full_one_step,all_non_dc_k1_nyquist,uniform,32,1,32,0.24299622325447762,0.008565708621892713,-0.931899802501896,0.15625,0.24299622261167567,1.1321986437265075e-05
heat,0.1,heat_r0.1,114,0,full_one_step,empirical_training_spectrum_k1_5,empirical_training_power,5,1,5,0.0017223915208689452,0.004321768042728206,0.4300641792309425,1.0,0.0017222975528058781,1.4124353020165176e-05
heat,0.1,heat_r0.1,115,0,full_one_step,in_support_k1_5,uniform,5,1,5,0.003163246530851948,0.010155470835328407,0.5249923181215267,1.0,0.0031628626951925526,4.06160156046172e-05
heat,0.1,heat_r0.1,115,0,full_one_step,near_support_k6_8,uniform,3,6,8,0.03861924034240243,0.008487838487783502,-0.63963639017478,0.0,0.03861921319814271,3.701798066745219e-05
heat,0.1,heat_r0.1,115,0,full_one_step,spectral_extrapolation_k9_nyquist,uniform,24,9,32,0.278733796233046,0.010226366256489832,-0.9292195424560633,0.0,0.27873379555521516,1.4503596149559613e-05
heat,0.1,heat_r0.1,115,0,full_one_step,all_non_dc_k1_nyquist,uniform,32,1,32,0.24168322938537443,0.010064920127454283,-0.9200397687376735,0.15625,0.2416832276075099,2.0694385237964788e-05
heat,0.1,heat_r0.1,115,0,full_one_step,empirical_training_spectrum_k1_5,empirical_training_power,5,1,5,0.0012923667360611357,0.004668090525230633,0.5663531573478475,1.0,0.0012919274658094056,3.064586265804201e-05
heat,0.1,heat_r0.1,116,0,full_one_step,in_support_k1_5,uniform,5,1,5,0.0043738176614911495,0.009056106026406734,0.34864593974833513,1.0,0.004373751528786013,2.1099864974021237e-05
heat,0.1,heat_r0.1,116,0,full_one_step,near_support_k6_8,uniform,3,6,8,0.03995607802936067,0.007139383952389515,-0.6968122340468356,0.0,0.03995604572806011,4.9126259337117296e-05
heat,0.1,heat_r0.1,116,0,full_one_step,spectral_extrapolation_k9_nyquist,uniform,24,9,32,0.28033566346318045,0.008486013737689854,-0.9412370025689727,0.0,0.2803356630389438,8.704465538993585e-06
heat,0.1,heat_r0.1,116,0,full_one_step,all_non_dc_k1_nyquist,uniform,32,1,32,0.24309200527676647,0.008461818641729698,-0.9327235936236744,0.15625,0.2430920042261821,1.4430789869290755e-05
heat,0.1,heat_r0.1,116,0,full_one_step,empirical_training_spectrum_k1_5,empirical_training_power,5,1,5,0.0017536382376293535,0.004319771192871474,0.42251934183046025,1.0,0.0017535768592972303,8.29364909701815e-06
heat,0.1,heat_r0.1,117,0,full_one_step,in_support_k1_5,uniform,5,1,5,0.004996754436717929,0.008387166455258744,0.2533197891638228,1.0,0.004996676109173158,2.086092199287671e-05
heat,0.1,heat_r0.1,117,0,full_one_step,near_support_k6_8,uniform,3,6,8,0.03952693218461747,0.007656055070207999,-0.6754739148303923,0.0,0.039526875083065065,5.5827562797429224e-05
heat,0.1,heat_r0.1,117,0,full_one_step,spectral_extrapolation_k9_nyquist,uniform,24,9,32,0.2798213968379829,0.00903355307297172,-0.9374526690592875,0.0,0.2798213965982644,5.5324327237666275e-06
heat,0.1,heat_r0.1,117,0,full_one_step,all_non_dc_k1_nyquist,uniform,32,1,32,0.24264250400273318,0.008814211341613299,-0.9298948025345589,0.15625,0.24264250267130863,1.2642677616470945e-05
heat,0.1,heat_r0.1,117,0,full_one_step,empirical_training_spectrum_k1_5,empirical_training_power,5,1,5,0.002032071406815278,0.0039926912081386275,0.32542689673066066,1.0,0.0020320083989865166,1.1915493227711283e-05
heat,0.1,heat_r0.1,118,0,full_one_step,in_support_k1_5,uniform,5,1,5,0.0043551900811449815,0.009080679007575186,0.35170697892534547,1.0,0.004355111106216941,2.1515883436654282e-05
heat,0.1,heat_r0.1,118,0,full_one_step,near_support_k6_8,uniform,3,6,8,0.03923330195859384,0.00838772018703981,-0.6477303590255307,0.0,0.03923329762991628,1.6986362938065706e-05
heat,0.1,heat_r0.1,118,0,full_one_step,spectral_extrapolation_k9_nyquist,uniform,24,9,32,0.28038828452896986,0.008359359948531393,-0.9420991990174817,0.0,0.2803882843687757,5.325926581196575e-06
heat,0.1,heat_r0.1,118,0,full_one_step,all_non_dc_k1_nyquist,uniform,32,1,32,0.24312643037993772,0.008478739543668857,-0.9326028193598469,0.15625,0.24312642995484757,8.948773248318323e-06
heat,0.1,heat_r0.1,118,0,full_one_step,empirical_training_spectrum_k1_5,empirical_training_power,5,1,5,0.001739099926535116,0.004317124942247481,0.42568185157738225,1.0,0.0017390350061341773,9.643924523003905e-06
heat,0.1,heat_r0.1,119,0,full_one_step,in_support_k1_5,uniform,5,1,5,0.00427875691999207,0.00914415435291626,0.3624696113982439,1.0,0.00427872216490619,1.3048083363756546e-05
heat,0.1,heat_r0.1,119,0,full_one_step,near_support_k6_8,uniform,3,6,8,0.03865343765604572,0.008559587983750566,-0.6374056579616616,0.0,0.03865335465904122,8.209917641889138e-05
heat,0.1,heat_r0.1,119,0,full_one_step,spectral_extrapolation_k9_nyquist,uniform,24,9,32,0.278849236057812,0.010098766274257926,-0.9300997674823718,0.0,0.27884923519108307,1.5261081866481637e-05
heat,0.1,heat_r0.1,119,0,full_one_step,all_non_dc_k1_nyquist,uniform,32,1,32,0.24178627690149723,0.009819494895033157,-0.9219453923896943,0.15625,0.24178627481179416,2.1181372214719254e-05
heat,0.1,heat_r0.1,119,0,full_one_step,empirical_training_spectrum_k1_5,empirical_training_power,5,1,5,0.0017088675505034722,0.004340348721405996,0.43501191767969016,1.0,0.0017088057717412324,1.3437060015170554e-05
heat,0.25,heat_r0.25,100,0,full_one_step,in_support_k1_5,uniform,5,1,5,0.022366048225186133,0.013080445152954041,-0.2619611190639951,0.6000000000000001,0.02236597435703695,4.268178214002905e-05
heat,0.25,heat_r0.25,100,0,full_one_step,near_support_k6_8,uniform,3,6,8,0.10288579510848632,0.015100972805998836,-0.7440226040102433,0.0,0.10288576953623199,4.9436387265232305e-05
heat,0.25,heat_r0.25,100,0,full_one_step,spectral_extrapolation_k9_nyquist,uniform,24,9,32,0.7086819570457519,0.012482398695318829,-0.9653826521071139,0.0,0.7086819569682423,6.282097496830952e-06
heat,0.25,heat_r0.25,100,0,full_one_step,all_non_dc_k1_nyquist,uniform,32,1,32,0.6146081183080225,0.012844083047498562,-0.9590595649525153,0.09375,0.6146081174196488,1.632923596525658e-05
heat,0.25,heat_r0.25,100,0,full_one_step,empirical_training_spectrum_k1_5,empirical_training_power,5,1,5,0.008829891904029906,0.0076619922477626865,-0.07081662989612222,0.9287697347054678,0.008829842139981716,1.7712445425315673e-05
heat,0.25,heat_r0.25,101,0,full_one_step,in_support_k1_5,uniform,5,1,5,0.017620727836546717,0.016877090188601677,-0.021556077761293164,0.8,0.017620572719067758,4.446171527550734e-05
heat,0.25,heat_r0.25,101,0,full_one_step,near_support_k6_8,uniform,3,6,8,0.10136170905410699,0.017095480474990182,-0.7113644086450162,0.0,0.10136169378918167,5.2479341627616736e-05
heat,0.25,heat_r0.25,101,0,full_one_step,spectral_extrapolation_k9_nyquist,uniform,24,9,32,0.7073463041701192,0.013874728470557476,-0.9615243376368086,0.0,0.707346304108529,6.734704679534418e-06
heat,0.25,heat_r0.25,101,0,full_one_step,all_non_dc_k1_nyquist,uniform,32,1,32,0.6134050989912173,0.014706653880284984,-0.9531718557627636,0.125,0.6134050980052372,1.7246606738376728e-05
heat,0.25,heat_r0.25,101,0,full_one_step,empirical_training_spectrum_k1_5,empirical_training_power,5,1,5,0.006963388337596501,0.008873531492335947,0.12061329950848108,0.9722501212813841,0.006963299706957191,1.2222044795163307e-05
heat,0.25,heat_r0.25,102,0,full_one_step,in_support_k1_5,uniform,5,1,5,0.021373262610180233,0.01271290525301346,-0.2540724845317166,0.6000000000000001,0.02137287072877484,0.00010524751316990516
heat,0.25,heat_r0.25,102,0,full_one_step,near_support_k6_8,uniform,3,6,8,0.1056806165325834,0.011977676052889465,-0.7963989483497174,0.0,0.10568060608547225,4.577073977761802e-05
heat,0.25,heat_r0.25,102,0,full_one_step,spectral_extrapolation_k9_nyquist,uniform,24,9,32,0.7084913749227452,0.012808058598148967,-0.9644861537305564,0.0,0.7084913747902347,1.0352604573214283e-05
heat,0.25,heat_r0.25,102,0,full_one_step,all_non_dc_k1_nyquist,uniform,32,1,32,0.6144822500503794,0.012717601891708,-0.9594464129660468,0.09375,0.6144822476375815,2.9085796463429297e-05
heat,0.25,heat_r0.25,102,0,full_one_step,empirical_training_spectrum_k1_5,empirical_training_power,5,1,5,0.008697739251087978,0.00705094517753358,-0.10456708819192065,0.9287697347054678,0.00869754531240478,3.3548578359752164e-05
heat,0.25,heat_r0.25,103,0,full_one_step,in_support_k1_5,uniform,5,1,5,0.015683175831122834,0.01823103851229585,0.07512669040105445,0.8,0.015683159299611858,1.8509957029183544e-05
heat,0.25,heat_r0.25,103,0,full_one_step,near_support_k6_8,uniform,3,6,8,0.1030011598315893,0.014846459816230338,-0.7480397167019908,0.0,0.1030011434967869,5.722194010020297e-05
heat,0.25,heat_r0.25,103,0,full_one_step,spectral_extrapolation_k9_nyquist,uniform,24,9,32,0.7060915462339666,0.015426088006651824,-0.957239886387843,0.0,0.7060915460342349,9.85977354980586e-06
heat,0.25,heat_r0.25,103,0,full_one_step,all_non_dc_k1_nyquist,uniform,32,1,32,0.6123373265283014,0.01584519497547296,-0.9495522577178939,0.125,0.6123373260318156,1.5838399906195527e-05
heat,0.25,heat_r0.25,103,0,full_one_step,empirical_training_spectrum_k1_5,empirical_training_power,5,1,5,0.006342824907080218,0.009173760278313167,0.1824457725336284,0.9722501212813841,0.006342809829624213,1.1891820166229658e-05
heat,0.25,heat_r0.25,104,0,full_one_step,in_support_k1_5,uniform,5,1,5,0.02541877843501816,0.011019251954085076,-0.3951785079261379,0.6000000000000001,0.025418740131020308,3.613715874192696e-05
heat,0.25,heat_r0.25,104,0,full_one_step,near_support_k6_8,uniform,3,6,8,0.10378763765590589,0.013890445894834905,-0.763924675254495,0.0,0.10378763745324836,6.682189157512055e-06
heat,0.25,heat_r0.25,104,0,full_one_step,spectral_extrapolation_k9_nyquist,uniform,24,9,32,0.7094925837101291,0.011630775081827275,-0.9677426200662492,0.0,0.7094925836690593,6.357781686283246e-06
heat,0.25,heat_r0.25,104,0,full_one_step,all_non_dc_k1_nyquist,uniform,32,1,32,0.615341866994184,0.01176933426020158,-0.9624649209369572,0.09375,0.6153418667082337,1.1192301289247922e-05
heat,0.25,heat_r0.25,104,0,full_one_step,empirical_training_spectrum_k1_5,empirical_training_power,5,1,5,0.010079814568666901,0.007066873211283906,-0.17571564817934998,0.9287697347054678,0.010079794189857208,1.269608423000811e-05
heat,0.25,heat_r0.25,105,0,full_one_step,in_support_k1_5,uniform,5,1,5,0.02219946410591136,0.012261517595832777,-0.28838257122476596,0.6000000000000001,0.022199374746272402,4.321523613275816e-05
heat,0.25,heat_r0.25,105,0,full_one_step,near_support_k6_8,uniform,3,6,8,0.10538745790225088,0.012334813139291866,-0.7904421477744162,0.0,0.1053874559722409,2.05012998713191e-05
heat,0.25,heat_r0.25,105,0,full_one_step,spectral_extrapolation_k9_nyquist,uniform,24,9,32,0.7083537969193716,0.012960081369632363,-0.9640653486374771,0.0,0.7083537968963327,3.4276808834588674e-06
heat,0.25,heat_r0.25,105,0,full_one_step,all_non_dc_k1_nyquist,uniform,32,1,32,0.6143631374369624,0.012795624170111987,-0.9591949440766045,0.09375,0.6143631368814821,1.1497314212816195e-05
heat,0.25,heat_r0.25,105,0,full_one_step,empirical_training_spectrum_k1_5,empirical_training_power,5,1,5,0.008928751766644902,0.007029906672696545,-0.11898525813844761,0.9287697347054678,0.008928675389961751,1.539369019224195e-05
heat,0.25,heat_r0.25,106,0,full_one_step,in_support_k1_5,uniform,5,1,5,0.015017043693481264,0.018553743028514643,0.10535050501858209,1.0,0.015016685146166027,7.128292260211195e-05
heat,0.25,heat_r0.25,106,0,full_one_step,near_support_k6_8,uniform,3,6,8,0.10106634679781715,0.01689933425486066,-0.7134872769087099,0.0,0.10106629297576834,9.1060551232668e-05
heat,0.25,heat_r0.25,106,0,full_one_step,spectral_extrapolation_k9_nyquist,uniform,24,9,32,0.7028332988293602,0.01900001667316274,-0.9473562212629784,0.0,0.7028332987972638,4.215616548206319e-06
heat,0.25,heat_r0.25,106,0,full_one_step,all_non_dc_k1_nyquist,uniform,32,1,32,0.6094865226158688,0.018743319311944513,-0.9403297390189936,0.15625,0.6094865203710759,2.3437272494106743e-05
heat,0.25,heat_r0.25,106,0,full_one_step,empirical_training_spectrum_k1_5,empirical_training_power,5,1,5,0.00613111855011951,0.009103491974990956,0.19510662382685973,1.0,0.0061309019301844375,2.9692805492718745e-05
heat,0.25,heat_r0.25,107,0,full_one_step,in_support_k1_5,uniform,5,1,5,0.02164149061644618,0.013359215990764292,-0.2366316405730981,0.6000000000000001,0.02164148269860044,1.3598091205264042e-05
heat,0.25,heat_r0.25,107,0,full_one_step,near_support_k6_8,uniform,3,6,8,0.10332542855315997,0.014364559709050278,-0.7558915601716876,0.0,0.1033253842482992,8.157738243663929e-05
heat,0.25,heat_r0.25,107,0,full_one_step,spectral_extrapolation_k9_nyquist,uniform,24,9,32,0.7082800401414425,0.012938610055996188,-0.9641201456660775,0.0,0.7082800401061659,6.231461839104578e-06
heat,0.25,heat_r0.25,107,0,full_one_step,all_non_dc_k1_nyquist,uniform,32,1,32,0.6142634046523708,0.013144804238142786,-0.9580980801593667,0.09375,0.6142634038796018,1.4711168568891718e-05
heat,0.25,heat_r0.25,107,0,full_one_step,empirical_training_spectrum_k1_5,empirical_training_power,5,1,5,0.008575914553722369,0.007654793717821151,-0.05675173384245792,0.9287697347054678,0.008575909404639443,5.354911017230187e-06
heat,0.25,heat_r0.25,108,0,full_one_step,in_support_k1_5,uniform,5,1,5,0.014703911218441675,0.01889605968069514,0.1247664313411998,1.0,0.014703753163191351,6.62004467091112e-05
heat,0.25,heat_r0.25,108,0,full_one_step,near_support_k6_8,uniform,3,6,8,0.10137825413014097,0.01649329782917219,-0.7201479482536153,0.0,0.10137823281811761,5.653930243690572e-05
heat,0.25,heat_r0.25,108,0,full_one_step,spectral_extrapolation_k9_nyquist,uniform,24,9,32,0.7032327266874893,0.018571491844335885,-0.9485414704776567,0.0,0.7032327260641703,2.284140285635271e-05
heat,0.25,heat_r0.25,108,0,full_one_step,all_non_dc_k1_nyquist,uniform,32,1,32,0.6098356362957751,0.018438241002828974,-0.9413050847120746,0.15625,0.6098356348290922,3.309588408233501e-05
heat,0.25,heat_r0.25,108,0,full_one_step,empirical_training_spectrum_k1_5,empirical_training_power,5,1,5,0.005991095431102901,0.009279654365067683,0.21535019418558263,1.0,0.005990880379974892,4.919961267262979e-05
heat,0.25,heat_r0.25,109,0,full_one_step,in_support_k1_5,uniform,5,1,5,0.020685017569471168,0.01388788768445286,-0.19660279733786135,0.6000000000000001,0.020684501593780633,0.00011892297047467088
heat,0.25,heat_r0.25,109,0,full_one_step,near_support_k6_8,uniform,3,6,8,0.1032401991305309,0.014345812236726924,-0.7559945767371855,0.0,0.1032401435235433,0.00010270000609235923
heat,0.25,heat_r0.25,109,0,full_one_step,spectral_extrapolation_k9_nyquist,uniform,24,9,32,0.7080372215687359,0.013206130390238591,-0.963379543521977,0.0,0.7080372211432742,1.603762949397815e-05
heat,0.25,heat_r0.25,109,0,full_one_step,all_non_dc_k1_nyquist,uniform,32,1,32,0.6140469224983796,0.013425045652959804,-0.9572090983043826,0.09375,0.6140469185381459,4.101872093586869e-05
heat,0.25,heat_r0.25,109,0,full_one_step,empirical_training_spectrum_k1_5,empirical_training_power,5,1,5,0.008231520028757716,0.007627720709450765,-0.03807239761814464,0.9287697347054678,0.008231256651886681,4.4491928697833884e-05
heat,0.25,heat_r0.25,110,0,full_one_step,in_support_k1_5,uniform,5,1,5,0.01855594683129625,0.015643533451770546,-0.08515958007021907,0.6000000000000001,0.018555821835486378,5.037490916701685e-05
heat,0.25,heat_r0.25,110,0,full_one_step,near_support_k6_8,uniform,3,6,8,0.10411517399186469,0.01469783597438451,-0.7525887783070276,0.0,0.10411512955769045,9.404073160009164e-05
heat,0.25,heat_r0.25,110,0,full_one_step,spectral_extrapolation_k9_nyquist,uniform,24,9,32,0.7108720361228891,0.010036502453458409,-0.9721559617721311,0.0,0.7108720359452665,1.225234306139982e-05
heat,0.25,heat_r0.25,110,0,full_one_step,all_non_dc_k1_nyquist,uniform,32,1,32,0.6165016921604958,0.011577501075944258,-0.9631336264578791,0.09375,0.6165016907155353,2.6316149388630806e-05
heat,0.25,heat_r0.25,110,0,full_one_step,empirical_training_spectrum_k1_5,empirical_training_power,5,1,5,0.007412363229845408,0.008275160972109081,0.05499897441791215,0.9287697347054678,0.00741229690435596,1.852258138029593e-05
heat,0.25,heat_r0.25,111,0,full_one_step,in_support_k1_5,uniform,5,1,5,0.021795663056712627,0.012228590645849928,-0.2811839017689358,0.6000000000000001,0.021795562384792983,5.606067211042308e-05
heat,0.25,heat_r0.25,111,0,full_one_step,near_support_k6_8,uniform,3,6,8,0.10601300106940426,0.011706720510533173,-0.8011085933025464,0.0,0.10601298810493434,4.873006186592252e-05
heat,0.25,heat_r0.25,111,0,full_one_step,spectral_extrapolation_k9_nyquist,uniform,24,9,32,0.7089449859069713,0.012324587278178915,-0.9658252954612987,0.0,0.7089449858435651,6.812962421763353e-06
heat,0.25,heat_r0.25,111,0,full_one_step,all_non_dc_k1_nyquist,uniform,32,1,32,0.6148821878226676,0.012252965073698547,-0.960924004922673,0.09375,0.6148821870007077,1.8812634898401287e-05
heat,0.25,heat_r0.25,111,0,full_one_step,empirical_training_spectrum_k1_5,empirical_training_power,5,1,5,0.008883946375155789,0.006796768272255498,-0.13310478188217406,0.9287697347054678,0.008883844326044365,3.591653005450386e-05
heat,0.25,heat_r0.25,112,0,full_one_step,in_support_k1_5,uniform,5,1,5,0.015573765503897736,0.018216132930575547,0.07819992213951146,1.0,0.01557369192710596,4.014124137833743e-05
heat,0.25,heat_r0.25,112,0,full_one_step,near_support_k6_8,uniform,3,6,8,0.10427186024342715,0.013498791543753332,-0.770761368152287,0.0,0.10427185680446818,2.8074279196149865e-05
heat,0.25,heat_r0.25,112,0,full_one_step,spectral_extrapolation_k9_nyquist,uniform,24,9,32,0.7065398231083276,0.014958749326240613,-0.9585342233574627,0.0,0.7065398228655105,1.1877653544158237e-05
heat,0.25,heat_r0.25,112,0,full_one_step,all_non_dc_k1_nyquist,uniform,32,1,32,0.6127447238829982,0.01538681453375179,-0.9510076676852262,0.15625,0.6127447233259491,1.8003712128896003e-05
heat,0.25,heat_r0.25,112,0,full_one_step,empirical_training_spectrum_k1_5,empirical_training_power,5,1,5,0.006316530099576682,0.009086585576302693,0.17983734817130537,1.0,0.006316426725586479,3.291239527478131e-05
heat,0.25,heat_r0.25,113,0,full_one_step,in_support_k1_5,uniform,5,1,5,0.015713910964532053,0.01834349026581196,0.07721021587921512,0.8,0.01571314298835673,8.622452739457284e-05
heat,0.25,heat_r0.25,113,0,full_one_step,near_support_k6_8,uniform,3,6,8,0.1029568611856313,0.01489630505505801,-0.7472056877176203,0.0,0.10295670027649449,0.00014506146422870847
heat,0.25,heat_r0.25,113,0,full_one_step,spectral_extrapolation_k9_nyquist,uniform,24,9,32,0.7071267817427247,0.014257836912521405,-0.9604709151157124,0.0,0.707126781147219,1.8774615390393876e-05
heat,0.25,heat_r0.25,113,0,full_one_step,all_non_dc_k1_nyquist,uniform,32,1,32,0.613232058231536,0.015028077690939385,-0.9521596968145253,0.125,0.613232052109033,4.187494140767899e-05
heat,0.25,heat_r0.25,113,0,full_one_step,empirical_training_spectrum_k1_5,empirical_training_power,5,1,5,0.0062522230138943235,0.009299620093680364,0.19595086310392196,0.9722501212813841,0.006251766795106365,3.636658261696332e-05
heat,0.25,heat_r0.25,114,0,full_one_step,in_support_k1_5,uniform,5,1,5,0.02011918012599619,0.014114162238577501,-0.17541430291752552,0.6000000000000001,0.02011907880519531,5.481482360916538e-05
heat,0.25,heat_r0.25,114,0,full_one_step,near_support_k6_8,uniform,3,6,8,0.10601999130524113,0.011622629030299697,-0.8024078518967092,0.0,0.10601997382582937,5.4540991608693096e-05
heat,0.25,heat_r0.25,114,0,full_one_step,spectral_extrapolation_k9_nyquist,uniform,24,9,32,0.7088515225617149,0.012450606483727186,-0.9654774165155894,0.0,0.7088515225073476,6.8384391517200575e-06
heat,0.25,heat_r0.25,114,0,full_one_step,all_non_dc_k1_nyquist,uniform,32,1,32,0.6147925505716155,0.01265124356377101,-0.9596736992794571,0.09375,0.6147925497239285,1.9192941721337662e-05
heat,0.25,heat_r0.25,114,0,full_one_step,empirical_training_spectrum_k1_5,empirical_training_power,5,1,5,0.008154213745354867,0.007666867320106497,-0.03080361090572279,0.9287697347054678,0.00815415337064746,1.9937130094180436e-05
heat,0.25,heat_r0.25,115,0,full_one_step,in_support_k1_5,uniform,5,1,5,0.016919385997185083,0.01673765266418841,-0.0053995639612001295,0.8,0.01691898789228018,9.83443773374282e-05
heat,0.25,heat_r0.25,115,0,full_one_step,near_support_k6_8,uniform,3,6,8,0.1034718345685458,0.014355991565419413,-0.7563225591704074,0.0,0.1034718176157768,5.302090344777902e-05
heat,0.25,heat_r0.25,115,0,full_one_step,spectral_extrapolation_k9_nyquist,uniform,24,9,32,0.7058672397388787,0.01573498953819834,-0.956388744657948,0.0,0.7058672394469334,1.636876714369142e-05
heat,0.25,heat_r0.25,115,0,full_one_step,all_non_dc_k1_nyquist,uniform,32,1,32,0.6121559246077944,0.01577298527489656,-0.9497618758217606,0.125,0.6121559223674417,3.31376206882381e-05
heat,0.25,heat_r0.25,115,0,full_one_step,empirical_training_spectrum_k1_5,empirical_training_power,5,1,5,0.00690853569520735,0.008430676693651917,0.09923201790660933,0.9722501212813841,0.006907161295391126,0.0001283743294951907
heat,0.25,heat_r0.25,116,0,full_one_step,in_support_k1_5,uniform,5,1,5,0.01840636861728013,0.015275670667230576,-0.09294858674098339,0.6000000000000001,0.018406355406961943,1.8454244775010658e-05
heat,0.25,heat_r0.25,116,0,full_one_step,near_support_k6_8,uniform,3,6,8,0.10382204835411449,0.01405127809420802,-0.7615868064880935,0.0,0.10382203816098125,4.048599320344179e-05
heat,0.25,heat_r0.25,116,0,full_one_step,spectral_extrapolation_k9_nyquist,uniform,24,9,32,0.7065567702744175,0.014912071267046096,-0.9586619118985499,0.0,0.7065567702131093,6.662475924683479e-06
heat,0.25,heat_r0.25,116,0,full_one_step,all_non_dc_k1_nyquist,uniform,32,1,32,0.6127644912631732,0.014891191489511757,-0.9525498074861553,0.09375,0.6127644909862411,1.1837617733970923e-05
heat,0.25,heat_r0.25,116,0,full_one_step,empirical_training_spectrum_k1_5,empirical_training_power,5,1,5,0.007522937132639676,0.007827213571443115,0.01982237468994414,0.9287697347054678,0.007522923839994821,1.3278865361595346e-05
heat,0.25,heat_r0.25,117,0,full_one_step,in_support_k1_5,uniform,5,1,5,0.01926140782677695,0.014758639100456808,-0.13235633495601035,0.6000000000000001,0.01926136642245024,3.0152324448943845e-05
heat,0.25,heat_r0.25,117,0,full_one_step,near_support_k6_8,uniform,3,6,8,0.10494107507679022,0.012801054758031116,-0.7825577849493716,0.0,0.10494106538483904,4.14544237748005e-05
heat,0.25,heat_r0.25,117,0,full_one_step,spectral_extrapolation_k9_nyquist,uniform,24,9,32,0.707388633073166,0.014036076559382963,-0.9610878962919578,0.0,0.7073886329538561,9.716634077875178e-06
heat,0.25,heat_r0.25,117,0,full_one_step,all_non_dc_k1_nyquist,uniform,32,1,32,0.6135058367107007,0.014041192561511906,-0.9552505488623029,0.09375,0.6135058362489926,1.6084112172911283e-05
heat,0.25,heat_r0.25,117,0,full_one_step,empirical_training_spectrum_k1_5,empirical_training_power,5,1,5,0.007815485928429353,0.007808671538107184,-0.00043614449846422374,0.9287697347054678,0.007815450399357025,1.1700307538791603e-05
heat,0.25,heat_r0.25,118,0,full_one_step,in_support_k1_5,uniform,5,1,5,0.016589976697073284,0.017532683885948957,0.027627013039678325,0.8,0.016589548377620222,8.496433461108559e-05
heat,0.25,heat_r0.25,118,0,full_one_step,near_support_k6_8,uniform,3,6,8,0.10284242749422597,0.014879805155386758,-0.7472048427814845,0.0,0.10284242153855047,3.230890735217879e-05
heat,0.25,heat_r0.25,118,0,full_one_step,spectral_extrapolation_k9_nyquist,uniform,24,9,32,0.7068456452735117,0.014597600648921358,-0.9595322272918171,0.0,0.7068456451013868,1.1383525040675024e-05
heat,0.25,heat_r0.25,118,0,full_one_step,all_non_dc_k1_nyquist,uniform,32,1,32,0.6129907274258879,0.015119688632023847,-0.951856590034228,0.125,0.6129907253721224,2.5276434549919025e-05
heat,0.25,heat_r0.25,118,0,full_one_step,empirical_training_spectrum_k1_5,empirical_training_power,5,1,5,0.006633420405825329,0.00899288442514537,0.1509930879272033,0.9722501212813841,0.006633204856395414,3.339417437636664e-05
heat,0.25,heat_r0.25,119,0,full_one_step,in_support_k1_5,uniform,5,1,5,0.018463816382065314,0.015500929353656594,-0.08723418839825288,0.6000000000000001,0.01846364583388872,6.98870642943119e-05
heat,0.25,heat_r0.25,119,0,full_one_step,near_support_k6_8,uniform,3,6,8,0.10408353210870289,0.013674712287379143,-0.7677493859133294,0.0,0.10408352229582996,4.08364778512507e-05
heat,0.25,heat_r0.25,119,0,full_one_step,spectral_extrapolation_k9_nyquist,uniform,24,9,32,0.7067972542687827,0.014687077320473165,-0.9592864968027204,0.0,0.7067972539731852,1.3939641623077951e-05
heat,0.25,heat_r0.25,119,0,full_one_step,all_non_dc_k1_nyquist,uniform,32,1,32,0.6129768887096956,0.014726074969022243,-0.9530794792405677,0.09375,0.6129768874951761,2.556633910826143e-05
heat,0.25,heat_r0.25,119,0,full_one_step,empirical_training_spectrum_k1_5,empirical_training_power,5,1,5,0.0074405361796052024,0.00809338778421643,0.042027475229807564,0.9287697347054678,0.007440408472299331,3.6860778318860014e-05
heat,0.4,heat_r0.4,100,0,full_one_step,in_support_k1_5,uniform,5,1,5,0.03566343738311276,0.01899249072463597,-0.3050162578085158,0.6000000000000001,0.0356634130097255,3.549146047592523e-05
heat,0.4,heat_r0.4,100,0,full_one_step,near_support_k6_8,uniform,3,6,8,0.17074915387397144,0.017778644597312637,-0.8113949800350465,0.0,0.17074914708092032,4.7576379383809924e-05
heat,0.4,heat_r0.4,100,0,full_one_step,spectral_extrapolation_k9_nyquist,uniform,24,9,32,1.1365036997690372,0.017241619277955825,-0.9701119146603383,0.0,0.6241721407759329,1.8325997740441418
heat,0.4,heat_r0.4,100,0,full_one_step,all_non_dc_k1_nyquist,uniform,32,1,32,0.9857294420663336,0.017576952753004298,-0.9649619441403654,0.09375,0.5432542533348094,1.3744598363593732
heat,0.4,heat_r0.4,100,0,full_one_step,empirical_training_spectrum_k1_5,empirical_training_power,5,1,5,0.01461752104051957,0.010859691568075973,-0.1474976690022901,0.9279265979271873,0.014617499623327554,1.8641632630741145e-05
heat,0.4,heat_r0.4,101,0,full_one_step,in_support_k1_5,uniform,5,1,5,0.04276937583593432,0.017762973711867247,-0.41310807049245396,0.6000000000000001,0.04276930147353599,5.509258774155506e-05
heat,0.4,heat_r0.4,101,0,full_one_step,near_support_k6_8,uniform,3,6,8,0.1682940772011267,0.020124512798011886,-0.7863850610695697,0.0,0.1682940176446541,0.00013309233285778
heat,0.4,heat_r0.4,101,0,full_one_step,spectral_extrapolation_k9_nyquist,uniform,24,9,32,1.1369797760902571,0.01666529638837249,-0.9711084513149842,0.0,0.6246856912648261,1.8326033295888378
heat,0.4,heat_r0.4,101,0,full_one_step,all_non_dc_k1_nyquist,uniform,32,1,32,0.9861457019713153,0.01719209003310979,-0.9657302053802554,0.09375,0.5437051074506041,1.3744735828146686
heat,0.4,heat_r0.4,101,0,full_one_step,empirical_training_spectrum_k1_5,empirical_training_power,5,1,5,0.016775745755969188,0.011265001524371281,-0.19652629712409703,0.9279265979271873,0.01677570132122182,1.9480180356867228e-05
heat,0.4,heat_r0.4,102,0,full_one_step,in_support_k1_5,uniform,5,1,5,0.03764653102588953,0.01748983841600633,-0.36557888765463326,0.6000000000000001,0.03764645051589677,6.754046680340514e-05
heat,0.4,heat_r0.4,102,0,full_one_step,near_support_k6_8,uniform,3,6,8,0.17048526822437807,0.01768692641589532,-0.8120133907168675,0.0,0.170485236745871,0.00010802586596898468
heat,0.4,heat_r0.4,102,0,full_one_step,spectral_extrapolation_k9_nyquist,uniform,24,9,32,1.1359729521901971,0.017880212935943305,-0.969007819233241,0.0,0.6236197200178616,1.832601392756966
heat,0.4,heat_r0.4,102,0,full_one_step,all_non_dc_k1_nyquist,uniform,32,1,32,0.9852777390969691,0.017801687673193838,-0.9645059260551003,0.09375,0.5427913747677043,1.3744717251905973
heat,0.4,heat_r0.4,102,0,full_one_step,empirical_training_spectrum_k1_5,empirical_training_power,5,1,5,0.015325503831374985,0.010340862139531988,-0.1942090944036693,0.9279265979271873,0.015325382465222746,5.0107407051987975e-05
heat,0.4,heat_r0.4,103,0,full_one_step,in_support_k1_5,uniform,5,1,5,0.03483837273592016,0.020403390237713998,-0.26130560867682123,0.6000000000000001,0.03483807187691204,0.00012719869257910517
heat,0.4,heat_r0.4,103,0,full_one_step,near_support_k6_8,uniform,3,6,8,0.17116422888977256,0.017114407292832663,-0.8182012825264575,0.0,0.17116420075121713,9.211685618035246e-05
heat,0.4,heat_r0.4,103,0,full_one_step,spectral_extrapolation_k9_nyquist,uniform,24,9,32,1.135696495885983,0.01823169155479513,-0.9684006478856714,0.0,0.6233232158495281,1.832599331647937
heat,0.4,heat_r0.4,103,0,full_one_step,all_non_dc_k1_nyquist,uniform,32,1,32,0.985033579365025,0.01848789327142362,-0.963153965758496,0.09375,0.542526611130875,1.374478009486935
heat,0.4,heat_r0.4,103,0,full_one_step,empirical_training_spectrum_k1_5,empirical_training_power,5,1,5,0.014157998662537533,0.011565974086496796,-0.10076299649858872,0.9279265979271873,0.01415778901465399,6.019214031300112e-05
heat,0.4,heat_r0.4,104,0,full_one_step,in_support_k1_5,uniform,5,1,5,0.036737305919211115,0.018083835055464237,-0.3402605369407371,0.6000000000000001,0.03673721370506584,6.442142698878192e-05
heat,0.4,heat_r0.4,104,0,full_one_step,near_support_k6_8,uniform,3,6,8,0.17232734311382183,0.016182660126834263,-0.8283097994945646,0.0,0.17232733270030734,6.635233135823358e-05
heat,0.4,heat_r0.4,104,0,full_one_step,spectral_extrapolation_k9_nyquist,uniform,24,9,32,1.1377208936815328,0.01594792425775506,-0.9723526821393306,0.0,0.6254182426633885,1.8325992258437152
heat,0.4,heat_r0.4,104,0,full_one_step,all_non_dc_k1_nyquist,uniform,32,1,32,0.9868138479130251,0.016321795084577758,-0.9674584485188774,0.09375,0.5443858271394222,1.3744657057618181
heat,0.4,heat_r0.4,104,0,full_one_step,empirical_training_spectrum_k1_5,empirical_training_power,5,1,5,0.015025739015243357,0.010577905456409393,-0.1737187674105697,0.9279265979271873,0.015025688033666903,2.5303160949267933e-05
heat,0.4,heat_r0.4,105,0,full_one_step,in_support_k1_5,uniform,5,1,5,0.03827256204317744,0.017056204835581668,-0.3834597878186365,0.6000000000000001,0.0382725245628374,3.858320817378423e-05
heat,0.4,heat_r0.4,105,0,full_one_step,near_support_k6_8,uniform,3,6,8,0.17090387569991114,0.01747823793750598,-0.8144384559656583,0.0,0.17090387146906683,3.955505862326154e-05
heat,0.4,heat_r0.4,105,0,full_one_step,spectral_extrapolation_k9_nyquist,uniform,24,9,32,1.1361897433936756,0.017666170312371856,-0.9693788971352059,0.0,0.6238360753691801,1.8326009668354288
heat,0.4,heat_r0.4,105,0,full_one_step,all_non_dc_k1_nyquist,uniform,32,1,32,0.9854757661442988,0.017554631498290122,-0.9649968105861026,0.09375,0.5429969816013,1.374460462039595
heat,0.4,heat_r0.4,105,0,full_one_step,empirical_training_spectrum_k1_5,empirical_training_power,5,1,5,0.015565586659184517,0.010288301092041761,-0.20411961318631658,0.9279265979271873,0.015565521284280886,3.0027088856073513e-05
heat,0.4,heat_r0.4,106,0,full_one_step,in_support_k1_5,uniform,5,1,5,0.02738120815044485,0.026437192312855348,-0.01754076355786989,0.6000000000000001,0.027381146301603435,5.222442396914425e-05
heat,0.4,heat_r0.4,106,0,full_one_step,near_support_k6_8,uniform,3,6,8,0.1659456059071079,0.0226378417150914,-0.7599169810444535,0.0,0.1659455772615449,9.747109120321466e-05
heat,0.4,heat_r0.4,106,0,full_one_step,spectral_extrapolation_k9_nyquist,uniform,24,9,32,1.129007876781648,0.025557239132247916,-0.9557283711763316,0.0,0.6164456315297719,1.8326000259518511
heat,0.4,heat_r0.4,106,0,full_one_step,all_non_dc_k1_nyquist,uniform,32,1,32,0.979128651933676,0.025438762652321548,-0.9493537969021116,0.09375,0.5363792862469527,1.374467317444934
heat,0.4,heat_r0.4,106,0,full_one_step,empirical_training_spectrum_k1_5,empirical_training_power,5,1,5,0.011323098129178187,0.0133165589973265,0.08090457013721844,0.9279265979271873,0.01132303918999935,2.10401170026893e-05
heat,0.4,heat_r0.4,107,0,full_one_step,in_support_k1_5,uniform,5,1,5,0.03122248007369812,0.023995225342959694,-0.1308865458316952,0.6000000000000001,0.031222204635795416,0.00011037617718749465
heat,0.4,heat_r0.4,107,0,full_one_step,near_support_k6_8,uniform,3,6,8,0.16613009818819796,0.022314012790833906,-0.7631763319649,0.0,0.16612993478122418,0.0002552589129104701
heat,0.4,heat_r0.4,107,0,full_one_step,spectral_extrapolation_k9_nyquist,uniform,24,9,32,1.1339042530344987,0.019970913567415868,-0.9653846201990312,0.0,0.6215175496418637,1.8326161539169292
heat,0.4,heat_r0.4,107,0,full_one_step,all_non_dc_k1_nyquist,uniform,32,1,32,0.9833838957598657,0.02087514747402867,-0.9584267672476078,0.09375,0.5407890399774283,1.374503292238468
heat,0.4,heat_r0.4,107,0,full_one_step,empirical_training_spectrum_k1_5,empirical_training_power,5,1,5,0.012524950306777024,0.013037532793436704,0.020052139874290806,0.9279265979271873,0.012524786513031367,2.934515064196849e-05
heat,0.4,heat_r0.4,108,0,full_one_step,in_support_k1_5,uniform,5,1,5,0.030846683361777975,0.02304855591778967,-0.14469046892133705,0.6000000000000001,0.0308466558440199,3.1992813756393604e-05
heat,0.4,heat_r0.4,108,0,full_one_step,near_support_k6_8,uniform,3,6,8,0.1689183583512287,0.01941346090519881,-0.7938376958089493,0.0,0.16891835595924395,2.9089024626163324e-05
heat,0.4,heat_r0.4,108,0,full_one_step,spectral_extrapolation_k9_nyquist,uniform,24,9,32,1.132818274963431,0.02139793115158435,-0.9629221439826983,0.0,0.6203605510512905,1.83260846854771
heat,0.4,heat_r0.4,108,0,full_one_step,all_non_dc_k1_nyquist,uniform,32,1,32,0.9824874630708287,0.021488181362132746,-0.957193819429217,0.09375,0.5398695135470115,1.374464077383991
heat,0.4,heat_r0.4,108,0,full_one_step,empirical_training_spectrum_k1_5,empirical_training_power,5,1,5,0.012778587115575618,0.011937605917673056,-0.03402551504478293,0.9279265979271873,0.012778556680457584,2.562577407940339e-05
heat,0.4,heat_r0.4,109,0,full_one_step,in_support_k1_5,uniform,5,1,5,0.03672476720525281,0.018076682229148242,-0.34028452109513774,0.6000000000000001,0.036724683067115856,5.9543059509463596e-05
heat,0.4,heat_r0.4,109,0,full_one_step,near_support_k6_8,uniform,3,6,8,0.17047133152556085,0.017706635274799064,-0.8118096865869081,0.0,0.17047129923938048,9.279016171219268e-05
heat,0.4,heat_r0.4,109,0,full_one_step,spectral_extrapolation_k9_nyquist,uniform,24,9,32,1.1358043113389622,0.0180717376531401,-0.968676466299954,0.0,0.6234440459030515,1.8326129548828756
heat,0.4,heat_r0.4,109,0,full_one_step,all_non_dc_k1_nyquist,uniform,32,1,32,0.9851262510301009,0.018038597371007683,-0.9640366238913605,0.09375,0.5426297190606874,1.3744777188428656
heat,0.4,heat_r0.4,109,0,full_one_step,empirical_training_spectrum_k1_5,empirical_training_power,5,1,5,0.014997228810922634,0.010375607485126698,-0.18214839176318431,0.9279265979271873,0.014997157710725675,3.319510341711804e-05
heat,0.4,heat_r0.4,110,0,full_one_step,in_support_k1_5,uniform,5,1,5,0.03975409790597587,0.01947928012851487,-0.34228704237761465,0.6000000000000001,0.03975395551281684,6.546513573157183e-05
heat,0.4,heat_r0.4,110,0,full_one_step,near_support_k6_8,uniform,3,6,8,0.17206856516331648,0.016296970218969083,-0.8269644159066085,0.0,0.1720685072750255,0.00014617439467774554
heat,0.4,heat_r0.4,110,0,full_one_step,spectral_extrapolation_k9_nyquist,uniform,24,9,32,1.138684131817289,0.014861804534328362,-0.9742328344871423,0.0,0.626412817010525,1.8326106987289825
heat,0.4,heat_r0.4,110,0,full_one_step,all_non_dc_k1_nyquist,uniform,32,1,32,0.987660777483113,0.01580639022572997,-0.9684964476479689,0.09375,0.5452681970268054,1.3744819568236961
heat,0.4,heat_r0.4,110,0,full_one_step,empirical_training_spectrum_k1_5,empirical_training_power,5,1,5,0.015600926448543112,0.012020198479286918,-0.12963729676514307,0.9279265979271873,0.015600845335234485,2.035714662094105e-05
heat,0.4,heat_r0.4,111,0,full_one_step,in_support_k1_5,uniform,5,1,5,0.03544952587262111,0.01949486753220164,-0.2903782779594587,0.6000000000000001,0.03544928693987169,8.182706106551609e-05
heat,0.4,heat_r0.4,111,0,full_one_step,near_support_k6_8,uniform,3,6,8,0.1708705984353377,0.01724437175227495,-0.8166613562431887,0.0,0.17087057599994518,7.948245097815705e-05
heat,0.4,heat_r0.4,111,0,full_one_step,spectral_extrapolation_k9_nyquist,uniform,24,9,32,1.1366372892105059,0.017211019013108658,-0.9701676227447859,0.0,0.6242864371582398,1.8326255574151913
heat,0.4,heat_r0.4,111,0,full_one_step,all_non_dc_k1_nyquist,uniform,32,1,32,0.9858457264264161,0.01759049333371627,-0.9649394889534261,0.09375,0.5433541333646927,1.3744894050194643
heat,0.4,heat_r0.4,111,0,full_one_step,empirical_training_spectrum_k1_5,empirical_training_power,5,1,5,0.01445033897572133,0.011091141221194046,-0.13151930618856503,0.9279265979271873,0.014450096210021102,4.368622135689059e-05
heat,0.4,heat_r0.4,112,0,full_one_step,in_support_k1_5,uniform,5,1,5,0.030424561459941903,0.024361526487901818,-0.11066741939691126,0.8,0.03042405093865694,0.00014471284928003857
heat,0.4,heat_r0.4,112,0,full_one_step,near_support_k6_8,uniform,3,6,8,0.16748077633762615,0.020735560593134167,-0.7796624784939661,0.0,0.16748039388726405,0.0003675321080111668
heat,0.4,heat_r0.4,112,0,full_one_step,spectral_extrapolation_k9_nyquist,uniform,24,9,32,1.1334837845412251,0.020437937975313177,-0.9645765608246961,0.0,0.6210961652803464,1.8326040484942339
heat,0.4,heat_r0.4,112,0,full_one_step,all_non_dc_k1_nyquist,uniform,32,1,32,0.9830378530456253,0.02112635623739951,-0.9579225070121076,0.125,0.5404577885347038,1.3745101038885015
heat,0.4,heat_r0.4,112,0,full_one_step,empirical_training_spectrum_k1_5,empirical_training_power,5,1,5,0.012204813200825821,0.012914547082382858,0.028254456863356744,0.9718065381094981,0.012204556773291856,3.8284109436664735e-05
heat,0.4,heat_r0.4,113,0,full_one_step,in_support_k1_5,uniform,5,1,5,0.03231339072171826,0.022551835161703497,-0.1779188074565887,0.6000000000000001,0.03231255502217929,0.00018524379383033252
heat,0.4,heat_r0.4,113,0,full_one_step,near_support_k6_8,uniform,3,6,8,0.16935876992007362,0.018760618644527875,-0.8005456132121612,0.0,0.16935870747722526,0.00015340368114633132
heat,0.4,heat_r0.4,113,0,full_one_step,spectral_extrapolation_k9_nyquist,uniform,24,9,32,1.1359401976626806,0.017885342477787752,-0.9689981858511982,0.0,0.6235914374874448,1.8326066383005677
heat,0.4,heat_r0.4,113,0,full_one_step,all_non_dc_k1_nyquist,uniform,32,1,32,0.98520161545316,0.01877170426693264,-0.9626051730694075,0.09375,0.5426802224618325,1.374498304663319
heat,0.4,heat_r0.4,113,0,full_one_step,empirical_training_spectrum_k1_5,empirical_training_power,5,1,5,0.013098274297855261,0.01230736598909837,-0.03113120944104057,0.9279265979271873,0.013097624026608069,8.3650858633774e-05
heat,0.4,heat_r0.4,114,0,full_one_step,in_support_k1_5,uniform,5,1,5,0.03288194090538926,0.02167523291941978,-0.20541217955966415,0.6000000000000001,0.0328816381418651,0.00010926298022449597
heat,0.4,heat_r0.4,114,0,full_one_step,near_support_k6_8,uniform,3,6,8,0.17088837093707918,0.017269110477417457,-0.816439821073339,0.0,0.17088836850698716,3.022972473095962e-05
heat,0.4,heat_r0.4,114,0,full_one_step,spectral_extrapolation_k9_nyquist,uniform,24,9,32,1.135262154152671,0.018727536021041952,-0.9675429751573902,0.0,0.622871817524421,1.832605503528548
heat,0.4,heat_r0.4,114,0,full_one_step,all_non_dc_k1_nyquist,uniform,32,1,32,0.9846429940558695,0.019089460173307527,-0.9619630508251975,0.09375,0.5421103940762325,1.374474034023765
heat,0.4,heat_r0.4,114,0,full_one_step,empirical_training_spectrum_k1_5,empirical_training_power,5,1,5,0.013493762526708579,0.011929764135050017,-0.06151775921831834,0.9279265979271873,0.013493558585872076,3.549729422519596e-05
heat,0.4,heat_r0.4,115,0,full_one_step,in_support_k1_5,uniform,5,1,5,0.029020807802815532,0.025832718514515494,-0.058120042636033015,0.8,0.029020394740352798,0.00013390102670937464
heat,0.4,heat_r0.4,115,0,full_one_step,near_support_k6_8,uniform,3,6,8,0.16603544640239545,0.022524787495253492,-0.7610865554241939,0.0,0.16603543073945878,7.588385724524233e-05
heat,0.4,heat_r0.4,115,0,full_one_step,spectral_extrapolation_k9_nyquist,uniform,24,9,32,1.1324317029578819,0.021644210149687204,-0.9624908380742372,0.0,0.6199894565246397,1.8326033573386575
heat,0.4,heat_r0.4,115,0,full_one_step,all_non_dc_k1_nyquist,uniform,32,1,32,0.9820983884894103,0.022431889184583352,-0.9553385503988495,0.125,0.5394499640310193,1.3744805541510334
heat,0.4,heat_r0.4,115,0,full_one_step,empirical_training_spectrum_k1_5,empirical_training_power,5,1,5,0.011649579530782172,0.013714415120599963,0.08140813851280614,0.9718065381094981,0.011649079979806222,9.591040626055387e-05
heat,0.4,heat_r0.4,116,0,full_one_step,in_support_k1_5,uniform,5,1,5,0.03665555658208389,0.01776293141960862,-0.34717291597457967,0.6000000000000001,0.03665538563330423,9.605731711403016e-05
heat,0.4,heat_r0.4,116,0,full_one_step,near_support_k6_8,uniform,3,6,8,0.17176063173009073,0.016652203472212294,-0.8232370586183,0.0,0.17176061021508748,8.888989609389427e-05
heat,0.4,heat_r0.4,116,0,full_one_step,spectral_extrapolation_k9_nyquist,uniform,24,9,32,1.136306708307718,0.017567355097932533,-0.9695506543476979,0.0,0.6239498867643503,1.8326038781104756
heat,0.4,heat_r0.4,116,0,full_one_step,all_non_dc_k1_nyquist,uniform,32,1,32,0.9855812647440214,0.017514443564360157,-0.9650792174280229,0.09375,0.5431029563070288,1.3744762509664148
heat,0.4,heat_r0.4,116,0,full_one_step,empirical_training_spectrum_k1_5,empirical_training_power,5,1,5,0.015163833378431866,0.010181900250665923,-0.196559042269998,0.9279265979271873,0.015163708799520781,4.340475072741794e-05
heat,0.4,heat_r0.4,117,0,full_one_step,in_support_k1_5,uniform,5,1,5,0.034335891233836395,0.021875386491445322,-0.2216726828962795,0.6000000000000001,0.034334465135680774,0.00023601961217119722
heat,0.4,heat_r0.4,117,0,full_one_step,near_support_k6_8,uniform,3,6,8,0.1646151177600967,0.02388421526054845,-0.746585678815823,0.0,0.1646149326849563,0.0002489399088100761
heat,0.4,heat_r0.4,117,0,full_one_step,spectral_extrapolation_k9_nyquist,uniform,24,9,32,1.1345837034018285,0.019233188809606658,-0.9666616272661014,0.0,0.6222280957662365,1.8326133546178969
heat,0.4,heat_r0.4,117,0,full_one_step,all_non_dc_k1_nyquist,uniform,32,1,32,0.9839638188647967,0.0201416880572442,-0.9598813313573272,0.09375,0.5413875628169028,1.3745202321442755
heat,0.4,heat_r0.4,117,0,full_one_step,empirical_training_spectrum_k1_5,empirical_training_power,5,1,5,0.013624525198814188,0.012390224374263792,-0.04744619282546326,0.9279265979271873,0.013623712108448115,6.577847361500021e-05
heat,0.4,heat_r0.4,118,0,full_one_step,in_support_k1_5,uniform,5,1,5,0.0338850653857711,0.02098750947893353,-0.23504557492769657,0.6000000000000001,0.033884487549822075,0.00017911632633588903
heat,0.4,heat_r0.4,118,0,full_one_step,near_support_k6_8,uniform,3,6,8,0.16693233954674747,0.02138449843743636,-0.7728880893886676,0.0,0.1669323123725039,8.995349381603689e-05
heat,0.4,heat_r0.4,118,0,full_one_step,spectral_extrapolation_k9_nyquist,uniform,24,9,32,1.1334299693180288,0.020639419743548007,-0.9642319258457573,0.0,0.621015507533126,1.832613779214627
heat,0.4,heat_r0.4,118,0,full_one_step,all_non_dc_k1_nyquist,uniform,32,1,32,0.9830002558271389,0.02076499731166639,-0.9586257897516703,0.09375,0.5404045428410463,1.3744967544770057
heat,0.4,heat_r0.4,118,0,full_one_step,empirical_training_spectrum_k1_5,empirical_training_power,5,1,5,0.013722830627354164,0.011674357917430612,-0.08065745963618474,0.9279265979271873,0.013722383393495068,7.33033449025834e-05
heat,0.4,heat_r0.4,119,0,full_one_step,in_support_k1_5,uniform,5,1,5,0.035096186636786784,0.019263192840850322,-0.2912651680001239,0.6000000000000001,0.035096105532067365,6.098675730113054e-05
heat,0.4,heat_r0.4,119,0,full_one_step,near_support_k6_8,uniform,3,6,8,0.16979528492391344,0.01855970296047721,-0.8029284685376226,0.0,0.16979528427139162,1.3625115083843816e-05
heat,0.4,heat_r0.4,119,0,full_one_step,spectral_extrapolation_k9_nyquist,uniform,24,9,32,1.134444256199538,0.019579129872848367,-0.9660680535435524,0.0,0.6220404644949954,1.8326017493437572
heat,0.4,heat_r0.4,119,0,full_one_step,all_non_dc_k1_nyquist,uniform,32,1,32,0.983929947298529,0.01943656071036866,-0.9612573061683333,0.09375,0.5413834750566018,1.3744621185431851
heat,0.4,heat_r0.4,119,0,full_one_step,empirical_training_spectrum_k1_5,empirical_training_power,5,1,5,0.014405716481286652,0.010649953022505465,-0.1498967512407825,0.9279265979271873,0.01440561606292476,3.0084880382859708e-05
lf,0.1,lf_r0.1,300,0,full_one_step,in_support_k1_5,uniform,5,1,5,0.04882636292754446,0.029071229208446032,-0.25360390709652114,0.6000000000000001,0.0444200761845806,0.016094475597940725
lf,0.1,lf_r0.1,300,0,full_one_step,near_support_k6_8,uniform,3,6,8,0.22725894296677088,0.016416566409960004,-0.8652587906601692,0.0,0.21673793793938287,0.07805569073025365
lf,0.1,lf_r0.1,300,0,full_one_step,spectral_extrapolation_k9_nyquist,uniform,24,9,32,1.4258139228929372,0.018162904718181806,-0.9748432185740404,0.0,0.5088986444912734,2.142746415384801
lf,0.1,lf_r0.1,300,0,full_one_step,all_non_dc_k1_nyquist,uniform,32,1,32,1.2369007156905711,0.02011807286354263,-0.9679908159739069,0.09375,0.44603319823995435,1.6168922943567405
lf,0.1,lf_r0.1,300,0,full_one_step,empirical_training_spectrum_k1_5,empirical_training_power,5,1,5,0.01982398210405181,0.019160772481791242,-0.017012025067394056,0.9278135545307012,0.017780136999872898,0.003752163098178804
lf,0.1,lf_r0.1,301,0,full_one_step,in_support_k1_5,uniform,5,1,5,0.05376718279185757,0.028416122358141917,-0.3084697115484143,0.6000000000000001,0.050012089789607556,0.014335304412658042
lf,0.1,lf_r0.1,301,0,full_one_step,near_support_k6_8,uniform,3,6,8,0.22043362792732768,0.024190222595387126,-0.802225150624543,0.0,0.20998674934812558,0.07631239496788597
lf,0.1,lf_r0.1,301,0,full_one_step,spectral_extrapolation_k9_nyquist,uniform,24,9,32,1.4278161032293755,0.01600568021918673,-0.9778287314921135,0.0,0.5106347907884312,2.1429339963355516
lf,0.1,lf_r0.1,301,0,full_one_step,all_non_dc_k1_nyquist,uniform,32,1,32,1.2385480321489015,0.01931744988321793,-0.9692853486177077,0.09375,0.4473092715007172,1.6165946755943807
lf,0.1,lf_r0.1,301,0,full_one_step,empirical_training_spectrum_k1_5,empirical_training_power,5,1,5,0.021307914343686937,0.019566046096142417,-0.04261559752959903,0.9278135545307012,0.019720230668268068,0.002888253895650285
lf,0.1,lf_r0.1,302,0,full_one_step,in_support_k1_5,uniform,5,1,5,0.049273020499823406,0.030441198797529847,-0.2362416877225671,0.6000000000000001,0.04390583895765141,0.015993794051475677
lf,0.1,lf_r0.1,302,0,full_one_step,near_support_k6_8,uniform,3,6,8,0.22195109513327055,0.02529220827691503,-0.7954063230181458,0.0,0.20817041228059727,0.0883719683412151
lf,0.1,lf_r0.1,302,0,full_one_step,spectral_extrapolation_k9_nyquist,uniform,24,9,32,1.4241935116452478,0.02003858042759551,-0.9722501936668156,0.0,0.5076861716133616,2.1433600174264673
lf,0.1,lf_r0.1,302,0,full_one_step,all_non_dc_k1_nyquist,uniform,32,1,32,1.2354121000871607,0.022492702464493444,-0.9642378303686144,0.09375,0.4446040846731807,1.6183039154223826
lf,0.1,lf_r0.1,302,0,full_one_step,empirical_training_spectrum_k1_5,empirical_training_power,5,1,5,0.019934604913953748,0.020384357256675506,0.011154859116125388,0.9278135545307012,0.01766527231759202,0.0031072027731171015
lf,0.1,lf_r0.1,303,0,full_one_step,in_support_k1_5,uniform,5,1,5,0.04080249651852659,0.03720314313705126,-0.04614221993906764,0.8,0.03672998738496823,0.012529504139956264
lf,0.1,lf_r0.1,303,0,full_one_step,near_support_k6_8,uniform,3,6,8,0.21623575089105831,0.031912164811354136,-0.7427972367124428,0.0,0.2028762920749785,0.08604765134085016
lf,0.1,lf_r0.1,303,0,full_one_step,spectral_extrapolation_k9_nyquist,uniform,24,9,32,1.4256099413487364,0.018310538748732008,-0.9746377463286677,0.0,0.5087905359120957,2.143270940490239
lf,0.1,lf_r0.1,303,0,full_one_step,all_non_dc_k1_nyquist,uniform,32,1,32,1.2364936164847018,0.023731669233637134,-0.9623374177576355,0.125,0.44521937204926004,1.6174779077027521
lf,0.1,lf_r0.1,303,0,full_one_step,empirical_training_spectrum_k1_5,empirical_training_power,5,1,5,0.01617927008432188,0.022327609964160302,0.15966860654764398,0.9717434729187213,0.014527355953113167,0.002410888424568726
lf,0.1,lf_r0.1,304,0,full_one_step,in_support_k1_5,uniform,5,1,5,0.044617937229629,0.03472227548322873,-0.12472441663616304,0.8,0.04041882568230909,0.01364754023140265
lf,0.1,lf_r0.1,304,0,full_one_step,near_support_k6_8,uniform,3,6,8,0.22067364352560057,0.02597286519112969,-0.7893919899676414,0.0,0.2090216452251847,0.08054309466789795
lf,0.1,lf_r0.1,304,0,full_one_step,spectral_extrapolation_k9_nyquist,uniform,24,9,32,1.4260732423568614,0.01768958788380646,-0.9754951609595635,0.0,0.5093101655631253,2.143139630679587
lf,0.1,lf_r0.1,304,0,full_one_step,all_non_dc_k1_nyquist,uniform,32,1,32,1.2369883006980453,0.02205254217229687,-0.9649692981809522,0.125,0.4459807600169025,1.6170380662959625
lf,0.1,lf_r0.1,304,0,full_one_step,empirical_training_spectrum_k1_5,empirical_training_power,5,1,5,0.017633669275723737,0.021725906797122947,0.10397056903827673,0.9717434729187213,0.015876760341572753,0.0027196156278404327
lf,0.1,lf_r0.1,305,0,full_one_step,in_support_k1_5,uniform,5,1,5,0.04842509061410928,0.029476350346003856,-0.24323992001389938,0.6000000000000001,0.04282545815189803,0.017384536685193287
lf,0.1,lf_r0.1,305,0,full_one_step,near_support_k6_8,uniform,3,6,8,0.2166300117953212,0.028518934101495023,-0.7673338223245005,0.0,0.2048453533174727,0.08090169310129826
lf,0.1,lf_r0.1,305,0,full_one_step,spectral_extrapolation_k9_nyquist,uniform,24,9,32,1.423700580355138,0.020457104186367328,-0.971669154406969,0.0,0.5070193016447728,2.142878125360739
lf,0.1,lf_r0.1,305,0,full_one_step,all_non_dc_k1_nyquist,uniform,32,1,32,1.2348920860383106,0.02293203247919774,-0.9635369808201392,0.09375,0.44387148651895,1.6174594616058626
lf,0.1,lf_r0.1,305,0,full_one_step,empirical_training_spectrum_k1_5,empirical_training_power,5,1,5,0.019643881298867256,0.019219854348406458,-0.010910607109652446,0.9278135545307012,0.017166636481548286,0.0038558932244600642
lf,0.1,lf_r0.1,306,0,full_one_step,in_support_k1_5,uniform,5,1,5,0.03913767382705863,0.03738771306420662,-0.02286771532875124,0.8,0.03514843214319153,0.012934670830784905
lf,0.1,lf_r0.1,306,0,full_one_step,near_support_k6_8,uniform,3,6,8,0.21199798900281694,0.03530829107323033,-0.7144569797226908,0.0,0.19952841735346571,0.08202348969023382
lf,0.1,lf_r0.1,306,0,full_one_step,spectral_extrapolation_k9_nyquist,uniform,24,9,32,1.4209860125650964,0.02338928122451171,-0.9676132909153474,0.0,0.5047484750737373,2.1433004256153185
lf,0.1,lf_r0.1,306,0,full_one_step,all_non_dc_k1_nyquist,uniform,32,1,32,1.2324178240774608,0.027305353827807403,-0.9566486442311681,0.125,0.44159216137275903,1.6171860636872586
lf,0.1,lf_r0.1,306,0,full_one_step,empirical_training_spectrum_k1_5,empirical_training_power,5,1,5,0.015794870558090306,0.022078045619481224,0.16590153850132713,0.9717434729187213,0.01408016297473599,0.00269639774248561
lf,0.1,lf_r0.1,307,0,full_one_step,in_support_k1_5,uniform,5,1,5,0.037445810400704126,0.040541994576239346,0.039700876008121846,0.8,0.033064561268546976,0.012083547473826055
lf,0.1,lf_r0.1,307,0,full_one_step,near_support_k6_8,uniform,3,6,8,0.21120823552513743,0.03722865202221958,-0.7002969052643354,0.0,0.19775786229202613,0.0850313285434266
lf,0.1,lf_r0.1,307,0,full_one_step,spectral_extrapolation_k9_nyquist,uniform,24,9,32,1.4173203574348208,0.02718473202942748,-0.962361182071695,0.0,0.5016427316457066,2.1432804835484385
lf,0.1,lf_r0.1,307,0,full_one_step,all_non_dc_k1_nyquist,uniform,32,1,32,1.2292269622895087,0.03067593516685574,-0.9513042866576658,0.125,0.4388294503372558,1.6173201040050604
lf,0.1,lf_r0.1,307,0,full_one_step,empirical_training_spectrum_k1_5,empirical_training_power,5,1,5,0.014902296680553737,0.023754835560407157,0.22900143819963228,0.9717434729187213,0.013095672504450668,0.0021617913486634294
lf,0.1,lf_r0.1,308,0,full_one_step,in_support_k1_5,uniform,5,1,5,0.04557162246859943,0.034308979294775374,-0.1409934693179536,0.6000000000000001,0.03989970681332244,0.015601970885225563
lf,0.1,lf_r0.1,308,0,full_one_step,near_support_k6_8,uniform,3,6,8,0.2145599410387892,0.03344555374068244,-0.7302837683461612,0.0,0.20169893271731376,0.08403812647567159
lf,0.1,lf_r0.1,308,0,full_one_step,spectral_extrapolation_k9_nyquist,uniform,24,9,32,1.4242492670150828,0.019863066976724332,-0.9724909669293953,0.0,0.5075494809991423,2.1431828338746706
lf,0.1,lf_r0.1,308,0,full_one_step,all_non_dc_k1_nyquist,uniform,32,1,32,1.2353156878785052,0.02418053181902834,-0.9616028512974256,0.09375,0.44414815684411635,1.6177035077139137
lf,0.1,lf_r0.1,308,0,full_one_step,empirical_training_spectrum_k1_5,empirical_training_power,5,1,5,0.018056851584639592,0.021657381607361106,0.09066094780968194,0.9278135545307012,0.01571713459670915,0.0030095013953111882
lf,0.1,lf_r0.1,309,0,full_one_step,in_support_k1_5,uniform,5,1,5,0.05213717336309013,0.027155613981093417,-0.31505462500088555,0.6000000000000001,0.045956762672868544,0.018533570555180148
lf,0.1,lf_r0.1,309,0,full_one_step,near_support_k6_8,uniform,3,6,8,0.21280633092252535,0.0332772543194748,-0.7295451113754725,0.0,0.20065751077625252,0.08120989802443028
lf,0.1,lf_r0.1,309,0,full_one_step,spectral_extrapolation_k9_nyquist,uniform,24,9,32,1.4208356094394714,0.023523077715268403,-0.9674276508675185,0.0,0.5047211780585057,2.1434775136354483
lf,0.1,lf_r0.1,309,0,full_one_step,all_non_dc_k1_nyquist,uniform,32,1,32,1.232376045046002,0.02518016845117475,-0.9599538085360805,0.09375,0.4417717754964094,1.6181174335656234
lf,0.1,lf_r0.1,309,0,full_one_step,empirical_training_spectrum_k1_5,empirical_training_power,5,1,5,0.02115200647405586,0.018806462789822426,-0.05869953798139518,0.9278135545307012,0.018464682285451502,0.00386957688806562
lf,0.1,lf_r0.1,310,0,full_one_step,in_support_k1_5,uniform,5,1,5,0.03282524990820872,0.04339750901247567,0.13870213114783989,0.8,0.03036166910348137,0.009083313793295807
lf,0.1,lf_r0.1,310,0,full_one_step,near_support_k6_8,uniform,3,6,8,0.20791287115449103,0.04042935695725755,-0.6744061027022338,0.0,0.1948347580556475,0.08315081974039684
lf,0.1,lf_r0.1,310,0,full_one_step,spectral_extrapolation_k9_nyquist,uniform,24,9,32,1.4222268594148346,0.022420687883060317,-0.9689603351004241,0.0,0.5058791058884909,2.143429885586005
lf,0.1,lf_r0.1,310,0,full_one_step,all_non_dc_k1_nyquist,uniform,32,1,32,1.2333968912433004,0.028714549631873348,-0.9544976002880348,0.125,0.44230995135561085,1.6167870713203685
lf,0.1,lf_r0.1,310,0,full_one_step,empirical_training_spectrum_k1_5,empirical_training_power,5,1,5,0.013163925593685826,0.024226960482262846,0.2958751730597048,0.9717434729187213,0.0121238424697113,0.001879739549104759
lf,0.1,lf_r0.1,311,0,full_one_step,in_support_k1_5,uniform,5,1,5,0.03912912654992874,0.03907014735752089,-0.000754216624538704,0.8,0.03423576127703506,0.013360083739672334
lf,0.1,lf_r0.1,311,0,full_one_step,near_support_k6_8,uniform,3,6,8,0.2092934349168807,0.039104913716035486,-0.685143529083401,0.0,0.1965271082274144,0.08277119535046526
lf,0.1,lf_r0.1,311,0,full_one_step,spectral_extrapolation_k9_nyquist,uniform,24,9,32,1.422524881078425,0.021839817149475447,-0.9697585835817356,0.0,0.5059939022665161,2.1433284155271313
lf,0.1,lf_r0.1,311,0,full_one_step,all_non_dc_k1_nyquist,uniform,32,1,32,1.2337052368185595,0.02719571865308504,-0.9568630374414897,0.125,0.4425227765570837,1.6173436242937782
lf,0.1,lf_r0.1,311,0,full_one_step,empirical_training_spectrum_k1_5,empirical_training_power,5,1,5,0.015459931846557877,0.023051427710580177,0.19712354877420113,0.9717434729187213,0.013475408116880534,0.002571797101975109
lf,0.1,lf_r0.1,312,0,full_one_step,in_support_k1_5,uniform,5,1,5,0.046326015298285665,0.031080306041995576,-0.19695690212779068,0.6000000000000001,0.04259934860644458,0.01401108626024687
lf,0.1,lf_r0.1,312,0,full_one_step,near_support_k6_8,uniform,3,6,8,0.22241813827133555,0.021841371564235965,-0.8211625694415015,0.0,0.21114168853371965,0.07998933888712602
lf,0.1,lf_r0.1,312,0,full_one_step,spectral_extrapolation_k9_nyquist,uniform,24,9,32,1.4233930517163633,0.02068042627978502,-0.9713582077437195,0.0,0.5068390901348853,2.1431372882088953
lf,0.1,lf_r0.1,312,0,full_one_step,all_non_dc_k1_nyquist,uniform,32,1,32,1.234710070919352,0.02272483800854566,-0.9638552455523586,0.09375,0.44399031096372477,1.6170411989055031
lf,0.1,lf_r0.1,312,0,full_one_step,empirical_training_spectrum_k1_5,empirical_training_power,5,1,5,0.018781120557843894,0.01979233235048841,0.026215226182825874,0.9278135545307012,0.01713894201270363,0.003130475170227795
lf,0.1,lf_r0.1,313,0,full_one_step,in_support_k1_5,uniform,5,1,5,0.04394101033247674,0.035995887061085155,-0.09939243991763291,0.8,0.039910666278817675,0.01317731564615841
lf,0.1,lf_r0.1,313,0,full_one_step,near_support_k6_8,uniform,3,6,8,0.22348549475732404,0.021353515371243702,-0.825570971226924,0.0,0.21116244460517017,0.08395126119024134
lf,0.1,lf_r0.1,313,0,full_one_step,spectral_extrapolation_k9_nyquist,uniform,24,9,32,1.4252255630863737,0.018961867308692728,-0.9737404343652187,0.0,0.5082118704798858,2.142974989615942
lf,0.1,lf_r0.1,313,0,full_one_step,all_non_dc_k1_nyquist,uniform,32,1,32,1.2362989259434143,0.02269064727941414,-0.9639541934865601,0.125,0.44512766313331853,1.6171606285182536
lf,0.1,lf_r0.1,313,0,full_one_step,empirical_training_spectrum_k1_5,empirical_training_power,5,1,5,0.017307550992159196,0.02239457159167634,0.12812968850154852,0.9717434729187213,0.015571214933857902,0.0025721636534833557
lf,0.1,lf_r0.1,314,0,full_one_step,in_support_k1_5,uniform,5,1,5,0.04785723181787923,0.028898603607615758,-0.24699917739369986,0.6000000000000001,0.044479179353712095,0.014230526554453442
lf,0.1,lf_r0.1,314,0,full_one_step,near_support_k6_8,uniform,3,6,8,0.22380197985899522,0.0202273961129683,-0.8342216298148283,0.0,0.21326220823144626,0.07745242186567594
lf,0.1,lf_r0.1,314,0,full_one_step,spectral_extrapolation_k9_nyquist,uniform,24,9,32,1.427059552059464,0.01670509886392062,-0.9768589723356413,0.0,0.5101701514784461,2.142865512769345
lf,0.1,lf_r0.1,314,0,full_one_step,all_non_dc_k1_nyquist,uniform,32,1,32,1.2379126674912864,0.019445867962567892,-0.9690686985227347,0.09375,0.4469654733026133,1.6166338189010492
lf,0.1,lf_r0.1,314,0,full_one_step,empirical_training_spectrum_k1_5,empirical_training_power,5,1,5,0.019711249903396767,0.018469482778759212,-0.03252339694407968,0.9278135545307012,0.018134349007867184,0.003477895658713188
lf,0.1,lf_r0.1,315,0,full_one_step,in_support_k1_5,uniform,5,1,5,0.04913883466697034,0.030512904080314516,-0.23384210915660317,0.6000000000000001,0.04503520752543921,0.014543282564474892
lf,0.1,lf_r0.1,315,0,full_one_step,near_support_k6_8,uniform,3,6,8,0.21462141083875522,0.030007984412339133,-0.7546657515828128,0.0,0.20493666380542475,0.07277283040401329
lf,0.1,lf_r0.1,315,0,full_one_step,spectral_extrapolation_k9_nyquist,uniform,24,9,32,1.4252691094231162,0.018596082981198383,-0.9742412476192014,0.0,0.5087642426029838,2.142927685446665
lf,0.1,lf_r0.1,315,0,full_one_step,all_non_dc_k1_nyquist,uniform,32,1,32,1.2362199060790078,0.022119114483004798,-0.9648439504432982,0.09375,0.4454044253306727,1.6162906048360746
lf,0.1,lf_r0.1,315,0,full_one_step,empirical_training_spectrum_k1_5,empirical_training_power,5,1,5,0.019641177634653496,0.020292403261024102,0.01630771926193814,0.9278135545307012,0.017886562558179865,0.0029713676230579333
lf,0.1,lf_r0.1,316,0,full_one_step,in_support_k1_5,uniform,5,1,5,0.04518896110412978,0.03485624354693617,-0.12908602835405467,0.8,0.04063100442217111,0.013592523742340707
lf,0.1,lf_r0.1,316,0,full_one_step,near_support_k6_8,uniform,3,6,8,0.2078638561069149,0.039363553476192435,-0.6815599569435274,0.0,0.19458576310977857,0.08389720067883949
lf,0.1,lf_r0.1,316,0,full_one_step,spectral_extrapolation_k9_nyquist,uniform,24,9,32,1.418683348742829,0.02587165475233785,-0.9641804504643434,0.0,0.5031879437335199,2.1436724342827342
lf,0.1,lf_r0.1,316,0,full_one_step,all_non_dc_k1_nyquist,uniform,32,1,32,1.2303928617399411,0.028932830113912015,-0.9540502821453282,0.125,0.44012071538198655,1.6177435201104329
lf,0.1,lf_r0.1,316,0,full_one_step,empirical_training_spectrum_k1_5,empirical_training_power,5,1,5,0.017776910212521733,0.02184950733712996,0.10277479965241076,0.9717434729187213,0.015957179980754282,0.0026903702240528037
lf,0.1,lf_r0.1,317,0,full_one_step,in_support_k1_5,uniform,5,1,5,0.051200614123646515,0.028023057782800533,-0.29255847126368606,0.6000000000000001,0.04574786381930077,0.016935403639878513
lf,0.1,lf_r0.1,317,0,full_one_step,near_support_k6_8,uniform,3,6,8,0.22030785299385244,0.026317348551258665,-0.7865802165684608,0.0,0.20717337311170345,0.08589571555606479
lf,0.1,lf_r0.1,317,0,full_one_step,spectral_extrapolation_k9_nyquist,uniform,24,9,32,1.4247438381558675,0.01926153096051751,-0.9733220784735669,0.0,0.5081441030140774,2.143329861142259
lf,0.1,lf_r0.1,317,0,full_one_step,all_non_dc_k1_nyquist,uniform,32,1,32,1.2358725949382408,0.021584445455891662,-0.9656696892815898,0.09375,0.4449816380014721,1.6181962760088062
lf,0.1,lf_r0.1,317,0,full_one_step,empirical_training_spectrum_k1_5,empirical_training_power,5,1,5,0.02071825617129943,0.01922903730343768,-0.037279593642646706,0.9278135545307012,0.018440048919525873,0.0035395524561101137
lf,0.1,lf_r0.1,318,0,full_one_step,in_support_k1_5,uniform,5,1,5,0.041921778269681576,0.03535672289257809,-0.08495319239330239,0.8,0.03927014333352797,0.011530587789141329
lf,0.1,lf_r0.1,318,0,full_one_step,near_support_k6_8,uniform,3,6,8,0.2220633699185935,0.021857731214277316,-0.8207803169733087,0.0,0.21153710340172263,0.07713237404369322
lf,0.1,lf_r0.1,318,0,full_one_step,spectral_extrapolation_k9_nyquist,uniform,24,9,32,1.4254697855770475,0.018542960551768278,-0.9743174558514403,0.0,0.5086120240623543,2.143002367591567
lf,0.1,lf_r0.1,318,0,full_one_step,all_non_dc_k1_nyquist,uniform,32,1,32,1.2364751087830155,0.022315888240364463,-0.9645439341508891,0.125,0.44547808390373106,1.6162845901023246
lf,0.1,lf_r0.1,318,0,full_one_step,empirical_training_spectrum_k1_5,empirical_training_power,5,1,5,0.016847871159272852,0.021211203412745107,0.11464630452891496,0.9717434729187213,0.01564788087925915,0.002670940323404366
lf,0.1,lf_r0.1,319,0,full_one_step,in_support_k1_5,uniform,5,1,5,0.03983801110739604,0.03761258377904375,-0.028733508523921283,0.8,0.03751528372579922,0.009883856790251838
lf,0.1,lf_r0.1,319,0,full_one_step,near_support_k6_8,uniform,3,6,8,0.21786167266067102,0.029591559583983195,-0.7608310926831916,0.0,0.20540892840411779,0.08249620409274562
lf,0.1,lf_r0.1,319,0,full_one_step,spectral_extrapolation_k9_nyquist,uniform,24,9,32,1.4259684054642472,0.01801613511651385,-0.9750466371208271,0.0,0.5092899437536108,2.143178485060122
lf,0.1,lf_r0.1,319,0,full_one_step,all_non_dc_k1_nyquist,uniform,32,1,32,1.236825420962656,0.023378983936828027,-0.9628965208406919,0.125,0.4457663832370209,1.6166622355522633
lf,0.1,lf_r0.1,319,0,full_one_step,empirical_training_spectrum_k1_5,empirical_training_power,5,1,5,0.01599449584611681,0.022291739732210932,0.16447801124795702,0.9717434729187213,0.015016720797910174,0.002067796890584147
lf,0.25,lf_r0.25,300,0,full_one_step,in_support_k1_5,uniform,5,1,5,0.045664756747424005,0.06356860968320675,0.16390461560252917,0.8,0.033872978860370447,0.02296542952645831
lf,0.25,lf_r0.25,300,0,full_one_step,near_support_k6_8,uniform,3,6,8,0.2598436400440549,0.02571772932282316,-0.8198794929451257,0.0,0.2018094853014084,0.18488096788419567
lf,0.25,lf_r0.25,300,0,full_one_step,spectral_extrapolation_k9_nyquist,uniform,24,9,32,1.4384609042401442,0.016308077306736436,-0.9775798391172794,0.0,0.45158160670941766,2.1192990580559528
lf,0.25,lf_r0.25,300,0,full_one_step,all_non_dc_k1_nyquist,uniform,32,1,32,1.2484122047439274,0.029880975731048993,-0.9532486346834048,0.125,0.39615893429103416,1.6103952326446171
lf,0.25,lf_r0.25,300,0,full_one_step,empirical_training_spectrum_k1_5,empirical_training_power,5,1,5,0.018487047594484923,0.04073726414964917,0.3756939658715077,0.9717434727485511,0.013480927670550882,0.004884899583818163
lf,0.25,lf_r0.25,301,0,full_one_step,in_support_k1_5,uniform,5,1,5,0.04072527093368932,0.06718871416190139,0.24522718908740723,1.0,0.027854591939872993,0.02191726825728596
lf,0.25,lf_r0.25,301,0,full_one_step,near_support_k6_8,uniform,3,6,8,0.2337745945561082,0.05554038629261619,-0.616055925416065,0.0,0.17136681151528824,0.18074389253815482
lf,0.25,lf_r0.25,301,0,full_one_step,spectral_extrapolation_k9_nyquist,uniform,24,9,32,1.4320724813802073,0.023692014624089607,-0.9674507591178132,0.0,0.4465539740495486,2.119132303419322
lf,0.25,lf_r0.25,301,0,full_one_step,all_non_dc_k1_nyquist,uniform,32,1,32,1.2423793028383816,0.037623670013454194,-0.9412131521388126,0.15625,0.3904256485504839,1.6097185406551446
lf,0.25,lf_r0.25,301,0,full_one_step,empirical_training_spectrum_k1_5,empirical_training_power,5,1,5,0.016404472052467225,0.04195949733885977,0.4378561902643667,1.0000000000000002,0.01102518365972895,0.004496210937497719
lf,0.25,lf_r0.25,302,0,full_one_step,in_support_k1_5,uniform,5,1,5,0.05510756799644071,0.05626974088908421,0.0104345571308245,0.8,0.03941437084335696,0.02845135251365317
lf,0.25,lf_r0.25,302,0,full_one_step,near_support_k6_8,uniform,3,6,8,0.2462210995018055,0.04003660392987654,-0.7202757972979292,0.0,0.1816969371008143,0.1895835654949921
lf,0.25,lf_r0.25,302,0,full_one_step,spectral_extrapolation_k9_nyquist,uniform,24,9,32,1.4349135111573312,0.021592248008303103,-0.9703506177405405,0.0,0.44779096118269385,2.119240376432975
lf,0.25,lf_r0.25,302,0,full_one_step,all_non_dc_k1_nyquist,uniform,32,1,32,1.2451468479889316,0.03153847443925953,-0.9505931902165603,0.125,0.392078223700579,1.6116492654201453
lf,0.25,lf_r0.25,302,0,full_one_step,empirical_training_spectrum_k1_5,empirical_training_power,5,1,5,0.02230294299173228,0.038612919215707364,0.2677459635789765,0.9717434727485511,0.015714475578460327,0.006319906245079826
lf,0.25,lf_r0.25,303,0,full_one_step,in_support_k1_5,uniform,5,1,5,0.05137816743300355,0.058834338894535126,0.06765268035346828,0.8,0.02444561488760277,0.03411791482746422
lf,0.25,lf_r0.25,303,0,full_one_step,near_support_k6_8,uniform,3,6,8,0.24352650295279707,0.05068105117950176,-0.6554741680309706,0.0,0.17211813135797907,0.19764244531137315
lf,0.25,lf_r0.25,303,0,full_one_step,spectral_extrapolation_k9_nyquist,uniform,24,9,32,1.425737447953392,0.030933795625138337,-0.9575281028420046,0.0,0.43930735460333464,2.1193724527345648
lf,0.25,lf_r0.25,303,0,full_one_step,all_non_dc_k1_nyquist,uniform,32,1,32,1.2371409649026048,0.038721238154286346,-0.9393018492725743,0.125,0.3842055413963246,1.6133892429906562
lf,0.25,lf_r0.25,303,0,full_one_step,empirical_training_spectrum_k1_5,empirical_training_power,5,1,5,0.020927364887121287,0.03894524575467731,0.3009369505424118,0.9717434727485511,0.00961091905830851,0.0074203434643322075
lf,0.25,lf_r0.25,304,0,full_one_step,in_support_k1_5,uniform,5,1,5,0.04396814663563758,0.06271814683350517,0.17574891383109792,1.0,0.028234961322841468,0.025964551381009456
lf,0.25,lf_r0.25,304,0,full_one_step,near_support_k6_8,uniform,3,6,8,0.2376091963542714,0.05558212315448506,-0.6208474163040488,0.0,0.16674274562592292,0.19385436643665777
lf,0.25,lf_r0.25,304,0,full_one_step,spectral_extrapolation_k9_nyquist,uniform,24,9,32,1.427356918860345,0.030155596696737452,-0.958620462774947,0.0,0.4418591115036012,2.1205436781280813
lf,0.25,lf_r0.25,304,0,full_one_step,all_non_dc_k1_nyquist,uniform,32,1,32,1.2383884052445586,0.03982798452623223,-0.9376819373543253,0.15625,0.3862133025006701,1.6126385666027807
lf,0.25,lf_r0.25,304,0,full_one_step,empirical_training_spectrum_k1_5,empirical_training_power,5,1,5,0.018249656630432844,0.039992350024695617,0.37331635091161874,1.0000000000000002,0.011488827082120455,0.005609540497656159
lf,0.25,lf_r0.25,305,0,full_one_step,in_support_k1_5,uniform,5,1,5,0.05245000652157529,0.05633956849360106,0.035753076261977955,0.8,0.032125459260146955,0.03109562364600666
lf,0.25,lf_r0.25,305,0,full_one_step,near_support_k6_8,uniform,3,6,8,0.24508098447374202,0.046907052233838696,-0.6787056568292554,0.0,0.17436304054587445,0.19706348527276318
lf,0.25,lf_r0.25,305,0,full_one_step,spectral_extrapolation_k9_nyquist,uniform,24,9,32,1.4291278059654011,0.027509994927005916,-0.962228091416889,0.0,0.443025870147496,2.119960186730787
lf,0.25,lf_r0.25,305,0,full_one_step,all_non_dc_k1_nyquist,uniform,32,1,32,1.2401071014933545,0.03563475534820405,-0.9441348496059735,0.125,0.3875763535367615,1.6133035329871002
lf,0.25,lf_r0.25,305,0,full_one_step,empirical_training_spectrum_k1_5,empirical_training_power,5,1,5,0.021474061412240373,0.03847068920955086,0.2835382184596467,0.9717434727485511,0.0129225754873771,0.006578765918479432
lf,0.25,lf_r0.25,306,0,full_one_step,in_support_k1_5,uniform,5,1,5,0.05457926086476831,0.05893380999863808,0.03836165386724252,0.8,0.027822913785441473,0.032671908845495035
lf,0.25,lf_r0.25,306,0,full_one_step,near_support_k6_8,uniform,3,6,8,0.2381122093878731,0.052753911569908246,-0.6372632784031567,0.0,0.16833206661649314,0.19359714632602543
lf,0.25,lf_r0.25,306,0,full_one_step,spectral_extrapolation_k9_nyquist,uniform,24,9,32,1.4229075533121942,0.03568004334620267,-0.9510758991397633,0.0,0.43737880742029855,2.120962846207134
lf,0.25,lf_r0.25,306,0,full_one_step,all_non_dc_k1_nyquist,uniform,32,1,32,1.234617456921259,0.04193315633207234,-0.9343023991423194,0.125,0.38242985202114854,1.6139768528805245
lf,0.25,lf_r0.25,306,0,full_one_step,empirical_training_spectrum_k1_5,empirical_training_power,5,1,5,0.021757706602680442,0.0404684064938677,0.3006888741733926,0.9717434727485511,0.010888498913307659,0.0060430929840509465
lf,0.25,lf_r0.25,307,0,full_one_step,in_support_k1_5,uniform,5,1,5,0.05955508352024755,0.051442304625608594,-0.07308981796921524,0.6000000000000001,0.0390837723799297,0.0331533983159088
lf,0.25,lf_r0.25,307,0,full_one_step,near_support_k6_8,uniform,3,6,8,0.23770356084044053,0.050951729862056205,-0.6469717929780145,0.0,0.17172467605128233,0.18774155666325953
lf,0.25,lf_r0.25,307,0,full_one_step,spectral_extrapolation_k9_nyquist,uniform,24,9,32,1.4272027034552286,0.031010783668198993,-0.9574674299174492,0.0,0.4411372596154061,2.1205462570091878
lf,0.25,lf_r0.25,307,0,full_one_step,all_non_dc_k1_nyquist,uniform,32,1,32,1.2383585954597838,0.03712303813964345,-0.9417897723311284,0.09375,0.38594671600800956,1.6131906821809325
lf,0.25,lf_r0.25,307,0,full_one_step,empirical_training_spectrum_k1_5,empirical_training_power,5,1,5,0.024363198400306527,0.037146776420820864,0.20782934894201005,0.9278135540936864,0.01580196720272357,0.006894349282056317
lf,0.25,lf_r0.25,308,0,full_one_step,in_support_k1_5,uniform,5,1,5,0.05424089471149399,0.0578997956725127,0.032627772742342076,0.8,0.03363290298594338,0.029337019885204305
lf,0.25,lf_r0.25,308,0,full_one_step,near_support_k6_8,uniform,3,6,8,0.23597930418163346,0.058162087734623114,-0.6045297307141178,0.0,0.16302289714638682,0.1960480478900733
lf,0.25,lf_r0.25,308,0,full_one_step,spectral_extrapolation_k9_nyquist,uniform,24,9,32,1.4280147172727762,0.031189364021338036,-0.9572515394917517,0.0,0.44228767038616135,2.121599246475481
lf,0.25,lf_r0.25,308,0,full_one_step,all_non_dc_k1_nyquist,uniform,32,1,32,1.2389914479028548,0.03962994894839494,-0.9380114410004585,0.125,0.38649977590602896,1.6141628487033683
lf,0.25,lf_r0.25,308,0,full_one_step,empirical_training_spectrum_k1_5,empirical_training_power,5,1,5,0.02161925893671808,0.03984296859281065,0.2965025901044218,0.9717434727485511,0.013468844211459094,0.005478489129590204
lf,0.25,lf_r0.25,309,0,full_one_step,in_support_k1_5,uniform,5,1,5,0.05526281676228189,0.05585355445547706,0.005316387555866794,0.8,0.03384492965917084,0.03115354355793212
lf,0.25,lf_r0.25,309,0,full_one_step,near_support_k6_8,uniform,3,6,8,0.2383076145614127,0.0567929116632059,-0.6150944738066823,0.0,0.1647143518759719,0.19759265533606074
lf,0.25,lf_r0.25,309,0,full_one_step,spectral_extrapolation_k9_nyquist,uniform,24,9,32,1.4296371956072635,0.02841090062679491,-0.9610288567295188,0.0,0.44356201445301585,2.1212975879426974
lf,0.25,lf_r0.25,309,0,full_one_step,all_non_dc_k1_nyquist,uniform,32,1,32,1.2404427349437024,0.037352503580049524,-0.9415360106941654,0.125,0.3876634375264658,1.6143652435757057
lf,0.25,lf_r0.25,309,0,full_one_step,empirical_training_spectrum_k1_5,empirical_training_power,5,1,5,0.022275197150469186,0.03887292849486987,0.27143483417084635,0.9717434727485511,0.013654954907206588,0.0061341945190078444
lf,0.25,lf_r0.25,310,0,full_one_step,in_support_k1_5,uniform,5,1,5,0.04868030590491016,0.061377230594665474,0.11536624472604173,0.8,0.0325893697883063,0.025926769119819483
lf,0.25,lf_r0.25,310,0,full_one_step,near_support_k6_8,uniform,3,6,8,0.2368411709489454,0.053044415979175134,-0.6340320569830336,0.0,0.17222617152561534,0.18501970053119948
lf,0.25,lf_r0.25,310,0,full_one_step,spectral_extrapolation_k9_nyquist,uniform,24,9,32,1.4309947134932184,0.02615638896014751,-0.9640992771221754,0.0,0.44461621117002414,2.120174717848225
lf,0.25,lf_r0.25,310,0,full_one_step,all_non_dc_k1_nyquist,uniform,32,1,32,1.2415468044285687,0.03695297382294558,-0.9421932260739495,0.125,0.3888565651060976,1.6115276929859401
lf,0.25,lf_r0.25,310,0,full_one_step,empirical_training_spectrum_k1_5,empirical_training_power,5,1,5,0.019459835644718856,0.04049114745306195,0.35080845586870124,0.9717434727485511,0.012882352390863343,0.005195137152445611
lf,0.25,lf_r0.25,311,0,full_one_step,in_support_k1_5,uniform,5,1,5,0.05907644003552531,0.05246848411102423,-0.05924031035082731,0.6000000000000001,0.03745772801598191,0.03319015079365169
lf,0.25,lf_r0.25,311,0,full_one_step,near_support_k6_8,uniform,3,6,8,0.23575656106211537,0.04985203109614092,-0.6509066431130489,0.0,0.17519176488247462,0.18015784613997798
lf,0.25,lf_r0.25,311,0,full_one_step,spectral_extrapolation_k9_nyquist,uniform,24,9,32,1.4275602053853804,0.030796200881572026,-0.957765878424187,0.0,0.4417687450236643,2.120929645626142
lf,0.25,lf_r0.25,311,0,full_one_step,all_non_dc_k1_nyquist,uniform,32,1,32,1.238629143411763,0.037073460802292214,-0.941877580746756,0.09375,0.3866087673727515,1.6127729933567378
lf,0.25,lf_r0.25,311,0,full_one_step,empirical_training_spectrum_k1_5,empirical_training_power,5,1,5,0.024021648463649996,0.03788845405625646,0.22398292085120933,0.9278135540936864,0.015016185994211657,0.006571754075725954
lf,0.25,lf_r0.25,312,0,full_one_step,in_support_k1_5,uniform,5,1,5,0.04272411105050849,0.06602120771760299,0.21423539818549092,1.0,0.032036260664976564,0.021364524685228536
lf,0.25,lf_r0.25,312,0,full_one_step,near_support_k6_8,uniform,3,6,8,0.2591652090786055,0.026590023591955073,-0.813896506157002,0.0,0.19927092072148753,0.1872203291650984
lf,0.25,lf_r0.25,312,0,full_one_step,spectral_extrapolation_k9_nyquist,uniform,24,9,32,1.4367393723498967,0.018331728415888576,-0.9748029791723019,0.0,0.4502665993673526,2.1196747511693164
lf,0.25,lf_r0.25,312,0,full_one_step,all_non_dc_k1_nyquist,uniform,32,1,32,1.246894982829405,0.03161306188085576,-0.9505469488257777,0.15625,0.3948899594215576,1.6106461762182824
lf,0.25,lf_r0.25,312,0,full_one_step,empirical_training_spectrum_k1_5,empirical_training_power,5,1,5,0.01739831049696568,0.0415259832494559,0.4094690189469683,1.0000000000000002,0.012778074602125449,0.00458427965776705
lf,0.25,lf_r0.25,313,0,full_one_step,in_support_k1_5,uniform,5,1,5,0.07157395647220303,0.043430626243723694,-0.24471485886780955,0.6000000000000001,0.04459063764880466,0.041179000241195196
lf,0.25,lf_r0.25,313,0,full_one_step,near_support_k6_8,uniform,3,6,8,0.24467971862672933,0.04126146408949536,-0.711398940876283,0.0,0.18060004899487667,0.18852757620913188
lf,0.25,lf_r0.25,313,0,full_one_step,spectral_extrapolation_k9_nyquist,uniform,24,9,32,1.4321814904753023,0.024816180146354772,-0.9659351821259037,0.0,0.4452868021132326,2.119512171026126
lf,0.25,lf_r0.25,313,0,full_one_step,all_non_dc_k1_nyquist,uniform,32,1,32,1.2428881482532503,0.030269027520608956,-0.9524504466587785,0.09375,0.38997270838763476,1.6137428073268874
lf,0.25,lf_r0.25,313,0,full_one_step,empirical_training_spectrum_k1_5,empirical_training_power,5,1,5,0.029335678304025104,0.03513709133489389,0.08998237648792994,0.9278135540936864,0.017959105482721453,0.008469000073242866
lf,0.25,lf_r0.25,314,0,full_one_step,in_support_k1_5,uniform,5,1,5,0.05828191418492279,0.05445617848582837,-0.03393472080698922,0.6000000000000001,0.04360719242281848,0.02926026487488314
lf,0.25,lf_r0.25,314,0,full_one_step,near_support_k6_8,uniform,3,6,8,0.2903180067331745,0.02239326824815386,-0.8567799114407312,0.0,0.23337642421363428,0.19293980078241751
lf,0.25,lf_r0.25,314,0,full_one_step,spectral_extrapolation_k9_nyquist,uniform,24,9,32,1.4448218916181692,0.00996822790839079,-0.9862959917384718,0.0,0.45609990808382045,2.1194570224322353
lf,0.25,lf_r0.25,314,0,full_one_step,all_non_dc_k1_nyquist,uniform,32,1,32,1.2546175301994975,0.024184528814997497,-0.9621762748276534,0.09375,0.4017754592893312,1.612252789534229
lf,0.25,lf_r0.25,314,0,full_one_step,empirical_training_spectrum_k1_5,empirical_training_power,5,1,5,0.02386137852361693,0.03816468654275818,0.23060157054675395,0.9278135540936864,0.01731539889769694,0.0061811022451156265
lf,0.25,lf_r0.25,315,0,full_one_step,in_support_k1_5,uniform,5,1,5,0.05628754981037705,0.05457272466018141,-0.015468346604635629,0.8,0.03570126871086924,0.03159793646749655
lf,0.25,lf_r0.25,315,0,full_one_step,near_support_k6_8,uniform,3,6,8,0.24362109098130286,0.04812450127868299,-0.6700926933915945,0.0,0.17365262761983685,0.19517626367778912
lf,0.25,lf_r0.25,315,0,full_one_step,spectral_extrapolation_k9_nyquist,uniform,24,9,32,1.4308953000444846,0.025989886175167082,-0.9643212980391324,0.0,0.4443416632321774,2.1201577974686594
lf,0.25,lf_r0.25,315,0,full_one_step,all_non_dc_k1_nyquist,uniform,32,1,32,1.2416341019722827,0.03448287376351716,-0.9459565628869804,0.125,0.38872334862784147,1.6133533003943337
lf,0.25,lf_r0.25,315,0,full_one_step,empirical_training_spectrum_k1_5,empirical_training_power,5,1,5,0.022740950143189095,0.03821862585984658,0.25390064582940547,0.9717434727485511,0.01433333207335092,0.006480406593278273
lf,0.25,lf_r0.25,316,0,full_one_step,in_support_k1_5,uniform,5,1,5,0.06406718060732687,0.04887508372967325,-0.13451206213046196,0.6000000000000001,0.03940366156638654,0.0366735253831504
lf,0.25,lf_r0.25,316,0,full_one_step,near_support_k6_8,uniform,3,6,8,0.23559090745265382,0.05574619814152892,-0.6173079427844632,0.0,0.16487495985623365,0.19356620033458177
lf,0.25,lf_r0.25,316,0,full_one_step,spectral_extrapolation_k9_nyquist,uniform,24,9,32,1.4244877344501248,0.03421883772885392,-0.9530833158888992,0.0,0.4387071081176753,2.1211211143272184
lf,0.25,lf_r0.25,316,0,full_one_step,all_non_dc_k1_nyquist,uniform,32,1,32,1.2360091977250607,0.03927828495251222,-0.9384008931538415,0.09375,0.38358704769087065,1.6147179053678982
lf,0.25,lf_r0.25,316,0,full_one_step,empirical_training_spectrum_k1_5,empirical_training_power,5,1,5,0.026117325280460166,0.03676062408237354,0.16926917798315608,0.9278135540936864,0.015911867576794463,0.007447498752444983
lf,0.25,lf_r0.25,317,0,full_one_step,in_support_k1_5,uniform,5,1,5,0.06743979939323393,0.04516100434195934,-0.19785644784266643,0.6000000000000001,0.04266807405257576,0.03862670461838441
lf,0.25,lf_r0.25,317,0,full_one_step,near_support_k6_8,uniform,3,6,8,0.24155476665927014,0.05084801542518088,-0.6522056660152085,0.0,0.1688913749500308,0.1984675506696767
lf,0.25,lf_r0.25,317,0,full_one_step,spectral_extrapolation_k9_nyquist,uniform,24,9,32,1.42910935968895,0.02954999153598554,-0.9594833550257359,0.0,0.44247769467759707,2.121004786754087
lf,0.25,lf_r0.25,317,0,full_one_step,all_non_dc_k1_nyquist,uniform,32,1,32,1.2401395112472715,0.03487073969433142,-0.9453012402550031,0.09375,0.38703811017162504,1.61539534553747
lf,0.25,lf_r0.25,317,0,full_one_step,empirical_training_spectrum_k1_5,empirical_training_power,5,1,5,0.0276892410013938,0.03516446515156963,0.11893052307820653,0.9278135540936864,0.017407587886434213,0.008024033572411582
lf,0.25,lf_r0.25,318,0,full_one_step,in_support_k1_5,uniform,5,1,5,0.04268737820475117,0.06463993093962363,0.20453836875144488,1.0,0.030905306866017033,0.023171672667099578
lf,0.25,lf_r0.25,318,0,full_one_step,near_support_k6_8,uniform,3,6,8,0.23801692909428543,0.04755808671998428,-0.6669310402775938,0.0,0.1789732676151417,0.178795294354606
lf,0.25,lf_r0.25,318,0,full_one_step,spectral_extrapolation_k9_nyquist,uniform,24,9,32,1.4322421416859035,0.02401733046658264,-0.9670150396603665,0.0,0.4461912477085318,2.118818731060077
lf,0.25,lf_r0.25,318,0,full_one_step,all_non_dc_k1_nyquist,uniform,32,1,32,1.2426117718212637,0.036021213412454144,-0.9436566804885453,0.15625,0.39047043303101264,1.6094966809950364
lf,0.25,lf_r0.25,318,0,full_one_step,empirical_training_spectrum_k1_5,empirical_training_power,5,1,5,0.017612338656972825,0.04032416525781783,0.39201237676074,1.0000000000000002,0.012420741847578378,0.00553957467745536
lf,0.25,lf_r0.25,319,0,full_one_step,in_support_k1_5,uniform,5,1,5,0.05694943224984752,0.05346934503152819,-0.03151716858312207,0.8,0.03323127430224969,0.03416702387109216
lf,0.25,lf_r0.25,319,0,full_one_step,near_support_k6_8,uniform,3,6,8,0.24261314274050513,0.05064695997712935,-0.6545935876869362,0.0,0.17011761641961995,0.19844160130056981
lf,0.25,lf_r0.25,319,0,full_one_step,spectral_extrapolation_k9_nyquist,uniform,24,9,32,1.4276052895042286,0.029895474695120355,-0.9589770716702947,0.0,0.44151470828236455,2.1203917648708157
lf,0.25,lf_r0.25,319,0,full_one_step,all_non_dc_k1_nyquist,uniform,32,1,32,1.2387766685215855,0.03684424299042348,-0.9422332408352392,0.125,0.38611799124909313,1.6142363212548985
lf,0.25,lf_r0.25,319,0,full_one_step,empirical_training_spectrum_k1_5,empirical_training_power,5,1,5,0.02314031254447128,0.03756322602390131,0.23759592635913607,0.9717434727485511,0.013340924922565644,0.007188252755280337
lf,0.4,lf_r0.4,300,0,full_one_step,in_support_k1_5,uniform,5,1,5,0.042847249044867204,0.10674162095366613,0.42713319453128695,1.0,0.02563921069659525,0.025404061111881444
lf,0.4,lf_r0.4,300,0,full_one_step,near_support_k6_8,uniform,3,6,8,0.3576652703219584,0.03929624047293675,-0.8020148583461,0.0,0.22451709832380026,0.3046182418714677
lf,0.4,lf_r0.4,300,0,full_one_step,spectral_extrapolation_k9_nyquist,uniform,24,9,32,1.4624482411995385,0.01578706297166774,-0.9786406630566588,0.0,0.37615643047301983,2.097108520035492
lf,0.4,lf_r0.4,300,0,full_one_step,all_non_dc_k1_nyquist,uniform,32,1,32,1.271355936675485,0.04595616265105086,-0.930227373339172,0.15625,0.3330896309748056,1.6053587347508007
lf,0.4,lf_r0.4,300,0,full_one_step,empirical_training_spectrum_k1_5,empirical_training_power,5,1,5,0.017380933411434575,0.06589806803590166,0.5825854510893508,1.0,0.010103636286437402,0.0054349666277714315
lf,0.4,lf_r0.4,301,0,full_one_step,in_support_k1_5,uniform,5,1,5,0.06301420978649268,0.08940291129545827,0.17313475888825533,0.8,0.030784037320926955,0.03951109986818505
lf,0.4,lf_r0.4,301,0,full_one_step,near_support_k6_8,uniform,3,6,8,0.28104566794280084,0.07471630524772743,-0.5799646343443619,0.0,0.1337002148549155,0.2788431992398705
lf,0.4,lf_r0.4,301,0,full_one_step,spectral_extrapolation_k9_nyquist,uniform,24,9,32,1.4498596036870521,0.032570697310469944,-0.9560577016153092,0.0,0.3668965657088195,2.0982087571272006
lf,0.4,lf_r0.4,301,0,full_one_step,all_non_dc_k1_nyquist,uniform,32,1,32,1.2588070101944384,0.05067432452346391,-0.9226039758185929,0.125,0.32059903332569584,1.605971727128542
lf,0.4,lf_r0.4,301,0,full_one_step,empirical_training_spectrum_k1_5,empirical_training_power,5,1,5,0.025570112304142405,0.060663428417661626,0.4069566878476315,0.971743471257572,0.012567902547851098,0.008297403974850643
lf,0.4,lf_r0.4,302,0,full_one_step,in_support_k1_5,uniform,5,1,5,0.04617541702174226,0.10435933339399737,0.3865148493059946,1.0,0.028791602178833132,0.026975475448873923
lf,0.4,lf_r0.4,302,0,full_one_step,near_support_k6_8,uniform,3,6,8,0.32380448181027927,0.04185339505698251,-0.7710789363239902,0.0,0.20055518593143026,0.2795774553729216
lf,0.4,lf_r0.4,302,0,full_one_step,spectral_extrapolation_k9_nyquist,uniform,24,9,32,1.4673337708863534,0.009908625169909514,-0.9865849704877655,0.0,0.38247794997684215,2.09529085757352
lf,0.4,lf_r0.4,302,0,full_one_step,all_non_dc_k1_nyquist,uniform,32,1,32,1.2747407868539944,0.044040397943170946,-0.9332104545456575,0.15625,0.33707181647776296,1.6018934476602382
lf,0.4,lf_r0.4,302,0,full_one_step,empirical_training_spectrum_k1_5,empirical_training_power,5,1,5,0.018763024692262015,0.06498401536760971,0.5519119319596701,1.0,0.011363664994931005,0.0058531339171351855
lf,0.4,lf_r0.4,303,0,full_one_step,in_support_k1_5,uniform,5,1,5,0.08642069450980316,0.07798734153496899,-0.051295260120603696,0.8,0.05049701674977117,0.04844244117209353
lf,0.4,lf_r0.4,303,0,full_one_step,near_support_k6_8,uniform,3,6,8,0.3114056074697668,0.038565276819692344,-0.7796086557429435,0.0,0.1714041427672923,0.28969918494336844
lf,0.4,lf_r0.4,303,0,full_one_step,spectral_extrapolation_k9_nyquist,uniform,24,9,32,1.4641155130616788,0.013800617587436668,-0.9813242209063985,0.0,0.3777217958610961,2.095679595676355
lf,0.4,lf_r0.4,303,0,full_one_step,all_non_dc_k1_nyquist,uniform,32,1,32,1.2719999593823368,0.03510828696069757,-0.9462809800811496,0.125,0.3319006819451633,1.6064881267788467
lf,0.4,lf_r0.4,303,0,full_one_step,empirical_training_spectrum_k1_5,empirical_training_power,5,1,5,0.03475560838645119,0.05791346823095197,0.24989846332570184,0.971743471257572,0.02042510965393472,0.00967908523450449
lf,0.4,lf_r0.4,304,0,full_one_step,in_support_k1_5,uniform,5,1,5,0.0454483553315555,0.10415363703857727,0.3924097585664371,1.0,0.027672916953928015,0.027320633853314947
lf,0.4,lf_r0.4,304,0,full_one_step,near_support_k6_8,uniform,3,6,8,0.3008058029231729,0.055295089800467746,-0.6894414424095217,0.0,0.17152058440997436,0.27302927175103464
lf,0.4,lf_r0.4,304,0,full_one_step,spectral_extrapolation_k9_nyquist,uniform,24,9,32,1.4573713846418164,0.018356874558874466,-0.9751216059671891,0.0,0.373450398080294,2.0956677410642133
lf,0.4,lf_r0.4,304,0,full_one_step,all_non_dc_k1_nyquist,uniform,32,1,32,1.2656042606297768,0.04726915539480725,-0.9279912978389957,0.15625,0.3278362624907361,1.6016161490644003
lf,0.4,lf_r0.4,304,0,full_one_step,empirical_training_spectrum_k1_5,empirical_training_power,5,1,5,0.018623325384516123,0.06454435638155193,0.5521499460114966,1.0,0.011083095550744585,0.006234114199120483
lf,0.4,lf_r0.4,305,0,full_one_step,in_support_k1_5,uniform,5,1,5,0.0427847631993646,0.10493278978299002,0.4207220152844613,1.0,0.01946767127678784,0.028227474760043458
lf,0.4,lf_r0.4,305,0,full_one_step,near_support_k6_8,uniform,3,6,8,0.277582403329574,0.07756072516678048,-0.5632142708481174,0.0,0.13840670412094402,0.27004808302434785
lf,0.4,lf_r0.4,305,0,full_one_step,spectral_extrapolation_k9_nyquist,uniform,24,9,32,1.4494947217007612,0.028101466180638288,-0.9619632665391069,0.0,0.3669416375870847,2.096527142834231
lf,0.4,lf_r0.4,305,0,full_one_step,all_non_dc_k1_nyquist,uniform,32,1,32,1.258286873707731,0.05363477992387315,-0.9182347821222345,0.15625,0.32068638144629363,1.6021229078404629
lf,0.4,lf_r0.4,305,0,full_one_step,empirical_training_spectrum_k1_5,empirical_training_power,5,1,5,0.017336331548412656,0.06505986590297326,0.5791958346465889,1.0,0.007698668944125006,0.006136123684012835
lf,0.4,lf_r0.4,306,0,full_one_step,in_support_k1_5,uniform,5,1,5,0.05575035773249556,0.09525658553106764,0.261618617957315,1.0,0.025492774933310064,0.03544650714585295
lf,0.4,lf_r0.4,306,0,full_one_step,near_support_k6_8,uniform,3,6,8,0.27396485552596406,0.08020304211596403,-0.5470902775211369,0.0,0.1404610678765311,0.26312700571080205
lf,0.4,lf_r0.4,306,0,full_one_step,spectral_extrapolation_k9_nyquist,uniform,24,9,32,1.4509861311245171,0.027548799111427224,-0.9627350040258691,0.0,0.36892396288256,2.0963664339086816
lf,0.4,lf_r0.4,306,0,full_one_step,all_non_dc_k1_nyquist,uniform,32,1,32,1.2595803964428895,0.05089239300619859,-0.9223297218897718,0.15625,0.3225365634298008,1.6024814989584386
lf,0.4,lf_r0.4,306,0,full_one_step,empirical_training_spectrum_k1_5,empirical_training_power,5,1,5,0.022398216215138517,0.06233248160694194,0.4713081140398295,1.0,0.010260082205435018,0.007635991551596364
lf,0.4,lf_r0.4,307,0,full_one_step,in_support_k1_5,uniform,5,1,5,0.07086803274141891,0.08387763367425571,0.08407085790622842,0.8,0.03403836166814677,0.04439671961721264
lf,0.4,lf_r0.4,307,0,full_one_step,near_support_k6_8,uniform,3,6,8,0.29346689656380487,0.05851038175464023,-0.6675331883116385,0.0,0.15169545894215508,0.28164017614895465
lf,0.4,lf_r0.4,307,0,full_one_step,spectral_extrapolation_k9_nyquist,uniform,24,9,32,1.4555325834609703,0.020482062367743255,-0.9722468033421937,0.0,0.3714520884056112,2.0953902708408787
lf,0.4,lf_r0.4,307,0,full_one_step,all_non_dc_k1_nyquist,uniform,32,1,32,1.2640372112409455,0.04165184515917759,-0.9361994420417145,0.125,0.3253011721206227,1.6048834570848132
lf,0.4,lf_r0.4,307,0,full_one_step,empirical_training_spectrum_k1_5,empirical_training_power,5,1,5,0.02858297603876551,0.05912119816687591,0.34819576610466596,0.971743471257572,0.01361952301249677,0.009341538432476069
lf,0.4,lf_r0.4,308,0,full_one_step,in_support_k1_5,uniform,5,1,5,0.05731892164445836,0.09408734426387781,0.24284610943169063,0.8,0.02640328413957364,0.03618016213519391
lf,0.4,lf_r0.4,308,0,full_one_step,near_support_k6_8,uniform,3,6,8,0.2832647809384816,0.07220638056400652,-0.5937426807912737,0.0,0.1378727897558505,0.2784380560245722
lf,0.4,lf_r0.4,308,0,full_one_step,spectral_extrapolation_k9_nyquist,uniform,24,9,32,1.4500132555587193,0.02908005829342697,-0.9606785345845544,0.0,0.36704272297540086,2.0972549355239636
lf,0.4,lf_r0.4,308,0,full_one_step,all_non_dc_k1_nyquist,uniform,32,1,32,1.2589438367804167,0.05006215539955942,-0.9235111898667666,0.125,0.32082905481700275,1.6046979197289004
lf,0.4,lf_r0.4,308,0,full_one_step,empirical_training_spectrum_k1_5,empirical_training_power,5,1,5,0.023071328620843705,0.062412682140635854,0.46021885460619943,0.971743471257572,0.010613123628812218,0.007332679589076463
lf,0.4,lf_r0.4,309,0,full_one_step,in_support_k1_5,uniform,5,1,5,0.0616490085749937,0.09020108281558122,0.18802803461703874,0.8,0.029178083295333217,0.039165083326092226
lf,0.4,lf_r0.4,309,0,full_one_step,near_support_k6_8,uniform,3,6,8,0.29713426101151247,0.06455942909247774,-0.6430160057593688,0.0,0.1368983768729743,0.29769550333282546
lf,0.4,lf_r0.4,309,0,full_one_step,spectral_extrapolation_k9_nyquist,uniform,24,9,32,1.448310298642953,0.03213267329073968,-0.9565904612336815,0.0,0.3640080710353272,2.0987179655358985
lf,0.4,lf_r0.4,309,0,full_one_step,all_non_dc_k1_nyquist,uniform,32,1,32,1.2578048166376228,0.04936001196160165,-0.9244777538659812,0.125,0.3182238460476734,1.6080669718590783
lf,0.4,lf_r0.4,309,0,full_one_step,empirical_training_spectrum_k1_5,empirical_training_power,5,1,5,0.025011405036870982,0.060801424490757906,0.41707072999339473,0.971743471257572,0.011855209181781075,0.008423544038550359
lf,0.4,lf_r0.4,310,0,full_one_step,in_support_k1_5,uniform,5,1,5,0.05237440271049401,0.0981856885004651,0.3042724364837296,1.0,0.023753771777687026,0.03304344680734059
lf,0.4,lf_r0.4,310,0,full_one_step,near_support_k6_8,uniform,3,6,8,0.276127352791222,0.08195119433500779,-0.5422725265575971,0.0,0.1310894259668384,0.2732061470009157
lf,0.4,lf_r0.4,310,0,full_one_step,spectral_extrapolation_k9_nyquist,uniform,24,9,32,1.449803987513017,0.029729774491773556,-0.9598119688036193,0.0,0.36729694898564524,2.097545688314824
lf,0.4,lf_r0.4,310,0,full_one_step,all_non_dc_k1_nyquist,uniform,32,1,32,1.2585807084294192,0.05290403153420691,-0.9193219258720858,0.15625,0.32074832865840897,1.6039353810811008
lf,0.4,lf_r0.4,310,0,full_one_step,empirical_training_spectrum_k1_5,empirical_training_power,5,1,5,0.02099740721879783,0.06350774895434874,0.5030502712574068,1.0,0.009566893034890455,0.006862294050826646
lf,0.4,lf_r0.4,311,0,full_one_step,in_support_k1_5,uniform,5,1,5,0.06637855940517468,0.08651579067069626,0.1317068371429609,0.8,0.03345749702480385,0.041618626693574606
lf,0.4,lf_r0.4,311,0,full_one_step,near_support_k6_8,uniform,3,6,8,0.285912813562651,0.06664752417682637,-0.6219227346776869,0.0,0.14258200561563728,0.27891005900721855
lf,0.4,lf_r0.4,311,0,full_one_step,spectral_extrapolation_k9_nyquist,uniform,24,9,32,1.4468300399220126,0.03347129429719665,-0.9547777286644801,0.0,0.36288260546884626,2.097222465505003
lf,0.4,lf_r0.4,311,0,full_one_step,all_non_dc_k1_nyquist,uniform,32,1,32,1.256320034400061,0.049256487079079814,-0.9245444655771305,0.125,0.3175588899104266,1.6055675775815499
lf,0.4,lf_r0.4,311,0,full_one_step,empirical_training_spectrum_k1_5,empirical_training_power,5,1,5,0.027173667889052948,0.05970151135051139,0.374420447200007,0.971743471257572,0.013775169027015005,0.00882010130174364
lf,0.4,lf_r0.4,312,0,full_one_step,in_support_k1_5,uniform,5,1,5,0.05037919819764264,0.10093660561851482,0.3341184869380688,1.0,0.025580560041897488,0.030241633892904594
lf,0.4,lf_r0.4,312,0,full_one_step,near_support_k6_8,uniform,3,6,8,0.2965780936766276,0.05895462319834428,-0.6683589419475198,0.0,0.15130006285701575,0.28495538523639974
lf,0.4,lf_r0.4,312,0,full_one_step,spectral_extrapolation_k9_nyquist,uniform,24,9,32,1.452754134782693,0.02557067929744494,-0.9654058714919755,0.0,0.36828172851793156,2.097712443220875
lf,0.4,lf_r0.4,312,0,full_one_step,all_non_dc_k1_nyquist,uniform,32,1,32,1.2615520679167245,0.04907283041303919,-0.9251153698124052,0.15625,0.32244676449016485,1.6047241550773352
lf,0.4,lf_r0.4,312,0,full_one_step,empirical_training_spectrum_k1_5,empirical_training_power,5,1,5,0.020088250795294253,0.06445121211596026,0.524760387551032,1.0,0.010273180218875263,0.006387230499733151
lf,0.4,lf_r0.4,313,0,full_one_step,in_support_k1_5,uniform,5,1,5,0.08081418675101942,0.07621381344005278,-0.029296515942181623,0.6000000000000001,0.04081757708118747,0.0504797400872202
lf,0.4,lf_r0.4,313,0,full_one_step,near_support_k6_8,uniform,3,6,8,0.2974668445955249,0.05445328196928967,-0.6905361310202827,0.0,0.14952683750905182,0.28936039960312027
lf,0.4,lf_r0.4,313,0,full_one_step,spectral_extrapolation_k9_nyquist,uniform,24,9,32,1.4523112845309893,0.029167164405083133,-0.9606242474522265,0.0,0.36594542642767025,2.098634267924208
lf,0.4,lf_r0.4,313,0,full_one_step,all_non_dc_k1_nyquist,uniform,32,1,32,1.2614365303968336,0.04270376522240614,-0.9345104735037281,0.09375,0.3206141821449972,1.608990697794577
lf,0.4,lf_r0.4,313,0,full_one_step,empirical_training_spectrum_k1_5,empirical_training_power,5,1,5,0.03312348166197533,0.05760012133708568,0.26979351421221315,0.927813550285548,0.016586152820959946,0.010477448879805635
lf,0.4,lf_r0.4,314,0,full_one_step,in_support_k1_5,uniform,5,1,5,0.04064445113383548,0.10910388110054757,0.45716322142112925,1.0,0.02505247706177609,0.023561063915082094
lf,0.4,lf_r0.4,314,0,full_one_step,near_support_k6_8,uniform,3,6,8,0.2914973063749134,0.06305307391109714,-0.6443209348119544,0.0,0.16526322622804449,0.2659444173064794
lf,0.4,lf_r0.4,314,0,full_one_step,spectral_extrapolation_k9_nyquist,uniform,24,9,32,1.455216140028018,0.021402610905415443,-0.9710113244980995,0.0,0.37157622737612234,2.0954810384922835
lf,0.4,lf_r0.4,314,0,full_one_step,all_non_dc_k1_nyquist,uniform,32,1,32,1.263512814496063,0.05075648875715717,-0.9227609004767603,0.15625,0.32589911019795886,1.6002244842284266
lf,0.4,lf_r0.4,314,0,full_one_step,empirical_training_spectrum_k1_5,empirical_training_power,5,1,5,0.016340932641459,0.06629334445015395,0.6044998947992845,1.0,0.009903749970640224,0.005447918347348417
lf,0.4,lf_r0.4,315,0,full_one_step,in_support_k1_5,uniform,5,1,5,0.0642472286353562,0.08878108729691456,0.16032234630626704,0.8,0.03226099670874342,0.039757567823302434
lf,0.4,lf_r0.4,315,0,full_one_step,near_support_k6_8,uniform,3,6,8,0.28800970061638703,0.06377489801607249,-0.6374207497201788,0.0,0.1494977163323347,0.27597734471865754
lf,0.4,lf_r0.4,315,0,full_one_step,spectral_extrapolation_k9_nyquist,uniform,24,9,32,1.4560856882706557,0.02169536998819799,-0.970637910308906,0.0,0.3707985187729582,2.0962192247321747
lf,0.4,lf_r0.4,315,0,full_one_step,all_non_dc_k1_nyquist,uniform,32,1,32,1.2643419737773076,0.04433842085778583,-0.9322394970696434,0.125,0.32461754215972344,1.604249414588896
lf,0.4,lf_r0.4,315,0,full_one_step,empirical_training_spectrum_k1_5,empirical_training_power,5,1,5,0.026025548964894403,0.06057032409138027,0.39891941621787,0.971743471257572,0.013107204063275571,0.008219186711701052
lf,0.4,lf_r0.4,316,0,full_one_step,in_support_k1_5,uniform,5,1,5,0.07921356194195905,0.07615601972977364,-0.01967915585076004,0.6000000000000001,0.039116905149965284,0.050455453960342025
lf,0.4,lf_r0.4,316,0,full_one_step,near_support_k6_8,uniform,3,6,8,0.2851209366813809,0.06425676592870212,-0.6321644715809768,0.0,0.14600808646360014,0.27607994130406244
lf,0.4,lf_r0.4,316,0,full_one_step,spectral_extrapolation_k9_nyquist,uniform,24,9,32,1.4438245354777615,0.03427710791524637,-0.9536200936269001,0.0,0.3603526418837357,2.093139009375833
lf,0.4,lf_r0.4,316,0,full_one_step,all_non_dc_k1_nyquist,uniform,32,1,32,1.2538236360419879,0.046631392208287076,-0.9282844985865781,0.09375,0.31563935024718837,1.603620416210434
lf,0.4,lf_r0.4,316,0,full_one_step,empirical_training_spectrum_k1_5,empirical_training_power,5,1,5,0.032784035704512535,0.05700347781064548,0.2697417620551904,0.927813550285548,0.01600907318829232,0.010210408656683668
lf,0.4,lf_r0.4,317,0,full_one_step,in_support_k1_5,uniform,5,1,5,0.08169431191958598,0.07597132873562008,-0.03629822680568246,0.6000000000000001,0.04699678204098278,0.0495364469540637
lf,0.4,lf_r0.4,317,0,full_one_step,near_support_k6_8,uniform,3,6,8,0.2936006691637475,0.05664748449865405,-0.6765294325962066,0.0,0.16042716625789483,0.2745672274379833
lf,0.4,lf_r0.4,317,0,full_one_step,spectral_extrapolation_k9_nyquist,uniform,24,9,32,1.4566831681878913,0.024845193409197646,-0.9664600502383709,0.0,0.3713679685316172,2.0972517698480737
lf,0.4,lf_r0.4,317,0,full_one_step,all_non_dc_k1_nyquist,uniform,32,1,32,1.2651357921356476,0.040812005625767055,-0.9374982588190358,0.09375,0.3258735446775548,1.6064195747949386
lf,0.4,lf_r0.4,317,0,full_one_step,empirical_training_spectrum_k1_5,empirical_training_power,5,1,5,0.03393666803075844,0.05603909724060804,0.24564869376980325,0.927813550285548,0.019437640220534083,0.01077922082972127
lf,0.4,lf_r0.4,318,0,full_one_step,in_support_k1_5,uniform,5,1,5,0.047462040707363484,0.1013298163646942,0.36203443331743185,1.0,0.024735649360716025,0.03019178532124865
lf,0.4,lf_r0.4,318,0,full_one_step,near_support_k6_8,uniform,3,6,8,0.2838175449701936,0.06904697650689483,-0.6086488025610244,0.0,0.15112355497557228,0.26805014882499145
lf,0.4,lf_r0.4,318,0,full_one_step,spectral_extrapolation_k9_nyquist,uniform,24,9,32,1.4531836897247754,0.025977411474601832,-0.9648754804956159,0.0,0.3697895120567368,2.0971487918782197
lf,0.4,lf_r0.4,318,0,full_one_step,all_non_dc_k1_nyquist,uniform,32,1,32,1.2616302510171358,0.050570784266598445,-0.9229222003232705,0.15625,0.32372041591682915,1.6027087618174527
lf,0.4,lf_r0.4,318,0,full_one_step,empirical_training_spectrum_k1_5,empirical_training_power,5,1,5,0.019393243053496878,0.06380047938784028,0.5337810958712241,1.0,0.00994198050435318,0.0068168204657055725
lf,0.4,lf_r0.4,319,0,full_one_step,in_support_k1_5,uniform,5,1,5,0.05739223796999452,0.09341874018188304,0.23888514386271817,0.8,0.0261737490095402,0.03696100956882366
lf,0.4,lf_r0.4,319,0,full_one_step,near_support_k6_8,uniform,3,6,8,0.2834272128081496,0.07191448015320288,-0.5952375891841972,0.0,0.1399417758800934,0.2767290325687142
lf,0.4,lf_r0.4,319,0,full_one_step,spectral_extrapolation_k9_nyquist,uniform,24,9,32,1.4508085246349285,0.028829463489390323,-0.9610317338149226,0.0,0.36731334132489046,2.097580443935258
lf,0.4,lf_r0.4,319,0,full_one_step,all_non_dc_k1_nyquist,uniform,32,1,32,1.2596347598542414,0.04971722966406906,-0.9240582668952766,0.125,0.3211422292362075,1.6049038374998892
lf,0.4,lf_r0.4,319,0,full_one_step,empirical_training_spectrum_k1_5,empirical_training_power,5,1,5,0.023193116869971234,0.061787977813407335,0.4541581993881383,0.971743471257572,0.01051497706356517,0.007880867876458643
wave,0.1,wave_r0.1,200,0,spatial_part_only,in_support_k1_5,uniform,5,1,5,0.9942536606869314,0.007493288087573967,-0.9850395589490121,0.0,0.9942493502616808,0.001812365943187057
wave,0.1,wave_r0.1,200,0,spatial_part_only,near_support_k6_8,uniform,3,6,8,0.959032408024404,0.0049591460292334666,-0.9897112251484363,0.0,0.9590318835092536,0.000681754143965249
wave,0.1,wave_r0.1,200,0,spatial_part_only,spectral_extrapolation_k9_nyquist,uniform,24,9,32,0.7484783623799957,0.007729154316956956,-0.9795581129615922,0.0,0.7484783519701143,5.366787618080419e-05
wave,0.1,wave_r0.1,200,0,spatial_part_only,all_non_dc_k1_nyquist,uniform,32,1,32,0.8129269609468123,0.007475547753264263,-0.9817759022577606,0.0,0.8129260720168215,0.00038734753675532293
wave,0.1,wave_r0.1,200,0,spatial_part_only,empirical_training_spectrum_k1_5,empirical_training_power,5,1,5,0.9943101161900483,0.007473864035974671,-0.9850788908916503,0.0,0.9943058363201164,0.0018048320842292123
wave,0.1,wave_r0.1,201,0,spatial_part_only,in_support_k1_5,uniform,5,1,5,0.9957897592970929,0.00975030778695567,-0.9806068239225306,0.0,0.995785803219866,0.0019600886022603063
wave,0.1,wave_r0.1,201,0,spatial_part_only,near_support_k6_8,uniform,3,6,8,0.9638043381011532,0.009665378658565066,-0.9801424153373005,0.0,0.9638043301070002,7.237289424509273e-05
wave,0.1,wave_r0.1,201,0,spatial_part_only,spectral_extrapolation_k9_nyquist,uniform,24,9,32,0.75070308145097,0.00996618485865469,-0.973796273097754,0.0,0.7507030625767678,6.706202370211139e-05
wave,0.1,wave_r0.1,201,0,spatial_part_only,all_non_dc_k1_nyquist,uniform,32,1,32,0.8152849468520227,0.009904855688668642,-0.9759937515995172,0.0,0.8152841779396905,0.0003633453207152339
wave,0.1,wave_r0.1,201,0,spatial_part_only,empirical_training_spectrum_k1_5,empirical_training_power,5,1,5,0.9958064541927265,0.009729283635236414,-0.9806485572432214,0.0,0.9958025100904269,0.001957083815082716
wave,0.1,wave_r0.1,202,0,spatial_part_only,in_support_k1_5,uniform,5,1,5,0.9916309928449151,0.004162876474801016,-0.9916390799279675,0.0,0.9916304796638249,0.0006288267667456283
wave,0.1,wave_r0.1,202,0,spatial_part_only,near_support_k6_8,uniform,3,6,8,0.9585731619496108,0.004721452081183539,-0.9901972833390458,0.0,0.9585730648736889,0.0002785557601606294
wave,0.1,wave_r0.1,202,0,spatial_part_only,spectral_extrapolation_k9_nyquist,uniform,24,9,32,0.7440925078236635,0.0032992503304340635,-0.9911712959249576,0.0,0.7440925003184163,3.67243779618971e-05
wave,0.1,wave_r0.1,202,0,spatial_part_only,all_non_dc_k1_nyquist,uniform,32,1,32,0.8093480303434556,0.003600196599735295,-0.9911428637632371,0.0,0.8093479161456587,0.00015191206829048625
wave,0.1,wave_r0.1,202,0,spatial_part_only,empirical_training_spectrum_k1_5,empirical_training_power,5,1,5,0.9916919724637665,0.004158925123250604,-0.9916474943521609,0.0,0.991691458088677,0.0006302141316665228
wave,0.1,wave_r0.1,203,0,spatial_part_only,in_support_k1_5,uniform,5,1,5,0.9996564287179407,0.01604908518807517,-0.9683981528733531,0.0,0.9996524975188497,0.0017516810226565246
wave,0.1,wave_r0.1,203,0,spatial_part_only,near_support_k6_8,uniform,3,6,8,0.9726047857364033,0.01862939387878306,-0.9624117201325417,0.0,0.9726035310043418,0.0009256063868680164
wave,0.1,wave_r0.1,203,0,spatial_part_only,spectral_extrapolation_k9_nyquist,uniform,24,9,32,0.7534867955108216,0.012877069940172936,-0.9663943708186321,0.0,0.7534867800522673,6.934319303273651e-05
wave,0.1,wave_r0.1,203,0,spatial_part_only,all_non_dc_k1_nyquist,uniform,32,1,32,0.8189219573110585,0.014040881106168069,-0.9662868967051443,0.0,0.8189210571246612,0.0004124831533335109
wave,0.1,wave_r0.1,203,0,spatial_part_only,empirical_training_spectrum_k1_5,empirical_training_power,5,1,5,0.9996103252899339,0.015973733336249588,-0.9685427647262249,0.0,0.9996064248505677,0.0017426665116371783
wave,0.1,wave_r0.1,204,0,spatial_part_only,in_support_k1_5,uniform,5,1,5,0.9914182592607163,0.006579250836965379,-0.986815095688322,0.0,0.9914167606832731,0.0008061201956214075
wave,0.1,wave_r0.1,204,0,spatial_part_only,near_support_k6_8,uniform,3,6,8,0.963573046194487,0.009414765049534287,-0.9806477225290274,0.0,0.9635730174541326,0.00013515791728702345
wave,0.1,wave_r0.1,204,0,spatial_part_only,spectral_extrapolation_k9_nyquist,uniform,24,9,32,0.7492488870096896,0.008491670526017344,-0.9775868654737617,0.0,0.7492488785855684,3.7598193582500176e-05
wave,0.1,wave_r0.1,204,0,spatial_part_only,all_non_dc_k1_nyquist,uniform,32,1,32,0.8134214648339122,0.00831592852307904,-0.9797601311798493,0.0,0.8134211704315053,0.00016682598049837854
wave,0.1,wave_r0.1,204,0,spatial_part_only,empirical_training_spectrum_k1_5,empirical_training_power,5,1,5,0.9914800166840326,0.006560207879766821,-0.9868538206811573,0.0,0.9914784979041352,0.0008128146619922379
wave,0.1,wave_r0.1,205,0,spatial_part_only,in_support_k1_5,uniform,5,1,5,0.9972792588818735,0.01468008952389365,-0.9709867999203317,0.0,0.9972786379015651,0.0006818364337486591
wave,0.1,wave_r0.1,205,0,spatial_part_only,near_support_k6_8,uniform,3,6,8,0.9737533434790576,0.019607109225818306,-0.9605236766323261,0.0,0.9737529465827497,0.0005695062898478573
wave,0.1,wave_r0.1,205,0,spatial_part_only,spectral_extrapolation_k9_nyquist,uniform,24,9,32,0.752051820880093,0.0114109515222518,-0.9701073793386268,0.0,0.7520517327277004,0.00013557571767134922
wave,0.1,wave_r0.1,205,0,spatial_part_only,all_non_dc_k1_nyquist,uniform,32,1,32,0.8176067001034052,0.012937200346968795,-0.968846438243774,0.0,0.8176064766243646,0.00026160994569997655
wave,0.1,wave_r0.1,205,0,spatial_part_only,empirical_training_spectrum_k1_5,empirical_training_power,5,1,5,0.9972273096571412,0.014593501802484879,-0.9711539797616286,0.0,0.9972266940986774,0.0006778992788804106
wave,0.1,wave_r0.1,206,0,spatial_part_only,in_support_k1_5,uniform,5,1,5,0.9943990267269032,0.009017601486987572,-0.9820262067949996,0.0,0.994397407711676,0.0008003839441927463
wave,0.1,wave_r0.1,206,0,spatial_part_only,near_support_k6_8,uniform,3,6,8,0.9536900436007393,0.003846866369167015,-0.9919650797183622,0.0,0.9536899004370994,0.0003073928851648317
wave,0.1,wave_r0.1,206,0,spatial_part_only,spectral_extrapolation_k9_nyquist,uniform,24,9,32,0.7422691080993551,0.001475740621910274,-0.9960315943715173,0.0,0.7422690915973104,4.7815308571790626e-05
wave,0.1,wave_r0.1,206,0,spatial_part_only,all_non_dc_k1_nyquist,uniform,32,1,32,0.8080811281922227,0.003965666221901726,-0.9902329120706328,0.0,0.8080807896855516,0.00018973955569316257
wave,0.1,wave_r0.1,206,0,spatial_part_only,empirical_training_spectrum_k1_5,empirical_training_power,5,1,5,0.9944240153324104,0.009008681855182811,-0.9820442728636763,0.0,0.9944223751507975,0.0008061813916170486
wave,0.1,wave_r0.1,207,0,spatial_part_only,in_support_k1_5,uniform,5,1,5,0.9973705372355589,0.012600924345265547,-0.9750469694944799,0.0,0.997360293574048,0.0030445971365760834
wave,0.1,wave_r0.1,207,0,spatial_part_only,near_support_k6_8,uniform,3,6,8,0.9623759962685853,0.008225210944621144,-0.9830513069971603,0.0,0.9623758436955064,0.0003165033974284036
wave,0.1,wave_r0.1,207,0,spatial_part_only,spectral_extrapolation_k9_nyquist,uniform,24,9,32,0.7488710050532823,0.008138911649050042,-0.9784972126005838,0.0,0.7488710039949626,1.9698157438805743e-05
wave,0.1,wave_r0.1,207,0,spatial_part_only,all_non_dc_k1_nyquist,uniform,32,1,32,0.8141642453756243,0.008990766000755816,-0.978155351357887,0.0,0.8141622670067572,0.0005201641141780301
wave,0.1,wave_r0.1,207,0,spatial_part_only,empirical_training_spectrum_k1_5,empirical_training_power,5,1,5,0.9973778678767501,0.012555495760447495,-0.9751359917148794,0.0,0.997367687954227,0.0030344953498330496
wave,0.1,wave_r0.1,208,0,spatial_part_only,in_support_k1_5,uniform,5,1,5,0.993644294887227,0.009756267273166391,-0.9805535941655037,0.0,0.9936403762818344,0.0015888001379144947
wave,0.1,wave_r0.1,208,0,spatial_part_only,near_support_k6_8,uniform,3,6,8,0.96871056932699,0.014605806795191007,-0.9702927620247908,0.0,0.9687104901607003,0.000249901267477172
wave,0.1,wave_r0.1,208,0,spatial_part_only,spectral_extrapolation_k9_nyquist,uniform,24,9,32,0.7533450537433913,0.012645102357958312,-0.9669836426558849,0.0,0.753345041187202,4.917902564942438e-05
wave,0.1,wave_r0.1,208,0,spatial_part_only,all_non_dc_k1_nyquist,uniform,32,1,32,0.8172464420459858,0.01244171318009057,-0.9700087000116316,0.0,0.8172456801293372,0.0003085625346121929
wave,0.1,wave_r0.1,208,0,spatial_part_only,empirical_training_spectrum_k1_5,empirical_training_power,5,1,5,0.9936369310021558,0.009730943720109889,-0.980603437751476,0.0,0.9936330513037966,0.001579779331797208
wave,0.1,wave_r0.1,209,0,spatial_part_only,in_support_k1_5,uniform,5,1,5,0.9952350347955812,0.007792717216309122,-0.9844616119530525,0.0,0.9952324677644452,0.0013046936777470384
wave,0.1,wave_r0.1,209,0,spatial_part_only,near_support_k6_8,uniform,3,6,8,0.9585273978164769,0.004573942982154354,-0.9905016371831412,0.0,0.9585273498825494,0.00020763388704817684
wave,0.1,wave_r0.1,209,0,spatial_part_only,spectral_extrapolation_k9_nyquist,uniform,24,9,32,0.7466657539047611,0.005885293398099304,-0.9843590852230101,0.0,0.7466657323024443,7.241520068593048e-05
wave,0.1,wave_r0.1,209,0,spatial_part_only,all_non_dc_k1_nyquist,uniform,32,1,32,0.8118078232950452,0.0061177900228551445,-0.9850407178275333,0.0,0.8118073113614117,0.0002776354645731892
wave,0.1,wave_r0.1,209,0,spatial_part_only,empirical_training_spectrum_k1_5,empirical_training_power,5,1,5,0.9952709615713711,0.007751237332093496,-0.984544235729643,0.0,0.9952684005039595,0.0013034492009024181
wave,0.1,wave_r0.1,210,0,spatial_part_only,in_support_k1_5,uniform,5,1,5,1.0060773684727458,0.02067036966716931,-0.9597362255608836,0.0,1.006075767631938,0.0009941054211809225
wave,0.1,wave_r0.1,210,0,spatial_part_only,near_support_k6_8,uniform,3,6,8,0.9728763538419836,0.019026945088668167,-0.9616354838033492,0.0,0.9728758704374966,0.0005565600011674691
wave,0.1,wave_r0.1,210,0,spatial_part_only,spectral_extrapolation_k9_nyquist,uniform,24,9,32,0.7614050392363273,0.020798062151518134,-0.9468218366441744,0.0,0.7614050208283276,7.003594984261174e-05
wave,0.1,wave_r0.1,210,0,spatial_part_only,all_non_dc_k1_nyquist,uniform,32,1,32,0.825646087295943,0.02061842332365539,-0.9512719177871244,0.0,0.8256457163703294,0.00026003343455092813
wave,0.1,wave_r0.1,210,0,spatial_part_only,empirical_training_spectrum_k1_5,empirical_training_power,5,1,5,1.0061000983347015,0.02064500872735688,-0.9597855230371036,0.0,1.0060984804730424,0.000999368060002561
wave,0.1,wave_r0.1,211,0,spatial_part_only,in_support_k1_5,uniform,5,1,5,1.0011067151964546,0.01603776879414284,-0.9684651117976448,0.0,1.0011044302869367,0.0010090550908615637
wave,0.1,wave_r0.1,211,0,spatial_part_only,near_support_k6_8,uniform,3,6,8,0.9686893868432331,0.014674489772964143,-0.9701545071526122,0.0,0.9686892532211934,0.00035720477191482955
wave,0.1,wave_r0.1,211,0,spatial_part_only,spectral_extrapolation_k9_nyquist,uniform,24,9,32,0.7561062016024247,0.015433160381260209,-0.9599938482941935,0.0,0.7561061855034216,4.765222698323472e-05
wave,0.1,wave_r0.1,211,0,spatial_part_only,all_non_dc_k1_nyquist,uniform,32,1,32,0.8205727568108458,0.015460080281820977,-0.9630156147081879,0.0,0.820572295332962,0.0002268919755515606
wave,0.1,wave_r0.1,211,0,spatial_part_only,empirical_training_spectrum_k1_5,empirical_training_power,5,1,5,1.0010707134821415,0.0159378825704472,-0.9686573296778249,0.0,1.0010684589420495,0.0009975815049627942
wave,0.1,wave_r0.1,212,0,spatial_part_only,in_support_k1_5,uniform,5,1,5,0.9917610585526471,0.007207578583725845,-0.985569960225404,0.0,0.9917552727984049,0.0016300574663608294
wave,0.1,wave_r0.1,212,0,spatial_part_only,near_support_k6_8,uniform,3,6,8,0.9621585609649166,0.00800752870246927,-0.9834924580692889,0.0,0.9621584775657022,0.00026557246065223554
wave,0.1,wave_r0.1,212,0,spatial_part_only,spectral_extrapolation_k9_nyquist,uniform,24,9,32,0.7482952149771377,0.007527741813362094,-0.9800806743279467,0.0,0.7482951907701527,5.519529609138447e-05
wave,0.1,wave_r0.1,212,0,spatial_part_only,all_non_dc_k1_nyquist,uniform,32,1,32,0.8126710351867075,0.0075251931378305945,-0.9816502615399665,0.0,0.8126699059693915,0.00032099036937356505
wave,0.1,wave_r0.1,212,0,spatial_part_only,empirical_training_spectrum_k1_5,empirical_training_power,5,1,5,0.9918257503434029,0.0071679905638154405,-0.9856495786303807,0.0,0.9918200330408339,0.0016196750798421213
wave,0.1,wave_r0.1,213,0,spatial_part_only,in_support_k1_5,uniform,5,1,5,0.9963222391514585,0.010661473833875395,-0.9788249329231591,0.0,0.9963169416135295,0.0018109237069973319
wave,0.1,wave_r0.1,213,0,spatial_part_only,near_support_k6_8,uniform,3,6,8,0.9700358609987997,0.015986804316710408,-0.9675731504374803,0.0,0.9700356817962362,0.00042203061910041324
wave,0.1,wave_r0.1,213,0,spatial_part_only,spectral_extrapolation_k9_nyquist,uniform,24,9,32,0.7548961938612085,0.01421955357907935,-0.9630236316798771,0.0,0.7548961889316191,3.605277359764309e-05
wave,0.1,wave_r0.1,213,0,spatial_part_only,all_non_dc_k1_nyquist,uniform,32,1,32,0.8189749130040033,0.013905670779008898,-0.9666082484097582,0.0,0.8189738827133001,0.0003495617799572291
wave,0.1,wave_r0.1,213,0,spatial_part_only,empirical_training_spectrum_k1_5,empirical_training_power,5,1,5,0.9963569983230548,0.010614112719608236,-0.9789187344041719,0.0,0.9963516917451027,0.0018103718149561176
wave,0.1,wave_r0.1,214,0,spatial_part_only,in_support_k1_5,uniform,5,1,5,1.0013984059079084,0.015218521827436082,-0.97006045952562,0.0,1.0013938133922786,0.0018101658471443972
wave,0.1,wave_r0.1,214,0,spatial_part_only,near_support_k6_8,uniform,3,6,8,0.9715832071794862,0.01751697252052563,-0.9645799831401538,0.0,0.9715831702419243,0.00015882928787966643
wave,0.1,wave_r0.1,214,0,spatial_part_only,spectral_extrapolation_k9_nyquist,uniform,24,9,32,0.7570934371048866,0.016424895995986503,-0.9575319800627283,0.0,0.757093425825953,7.017812510717307e-05
wave,0.1,wave_r0.1,214,0,spatial_part_only,all_non_dc_k1_nyquist,uniform,32,1,32,0.8216311323057517,0.016348932510460216,-0.9609801397505896,0.0,0.8216302458353523,0.0003503622531854106
wave,0.1,wave_r0.1,214,0,spatial_part_only,empirical_training_spectrum_k1_5,empirical_training_power,5,1,5,1.0014463703782428,0.015181904430604945,-0.9701328306386923,0.0,1.0014417384048409,0.001816589341348243
wave,0.1,wave_r0.1,215,0,spatial_part_only,in_support_k1_5,uniform,5,1,5,0.9976087566106733,0.009184284730208157,-0.9817553670852229,0.0,0.9976075718695454,0.0008978266045217664
wave,0.1,wave_r0.1,215,0,spatial_part_only,near_support_k6_8,uniform,3,6,8,0.9618459954997901,0.007705868490374641,-0.9841042675970703,0.0,0.9618459759311232,0.00013349373989901152
wave,0.1,wave_r0.1,215,0,spatial_part_only,spectral_extrapolation_k9_nyquist,uniform,24,9,32,0.7492902865803087,0.008530559965701845,-0.9774866051664259,0.0,0.7492902778610984,3.275253464721897e-05
wave,0.1,wave_r0.1,215,0,spatial_part_only,all_non_dc_k1_nyquist,uniform,32,1,32,0.8144404083294486,0.008562979069596197,-0.9791909020042846,0.0,0.8144401733981489,0.00017736484605747254
wave,0.1,wave_r0.1,215,0,spatial_part_only,empirical_training_spectrum_k1_5,empirical_training_power,5,1,5,0.9976476191313667,0.009146573463898794,-0.9818303015031876,0.0,0.9976464337265828,0.0008990112688395196
wave,0.1,wave_r0.1,216,0,spatial_part_only,in_support_k1_5,uniform,5,1,5,0.9952231960323619,0.011460476916541892,-0.9772312252110529,0.0,0.9952152266302409,0.0022064970885714774
wave,0.1,wave_r0.1,216,0,spatial_part_only,near_support_k6_8,uniform,3,6,8,0.9624453967238435,0.008393166634197749,-0.9827094494368527,0.0,0.9624444823322403,0.0008944390698836501
wave,0.1,wave_r0.1,216,0,spatial_part_only,spectral_extrapolation_k9_nyquist,uniform,24,9,32,0.7465893168487073,0.005843236312807486,-0.9844684117180847,0.0,0.7465892866359163,8.210617926680046e-05
wave,0.1,wave_r0.1,216,0,spatial_part_only,all_non_dc_k1_nyquist,uniform,32,1,32,0.8121873257485762,0.007261822792859645,-0.9822763308601021,0.0,0.8121856774963655,0.0004901984673409859
wave,0.1,wave_r0.1,216,0,spatial_part_only,empirical_training_spectrum_k1_5,empirical_training_power,5,1,5,0.9952142800003456,0.011426492684936824,-0.9772977749461591,0.0,0.9952063886017094,0.002195989304903105
wave,0.1,wave_r0.1,217,0,spatial_part_only,in_support_k1_5,uniform,5,1,5,0.9933058829188681,0.01112454477342831,-0.9778490486414531,0.0,0.9933038605135008,0.0012481891380285268
wave,0.1,wave_r0.1,217,0,spatial_part_only,near_support_k6_8,uniform,3,6,8,0.9631580590976605,0.009437590771983157,-0.9805929817324434,0.0,0.9631578921458671,0.0003657551382012134
wave,0.1,wave_r0.1,217,0,spatial_part_only,spectral_extrapolation_k9_nyquist,uniform,24,9,32,0.7497186361530626,0.00896485932252709,-0.9763673274138978,0.0,0.7497185980105535,8.583852350420619e-05
wave,0.1,wave_r0.1,217,0,spatial_part_only,all_non_dc_k1_nyquist,uniform,32,1,32,0.814059580649381,0.009378883703836945,-0.9772201952912078,0.0,0.8140591502048847,0.00029369798965147567
wave,0.1,wave_r0.1,217,0,spatial_part_only,empirical_training_spectrum_k1_5,empirical_training_power,5,1,5,0.9932887651788884,0.011084039172930538,-0.9779284362840076,0.0,0.9932867493088675,0.0012460615054010228
wave,0.1,wave_r0.1,218,0,spatial_part_only,in_support_k1_5,uniform,5,1,5,0.9954428905365191,0.0074725280559415,-0.9850983883238552,0.0,0.9954427387326896,0.0003076716835660048
wave,0.1,wave_r0.1,218,0,spatial_part_only,near_support_k6_8,uniform,3,6,8,0.9645204616023649,0.010367890723696892,-0.978730096222897,0.0,0.9645204153194715,0.00018590210392548695
wave,0.1,wave_r0.1,218,0,spatial_part_only,spectral_extrapolation_k9_nyquist,uniform,24,9,32,0.7507410837226541,0.009997775036264225,-0.9737156189113969,0.0,0.750741079332299,3.1601180454778146e-05
wave,0.1,wave_r0.1,218,0,spatial_part_only,all_non_dc_k1_nyquist,uniform,32,1,32,0.8153244005280388,0.009683434611695893,-0.9765252299451054,0.0,0.8153243634037417,8.920290814128626e-05
wave,0.1,wave_r0.1,218,0,spatial_part_only,empirical_training_spectrum_k1_5,empirical_training_power,5,1,5,0.99547715991766,0.007432873145317238,-0.9851773880003641,0.0,0.9954770077171124,0.00030745508031824483
wave,0.1,wave_r0.1,219,0,spatial_part_only,in_support_k1_5,uniform,5,1,5,0.9942851784991202,0.017360786711544878,-0.9656781377901712,0.0,0.9942831778340936,0.0012546640603995597
wave,0.1,wave_r0.1,219,0,spatial_part_only,near_support_k6_8,uniform,3,6,8,0.9600921746390629,0.0060078880708025716,-0.9875625966652963,0.0,0.9600916681903799,0.0006989146560027488
wave,0.1,wave_r0.1,219,0,spatial_part_only,spectral_extrapolation_k9_nyquist,uniform,24,9,32,0.7440430336077638,0.003259196870373387,-0.991277433045294,0.0,0.744043011903392,6.384080331661673e-05
wave,0.1,wave_r0.1,219,0,spatial_part_only,all_non_dc_k1_nyquist,uniform,32,1,32,0.8099912594623029,0.007644862399000966,-0.9813000864453056,0.0,0.8099908045021943,0.00030944511092515143
wave,0.1,wave_r0.1,219,0,spatial_part_only,empirical_training_spectrum_k1_5,empirical_training_power,5,1,5,0.994210019756533,0.017291056235894612,-0.9658110967031258,0.0,0.9942080084258458,0.0012589001323780968
wave,0.25,wave_r0.25,200,0,spatial_part_only,in_support_k1_5,uniform,5,1,5,0.9850179975136133,0.01718276320936051,-0.9657099378033498,0.0,0.9850122985535451,0.0020392980182395463
wave,0.25,wave_r0.25,200,0,spatial_part_only,near_support_k6_8,uniform,3,6,8,0.906053265947445,0.020451673409916687,-0.9558519927069092,0.0,0.9060529393631248,0.0004986987387145397
wave,0.25,wave_r0.25,200,0,spatial_part_only,spectral_extrapolation_k9_nyquist,uniform,24,9,32,0.44327858403753145,0.019171408995893757,-0.9170876450007511,0.0,0.443278400106384,0.00012944489648525248
wave,0.25,wave_r0.25,200,0,spatial_part_only,all_non_dc_k1_nyquist,uniform,32,1,32,0.6131374619763701,0.019000065577724424,-0.9398862913542229,0.0,0.6131358864557314,0.0004624769944683566
wave,0.25,wave_r0.25,200,0,spatial_part_only,empirical_training_spectrum_k1_5,empirical_training_power,5,1,5,0.9852637276552998,0.017121964097937314,-0.9658375728249075,0.0,0.9852580039094042,0.0020469275836123894
wave,0.25,wave_r0.25,201,0,spatial_part_only,in_support_k1_5,uniform,5,1,5,0.9727824749332252,0.013704098445237253,-0.9722163508048484,0.0,0.9727510026539594,0.004735749729605857
wave,0.25,wave_r0.25,201,0,spatial_part_only,near_support_k6_8,uniform,3,6,8,0.883011060156207,0.004645428898222604,-0.9895332733878369,0.0,0.8830079297008223,0.0013612715738072182
wave,0.25,wave_r0.25,201,0,spatial_part_only,spectral_extrapolation_k9_nyquist,uniform,24,9,32,0.4278184441209966,0.0010696061029902583,-0.9950121897663893,0.0,0.42781831118646235,0.00012310856262211554
wave,0.25,wave_r0.25,201,0,spatial_part_only,all_non_dc_k1_nyquist,uniform,32,1,32,0.5985226922881473,0.005676731489990498,-0.9812090800931482,0.0,0.5985141956033576,0.0009599115272619285
wave,0.25,wave_r0.25,201,0,spatial_part_only,empirical_training_spectrum_k1_5,empirical_training_power,5,1,5,0.9730042732587177,0.013732815410726325,-0.9721651986766926,0.0,0.9729730925616726,0.004706761488527929
wave,0.25,wave_r0.25,202,0,spatial_part_only,in_support_k1_5,uniform,5,1,5,0.9840876080742589,0.01546227940177052,-0.9690615153970666,0.0,0.9840787988989795,0.0026851602393650796
wave,0.25,wave_r0.25,202,0,spatial_part_only,near_support_k6_8,uniform,3,6,8,0.9015995726901616,0.016066523252078604,-0.9649839449814656,0.0,0.9015988419281504,0.0008319160404590158
wave,0.25,wave_r0.25,202,0,spatial_part_only,spectral_extrapolation_k9_nyquist,uniform,24,9,32,0.4395342290256421,0.01452818925352603,-0.9360079642416308,0.0,0.43953421970806233,3.900595741100739e-05
wave,0.25,wave_r0.25,202,0,spatial_part_only,all_non_dc_k1_nyquist,uniform,32,1,32,0.6102600775974484,0.014827601712464424,-0.9525583299647374,0.0,0.6102577517578086,0.000526802884252082
wave,0.25,wave_r0.25,202,0,spatial_part_only,empirical_training_spectrum_k1_5,empirical_training_power,5,1,5,0.9841977338806228,0.015385217445364679,-0.9692167269860784,0.0,0.9841889387786567,0.002685166449668738
wave,0.25,wave_r0.25,203,0,spatial_part_only,in_support_k1_5,uniform,5,1,5,0.988117583961279,0.02085545969025833,-0.9586600260106432,0.0,0.9881009027594041,0.003603490879172601
wave,0.25,wave_r0.25,203,0,spatial_part_only,near_support_k6_8,uniform,3,6,8,0.8997790133981498,0.01417578659638103,-0.9689792392436346,0.0,0.8997782729139676,0.0007389119566739825
wave,0.25,wave_r0.25,203,0,spatial_part_only,spectral_extrapolation_k9_nyquist,uniform,24,9,32,0.4417180014617811,0.017180366259410624,-0.9251234370489253,0.0,0.4417177561763535,0.0001721794210766012
wave,0.25,wave_r0.25,203,0,spatial_part_only,all_non_dc_k1_nyquist,uniform,32,1,32,0.6122051240467727,0.017554886611993396,-0.9442489636849758,0.0,0.6122006824335978,0.0007614530116163557
wave,0.25,wave_r0.25,203,0,spatial_part_only,empirical_training_spectrum_k1_5,empirical_training_power,5,1,5,0.9882786067730949,0.020812324546400206,-0.9587503486545342,0.0,0.9882619390783141,0.0035958972684228506
wave,0.25,wave_r0.25,204,0,spatial_part_only,in_support_k1_5,uniform,5,1,5,0.9907324660084663,0.0337618032327789,-0.9340907914345223,0.0,0.9907205783686411,0.0027525282599056727
wave,0.25,wave_r0.25,204,0,spatial_part_only,near_support_k6_8,uniform,3,6,8,0.9000544686109638,0.0145598469143547,-0.9681617777740726,0.0,0.9000538917653267,0.0005715988812430039
wave,0.25,wave_r0.25,204,0,spatial_part_only,spectral_extrapolation_k9_nyquist,uniform,24,9,32,0.44052639404478316,0.015443661743676158,-0.9322601931963662,0.0,0.44052634820133774,9.353044610688115e-05
wave,0.25,wave_r0.25,204,0,spatial_part_only,all_non_dc_k1_nyquist,uniform,32,1,32,0.6122594509228239,0.01941280563782803,-0.9385351962629246,0.0,0.6122563410577038,0.0005538177703069537
wave,0.25,wave_r0.25,204,0,spatial_part_only,empirical_training_spectrum_k1_5,empirical_training_power,5,1,5,0.990699491498838,0.03355936216535539,-0.9344709356520574,0.0,0.9906874873957261,0.0027637634989313743
wave,0.25,wave_r0.25,205,0,spatial_part_only,in_support_k1_5,uniform,5,1,5,0.9992412149029424,0.037962356790574324,-0.926798638518781,0.0,0.9992376330148394,0.001782647624297426
wave,0.25,wave_r0.25,205,0,spatial_part_only,near_support_k6_8,uniform,3,6,8,0.9187457350626312,0.03328185713612922,-0.9300821585238661,0.0,0.9187454050485097,0.0005526871235168226
wave,0.25,wave_r0.25,205,0,spatial_part_only,spectral_extrapolation_k9_nyquist,uniform,24,9,32,0.44995711467902194,0.02779715890915869,-0.8836340753149617,0.0,0.4499570637554959,0.00010334523043166257
wave,0.25,wave_r0.25,205,0,spatial_part_only,all_non_dc_k1_nyquist,uniform,32,1,32,0.6220874618496521,0.030141913172766984,-0.9075726597817497,0.0,0.6220864895510401,0.00040786203194992187
wave,0.25,wave_r0.25,205,0,spatial_part_only,empirical_training_spectrum_k1_5,empirical_training_power,5,1,5,0.999219387847256,0.03772221723770903,-0.9272433142758928,0.0,0.9992157904079906,0.0017880690919328285
wave,0.25,wave_r0.25,206,0,spatial_part_only,in_support_k1_5,uniform,5,1,5,0.9950196867502893,0.03687974407578573,-0.9285206620450172,0.0,0.9950096327052345,0.0030495379613517354
wave,0.25,wave_r0.25,206,0,spatial_part_only,near_support_k6_8,uniform,3,6,8,0.9037402126192032,0.01840583165941694,-0.9600804411110054,0.0,0.9037383512668961,0.00115151836839193
wave,0.25,wave_r0.25,206,0,spatial_part_only,spectral_extrapolation_k9_nyquist,uniform,24,9,32,0.4423794701600906,0.017980631513728324,-0.9218844923860573,0.0,0.44237941136531495,0.00010218552881946055
wave,0.25,wave_r0.25,206,0,spatial_part_only,all_non_dc_k1_nyquist,uniform,32,1,32,0.6148513615012261,0.02206253623501357,-0.9307205061361368,0.0,0.614848531015236,0.0006610843001125476
wave,0.25,wave_r0.25,206,0,spatial_part_only,empirical_training_spectrum_k1_5,empirical_training_power,5,1,5,0.9949882521614368,0.03664156061913338,-0.9289637422936183,0.0,0.9949782224381588,0.0030441589847658825
wave,0.25,wave_r0.25,207,0,spatial_part_only,in_support_k1_5,uniform,5,1,5,0.9821483527041918,0.01406749146306394,-0.971758145495421,0.0,0.9821312099917779,0.0031490334875772315
wave,0.25,wave_r0.25,207,0,spatial_part_only,near_support_k6_8,uniform,3,6,8,0.909609402688597,0.02404871648760292,-0.9484849625496281,0.0,0.9096078658677546,0.0012204910135419809
wave,0.25,wave_r0.25,207,0,spatial_part_only,spectral_extrapolation_k9_nyquist,uniform,24,9,32,0.44533588589486034,0.021705466426113314,-0.9070512008487152,0.0,0.44533567585142114,0.00015022342948364353
wave,0.25,wave_r0.25,207,0,spatial_part_only,all_non_dc_k1_nyquist,uniform,32,1,32,0.6140292633589052,0.020940054635959774,-0.9340438851373629,0.0,0.6140246513172856,0.0007191250870662358
wave,0.25,wave_r0.25,207,0,spatial_part_only,empirical_training_spectrum_k1_5,empirical_training_power,5,1,5,0.9823123320549738,0.013979311809683932,-0.9719373099317433,0.0,0.9822954026318662,0.003121456134411629
wave,0.25,wave_r0.25,208,0,spatial_part_only,in_support_k1_5,uniform,5,1,5,0.9828489513709686,0.021349410145268144,-0.9574796953202898,0.0,0.9828414717179875,0.002032694187863961
wave,0.25,wave_r0.25,208,0,spatial_part_only,near_support_k6_8,uniform,3,6,8,0.9062892596140276,0.020668302426483553,-0.9554061517530826,0.0,0.9062889430958071,0.00050747596673582
wave,0.25,wave_r0.25,208,0,spatial_part_only,spectral_extrapolation_k9_nyquist,uniform,24,9,32,0.4437684576412338,0.01973795867705728,-0.9148319937668211,0.0,0.4437683924282979,9.254000028159616e-05
wave,0.25,wave_r0.25,208,0,spatial_part_only,all_non_dc_k1_nyquist,uniform,32,1,32,0.6128920079290324,0.020086228996057106,-0.9365342192691084,0.0,0.6128900544912844,0.00043458933894642413
wave,0.25,wave_r0.25,208,0,spatial_part_only,empirical_training_spectrum_k1_5,empirical_training_power,5,1,5,0.9830413278952367,0.02126419745419451,-0.9576539271815795,0.0,0.9830339010564105,0.0020234479347272095
wave,0.25,wave_r0.25,209,0,spatial_part_only,in_support_k1_5,uniform,5,1,5,0.9939656687014493,0.023956338934167237,-0.9529308949910378,0.0,0.993963172935342,0.0014796942624013861
wave,0.25,wave_r0.25,209,0,spatial_part_only,near_support_k6_8,uniform,3,6,8,0.9156643561234367,0.030056040131699043,-0.9364377880593144,0.0,0.9156632500581992,0.0006927715614183082
wave,0.25,wave_r0.25,209,0,spatial_part_only,spectral_extrapolation_k9_nyquist,uniform,24,9,32,0.449185210048468,0.02662843393137537,-0.888072003532108,0.0,0.4491851704182995,0.00011058753803333876
wave,0.25,wave_r0.25,209,0,spatial_part_only,all_non_dc_k1_nyquist,uniform,32,1,32,0.6199188168180096,0.02657383074105834,-0.9177907719712145,0.0,0.6199180168591121,0.00037909021590818706
wave,0.25,wave_r0.25,209,0,spatial_part_only,empirical_training_spectrum_k1_5,empirical_training_power,5,1,5,0.9940409620450836,0.023816008925819723,-0.9532036236818179,0.0,0.994038470050777,0.0014767486077925528
wave,0.25,wave_r0.25,210,0,spatial_part_only,in_support_k1_5,uniform,5,1,5,0.9857532787350172,0.03385891152474972,-0.9335847259414907,0.0,0.9857364299553563,0.003536036741009627
wave,0.25,wave_r0.25,210,0,spatial_part_only,near_support_k6_8,uniform,3,6,8,0.9208268757683983,0.035500776809834135,-0.92575603829059,0.0,0.9208258181809795,0.0009387727754547278
wave,0.25,wave_r0.25,210,0,spatial_part_only,spectral_extrapolation_k9_nyquist,uniform,24,9,32,0.448358602072693,0.02575746615345137,-0.8913453144508675,0.0,0.4483585860899206,5.3848453218923664e-05
wave,0.25,wave_r0.25,210,0,spatial_part_only,all_non_dc_k1_nyquist,uniform,32,1,32,0.6181354145573165,0.02819340260483035,-0.9127583302609965,0.0,0.618131059886497,0.0006809020283958278
wave,0.25,wave_r0.25,210,0,spatial_part_only,empirical_training_spectrum_k1_5,empirical_training_power,5,1,5,0.9860657919980194,0.033770117499765766,-0.9337734292639377,0.0,0.98604902541944,0.003532076701368353
wave,0.25,wave_r0.25,211,0,spatial_part_only,in_support_k1_5,uniform,5,1,5,0.9871291147710861,0.01814956047439865,-0.963891484179814,0.0,0.9871188754414133,0.0029525625750579706
wave,0.25,wave_r0.25,211,0,spatial_part_only,near_support_k6_8,uniform,3,6,8,0.9037609214500669,0.01823141549073784,-0.9604521322786042,0.0,0.9037605124242217,0.0005317474744798561
wave,0.25,wave_r0.25,211,0,spatial_part_only,spectral_extrapolation_k9_nyquist,uniform,24,9,32,0.4411039752436553,0.016425464899384717,-0.9281993093417135,0.0,0.4411038730044915,0.00013437579268540392
wave,0.25,wave_r0.25,211,0,spatial_part_only,all_non_dc_k1_nyquist,uniform,32,1,32,0.6121737922912162,0.016881283821994143,-0.9463281214538485,0.0,0.6121711006079351,0.0006119710725993473
wave,0.25,wave_r0.25,211,0,spatial_part_only,empirical_training_spectrum_k1_5,empirical_training_power,5,1,5,0.9872438988713051,0.01803727400579483,-0.9641149670511138,0.0,0.9872336641694752,0.0029539968232923427
wave,0.25,wave_r0.25,212,0,spatial_part_only,in_support_k1_5,uniform,5,1,5,0.988814855676629,0.02178570253816339,-0.9568856312989824,0.0,0.9888015153530899,0.002547838947894838
wave,0.25,wave_r0.25,212,0,spatial_part_only,near_support_k6_8,uniform,3,6,8,0.8996896630569098,0.01449969082239295,-0.9682785830728294,0.0,0.899688284117338,0.0008558784804687546
wave,0.25,wave_r0.25,212,0,spatial_part_only,spectral_extrapolation_k9_nyquist,uniform,24,9,32,0.44200990764451287,0.017418587039493116,-0.9241728049477054,0.0,0.4420098426262109,0.00010082201265531539
wave,0.25,wave_r0.25,212,0,spatial_part_only,all_non_dc_k1_nyquist,uniform,32,1,32,0.6125266516244974,0.017928311639780807,-0.943125797449657,0.0,0.6125230616331819,0.0005539549526440007
wave,0.25,wave_r0.25,212,0,spatial_part_only,empirical_training_spectrum_k1_5,empirical_training_power,5,1,5,0.988918579314437,0.02168909843452995,-0.9570771152603148,0.0,0.9889053920218992,0.002535155310017773
wave,0.25,wave_r0.25,213,0,spatial_part_only,in_support_k1_5,uniform,5,1,5,0.9803768259861648,0.014938353320024893,-0.969982667539667,0.0,0.9803751628130177,0.0009022685878014207
wave,0.25,wave_r0.25,213,0,spatial_part_only,near_support_k6_8,uniform,3,6,8,0.8951658985712254,0.009852839567048405,-0.9782262197414457,0.0,0.8951653103431825,0.0007018549172891235
wave,0.25,wave_r0.25,213,0,spatial_part_only,spectral_extrapolation_k9_nyquist,uniform,24,9,32,0.435470485807114,0.009202184032321288,-0.9586114251831843,0.0,0.43547030077837895,0.00015217022537243274
wave,0.25,wave_r0.25,213,0,spatial_part_only,all_non_dc_k1_nyquist,uniform,32,1,32,0.6062406859791238,0.01036721383334936,-0.9663733992493372,0.0,0.6062400846217239,0.00032090603436915187
wave,0.25,wave_r0.25,213,0,spatial_part_only,empirical_training_spectrum_k1_5,empirical_training_power,5,1,5,0.9804788659892196,0.014900410815005372,-0.9700608377886974,0.0,0.9804772094779114,0.0008974831191065353
wave,0.25,wave_r0.25,214,0,spatial_part_only,in_support_k1_5,uniform,5,1,5,0.9882958108622729,0.02212438400452504,-0.956207557772652,0.0,0.9882764826934708,0.003560931749504821
wave,0.25,wave_r0.25,214,0,spatial_part_only,near_support_k6_8,uniform,3,6,8,0.9170647950701403,0.0316883855468436,-0.9331999382047155,0.0,0.9170641645269224,0.0007001080525824532
wave,0.25,wave_r0.25,214,0,spatial_part_only,spectral_extrapolation_k9_nyquist,uniform,24,9,32,0.4467591934994409,0.023760938038707827,-0.899001396769008,0.0,0.44675915981339437,9.129785349125177e-05
wave,0.25,wave_r0.25,214,0,spatial_part_only,all_non_dc_k1_nyquist,uniform,32,1,32,0.6173764352924499,0.024373317511867703,-0.9240410536806251,0.0,0.6173714947727826,0.0006905041059081721
wave,0.25,wave_r0.25,214,0,spatial_part_only,empirical_training_spectrum_k1_5,empirical_training_power,5,1,5,0.9884189403275092,0.021985624288417556,-0.9564815420310879,0.0,0.9883998115590462,0.003538590197903826
wave,0.25,wave_r0.25,215,0,spatial_part_only,in_support_k1_5,uniform,5,1,5,0.9850835972820607,0.015962448719256284,-0.9681084625766848,0.0,0.9850778403084555,0.0016281692084413734
wave,0.25,wave_r0.25,215,0,spatial_part_only,near_support_k6_8,uniform,3,6,8,0.9085172878142703,0.022911547297042086,-0.9508034399765948,0.0,0.9085170739699564,0.0004227153625042656
wave,0.25,wave_r0.25,215,0,spatial_part_only,spectral_extrapolation_k9_nyquist,uniform,24,9,32,0.4430081445388677,0.018975878839367532,-0.91785049751025,0.0,0.44300805555117484,0.0001353137625770555
wave,0.25,wave_r0.25,215,0,spatial_part_only,all_non_dc_k1_nyquist,uniform,32,1,32,0.6133491216776927,0.018949630034021094,-0.9400611499462177,0.0,0.6133475990725059,0.0003955163259865311
wave,0.25,wave_r0.25,215,0,spatial_part_only,empirical_training_spectrum_k1_5,empirical_training_power,5,1,5,0.9852289935092733,0.015870925090284357,-0.9682930249110673,0.0,0.9852233162223585,0.0016125655041548583
wave,0.25,wave_r0.25,216,0,spatial_part_only,in_support_k1_5,uniform,5,1,5,0.9892088746554695,0.022955100696199424,-0.9546415378235056,0.0,0.9892068125905034,0.0012876503289217171
wave,0.25,wave_r0.25,216,0,spatial_part_only,near_support_k6_8,uniform,3,6,8,0.9185271679326451,0.03292280127933853,-0.9307944666673202,0.0,0.9185267585783494,0.0005218855130136144
wave,0.25,wave_r0.25,216,0,spatial_part_only,spectral_extrapolation_k9_nyquist,uniform,24,9,32,0.4518735709442292,0.029995427702541346,-0.8755038079362761,0.0,0.45187354401812674,6.885802325680692e-05
wave,0.25,wave_r0.25,216,0,spatial_part_only,all_non_dc_k1_nyquist,uniform,32,1,32,0.6205919765133061,0.029304347035412764,-0.9098183941850966,0.0,0.6205913914327685,0.00030176564818164986
wave,0.25,wave_r0.25,216,0,spatial_part_only,empirical_training_spectrum_k1_5,empirical_training_power,5,1,5,0.989389225646156,0.02284483905134679,-0.95486253654549,0.0,0.989387174061643,0.00128520564936397
wave,0.25,wave_r0.25,217,0,spatial_part_only,in_support_k1_5,uniform,5,1,5,0.9941653600680739,0.025761791955050788,-0.9494830745432167,0.0,0.9941602150513275,0.0019418551493716198
wave,0.25,wave_r0.25,217,0,spatial_part_only,near_support_k6_8,uniform,3,6,8,0.9143664245887613,0.02877854234906495,-0.9389732366541652,0.0,0.9143650241155158,0.001144868337993966
wave,0.25,wave_r0.25,217,0,spatial_part_only,spectral_extrapolation_k9_nyquist,uniform,24,9,32,0.44843162024888716,0.02566974738329148,-0.891711987621994,0.0,0.44843158945422795,6.255313332140103e-05
wave,0.25,wave_r0.25,217,0,spatial_part_only,all_non_dc_k1_nyquist,uniform,32,1,32,0.619379823996833,0.0259912397863536,-0.9194533463152434,0.0,0.6193783230996247,0.0004576611237673007
wave,0.25,wave_r0.25,217,0,spatial_part_only,empirical_training_spectrum_k1_5,empirical_training_power,5,1,5,0.9942097543364263,0.02559821056182782,-0.9497979787510646,0.0,0.9942045887297266,0.0019447412266491103
wave,0.25,wave_r0.25,218,0,spatial_part_only,in_support_k1_5,uniform,5,1,5,0.9816232798553044,0.0139859895033079,-0.9719046619316474,0.0,0.9816178060105698,0.0021926531701978915
wave,0.25,wave_r0.25,218,0,spatial_part_only,near_support_k6_8,uniform,3,6,8,0.8996350290940439,0.014176273789492029,-0.9689733017204784,0.0,0.8996321470567723,0.0014964195884445575
wave,0.25,wave_r0.25,218,0,spatial_part_only,spectral_extrapolation_k9_nyquist,uniform,24,9,32,0.4380506427904512,0.012573631010308587,-0.944194612934376,0.0,0.43805057647865264,9.182888377733348e-05
wave,0.25,wave_r0.25,218,0,spatial_part_only,all_non_dc_k1_nyquist,uniform,32,1,32,0.608565722880128,0.012960575375921974,-0.958294362081578,0.0,0.6085639080736939,0.0005517630570930979
wave,0.25,wave_r0.25,218,0,spatial_part_only,empirical_training_spectrum_k1_5,empirical_training_power,5,1,5,0.9817406346082297,0.013910417191184027,-0.9720576457664679,0.0,0.9817351378146383,0.002197162346665291
wave,0.25,wave_r0.25,219,0,spatial_part_only,in_support_k1_5,uniform,5,1,5,0.9935496527065343,0.028454779389433284,-0.9443157417016732,0.0,0.9935334841009674,0.003324187253962521
wave,0.25,wave_r0.25,219,0,spatial_part_only,near_support_k6_8,uniform,3,6,8,0.9019902937722418,0.016478506615866157,-0.9641174384826072,0.0,0.901986512475019,0.0017819705940891894
wave,0.25,wave_r0.25,219,0,spatial_part_only,spectral_extrapolation_k9_nyquist,uniform,24,9,32,0.44259724434289077,0.018257712674497613,-0.9207659052094834,0.0,0.44259711956044295,0.00014096377562750306
wave,0.25,wave_r0.25,219,0,spatial_part_only,all_non_dc_k1_nyquist,uniform,32,1,32,0.6143563636273757,0.020049355991747494,-0.9367932684976911,0.0,0.6143516900981474,0.0007921868333481326
wave,0.25,wave_r0.25,219,0,spatial_part_only,empirical_training_spectrum_k1_5,empirical_training_power,5,1,5,0.9935838599554422,0.028293541265579213,-0.9446243918658503,0.0,0.9935676791245894,0.0033263919870206906
wave,0.4,wave_r0.4,200,0,spatial_part_only,in_support_k1_5,uniform,5,1,5,0.9792050640813238,0.03459858783559665,-0.9317449926912831,0.0,0.9792009293645247,0.001909933868172304
wave,0.4,wave_r0.4,200,0,spatial_part_only,near_support_k6_8,uniform,3,6,8,0.8590623970458164,0.04163708572142906,-0.9075449991522005,0.0,0.8590615577764777,0.0008554640621743373
wave,0.4,wave_r0.4,200,0,spatial_part_only,spectral_extrapolation_k9_nyquist,uniform,24,9,32,0.43317126264554684,0.0360318289045357,-0.8464126534823154,0.041666666666666664,0.43317124345889924,7.14383299212443e-05
wave,0.4,wave_r0.4,200,0,spatial_part_only,all_non_dc_k1_nyquist,uniform,32,1,32,0.5997779177650193,0.03637705182535498,-0.8856346218633535,0.03125,0.5997767399292029,0.00043220567017169983
wave,0.4,wave_r0.4,200,0,spatial_part_only,empirical_training_spectrum_k1_5,empirical_training_power,5,1,5,0.9795495742451804,0.03447281052534576,-0.9320077918533387,0.0,0.9795454405420633,0.0019115785981814186
wave,0.4,wave_r0.4,201,0,spatial_part_only,in_support_k1_5,uniform,5,1,5,0.985490915734258,0.04311380894362942,-0.9161703073896911,0.0,0.9854787835310039,0.0033257486659986754
wave,0.4,wave_r0.4,201,0,spatial_part_only,near_support_k6_8,uniform,3,6,8,0.8532821279472612,0.03594654984871852,-0.9191511683185596,0.0,0.853281474389,0.0006180628144999604
wave,0.4,wave_r0.4,201,0,spatial_part_only,spectral_extrapolation_k9_nyquist,uniform,24,9,32,0.43354550964393634,0.03862614662894649,-0.8363893888343725,0.041666666666666664,0.4335453427752285,0.00013249558997661481
wave,0.4,wave_r0.4,201,0,spatial_part_only,all_non_dc_k1_nyquist,uniform,32,1,32,0.6008149129769095,0.03912239081868556,-0.8777305508316429,0.03125,0.6008116262961842,0.0006769633104041254
wave,0.4,wave_r0.4,201,0,spatial_part_only,empirical_training_spectrum_k1_5,empirical_training_power,5,1,5,0.9855149542394748,0.04294909910292145,-0.9164791438974622,0.0,0.985502841758403,0.0033235865734062542
wave,0.4,wave_r0.4,202,0,spatial_part_only,in_support_k1_5,uniform,5,1,5,0.9707514630939879,0.023458195185206282,-0.9528103655202699,0.0,0.9707178212645666,0.0049142216101696265
wave,0.4,wave_r0.4,202,0,spatial_part_only,near_support_k6_8,uniform,3,6,8,0.8514670049539114,0.03451108013986823,-0.9220949576056042,0.0,0.8514648676164696,0.0011568003386363945
wave,0.4,wave_r0.4,202,0,spatial_part_only,spectral_extrapolation_k9_nyquist,uniform,24,9,32,0.4337960094882342,0.025207510383802166,-0.8901641957306574,0.041666666666666664,0.4337959353514829,0.00011163343278407182
wave,0.4,wave_r0.4,202,0,spatial_part_only,all_non_dc_k1_nyquist,uniform,32,1,32,0.5969473297908371,0.025965436448036828,-0.9166321903954056,0.03125,0.5969384555174471,0.00096002223292422
wave,0.4,wave_r0.4,202,0,spatial_part_only,empirical_training_spectrum_k1_5,empirical_training_power,5,1,5,0.9710306672061926,0.02337843002137457,-0.9529802571465726,0.0,0.9709969744776799,0.004913241069437884
wave,0.4,wave_r0.4,203,0,spatial_part_only,in_support_k1_5,uniform,5,1,5,0.9735360453424652,0.022005892635975268,-0.9557911288385084,0.0,0.9735330272634657,0.0013625384430150172
wave,0.4,wave_r0.4,203,0,spatial_part_only,near_support_k6_8,uniform,3,6,8,0.8476489346357636,0.030889019923587675,-0.9296808526864824,0.0,0.8476472900473173,0.0011638977510615455
wave,0.4,wave_r0.4,203,0,spatial_part_only,spectral_extrapolation_k9_nyquist,uniform,24,9,32,0.4340841956949578,0.02948574150800636,-0.8727883793072774,0.041666666666666664,0.43408412758514187,0.00011495418330034139
wave,0.4,wave_r0.4,203,0,spatial_part_only,all_non_dc_k1_nyquist,uniform,32,1,32,0.5973034834237322,0.028586221584716843,-0.908654124341825,0.03125,0.5973024588867752,0.00040822768335837243
wave,0.4,wave_r0.4,203,0,spatial_part_only,empirical_training_spectrum_k1_5,empirical_training_power,5,1,5,0.9738611322304586,0.02192427355519088,-0.955965866886966,0.0,0.9738581300677747,0.0013585902287592611
wave,0.4,wave_r0.4,204,0,spatial_part_only,in_support_k1_5,uniform,5,1,5,0.9763663409670855,0.02763238907052939,-0.9449553306317546,0.0,0.9763648212827117,0.0009845556586639624
wave,0.4,wave_r0.4,204,0,spatial_part_only,near_support_k6_8,uniform,3,6,8,0.8571302393527332,0.039850498519464955,-0.9111452524298401,0.0,0.8571250397908323,0.0017851022539571476
wave,0.4,wave_r0.4,204,0,spatial_part_only,spectral_extrapolation_k9_nyquist,uniform,24,9,32,0.43348277322687767,0.034120150118034494,-0.8540635722550141,0.041666666666666664,0.4334827029260129,9.80681391261428e-05
wave,0.4,wave_r0.4,204,0,spatial_part_only,all_non_dc_k1_nyquist,uniform,32,1,32,0.5989639088911434,0.03378348467785712,-0.8932165188787206,0.03125,0.5989627861031523,0.0003947412623193339
wave,0.4,wave_r0.4,204,0,spatial_part_only,empirical_training_spectrum_k1_5,empirical_training_power,5,1,5,0.9765719534657864,0.02749302689498931,-0.9452365585241093,0.0,0.9765704262796536,0.0009878474770752582
wave,0.4,wave_r0.4,205,0,spatial_part_only,in_support_k1_5,uniform,5,1,5,0.9808391736653888,0.025630889411191328,-0.9490677560088717,0.0,0.9808321083946049,0.0021576157543747175
wave,0.4,wave_r0.4,205,0,spatial_part_only,near_support_k6_8,uniform,3,6,8,0.8522921488068548,0.035064712775470776,-0.9209681824898639,0.0,0.8522872872009175,0.002126869850415076
wave,0.4,wave_r0.4,205,0,spatial_part_only,spectral_extrapolation_k9_nyquist,uniform,24,9,32,0.4338060687737951,0.030953269346842106,-0.8667987200773248,0.041666666666666664,0.4338059490630862,0.00012545472113460689
wave,0.4,wave_r0.4,205,0,spatial_part_only,all_non_dc_k1_nyquist,uniform,32,1,32,0.599633692115857,0.03060220166932342,-0.9028865160772506,0.03125,0.5996311735840866,0.0006306125509484182
wave,0.4,wave_r0.4,205,0,spatial_part_only,empirical_training_spectrum_k1_5,empirical_training_power,5,1,5,0.9811030647499898,0.025556293995211428,-0.9492255373713163,0.0,0.9810960802269424,0.00214221176330988
wave,0.4,wave_r0.4,206,0,spatial_part_only,in_support_k1_5,uniform,5,1,5,0.9704217395771324,0.0273238789803705,-0.9452287667875222,0.0,0.9704120451495633,0.0021155100038283497
wave,0.4,wave_r0.4,206,0,spatial_part_only,near_support_k6_8,uniform,3,6,8,0.8322771218635566,0.014879775082326473,-0.9648712649664539,0.0,0.8322765241901633,0.000607378529523632
wave,0.4,wave_r0.4,206,0,spatial_part_only,spectral_extrapolation_k9_nyquist,uniform,24,9,32,0.4360653338847909,0.01590303559256341,-0.9296276612854422,0.0,0.43606521250661606,0.00016479569129229662
wave,0.4,wave_r0.4,206,0,spatial_part_only,all_non_dc_k1_nyquist,uniform,32,1,32,0.5955648263397029,0.018085691787269695,-0.9410554012323753,0.0,0.5955622132283267,0.0005110869437102426
wave,0.4,wave_r0.4,206,0,spatial_part_only,empirical_training_spectrum_k1_5,empirical_training_power,5,1,5,0.9708863907266999,0.027356621397511084,-0.9451904575033337,0.0,0.9708768263471325,0.0020975067716780963
wave,0.4,wave_r0.4,207,0,spatial_part_only,in_support_k1_5,uniform,5,1,5,0.9669161834758241,0.022538012690280933,-0.9544435451835765,0.0,0.9668963021012633,0.00369460886181258
wave,0.4,wave_r0.4,207,0,spatial_part_only,near_support_k6_8,uniform,3,6,8,0.8236941714264601,0.007698359157348588,-0.9814808075027021,0.0,0.8236896829342576,0.0017227406834098892
wave,0.4,wave_r0.4,207,0,spatial_part_only,spectral_extrapolation_k9_nyquist,uniform,24,9,32,0.43612680751300276,0.012179722031205997,-0.9456634189843763,0.0,0.43612655673994466,0.00017848022392123787
wave,0.4,wave_r0.4,207,0,spatial_part_only,all_non_dc_k1_nyquist,uniform,32,1,32,0.593585740621633,0.01400658257242554,-0.9538948007150777,0.0,0.5935799582894947,0.0008726497416688211
wave,0.4,wave_r0.4,207,0,spatial_part_only,empirical_training_spectrum_k1_5,empirical_training_power,5,1,5,0.9673111578354023,0.02243552220620974,-0.9546641122246221,0.0,0.9672914630618495,0.00367371428780727
wave,0.4,wave_r0.4,208,0,spatial_part_only,in_support_k1_5,uniform,5,1,5,0.9758032679914251,0.02840517221810905,-0.9434277365520208,0.0,0.9757992098629008,0.0017746145922370913
wave,0.4,wave_r0.4,208,0,spatial_part_only,near_support_k6_8,uniform,3,6,8,0.8535378689661671,0.03622938385281224,-0.918564357728317,0.0,0.8535352002183123,0.0013621316300647512
wave,0.4,wave_r0.4,208,0,spatial_part_only,spectral_extrapolation_k9_nyquist,uniform,24,9,32,0.43356383967063594,0.033280818676245896,-0.8574223006252454,0.041666666666666664,0.4335637268782707,9.994812750943613e-05
wave,0.4,wave_r0.4,208,0,spatial_part_only,all_non_dc_k1_nyquist,uniform,32,1,32,0.5983833231108614,0.032860825465625285,-0.8958855284766458,0.03125,0.5983818709191446,0.00047994446598769293
wave,0.4,wave_r0.4,208,0,spatial_part_only,empirical_training_spectrum_k1_5,empirical_training_power,5,1,5,0.9759759843795104,0.028261648232702472,-0.9437152177633722,0.0,0.9759719270794452,0.001774028025794139
wave,0.4,wave_r0.4,209,0,spatial_part_only,in_support_k1_5,uniform,5,1,5,0.9824321052356823,0.02976082829715734,-0.9411953446596715,0.0,0.982423781641128,0.0025104994540936353
wave,0.4,wave_r0.4,209,0,spatial_part_only,near_support_k6_8,uniform,3,6,8,0.8496044466767873,0.03222788943606114,-0.9269069910089192,0.0,0.8496031530093248,0.0007883215496670925
wave,0.4,wave_r0.4,209,0,spatial_part_only,spectral_extrapolation_k9_nyquist,uniform,24,9,32,0.4341502072213873,0.027406141833408358,-0.8812446545712896,0.041666666666666664,0.4341501378514263,0.00011113044385102686
wave,0.4,wave_r0.4,209,0,spatial_part_only,all_non_dc_k1_nyquist,uniform,32,1,32,0.5998703248608441,0.02826811571906304,-0.9099939952951598,0.03125,0.5998679854558192,0.0005495185178716906
wave,0.4,wave_r0.4,209,0,spatial_part_only,empirical_training_spectrum_k1_5,empirical_training_power,5,1,5,0.9825794546234824,0.029599472215952997,-0.941513360076803,0.0,0.9825710823503288,0.002520110134997737
wave,0.4,wave_r0.4,210,0,spatial_part_only,in_support_k1_5,uniform,5,1,5,0.9698389022908398,0.03152019689365704,-0.9370451680734174,0.0,0.9698315122039537,0.0021759187188708272
wave,0.4,wave_r0.4,210,0,spatial_part_only,near_support_k6_8,uniform,3,6,8,0.8596425928528784,0.042793856039452315,-0.9051592916221893,0.0,0.8596413587846247,0.0009889613547451903
wave,0.4,wave_r0.4,210,0,spatial_part_only,spectral_extrapolation_k9_nyquist,uniform,24,9,32,0.43361732292838834,0.028327762677482358,-0.877354414798769,0.041666666666666664,0.4336173059265477,7.01575524710568e-05
wave,0.4,wave_r0.4,210,0,spatial_part_only,all_non_dc_k1_nyquist,uniform,32,1,32,0.5977162064414938,0.03047573200758112,-0.9029731833782465,0.03125,0.5977141572141267,0.00048532059118422096
wave,0.4,wave_r0.4,210,0,spatial_part_only,empirical_training_spectrum_k1_5,empirical_training_power,5,1,5,0.9699161035215061,0.03134731112644054,-0.9373844871033014,0.0,0.9699087980065456,0.002162471092487262
wave,0.4,wave_r0.4,211,0,spatial_part_only,in_support_k1_5,uniform,5,1,5,1.0056676132653057,0.05919898378326247,-0.8888142722340224,0.0,1.0056578574666961,0.002800948474791921
wave,0.4,wave_r0.4,211,0,spatial_part_only,near_support_k6_8,uniform,3,6,8,0.8655313936255972,0.04868515992048355,-0.893493156010701,0.0,0.8655310635802094,0.0005708312127428298
wave,0.4,wave_r0.4,211,0,spatial_part_only,spectral_extrapolation_k9_nyquist,uniform,24,9,32,0.43264738776064077,0.0449205596987327,-0.811877828327019,0.041666666666666664,0.4326473122963031,0.0001177688283984857
wave,0.4,wave_r0.4,211,0,spatial_part_only,all_non_dc_k1_nyquist,uniform,32,1,32,0.6071624785934219,0.04778267638545959,-0.8540864803038344,0.03125,0.6071598693296969,0.0005794902466797424
wave,0.4,wave_r0.4,211,0,spatial_part_only,empirical_training_spectrum_k1_5,empirical_training_power,5,1,5,1.0056885830820972,0.058869997056730794,-0.8894001736399445,0.0,1.005678887917463,0.002790675274981171
wave,0.4,wave_r0.4,212,0,spatial_part_only,in_support_k1_5,uniform,5,1,5,0.9884293267536353,0.036890334403698426,-0.9280413010669116,0.0,0.9883983496208993,0.004238022625982491
wave,0.4,wave_r0.4,212,0,spatial_part_only,near_support_k6_8,uniform,3,6,8,0.856751291437809,0.040440437786824435,-0.9098510686856786,0.0,0.8567509375051522,0.0005069802925396379
wave,0.4,wave_r0.4,212,0,spatial_part_only,spectral_extrapolation_k9_nyquist,uniform,24,9,32,0.4334658303756947,0.03588945165506339,-0.8470691477049939,0.041666666666666664,0.43346578112441664,8.70996867248746e-05
wave,0.4,wave_r0.4,212,0,spatial_part_only,all_non_dc_k1_nyquist,uniform,32,1,32,0.6019876977188067,0.03649659087233384,-0.885677403424081,0.03125,0.6019796766750538,0.0007750452027790111
wave,0.4,wave_r0.4,212,0,spatial_part_only,empirical_training_spectrum_k1_5,empirical_training_power,5,1,5,0.9885840393133699,0.036702953223973524,-0.9284045277251741,0.0,0.9885531812021183,0.0042280749798126235
wave,0.4,wave_r0.4,213,0,spatial_part_only,in_support_k1_5,uniform,5,1,5,0.9823939171223799,0.036928846068610445,-0.9275423891192135,0.0,0.9823832239907878,0.002402344494727911
wave,0.4,wave_r0.4,213,0,spatial_part_only,near_support_k6_8,uniform,3,6,8,0.8465733434624211,0.02947375703446066,-0.9327119351967639,0.0,0.8465711043038789,0.0013449242428947507
wave,0.4,wave_r0.4,213,0,spatial_part_only,spectral_extrapolation_k9_nyquist,uniform,24,9,32,0.4342958439533553,0.026695294814847635,-0.8841830457471304,0.041666666666666664,0.43429576630956235,0.00011545493351404571
wave,0.4,wave_r0.4,213,0,spatial_part_only,all_non_dc_k1_nyquist,uniform,32,1,32,0.59953777616027,0.028792433786399306,-0.9083525403343471,0.03125,0.5995346998153386,0.0005880441752081532
wave,0.4,wave_r0.4,213,0,spatial_part_only,empirical_training_spectrum_k1_5,empirical_training_power,5,1,5,0.9824350453846094,0.03668823105011106,-0.9280004060382951,0.0,0.9824244790959185,0.002385364897800135
wave,0.4,wave_r0.4,214,0,spatial_part_only,in_support_k1_5,uniform,5,1,5,0.9867889692195209,0.037327937668335406,-0.9271021942567679,0.0,0.9867761301249783,0.00265731012471188
wave,0.4,wave_r0.4,214,0,spatial_part_only,near_support_k6_8,uniform,3,6,8,0.8463932409528288,0.029460176801139847,-0.9327280656695105,0.0,0.8463924739663236,0.0008088241151067116
wave,0.4,wave_r0.4,214,0,spatial_part_only,spectral_extrapolation_k9_nyquist,uniform,24,9,32,0.4339710968557952,0.03021368947411414,-0.8698204234007774,0.041666666666666664,0.43397105102059375,8.464578222087298e-05
wave,0.4,wave_r0.4,214,0,spatial_part_only,all_non_dc_k1_nyquist,uniform,32,1,32,0.6004646329512217,0.031364485022691076,-0.9007184565242337,0.03125,0.6004612099736515,0.0005545163044431402
wave,0.4,wave_r0.4,214,0,spatial_part_only,empirical_training_spectrum_k1_5,empirical_training_power,5,1,5,0.9868889325607642,0.0370999021854484,-0.9275384634547441,0.0,0.9868762272117815,0.002645464277980747
wave,0.4,wave_r0.4,215,0,spatial_part_only,in_support_k1_5,uniform,5,1,5,0.968355899659793,0.02594137898401864,-0.9478196721620282,0.0,0.9683523014881275,0.001524824475316445
wave,0.4,wave_r0.4,215,0,spatial_part_only,near_support_k6_8,uniform,3,6,8,0.85152513933575,0.03433719495052123,-0.9224773565337637,0.0,0.8515230670887606,0.0011441428753803011
wave,0.4,wave_r0.4,215,0,spatial_part_only,spectral_extrapolation_k9_nyquist,uniform,24,9,32,0.4340034720549196,0.024165333664709458,-0.8945134048279264,0.041666666666666664,0.4340033594430939,0.00015370543486931945
wave,0.4,wave_r0.4,215,0,spatial_part_only,all_non_dc_k1_nyquist,uniform,32,1,32,0.596460058934412,0.025566717265943683,-0.9177954446844949,0.03125,0.596458807371916,0.00046079629498708746
wave,0.4,wave_r0.4,215,0,spatial_part_only,empirical_training_spectrum_k1_5,empirical_training_power,5,1,5,0.9684920957537392,0.025802760389084436,-0.9480983729732217,0.0,0.9684884935207992,0.001526830667899745
wave,0.4,wave_r0.4,216,0,spatial_part_only,in_support_k1_5,uniform,5,1,5,0.9773183325974601,0.02526201033900108,-0.9496060130901607,0.0,0.9773159254275495,0.0013601151257825019
wave,0.4,wave_r0.4,216,0,spatial_part_only,near_support_k6_8,uniform,3,6,8,0.8509383685763882,0.03367568811064517,-0.9238635473716891,0.0,0.8509380426116661,0.00043952519961312254
wave,0.4,wave_r0.4,216,0,spatial_part_only,spectral_extrapolation_k9_nyquist,uniform,24,9,32,0.4338337038220807,0.031206022973201342,-0.8657920122727978,0.041666666666666664,0.433833638182389,0.00011668053594480198
wave,0.4,wave_r0.4,216,0,spatial_part_only,all_non_dc_k1_nyquist,uniform,32,1,32,0.5985692399179211,0.030600542589302344,-0.9027272337607821,0.03125,0.5985685466805496,0.00034123387782584763
wave,0.4,wave_r0.4,216,0,spatial_part_only,empirical_training_spectrum_k1_5,empirical_training_power,5,1,5,0.977518573127355,0.025164736645806013,-0.9498052148659,0.0,0.9775161651013602,0.0013609304623787195
wave,0.4,wave_r0.4,217,0,spatial_part_only,in_support_k1_5,uniform,5,1,5,0.9821338628141489,0.02808465388749401,-0.9443988534694648,0.0,0.9821305929497259,0.0017981191510776714
wave,0.4,wave_r0.4,217,0,spatial_part_only,near_support_k6_8,uniform,3,6,8,0.8442467252321028,0.02697555734862245,-0.9380742254003979,0.0,0.8442460160116178,0.0006340508780019855
wave,0.4,wave_r0.4,217,0,spatial_part_only,spectral_extrapolation_k9_nyquist,uniform,24,9,32,0.43441299178516735,0.025118024113107144,-0.8906797441560833,0.041666666666666664,0.4344127599094354,0.00014999248122214183
wave,0.4,wave_r0.4,217,0,spatial_part_only,all_non_dc_k1_nyquist,uniform,32,1,32,0.5992272044055043,0.025780773026513437,-0.9175025793032615,0.03125,0.5992261472626735,0.0004528927480851787
wave,0.4,wave_r0.4,217,0,spatial_part_only,empirical_training_spectrum_k1_5,empirical_training_power,5,1,5,0.9823365359479224,0.027982517371053228,-0.9446065729847842,0.0,0.9823332697423762,0.0017967078541837151
wave,0.4,wave_r0.4,218,0,spatial_part_only,in_support_k1_5,uniform,5,1,5,0.9778571560026953,0.031251318164728384,-0.9380615286369236,0.0,0.9777993167682771,0.005161131815394726
wave,0.4,wave_r0.4,218,0,spatial_part_only,near_support_k6_8,uniform,3,6,8,0.8579768348624106,0.040622260046182655,-0.9095875785400946,0.0,0.8579752731321646,0.0011586397273418401
wave,0.4,wave_r0.4,218,0,spatial_part_only,spectral_extrapolation_k9_nyquist,uniform,24,9,32,0.4336295194483027,0.02998768760681216,-0.8706360025017483,0.041666666666666664,0.43362941003383576,0.00016684797148312845
wave,0.4,wave_r0.4,218,0,spatial_part_only,all_non_dc_k1_nyquist,uniform,32,1,32,0.5995369379388026,0.031332891195313135,-0.9006676504459936,0.03125,0.5995219291546027,0.0010401852992060698
wave,0.4,wave_r0.4,218,0,spatial_part_only,empirical_training_spectrum_k1_5,empirical_training_power,5,1,5,0.9779462859450425,0.031078490703474307,-0.9383989542720611,0.0,0.9778891956521667,0.005114788322175273
wave,0.4,wave_r0.4,219,0,spatial_part_only,in_support_k1_5,uniform,5,1,5,0.9940148596532196,0.04298866057784334,-0.9170906178442582,0.0,0.9940032061069453,0.002659479246654187
wave,0.4,wave_r0.4,219,0,spatial_part_only,near_support_k6_8,uniform,3,6,8,0.8682250285872158,0.05088274803553497,-0.8892779512267801,0.0,0.8682226451300672,0.0012948361437575308
wave,0.4,wave_r0.4,219,0,spatial_part_only,spectral_extrapolation_k9_nyquist,uniform,24,9,32,0.4326607128944528,0.044194498686665355,-0.8146418551655175,0.041666666666666664,0.43266054973772383,0.00017701924495375318
wave,0.4,wave_r0.4,219,0,spatial_part_only,all_non_dc_k1_nyquist,uniform,32,1,32,0.6045261270829443,0.04468045433069151,-0.8623536618085397,0.03125,0.6045227245648207,0.0006696989544823001
wave,0.4,wave_r0.4,219,0,spatial_part_only,empirical_training_spectrum_k1_5,empirical_training_power,5,1,5,0.9941013315734774,0.042759672737193985,-0.9175209163823813,0.0,0.9940895400959275,0.0026816165470982833
