pde,r,seed,layer,head,window_mass,centrality,asymmetry,width,shift,pred_stencil_centrality,pred_stencil_asymmetry,pred_stencil_width,pred_stencil_shift,pred_acf_centrality,pred_acf_asymmetry,pred_acf_width,pred_acf_shift,pred_xcorr_centrality,pred_xcorr_asymmetry,pred_xcorr_width,pred_xcorr_shift,label,entropy
heat,0.1,100,0,0,0.13615493942052126,0.3343800392973344,0.004064494605832839,2.570623522007896,0.00851902489610934,0.8,0.0,0.4472135954999579,0.0,0.33508783185915475,0.0,2.529912810186482,1.1102230246251565e-16,0.33508518759800804,-1.173854047424885e-12,2.529982149871199,-5.5990767577895895e-12,ungated,0.999749260908054
heat,0.1,100,0,1,0.23850556276738644,0.331201613323922,-0.0044499456733136395,2.5877667335860135,0.009721258023215384,0.8,0.0,0.4472135954999579,0.0,0.33508783185915475,0.0,2.529912810186482,1.1102230246251565e-16,0.33508518759800804,-1.173854047424885e-12,2.529982149871199,-5.5990767577895895e-12,no_fit,0.9801419843421524
heat,0.1,100,0,2,0.14282864704728127,0.3328324755693762,0.026748225240529035,2.5905167301140906,-0.0005119551443987791,0.8,0.0,0.4472135954999579,0.0,0.33508783185915475,0.0,2.529912810186482,1.1102230246251565e-16,0.33508518759800804,-1.173854047424885e-12,2.529982149871199,-5.5990767577895895e-12,ungated,0.9998785681096356
heat,0.1,100,0,3,0.1705396082252264,0.3342851374616718,0.006651338479224837,2.566945420062079,0.06771738778435521,0.8,0.0,0.4472135954999579,0.0,0.33508783185915475,0.0,2.529912810186482,1.1102230246251565e-16,0.33508518759800804,-1.173854047424885e-12,2.529982149871199,-5.5990767577895895e-12,no_fit,0.9975295203547722
heat,0.1,100,1,0,0.042723959777504206,0.33122900505715197,0.0070982715758195845,2.6411966820450776,0.05575656106570309,0.8,0.0,0.4472135954999579,0.0,0.33508783185915475,0.0,2.529912810186482,1.1102230246251565e-16,0.33508518759800804,-1.173854047424885e-12,2.529982149871199,-5.5990767577895895e-12,no_fit,0.9705955666168667
heat,0.1,100,1,1,0.007336824026424438,0.32839142197649,0.017288435661610542,2.7448056027526735,0.11405885026901774,0.8,0.0,0.4472135954999579,0.0,0.33508783185915475,0.0,2.529912810186482,1.1102230246251565e-16,0.33508518759800804,-1.173854047424885e-12,2.529982149871199,-5.5990767577895895e-12,no_fit,0.926151518186246
heat,0.1,100,1,2,0.14263042621314526,0.33008739558956385,-0.006249958253316964,2.607997635396641,-0.04171694311317464,0.8,0.0,0.4472135954999579,0.0,0.33508783185915475,0.0,2.529912810186482,1.1102230246251565e-16,0.33508518759800804,-1.173854047424885e-12,2.529982149871199,-5.5990767577895895e-12,no_fit,0.9995010236334236
heat,0.1,100,1,3,0.38598689809441566,0.3353568286067733,-0.005826165782708558,2.5292166803965506,-0.026336939874543608,0.8,0.0,0.4472135954999579,0.0,0.33508783185915475,0.0,2.529912810186482,1.1102230246251565e-16,0.33508518759800804,-1.173854047424885e-12,2.529982149871199,-5.5990767577895895e-12,acf_or_spectral,0.9156746364220156
heat,0.1,100,2,0,0.010541890282183886,0.33025708645142426,0.0036463581684056646,2.6914081289267786,0.009087954756086924,0.8,0.0,0.4472135954999579,0.0,0.33508783185915475,0.0,2.529912810186482,1.1102230246251565e-16,0.33508518759800804,-1.173854047424885e-12,2.529982149871199,-5.5990767577895895e-12,no_fit,0.928422891601246
heat,0.1,100,2,1,0.07273721974343061,0.33325691740340874,0.004096436005668057,2.5962830962199033,0.030423568867464446,0.8,0.0,0.4472135954999579,0.0,0.33508783185915475,0.0,2.529912810186482,1.1102230246251565e-16,0.33508518759800804,-1.173854047424885e-12,2.529982149871199,-5.5990767577895895e-12,no_fit,0.9844706456861068
heat,0.1,100,2,2,0.16357226483523846,0.3353576064068608,0.009358485727816399,2.556920505404431,-0.007237409814212892,0.8,0.0,0.4472135954999579,0.0,0.33508783185915475,0.0,2.529912810186482,1.1102230246251565e-16,0.33508518759800804,-1.173854047424885e-12,2.529982149871199,-5.5990767577895895e-12,acf_or_spectral,0.9991547874479868
heat,0.1,100,2,3,0.1598307564854622,0.3329306731774406,-0.0038075914179360386,2.5837996533195806,0.007927362986625053,0.8,0.0,0.4472135954999579,0.0,0.33508783185915475,0.0,2.529912810186482,1.1102230246251565e-16,0.33508518759800804,-1.173854047424885e-12,2.529982149871199,-5.5990767577895895e-12,no_fit,0.999220123567966
heat,0.1,100,3,0,6.605355065403273e-05,0.3726841898695572,0.11529822103977991,2.4102720364090517,0.34108863651656673,0.8,0.0,0.4472135954999579,0.0,0.33508783185915475,0.0,2.529912810186482,1.1102230246251565e-16,0.33508518759800804,-1.173854047424885e-12,2.529982149871199,-5.5990767577895895e-12,no_fit,0.8166202379125329
heat,0.1,100,3,1,0.00023414907627739012,0.33973443314461554,0.038029533400992264,3.014365336742456,0.04882941918518635,0.8,0.0,0.4472135954999579,0.0,0.33508783185915475,0.0,2.529912810186482,1.1102230246251565e-16,0.33508518759800804,-1.173854047424885e-12,2.529982149871199,-5.5990767577895895e-12,no_fit,0.8983819281091102
heat,0.1,100,3,2,0.0005750256132159848,0.34572415595993816,-0.21604845437491058,2.558162111866749,-0.348104906562613,0.8,0.0,0.4472135954999579,0.0,0.33508783185915475,0.0,2.529912810186482,1.1102230246251565e-16,0.33508518759800804,-1.173854047424885e-12,2.529982149871199,-5.5990767577895895e-12,no_fit,0.8900599583162228
heat,0.1,100,3,3,9.38174352995702e-05,0.3468973648815996,-0.12997903563941304,2.780599857231789,-0.531565093647312,0.8,0.0,0.4472135954999579,0.0,0.33508783185915475,0.0,2.529912810186482,1.1102230246251565e-16,0.33508518759800804,-1.173854047424885e-12,2.529982149871199,-5.5990767577895895e-12,no_fit,0.7839770912054288
heat,0.1,101,0,0,0.20333635620772839,0.33581861569261723,-0.035189398503523796,2.527707915393797,-0.12518766138072634,0.8,0.0,0.4472135954999579,0.0,0.33508783185915475,0.0,2.529912810186482,1.1102230246251565e-16,0.33508518759800804,-1.173854047424885e-12,2.529982149871199,-5.5990767577895895e-12,no_fit,0.9948658389177476
heat,0.1,101,0,1,0.3568026381544769,0.28596625639570294,-0.01762386395012298,3.465553328043993,-0.04784255872324206,0.8,0.0,0.4472135954999579,0.0,0.33508783185915475,0.0,2.529912810186482,1.1102230246251565e-16,0.33508518759800804,-1.173854047424885e-12,2.529982149871199,-5.5990767577895895e-12,no_fit,0.5885676145103363
heat,0.1,101,0,2,0.13403965812176466,0.3317018906413613,-0.007060568048866867,2.58333708020281,-0.03718684502535341,0.8,0.0,0.4472135954999579,0.0,0.33508783185915475,0.0,2.529912810186482,1.1102230246251565e-16,0.33508518759800804,-1.173854047424885e-12,2.529982149871199,-5.5990767577895895e-12,no_fit,0.999642014113136
heat,0.1,101,0,3,0.1936577707529068,0.3306414406161608,-0.005409935219394501,2.6077416872041796,0.04560729432779065,0.8,0.0,0.4472135954999579,0.0,0.33508783185915475,0.0,2.529912810186482,1.1102230246251565e-16,0.33508518759800804,-1.173854047424885e-12,2.529982149871199,-5.5990767577895895e-12,no_fit,0.994441121865546
heat,0.1,101,1,0,0.15445863641798496,0.33162120535578204,-0.03330005093522584,2.59610547955442,-0.12066168888464851,0.8,0.0,0.4472135954999579,0.0,0.33508783185915475,0.0,2.529912810186482,1.1102230246251565e-16,0.33508518759800804,-1.173854047424885e-12,2.529982149871199,-5.5990767577895895e-12,no_fit,0.9983674450751676
heat,0.1,101,1,1,0.08835215889848769,0.2557112056918344,0.02225098376036591,3.679971836858182,0.14526381746072414,0.8,0.0,0.4472135954999579,0.0,0.33508783185915475,0.0,2.529912810186482,1.1102230246251565e-16,0.33508518759800804,-1.173854047424885e-12,2.529982149871199,-5.5990767577895895e-12,no_fit,0.6566729348496247
heat,0.1,101,1,2,0.18297972902655602,0.33491180060623255,0.021181248301934935,2.5373373568154785,0.04753999058639041,0.8,0.0,0.4472135954999579,0.0,0.33508783185915475,0.0,2.529912810186482,1.1102230246251565e-16,0.33508518759800804,-1.173854047424885e-12,2.529982149871199,-5.5990767577895895e-12,acf_or_spectral,0.9970309771252024
heat,0.1,101,1,3,0.13585514947772026,0.32131986126373185,0.0035363462825342123,2.8500072568142283,0.10719122688861693,0.8,0.0,0.4472135954999579,0.0,0.33508783185915475,0.0,2.529912810186482,1.1102230246251565e-16,0.33508518759800804,-1.173854047424885e-12,2.529982149871199,-5.5990767577895895e-12,no_fit,0.9340086627452104
heat,0.1,101,2,0,0.08862062729895115,0.33258006608731544,0.0006853299391348255,2.602980862808517,0.01513205612941143,0.8,0.0,0.4472135954999579,0.0,0.33508783185915475,0.0,2.529912810186482,1.1102230246251565e-16,0.33508518759800804,-1.173854047424885e-12,2.529982149871199,-5.5990767577895895e-12,no_fit,0.9907718886517708
heat,0.1,101,2,1,0.11715299263596535,0.3338655120647725,0.004986747007846111,2.584652277169963,0.007680921502936255,0.8,0.0,0.4472135954999579,0.0,0.33508783185915475,0.0,2.529912810186482,1.1102230246251565e-16,0.33508518759800804,-1.173854047424885e-12,2.529982149871199,-5.5990767577895895e-12,no_fit,0.998786120399986
heat,0.1,101,2,2,0.14066954515874386,0.33399088563428886,-0.0015847384246518252,2.5855828049265632,0.005050642144588724,0.8,0.0,0.4472135954999579,0.0,0.33508783185915475,0.0,2.529912810186482,1.1102230246251565e-16,0.33508518759800804,-1.173854047424885e-12,2.529982149871199,-5.5990767577895895e-12,ungated,0.9998312254473988
heat,0.1,101,2,3,0.13528721407055855,0.33325702168178645,0.0005477474268964603,2.5898900567936183,-0.0030442325720549945,0.8,0.0,0.4472135954999579,0.0,0.33508783185915475,0.0,2.529912810186482,1.1102230246251565e-16,0.33508518759800804,-1.173854047424885e-12,2.529982149871199,-5.5990767577895895e-12,ungated,0.9998619291541094
heat,0.1,101,3,0,0.029955782927572727,0.3307950784123518,-0.013392912101710562,2.6425153868692535,-0.052214228004752006,0.8,0.0,0.4472135954999579,0.0,0.33508783185915475,0.0,2.529912810186482,1.1102230246251565e-16,0.33508518759800804,-1.173854047424885e-12,2.529982149871199,-5.5990767577895895e-12,no_fit,0.953893401385564
heat,0.1,101,3,1,0.013348509441129863,0.4087998350208397,0.034691871566132654,1.749779612197001,0.029898731867084777,0.8,0.0,0.4472135954999579,0.0,0.33508783185915475,0.0,2.529912810186482,1.1102230246251565e-16,0.33508518759800804,-1.173854047424885e-12,2.529982149871199,-5.5990767577895895e-12,no_fit,0.8577076829739234
heat,0.1,101,3,2,0.0026938801165670156,0.329662027496524,0.0168329010514195,2.748192300095246,0.10283806737817136,0.8,0.0,0.4472135954999579,0.0,0.33508783185915475,0.0,2.529912810186482,1.1102230246251565e-16,0.33508518759800804,-1.173854047424885e-12,2.529982149871199,-5.5990767577895895e-12,no_fit,0.9063435798710308
heat,0.1,101,3,3,0.010288042365573347,0.33119584970827187,0.03983434770582207,2.7452535725771816,0.13264416682034175,0.8,0.0,0.4472135954999579,0.0,0.33508783185915475,0.0,2.529912810186482,1.1102230246251565e-16,0.33508518759800804,-1.173854047424885e-12,2.529982149871199,-5.5990767577895895e-12,no_fit,0.9365250642148342
heat,0.1,102,0,0,0.14164485223591328,0.33084633849144235,0.004509485221437018,2.6086565613544805,0.0026322571815076135,0.8,0.0,0.4472135954999579,0.0,0.33508783185915475,0.0,2.529912810186482,1.1102230246251565e-16,0.33508518759800804,-1.173854047424885e-12,2.529982149871199,-5.5990767577895895e-12,ungated,0.9999107335393196
heat,0.1,102,0,1,0.15223016776144505,0.3333928797940504,-0.010943248395714136,2.5716386651956844,-0.004414560800981404,0.8,0.0,0.4472135954999579,0.0,0.33508783185915475,0.0,2.529912810186482,1.1102230246251565e-16,0.33508518759800804,-1.173854047424885e-12,2.529982149871199,-5.5990767577895895e-12,ungated,0.9996869680901398
heat,0.1,102,0,2,0.17755798809230328,0.33228500353049256,0.008763221835350435,2.589687952829736,0.030494351686977617,0.8,0.0,0.4472135954999579,0.0,0.33508783185915475,0.0,2.529912810186482,1.1102230246251565e-16,0.33508518759800804,-1.173854047424885e-12,2.529982149871199,-5.5990767577895895e-12,no_fit,0.9971232322409688
heat,0.1,102,0,3,0.1341137047857046,0.33259415166044454,0.004000463024404781,2.5871564027588314,0.00926482381045568,0.8,0.0,0.4472135954999579,0.0,0.33508783185915475,0.0,2.529912810186482,1.1102230246251565e-16,0.33508518759800804,-1.173854047424885e-12,2.529982149871199,-5.5990767577895895e-12,ungated,0.9998643975083372
heat,0.1,102,1,0,1.3178040944694658e-05,0.38834154166755935,-0.16995429030773013,2.811075013635469,-0.3716861679505672,0.8,0.0,0.4472135954999579,0.0,0.33508783185915475,0.0,2.529912810186482,1.1102230246251565e-16,0.33508518759800804,-1.173854047424885e-12,2.529982149871199,-5.5990767577895895e-12,no_fit,0.8029873101599106
heat,0.1,102,1,1,0.029786580242216587,0.3339083855524383,-0.016370383090557494,2.6197667808145098,-0.004563824760309976,0.8,0.0,0.4472135954999579,0.0,0.33508783185915475,0.0,2.529912810186482,1.1102230246251565e-16,0.33508518759800804,-1.173854047424885e-12,2.529982149871199,-5.5990767577895895e-12,no_fit,0.9395560941947486
heat,0.1,102,1,2,0.22478866390883923,0.3341695891527587,0.0058530469833460545,2.566955811425366,0.06665902126070561,0.8,0.0,0.4472135954999579,0.0,0.33508783185915475,0.0,2.529912810186482,1.1102230246251565e-16,0.33508518759800804,-1.173854047424885e-12,2.529982149871199,-5.5990767577895895e-12,no_fit,0.988210396289231
heat,0.1,102,1,3,0.06936191115528345,0.33175567598113703,0.01694312017467986,2.6244857283050376,0.07432628167287297,0.8,0.0,0.4472135954999579,0.0,0.33508783185915475,0.0,2.529912810186482,1.1102230246251565e-16,0.33508518759800804,-1.173854047424885e-12,2.529982149871199,-5.5990767577895895e-12,no_fit,0.9878553961001022
heat,0.1,102,2,0,0.23027359694242477,0.3342935406973924,-0.00641827194147421,2.578979165049111,-0.06649561962078326,0.8,0.0,0.4472135954999579,0.0,0.33508783185915475,0.0,2.529912810186482,1.1102230246251565e-16,0.33508518759800804,-1.173854047424885e-12,2.529982149871199,-5.5990767577895895e-12,no_fit,0.9790925432621498
heat,0.1,102,2,1,0.014326185337267816,0.3318784441331288,-0.003013597440767156,2.6746863413118893,-0.012915050784369164,0.8,0.0,0.4472135954999579,0.0,0.33508783185915475,0.0,2.529912810186482,1.1102230246251565e-16,0.33508518759800804,-1.173854047424885e-12,2.529982149871199,-5.5990767577895895e-12,no_fit,0.9356530100928904
heat,0.1,102,2,2,0.11734495405107737,0.33287503285061915,0.003473365323845488,2.6023189845962347,0.01949243157748659,0.8,0.0,0.4472135954999579,0.0,0.33508783185915475,0.0,2.529912810186482,1.1102230246251565e-16,0.33508518759800804,-1.173854047424885e-12,2.529982149871199,-5.5990767577895895e-12,no_fit,0.9989505352661748
heat,0.1,102,2,3,0.002475680666975677,0.32640009838833445,-0.013685529004037161,2.7611981266235057,-0.07129523695995488,0.8,0.0,0.4472135954999579,0.0,0.33508783185915475,0.0,2.529912810186482,1.1102230246251565e-16,0.33508518759800804,-1.173854047424885e-12,2.529982149871199,-5.5990767577895895e-12,no_fit,0.8959382999300517
heat,0.1,102,3,0,0.00033533347777847666,0.4110987384533989,0.04902780509421536,2.9931173911517757,0.4642744080522381,0.8,0.0,0.4472135954999579,0.0,0.33508783185915475,0.0,2.529912810186482,1.1102230246251565e-16,0.33508518759800804,-1.173854047424885e-12,2.529982149871199,-5.5990767577895895e-12,no_fit,0.8632461070673471
heat,0.1,102,3,1,0.0124323625350371,0.3373245410781419,0.06497605909744353,2.6366722318982605,0.2448187679698388,0.8,0.0,0.4472135954999579,0.0,0.33508783185915475,0.0,2.529912810186482,1.1102230246251565e-16,0.33508518759800804,-1.173854047424885e-12,2.529982149871199,-5.5990767577895895e-12,no_fit,0.914270988511496
heat,0.1,102,3,2,0.0010572293540462852,0.332690831235127,-0.2004863480238995,2.8772441574497623,-0.8112161374552375,0.8,0.0,0.4472135954999579,0.0,0.33508783185915475,0.0,2.529912810186482,1.1102230246251565e-16,0.33508518759800804,-1.173854047424885e-12,2.529982149871199,-5.5990767577895895e-12,no_fit,0.8823104567832565
heat,0.1,102,3,3,0.003050100029213354,0.33791918033238294,0.04103754550169513,2.7546455144928785,0.16551651941740553,0.8,0.0,0.4472135954999579,0.0,0.33508783185915475,0.0,2.529912810186482,1.1102230246251565e-16,0.33508518759800804,-1.173854047424885e-12,2.529982149871199,-5.5990767577895895e-12,no_fit,0.9245951640814194
heat,0.1,103,0,0,0.2520694602280855,0.3316277010416304,-0.012163019002896642,2.598337132771191,-0.06426216375394156,0.8,0.0,0.4472135954999579,0.0,0.33508783185915475,0.0,2.529912810186482,1.1102230246251565e-16,0.33508518759800804,-1.173854047424885e-12,2.529982149871199,-5.5990767577895895e-12,no_fit,0.9766113228383828
heat,0.1,103,0,1,0.32741278875619173,0.28720497987498417,-0.034980813024471535,3.3413313654905403,-0.010318926979667076,0.8,0.0,0.4472135954999579,0.0,0.33508783185915475,0.0,2.529912810186482,1.1102230246251565e-16,0.33508518759800804,-1.173854047424885e-12,2.529982149871199,-5.5990767577895895e-12,no_fit,0.6296375150588271
heat,0.1,103,0,2,0.18378901481628418,0.3305828000985935,0.007343013006807514,2.6134925719005078,0.012999101174391903,0.8,0.0,0.4472135954999579,0.0,0.33508783185915475,0.0,2.529912810186482,1.1102230246251565e-16,0.33508518759800804,-1.173854047424885e-12,2.529982149871199,-5.5990767577895895e-12,no_fit,0.9931476845635115
heat,0.1,103,0,3,0.31576143577694893,0.32920397000141843,0.016523069076382464,2.6290196938647794,0.07648017117192213,0.8,0.0,0.4472135954999579,0.0,0.33508783185915475,0.0,2.529912810186482,1.1102230246251565e-16,0.33508518759800804,-1.173854047424885e-12,2.529982149871199,-5.5990767577895895e-12,no_fit,0.9392268887177118
heat,0.1,103,1,0,0.13262632116675377,0.33217358232290867,0.000984136505232548,2.5952480767995123,0.005599115230950136,0.8,0.0,0.4472135954999579,0.0,0.33508783185915475,0.0,2.529912810186482,1.1102230246251565e-16,0.33508518759800804,-1.173854047424885e-12,2.529982149871199,-5.5990767577895895e-12,ungated,0.9998308829589058
heat,0.1,103,1,1,0.1339129712432623,0.33427386849784885,-0.005350177169313537,2.5825902316427274,-0.013533539435896302,0.8,0.0,0.4472135954999579,0.0,0.33508783185915475,0.0,2.529912810186482,1.1102230246251565e-16,0.33508518759800804,-1.173854047424885e-12,2.529982149871199,-5.5990767577895895e-12,no_fit,0.999670609834334
heat,0.1,103,1,2,0.25584990717470646,0.33358640114742466,-0.009430835617193795,2.5657613694063373,-0.0493424525347283,0.8,0.0,0.4472135954999579,0.0,0.33508783185915475,0.0,2.529912810186482,1.1102230246251565e-16,0.33508518759800804,-1.173854047424885e-12,2.529982149871199,-5.5990767577895895e-12,no_fit,0.971222285364716
heat,0.1,103,1,3,0.07315900549292564,0.3324706350630024,0.0026118501685836594,2.6113676920352673,0.030046534681849757,0.8,0.0,0.4472135954999579,0.0,0.33508783185915475,0.0,2.529912810186482,1.1102230246251565e-16,0.33508518759800804,-1.173854047424885e-12,2.529982149871199,-5.5990767577895895e-12,no_fit,0.9847044024717602
heat,0.1,103,2,0,0.13379839807748795,0.33307860087068714,-0.0018437245079475158,2.5832735481476816,-0.0036854434682656034,0.8,0.0,0.4472135954999579,0.0,0.33508783185915475,0.0,2.529912810186482,1.1102230246251565e-16,0.33508518759800804,-1.173854047424885e-12,2.529982149871199,-5.5990767577895895e-12,ungated,0.999835355577698
heat,0.1,103,2,1,0.07681404333561659,0.33375076497299094,-0.001398970393631545,2.597534346219483,0.010539831791942844,0.8,0.0,0.4472135954999579,0.0,0.33508783185915475,0.0,2.529912810186482,1.1102230246251565e-16,0.33508518759800804,-1.173854047424885e-12,2.529982149871199,-5.5990767577895895e-12,no_fit,0.9845002597572936
heat,0.1,103,2,2,0.13977591041475534,0.33392912078511894,0.00466768872220151,2.5799275167343145,0.014299871096200512,0.8,0.0,0.4472135954999579,0.0,0.33508783185915475,0.0,2.529912810186482,1.1102230246251565e-16,0.33508518759800804,-1.173854047424885e-12,2.529982149871199,-5.5990767577895895e-12,ungated,0.9999890104614833
heat,0.1,103,2,3,0.032789254328235984,0.33264677691584077,0.004940299317374773,2.631422164107563,0.013770878856256386,0.8,0.0,0.4472135954999579,0.0,0.33508783185915475,0.0,2.529912810186482,1.1102230246251565e-16,0.33508518759800804,-1.173854047424885e-12,2.529982149871199,-5.5990767577895895e-12,no_fit,0.9562074057432858
heat,0.1,103,3,0,6.787302208977053e-05,0.38106739024709235,0.1408071918420488,2.4602589448307937,0.09722626919145022,0.8,0.0,0.4472135954999579,0.0,0.33508783185915475,0.0,2.529912810186482,1.1102230246251565e-16,0.33508518759800804,-1.173854047424885e-12,2.529982149871199,-5.5990767577895895e-12,no_fit,0.7831028772202492
heat,0.1,103,3,1,0.0051210070960223675,0.3391353762126117,-0.03929071684918169,2.678116253611571,-0.11846744090060818,0.8,0.0,0.4472135954999579,0.0,0.33508783185915475,0.0,2.529912810186482,1.1102230246251565e-16,0.33508518759800804,-1.173854047424885e-12,2.529982149871199,-5.5990767577895895e-12,no_fit,0.9123566586811376
heat,0.1,103,3,2,0.00031264684912457597,0.34277820500825484,-0.026537805641059602,2.8230942377515444,-0.16728846593812463,0.8,0.0,0.4472135954999579,0.0,0.33508783185915475,0.0,2.529912810186482,1.1102230246251565e-16,0.33508518759800804,-1.173854047424885e-12,2.529982149871199,-5.5990767577895895e-12,no_fit,0.8703317497698855
heat,0.1,103,3,3,0.019023091299459338,0.3383637331491005,0.011911394132822491,2.633346505198826,0.04337371856096095,0.8,0.0,0.4472135954999579,0.0,0.33508783185915475,0.0,2.529912810186482,1.1102230246251565e-16,0.33508518759800804,-1.173854047424885e-12,2.529982149871199,-5.5990767577895895e-12,no_fit,0.940727017930188
heat,0.1,104,0,0,0.14242363534867764,0.3344011357406913,0.014874782454033448,2.579160061618934,0.0766138237097792,0.8,0.0,0.4472135954999579,0.0,0.33508783185915475,0.0,2.529912810186482,1.1102230246251565e-16,0.33508518759800804,-1.173854047424885e-12,2.529982149871199,-5.5990767577895895e-12,ungated,0.999903479295954
heat,0.1,104,0,1,0.14043721742928028,0.33390688262922025,-0.006287835288486182,2.579919157151293,-0.01816516215035907,0.8,0.0,0.4472135954999579,0.0,0.33508783185915475,0.0,2.529912810186482,1.1102230246251565e-16,0.33508518759800804,-1.173854047424885e-12,2.529982149871199,-5.5990767577895895e-12,no_fit,0.9993587409128126
heat,0.1,104,0,2,0.6939618065953255,0.3285597806484426,0.0030053961623461873,2.552317216058405,0.017295735519979427,0.8,0.0,0.4472135954999579,0.0,0.33508783185915475,0.0,2.529912810186482,1.1102230246251565e-16,0.33508518759800804,-1.173854047424885e-12,2.529982149871199,-5.5990767577895895e-12,no_fit,0.6912662722381132
heat,0.1,104,0,3,0.36025841906666756,0.3353691696223897,-0.0041625872850251594,2.523658274041796,-0.011243609544391742,0.8,0.0,0.4472135954999579,0.0,0.33508783185915475,0.0,2.529912810186482,1.1102230246251565e-16,0.33508518759800804,-1.173854047424885e-12,2.529982149871199,-5.5990767577895895e-12,acf_or_spectral,0.9271789979922056
heat,0.1,104,1,0,0.12991701520513743,0.2804415484256608,-0.045482796502265596,3.6703983848009987,0.010991211935025946,0.8,0.0,0.4472135954999579,0.0,0.33508783185915475,0.0,2.529912810186482,1.1102230246251565e-16,0.33508518759800804,-1.173854047424885e-12,2.529982149871199,-5.5990767577895895e-12,no_fit,0.5791940830248286
heat,0.1,104,1,1,4.1494334368508135e-06,0.37040160009329703,0.031653512389619935,2.7840763152792674,0.4404234358099831,0.8,0.0,0.4472135954999579,0.0,0.33508783185915475,0.0,2.529912810186482,1.1102230246251565e-16,0.33508518759800804,-1.173854047424885e-12,2.529982149871199,-5.5990767577895895e-12,no_fit,0.5689453947704681
heat,0.1,104,1,2,0.178150936961174,0.3314863809212484,0.006832938233108301,2.614172094855071,0.028111532618399104,0.8,0.0,0.4472135954999579,0.0,0.33508783185915475,0.0,2.529912810186482,1.1102230246251565e-16,0.33508518759800804,-1.173854047424885e-12,2.529982149871199,-5.5990767577895895e-12,no_fit,0.9913813265014784
heat,0.1,104,1,3,0.14588379953056574,0.33425598074173357,-0.005821844381049739,2.5677695412098536,-0.1044856512101256,0.8,0.0,0.4472135954999579,0.0,0.33508783185915475,0.0,2.529912810186482,1.1102230246251565e-16,0.33508518759800804,-1.173854047424885e-12,2.529982149871199,-5.5990767577895895e-12,no_fit,0.9989839355354636
heat,0.1,104,2,0,0.1592750269919634,0.33303104208531403,0.004785284424006129,2.580682328869995,0.03366235127536754,0.8,0.0,0.4472135954999579,0.0,0.33508783185915475,0.0,2.529912810186482,1.1102230246251565e-16,0.33508518759800804,-1.173854047424885e-12,2.529982149871199,-5.5990767577895895e-12,no_fit,0.9988218303202387
heat,0.1,104,2,1,0.0682487366721034,0.3354817111840045,0.008352421418190419,2.579762259786247,0.028063042576230324,0.8,0.0,0.4472135954999579,0.0,0.33508783185915475,0.0,2.529912810186482,1.1102230246251565e-16,0.33508518759800804,-1.173854047424885e-12,2.529982149871199,-5.5990767577895895e-12,no_fit,0.9800111653578534
heat,0.1,104,2,2,0.16976390033960342,0.33438662620577886,0.005991384619231437,2.570222003465453,0.007551966013212341,0.8,0.0,0.4472135954999579,0.0,0.33508783185915475,0.0,2.529912810186482,1.1102230246251565e-16,0.33508518759800804,-1.173854047424885e-12,2.529982149871199,-5.5990767577895895e-12,acf_or_spectral,0.9975379483826512
heat,0.1,104,2,3,0.0402101562358439,0.33147077390564283,0.0010522076918383647,2.627719053548679,0.01673941018141445,0.8,0.0,0.4472135954999579,0.0,0.33508783185915475,0.0,2.529912810186482,1.1102230246251565e-16,0.33508518759800804,-1.173854047424885e-12,2.529982149871199,-5.5990767577895895e-12,no_fit,0.9571609249464952
heat,0.1,104,3,0,0.005355540895834565,0.32825099226002286,-0.05153639960883411,2.686114879910596,-0.33394106645141475,0.8,0.0,0.4472135954999579,0.0,0.33508783185915475,0.0,2.529912810186482,1.1102230246251565e-16,0.33508518759800804,-1.173854047424885e-12,2.529982149871199,-5.5990767577895895e-12,no_fit,0.8671684889336657
heat,0.1,104,3,1,0.033074179431423545,0.33332080066207537,0.009621768354626989,2.6253918529980753,0.09259712599675873,0.8,0.0,0.4472135954999579,0.0,0.33508783185915475,0.0,2.529912810186482,1.1102230246251565e-16,0.33508518759800804,-1.173854047424885e-12,2.529982149871199,-5.5990767577895895e-12,no_fit,0.9509726459995604
heat,0.1,104,3,2,0.0032612015202175826,0.32911412502073334,-0.005778469670028427,2.798720933753367,-0.053567827470660134,0.8,0.0,0.4472135954999579,0.0,0.33508783185915475,0.0,2.529912810186482,1.1102230246251565e-16,0.33508518759800804,-1.173854047424885e-12,2.529982149871199,-5.5990767577895895e-12,no_fit,0.889557668341556
heat,0.1,104,3,3,0.1043494762852788,0.33111593208181217,-0.0009405516465290406,2.602004127007713,0.007822417037060714,0.8,0.0,0.4472135954999579,0.0,0.33508783185915475,0.0,2.529912810186482,1.1102230246251565e-16,0.33508518759800804,-1.173854047424885e-12,2.529982149871199,-5.5990767577895895e-12,no_fit,0.9959408304734324
heat,0.1,105,0,0,0.4498720895498991,0.2910776053791822,0.012928035336913564,3.2043704369559363,0.01807094016323596,0.8,0.0,0.4472135954999579,0.0,0.33508783185915475,0.0,2.529912810186482,1.1102230246251565e-16,0.33508518759800804,-1.173854047424885e-12,2.529982149871199,-5.5990767577895895e-12,no_fit,0.6484176560611333
heat,0.1,105,0,1,0.13005712069571018,0.332707402805935,-0.0010311354740644841,2.6048952712701805,-0.03334565958339325,0.8,0.0,0.4472135954999579,0.0,0.33508783185915475,0.0,2.529912810186482,1.1102230246251565e-16,0.33508518759800804,-1.173854047424885e-12,2.529982149871199,-5.5990767577895895e-12,no_fit,0.9996229869413604
heat,0.1,105,0,2,0.1508587785065174,0.33205110170562846,-0.010919492526306075,2.592776175219679,-0.06209234552334936,0.8,0.0,0.4472135954999579,0.0,0.33508783185915475,0.0,2.529912810186482,1.1102230246251565e-16,0.33508518759800804,-1.173854047424885e-12,2.529982149871199,-5.5990767577895895e-12,no_fit,0.9995455265971084
heat,0.1,105,0,3,0.16358648240566254,0.33224721994344236,-0.017786577691353233,2.5973471682399305,-0.10620171581556481,0.8,0.0,0.4472135954999579,0.0,0.33508783185915475,0.0,2.529912810186482,1.1102230246251565e-16,0.33508518759800804,-1.173854047424885e-12,2.529982149871199,-5.5990767577895895e-12,no_fit,0.9981187260199856
heat,0.1,105,1,0,0.1798610221594572,0.33351360137920877,-0.0026195822543250576,2.5685930670198664,0.015009524798178853,0.8,0.0,0.4472135954999579,0.0,0.33508783185915475,0.0,2.529912810186482,1.1102230246251565e-16,0.33508518759800804,-1.173854047424885e-12,2.529982149871199,-5.5990767577895895e-12,acf_or_spectral,0.9969979069145078
heat,0.1,105,1,1,0.13129332102835178,0.3323941439267787,0.00026074821180079906,2.595702965704476,0.023867500600992686,0.8,0.0,0.4472135954999579,0.0,0.33508783185915475,0.0,2.529912810186482,1.1102230246251565e-16,0.33508518759800804,-1.173854047424885e-12,2.529982149871199,-5.5990767577895895e-12,ungated,0.9997405901391916
heat,0.1,105,1,2,0.13383780606091022,0.33209683937451095,-0.0028488883857823483,2.596565122291962,-0.025952761603885655,0.8,0.0,0.4472135954999579,0.0,0.33508783185915475,0.0,2.529912810186482,1.1102230246251565e-16,0.33508518759800804,-1.173854047424885e-12,2.529982149871199,-5.5990767577895895e-12,ungated,0.9998478916333609
heat,0.1,105,1,3,0.016418191022239625,0.33052067702466725,0.0068926764537883935,2.68803012076082,0.021221660709697998,0.8,0.0,0.4472135954999579,0.0,0.33508783185915475,0.0,2.529912810186482,1.1102230246251565e-16,0.33508518759800804,-1.173854047424885e-12,2.529982149871199,-5.5990767577895895e-12,no_fit,0.9458500066192506
heat,0.1,105,2,0,0.16667925380170345,0.3331323795360012,-0.0028703221425003707,2.5980264769067656,0.0030594876967591222,0.8,0.0,0.4472135954999579,0.0,0.33508783185915475,0.0,2.529912810186482,1.1102230246251565e-16,0.33508518759800804,-1.173854047424885e-12,2.529982149871199,-5.5990767577895895e-12,no_fit,0.9976037125322954
heat,0.1,105,2,1,0.04066436551511288,0.33526533123127883,0.0015602794610897349,2.6217266808187403,-0.00495902368662926,0.8,0.0,0.4472135954999579,0.0,0.33508783185915475,0.0,2.529912810186482,1.1102230246251565e-16,0.33508518759800804,-1.173854047424885e-12,2.529982149871199,-5.5990767577895895e-12,no_fit,0.9690529316465776
heat,0.1,105,2,2,0.060980191454291344,0.3372101680681718,0.0133669064782239,2.5675675137910545,0.06409447063397034,0.8,0.0,0.4472135954999579,0.0,0.33508783185915475,0.0,2.529912810186482,1.1102230246251565e-16,0.33508518759800804,-1.173854047424885e-12,2.529982149871199,-5.5990767577895895e-12,no_fit,0.9712850083647652
heat,0.1,105,2,3,1.4962357568037987e-05,0.38906441986025314,-0.048514940401709644,2.451120305213917,-0.20624017473284323,0.8,0.0,0.4472135954999579,0.0,0.33508783185915475,0.0,2.529912810186482,1.1102230246251565e-16,0.33508518759800804,-1.173854047424885e-12,2.529982149871199,-5.5990767577895895e-12,no_fit,0.8063508001506338
heat,0.1,105,3,0,0.008830180624499917,0.3310709221930431,0.0012226521339268688,2.712599619999888,-0.017170605497849545,0.8,0.0,0.4472135954999579,0.0,0.33508783185915475,0.0,2.529912810186482,1.1102230246251565e-16,0.33508518759800804,-1.173854047424885e-12,2.529982149871199,-5.5990767577895895e-12,no_fit,0.9340426811913366
heat,0.1,105,3,1,0.0025444533384870738,0.3289585437356374,-0.0018185610044742166,2.809244508435918,-0.011774628340014526,0.8,0.0,0.4472135954999579,0.0,0.33508783185915475,0.0,2.529912810186482,1.1102230246251565e-16,0.33508518759800804,-1.173854047424885e-12,2.529982149871199,-5.5990767577895895e-12,no_fit,0.9186892506881862
heat,0.1,105,3,2,0.009664733428508043,0.33111468429640634,0.009134742145854092,2.6940497127458327,0.043698512353036234,0.8,0.0,0.4472135954999579,0.0,0.33508783185915475,0.0,2.529912810186482,1.1102230246251565e-16,0.33508518759800804,-1.173854047424885e-12,2.529982149871199,-5.5990767577895895e-12,no_fit,0.923625227510791
heat,0.1,105,3,3,0.007396171800792217,0.33100261784227486,0.002576235958379699,2.735176025016365,0.010258318906101849,0.8,0.0,0.4472135954999579,0.0,0.33508783185915475,0.0,2.529912810186482,1.1102230246251565e-16,0.33508518759800804,-1.173854047424885e-12,2.529982149871199,-5.5990767577895895e-12,no_fit,0.9310291068879306
heat,0.1,106,0,0,0.14906249195337296,0.3322937078319526,0.006933542342750252,2.5939789949336363,0.06194359935799931,0.8,0.0,0.4472135954999579,0.0,0.33508783185915475,0.0,2.529912810186482,1.1102230246251565e-16,0.33508518759800804,-1.173854047424885e-12,2.529982149871199,-5.5990767577895895e-12,no_fit,0.9995327532195966
heat,0.1,106,0,1,0.13491859659552574,0.3337151892486702,-1.0075694588542882e-05,2.5844416048639025,-0.014251482075995747,0.8,0.0,0.4472135954999579,0.0,0.33508783185915475,0.0,2.529912810186482,1.1102230246251565e-16,0.33508518759800804,-1.173854047424885e-12,2.529982149871199,-5.5990767577895895e-12,ungated,0.9999346683146392
heat,0.1,106,0,2,0.1590402666479349,0.3341993299871058,-0.020915366126175595,2.5762199272846544,-0.014099078150305921,0.8,0.0,0.4472135954999579,0.0,0.33508783185915475,0.0,2.529912810186482,1.1102230246251565e-16,0.33508518759800804,-1.173854047424885e-12,2.529982149871199,-5.5990767577895895e-12,no_fit,0.9991367695961338
heat,0.1,106,0,3,0.12267646845430136,0.33315598482644637,0.006082999960656485,2.587723196649393,0.009379253129610687,0.8,0.0,0.4472135954999579,0.0,0.33508783185915475,0.0,2.529912810186482,1.1102230246251565e-16,0.33508518759800804,-1.173854047424885e-12,2.529982149871199,-5.5990767577895895e-12,no_fit,0.999256027063198
heat,0.1,106,1,0,0.13451808784157038,0.33316225825541423,0.010884214911824931,2.5876354037120124,0.0459627101365373,0.8,0.0,0.4472135954999579,0.0,0.33508783185915475,0.0,2.529912810186482,1.1102230246251565e-16,0.33508518759800804,-1.173854047424885e-12,2.529982149871199,-5.5990767577895895e-12,ungated,0.9998674893111376
heat,0.1,106,1,1,0.1352735636755824,0.33517433316472306,-0.0078458561812587,2.571069308560998,-0.009598125446513561,0.8,0.0,0.4472135954999579,0.0,0.33508783185915475,0.0,2.529912810186482,1.1102230246251565e-16,0.33508518759800804,-1.173854047424885e-12,2.529982149871199,-5.5990767577895895e-12,ungated,0.9998285102776232
heat,0.1,106,1,2,0.13320431485772133,0.3333321655873387,-0.0042052077567378155,2.5886545369617395,-0.015625716210705076,0.8,0.0,0.4472135954999579,0.0,0.33508783185915475,0.0,2.529912810186482,1.1102230246251565e-16,0.33508518759800804,-1.173854047424885e-12,2.529982149871199,-5.5990767577895895e-12,ungated,0.9998918176615388
heat,0.1,106,1,3,0.13593998923897743,0.3333069379527372,0.003011166416547582,2.5869862072191854,-0.0010639302780379167,0.8,0.0,0.4472135954999579,0.0,0.33508783185915475,0.0,2.529912810186482,1.1102230246251565e-16,0.33508518759800804,-1.173854047424885e-12,2.529982149871199,-5.5990767577895895e-12,ungated,0.9999075267693854
heat,0.1,106,2,0,0.02449908759444952,0.33453720235894957,-0.012945763688740319,2.6304778508686124,-0.025323299764556717,0.8,0.0,0.4472135954999579,0.0,0.33508783185915475,0.0,2.529912810186482,1.1102230246251565e-16,0.33508518759800804,-1.173854047424885e-12,2.529982149871199,-5.5990767577895895e-12,no_fit,0.9515130034156476
heat,0.1,106,2,1,0.0005446636423585005,0.3640733567221838,0.08623617115747827,2.6223609819504614,0.23530090657911096,0.8,0.0,0.4472135954999579,0.0,0.33508783185915475,0.0,2.529912810186482,1.1102230246251565e-16,0.33508518759800804,-1.173854047424885e-12,2.529982149871199,-5.5990767577895895e-12,no_fit,0.8861127519732582
heat,0.1,106,2,2,0.14241610374301672,0.33379638591919225,-0.01521560938136063,2.5694685640589214,-0.04928704103209436,0.8,0.0,0.4472135954999579,0.0,0.33508783185915475,0.0,2.529912810186482,1.1102230246251565e-16,0.33508518759800804,-1.173854047424885e-12,2.529982149871199,-5.5990767577895895e-12,ungated,0.9998001953355772
heat,0.1,106,2,3,0.16541877202689648,0.33364908112962127,0.015168962070650356,2.557791382209479,0.05350294797705646,0.8,0.0,0.4472135954999579,0.0,0.33508783185915475,0.0,2.529912810186482,1.1102230246251565e-16,0.33508518759800804,-1.173854047424885e-12,2.529982149871199,-5.5990767577895895e-12,acf_or_spectral,0.998683868110692
heat,0.1,106,3,0,0.0031174522591754794,0.32489527202261137,-0.02470401514127634,2.844209660073218,-0.1402322445617341,0.8,0.0,0.4472135954999579,0.0,0.33508783185915475,0.0,2.529912810186482,1.1102230246251565e-16,0.33508518759800804,-1.173854047424885e-12,2.529982149871199,-5.5990767577895895e-12,no_fit,0.928272140813367
heat,0.1,106,3,1,2.0910119587824738e-05,0.3492189774795541,0.015426137028048422,2.8115909894340083,0.2786322645847622,0.8,0.0,0.4472135954999579,0.0,0.33508783185915475,0.0,2.529912810186482,1.1102230246251565e-16,0.33508518759800804,-1.173854047424885e-12,2.529982149871199,-5.5990767577895895e-12,no_fit,0.6591855124516778
heat,0.1,106,3,2,0.0018418841063976288,0.3389527114805959,-0.036202322939807435,2.6849980238247872,-0.19005954430583277,0.8,0.0,0.4472135954999579,0.0,0.33508783185915475,0.0,2.529912810186482,1.1102230246251565e-16,0.33508518759800804,-1.173854047424885e-12,2.529982149871199,-5.5990767577895895e-12,no_fit,0.9205543700039212
heat,0.1,106,3,3,0.005947200523223728,0.3467382248856236,-0.061813963793710194,2.71669177501615,-0.13850751095746483,0.8,0.0,0.4472135954999579,0.0,0.33508783185915475,0.0,2.529912810186482,1.1102230246251565e-16,0.33508518759800804,-1.173854047424885e-12,2.529982149871199,-5.5990767577895895e-12,no_fit,0.9288041205091212
heat,0.1,107,0,0,0.4701758734881878,0.30991120951762396,0.023839399975518212,2.963615662410106,0.0291955570741661,0.8,0.0,0.4472135954999579,0.0,0.33508783185915475,0.0,2.529912810186482,1.1102230246251565e-16,0.33508518759800804,-1.173854047424885e-12,2.529982149871199,-5.5990767577895895e-12,no_fit,0.7127169322578573
heat,0.1,107,0,1,0.15469501540064812,0.3326793296562746,0.007313360764205589,2.5926998856634564,-0.009239836402710977,0.8,0.0,0.4472135954999579,0.0,0.33508783185915475,0.0,2.529912810186482,1.1102230246251565e-16,0.33508518759800804,-1.173854047424885e-12,2.529982149871199,-5.5990767577895895e-12,no_fit,0.9992035075694992
heat,0.1,107,0,2,0.17033307068049908,0.3336238924315715,0.031023899977146954,2.5673411902652563,0.0340126891821152,0.8,0.0,0.4472135954999579,0.0,0.33508783185915475,0.0,2.529912810186482,1.1102230246251565e-16,0.33508518759800804,-1.173854047424885e-12,2.529982149871199,-5.5990767577895895e-12,no_fit,0.9974813154522932
heat,0.1,107,0,3,0.15931592509150505,0.33389635458945016,0.012905475998421125,2.5690416244021765,-0.012159460252144594,0.8,0.0,0.4472135954999579,0.0,0.33508783185915475,0.0,2.529912810186482,1.1102230246251565e-16,0.33508518759800804,-1.173854047424885e-12,2.529982149871199,-5.5990767577895895e-12,no_fit,0.9993973053965264
heat,0.1,107,1,0,0.19710638280957937,0.2711205408664935,-0.04289703395021381,3.4465305995654023,-0.04815589052588165,0.8,0.0,0.4472135954999579,0.0,0.33508783185915475,0.0,2.529912810186482,1.1102230246251565e-16,0.33508518759800804,-1.173854047424885e-12,2.529982149871199,-5.5990767577895895e-12,no_fit,0.6290168949583681
heat,0.1,107,1,1,0.13314748834818602,0.33532074316187305,0.012261271473562988,2.5884774427199506,-0.03651393348155352,0.8,0.0,0.4472135954999579,0.0,0.33508783185915475,0.0,2.529912810186482,1.1102230246251565e-16,0.33508518759800804,-1.173854047424885e-12,2.529982149871199,-5.5990767577895895e-12,ungated,0.99983108224393
heat,0.1,107,1,2,0.13836264051496983,0.3338883998188368,-0.008848743826809448,2.5662539266250777,-0.004391207141855924,0.8,0.0,0.4472135954999579,0.0,0.33508783185915475,0.0,2.529912810186482,1.1102230246251565e-16,0.33508518759800804,-1.173854047424885e-12,2.529982149871199,-5.5990767577895895e-12,acf_or_spectral,0.9996160303571204
heat,0.1,107,1,3,0.13697433937340975,0.3333154967387741,0.027231475420730792,2.577361916464876,0.10818546095338766,0.8,0.0,0.4472135954999579,0.0,0.33508783185915475,0.0,2.529912810186482,1.1102230246251565e-16,0.33508518759800804,-1.173854047424885e-12,2.529982149871199,-5.5990767577895895e-12,ungated,0.999767342790206
heat,0.1,107,2,0,0.14240782149136066,0.3343649958849998,-0.0032717652552282043,2.575810214686893,-0.006955577319810391,0.8,0.0,0.4472135954999579,0.0,0.33508783185915475,0.0,2.529912810186482,1.1102230246251565e-16,0.33508518759800804,-1.173854047424885e-12,2.529982149871199,-5.5990767577895895e-12,ungated,0.999888292259726
heat,0.1,107,2,1,0.09560541342943907,0.3332293517372361,0.0038765949209231616,2.5994782035619806,0.005314940117547129,0.8,0.0,0.4472135954999579,0.0,0.33508783185915475,0.0,2.529912810186482,1.1102230246251565e-16,0.33508518759800804,-1.173854047424885e-12,2.529982149871199,-5.5990767577895895e-12,no_fit,0.9949686523847708
heat,0.1,107,2,2,0.0015703612589277327,0.3419969580891389,-0.017190640138742025,2.7584243654509586,-0.06599810345984958,0.8,0.0,0.4472135954999579,0.0,0.33508783185915475,0.0,2.529912810186482,1.1102230246251565e-16,0.33508518759800804,-1.173854047424885e-12,2.529982149871199,-5.5990767577895895e-12,no_fit,0.8998008656858679
heat,0.1,107,2,3,0.11143768485635519,0.33321216935406955,-0.0014356535962780778,2.5912515301987766,-0.01801479705416814,0.8,0.0,0.4472135954999579,0.0,0.33508783185915475,0.0,2.529912810186482,1.1102230246251565e-16,0.33508518759800804,-1.173854047424885e-12,2.529982149871199,-5.5990767577895895e-12,no_fit,0.9975592119640152
heat,0.1,107,3,0,0.010417822282761335,0.34272060936498605,-0.00994302184335405,2.6436552368720623,0.028502919461795728,0.8,0.0,0.4472135954999579,0.0,0.33508783185915475,0.0,2.529912810186482,1.1102230246251565e-16,0.33508518759800804,-1.173854047424885e-12,2.529982149871199,-5.5990767577895895e-12,no_fit,0.928530211870508
heat,0.1,107,3,1,6.216839256012463e-05,0.35533747575095015,-0.00926552609670652,2.6506683734521097,-0.2144709717502865,0.8,0.0,0.4472135954999579,0.0,0.33508783185915475,0.0,2.529912810186482,1.1102230246251565e-16,0.33508518759800804,-1.173854047424885e-12,2.529982149871199,-5.5990767577895895e-12,no_fit,0.7764995139111796
heat,0.1,107,3,2,4.903837270830991e-05,0.3846966735042161,0.05534108075739666,2.7274619524176664,0.1591536399885004,0.8,0.0,0.4472135954999579,0.0,0.33508783185915475,0.0,2.529912810186482,1.1102230246251565e-16,0.33508518759800804,-1.173854047424885e-12,2.529982149871199,-5.5990767577895895e-12,no_fit,0.7842832929111311
heat,0.1,107,3,3,0.006975931813940406,0.33597574551840564,0.0185189012147237,2.6578957170200903,0.12179294431478305,0.8,0.0,0.4472135954999579,0.0,0.33508783185915475,0.0,2.529912810186482,1.1102230246251565e-16,0.33508518759800804,-1.173854047424885e-12,2.529982149871199,-5.5990767577895895e-12,no_fit,0.9023539967964764
heat,0.1,108,0,0,0.1341695999726653,0.33378668250015026,0.0006978429934662031,2.57763565337148,0.014640827405629442,0.8,0.0,0.4472135954999579,0.0,0.33508783185915475,0.0,2.529912810186482,1.1102230246251565e-16,0.33508518759800804,-1.173854047424885e-12,2.529982149871199,-5.5990767577895895e-12,ungated,0.999924850854318
heat,0.1,108,0,1,0.12075245194137096,0.3327615651677295,0.0013182153223790932,2.596125109539804,-0.006917461382982659,0.8,0.0,0.4472135954999579,0.0,0.33508783185915475,0.0,2.529912810186482,1.1102230246251565e-16,0.33508518759800804,-1.173854047424885e-12,2.529982149871199,-5.5990767577895895e-12,no_fit,0.9990944368579314
heat,0.1,108,0,2,0.1564792785793543,0.3329301843142049,-0.009103019657944168,2.5895792280713743,-0.03698719900504205,0.8,0.0,0.4472135954999579,0.0,0.33508783185915475,0.0,2.529912810186482,1.1102230246251565e-16,0.33508518759800804,-1.173854047424885e-12,2.529982149871199,-5.5990767577895895e-12,no_fit,0.9985902336402226
heat,0.1,108,0,3,0.14235374983400106,0.3350080020045692,0.004255447382624775,2.5735653576848097,-0.0007309724639015247,0.8,0.0,0.4472135954999579,0.0,0.33508783185915475,0.0,2.529912810186482,1.1102230246251565e-16,0.33508518759800804,-1.173854047424885e-12,2.529982149871199,-5.5990767577895895e-12,ungated,0.9999715982961198
heat,0.1,108,1,0,0.13515963405370712,0.3344646383247678,0.014345542225255118,2.5763713631584664,0.03663664523635907,0.8,0.0,0.4472135954999579,0.0,0.33508783185915475,0.0,2.529912810186482,1.1102230246251565e-16,0.33508518759800804,-1.173854047424885e-12,2.529982149871199,-5.5990767577895895e-12,ungated,0.9998617375223724
heat,0.1,108,1,1,0.14449484646320343,0.3350550823560976,-0.004884686877319523,2.5748982492076733,-0.027370323047040512,0.8,0.0,0.4472135954999579,0.0,0.33508783185915475,0.0,2.529912810186482,1.1102230246251565e-16,0.33508518759800804,-1.173854047424885e-12,2.529982149871199,-5.5990767577895895e-12,ungated,0.999837923082892
heat,0.1,108,1,2,0.12496833223849535,0.33449192249536225,-0.003501135833445827,2.5827368336564827,-0.012764282702690033,0.8,0.0,0.4472135954999579,0.0,0.33508783185915475,0.0,2.529912810186482,1.1102230246251565e-16,0.33508518759800804,-1.173854047424885e-12,2.529982149871199,-5.5990767577895895e-12,no_fit,0.9994679873042404
heat,0.1,108,1,3,0.12717188615351915,0.33270814760500905,0.004899521436829105,2.592460593145296,0.021070785668754033,0.8,0.0,0.4472135954999579,0.0,0.33508783185915475,0.0,2.529912810186482,1.1102230246251565e-16,0.33508518759800804,-1.173854047424885e-12,2.529982149871199,-5.5990767577895895e-12,no_fit,0.9996031023596555
heat,0.1,108,2,0,0.10988120082765818,0.33370210329062727,0.007071617563691976,2.5870443205868763,0.0030908502277862127,0.8,0.0,0.4472135954999579,0.0,0.33508783185915475,0.0,2.529912810186482,1.1102230246251565e-16,0.33508518759800804,-1.173854047424885e-12,2.529982149871199,-5.5990767577895895e-12,no_fit,0.9979779041993472
heat,0.1,108,2,1,0.018827306921593845,0.3283879308362853,-0.004292869015774684,2.701068991264103,-0.03421481859969566,0.8,0.0,0.4472135954999579,0.0,0.33508783185915475,0.0,2.529912810186482,1.1102230246251565e-16,0.33508518759800804,-1.173854047424885e-12,2.529982149871199,-5.5990767577895895e-12,no_fit,0.948860273763412
heat,0.1,108,2,2,0.12440571375191212,0.3347100703717598,0.005671242916482433,2.577989617320697,0.02093192840243041,0.8,0.0,0.4472135954999579,0.0,0.33508783185915475,0.0,2.529912810186482,1.1102230246251565e-16,0.33508518759800804,-1.173854047424885e-12,2.529982149871199,-5.5990767577895895e-12,no_fit,0.9994332626091657
heat,0.1,108,2,3,0.013462070375680923,0.33011270156806316,-0.0037139217462681205,2.7235269570002734,-0.00116518485086059,0.8,0.0,0.4472135954999579,0.0,0.33508783185915475,0.0,2.529912810186482,1.1102230246251565e-16,0.33508518759800804,-1.173854047424885e-12,2.529982149871199,-5.5990767577895895e-12,no_fit,0.9369248370275124
heat,0.1,108,3,0,2.810084561133408e-05,0.36898974686391045,-0.04005216880670447,2.954954337136546,-0.2873826635427378,0.8,0.0,0.4472135954999579,0.0,0.33508783185915475,0.0,2.529912810186482,1.1102230246251565e-16,0.33508518759800804,-1.173854047424885e-12,2.529982149871199,-5.5990767577895895e-12,no_fit,0.8328741522151986
heat,0.1,108,3,1,0.006237025430891663,0.3274979812700589,0.005781806762056714,2.7629582044312886,0.019202402255928175,0.8,0.0,0.4472135954999579,0.0,0.33508783185915475,0.0,2.529912810186482,1.1102230246251565e-16,0.33508518759800804,-1.173854047424885e-12,2.529982149871199,-5.5990767577895895e-12,no_fit,0.9164753520740612
heat,0.1,108,3,2,3.056495643249946e-05,0.34588314411546534,0.032452160097111146,2.953141218494427,0.5088696168378015,0.8,0.0,0.4472135954999579,0.0,0.33508783185915475,0.0,2.529912810186482,1.1102230246251565e-16,0.33508518759800804,-1.173854047424885e-12,2.529982149871199,-5.5990767577895895e-12,no_fit,0.8229089533623084
heat,0.1,108,3,3,0.0012659912172239274,0.32028648986538866,0.06838883344882352,2.9527761244476913,0.42961564493006954,0.8,0.0,0.4472135954999579,0.0,0.33508783185915475,0.0,2.529912810186482,1.1102230246251565e-16,0.33508518759800804,-1.173854047424885e-12,2.529982149871199,-5.5990767577895895e-12,no_fit,0.8864041087563289
heat,0.1,109,0,0,0.13531989883631468,0.3322481827865061,0.006034728582516076,2.6158834975423937,0.07170240794072158,0.8,0.0,0.4472135954999579,0.0,0.33508783185915475,0.0,2.529912810186482,1.1102230246251565e-16,0.33508518759800804,-1.173854047424885e-12,2.529982149871199,-5.5990767577895895e-12,no_fit,0.9996516495986384
heat,0.1,109,0,1,0.3434553691186011,0.27113246050304973,-0.017398994246488525,3.5455934867647163,0.02269033615703142,0.8,0.0,0.4472135954999579,0.0,0.33508783185915475,0.0,2.529912810186482,1.1102230246251565e-16,0.33508518759800804,-1.173854047424885e-12,2.529982149871199,-5.5990767577895895e-12,no_fit,0.5783281300389356
heat,0.1,109,0,2,0.12797863129526377,0.32581143256614137,0.02829597077943672,2.692842008228812,0.17087051334753878,0.8,0.0,0.4472135954999579,0.0,0.33508783185915475,0.0,2.529912810186482,1.1102230246251565e-16,0.33508518759800804,-1.173854047424885e-12,2.529982149871199,-5.5990767577895895e-12,no_fit,0.9980058709190964
heat,0.1,109,0,3,0.21229554526507854,0.32888684198468177,-0.028302366150926295,2.63382697547598,-0.03670336371029426,0.8,0.0,0.4472135954999579,0.0,0.33508783185915475,0.0,2.529912810186482,1.1102230246251565e-16,0.33508518759800804,-1.173854047424885e-12,2.529982149871199,-5.5990767577895895e-12,no_fit,0.9872286911531912
heat,0.1,109,1,0,0.11251284088939428,0.33390881335184247,0.006653104310766678,2.591559175318114,0.050751254391791956,0.8,0.0,0.4472135954999579,0.0,0.33508783185915475,0.0,2.529912810186482,1.1102230246251565e-16,0.33508518759800804,-1.173854047424885e-12,2.529982149871199,-5.5990767577895895e-12,no_fit,0.9970559262256916
heat,0.1,109,1,1,0.24581699632108212,0.33276970620273444,0.002931473396602014,2.5810877004433546,0.04084333952820829,0.8,0.0,0.4472135954999579,0.0,0.33508783185915475,0.0,2.529912810186482,1.1102230246251565e-16,0.33508518759800804,-1.173854047424885e-12,2.529982149871199,-5.5990767577895895e-12,no_fit,0.9724352637667149
heat,0.1,109,1,2,0.07926481496542692,0.33276389827613284,0.0037955006182594287,2.5998250490920203,0.004271251631727702,0.8,0.0,0.4472135954999579,0.0,0.33508783185915475,0.0,2.529912810186482,1.1102230246251565e-16,0.33508518759800804,-1.173854047424885e-12,2.529982149871199,-5.5990767577895895e-12,no_fit,0.9857987307734304
heat,0.1,109,1,3,0.1428577173501253,0.33208029053798904,-0.003962712766663995,2.595806457646394,-0.027823370749768928,0.8,0.0,0.4472135954999579,0.0,0.33508783185915475,0.0,2.529912810186482,1.1102230246251565e-16,0.33508518759800804,-1.173854047424885e-12,2.529982149871199,-5.5990767577895895e-12,ungated,0.999818560206808
heat,0.1,109,2,0,2.819469727910473e-05,0.3596857409264152,0.014800874471919818,2.71465353748413,0.22808005929601394,0.8,0.0,0.4472135954999579,0.0,0.33508783185915475,0.0,2.529912810186482,1.1102230246251565e-16,0.33508518759800804,-1.173854047424885e-12,2.529982149871199,-5.5990767577895895e-12,no_fit,0.7370880432012193
heat,0.1,109,2,1,0.001707390882074833,0.3352997333746828,-0.0008412703355048772,2.6768409825657087,-0.02462933754050778,0.8,0.0,0.4472135954999579,0.0,0.33508783185915475,0.0,2.529912810186482,1.1102230246251565e-16,0.33508518759800804,-1.173854047424885e-12,2.529982149871199,-5.5990767577895895e-12,no_fit,0.8903852998979063
heat,0.1,109,2,2,0.0913422666490078,0.33197164022858283,-0.03454028284807992,2.6223687836499754,-0.16559216147244105,0.8,0.0,0.4472135954999579,0.0,0.33508783185915475,0.0,2.529912810186482,1.1102230246251565e-16,0.33508518759800804,-1.173854047424885e-12,2.529982149871199,-5.5990767577895895e-12,no_fit,0.9951484675292636
heat,0.1,109,2,3,0.02322471351362765,0.33098196015912557,0.012336586141057284,2.644038498818905,0.016247879623518535,0.8,0.0,0.4472135954999579,0.0,0.33508783185915475,0.0,2.529912810186482,1.1102230246251565e-16,0.33508518759800804,-1.173854047424885e-12,2.529982149871199,-5.5990767577895895e-12,no_fit,0.9477402619745044
heat,0.1,109,3,0,0.01591918198391795,0.3290782747042428,-0.001382650987222111,2.662673322587261,0.00413477719931471,0.8,0.0,0.4472135954999579,0.0,0.33508783185915475,0.0,2.529912810186482,1.1102230246251565e-16,0.33508518759800804,-1.173854047424885e-12,2.529982149871199,-5.5990767577895895e-12,no_fit,0.9325682000455175
heat,0.1,109,3,1,0.17806665413081646,0.3375198671453804,0.009464818073798823,2.5585473220776995,0.04510887881686648,0.8,0.0,0.4472135954999579,0.0,0.33508783185915475,0.0,2.529912810186482,1.1102230246251565e-16,0.33508518759800804,-1.173854047424885e-12,2.529982149871199,-5.5990767577895895e-12,acf_or_spectral,0.9933670364032152
heat,0.1,109,3,2,0.0746731087565422,0.3317825513523366,-0.009088011114000892,2.622434599750222,-0.06405149736267213,0.8,0.0,0.4472135954999579,0.0,0.33508783185915475,0.0,2.529912810186482,1.1102230246251565e-16,0.33508518759800804,-1.173854047424885e-12,2.529982149871199,-5.5990767577895895e-12,no_fit,0.9878639389986064
heat,0.1,109,3,3,0.011829401249997318,0.33417104620586147,-0.015756866476457625,2.682231800466541,-0.06236294735724973,0.8,0.0,0.4472135954999579,0.0,0.33508783185915475,0.0,2.529912810186482,1.1102230246251565e-16,0.33508518759800804,-1.173854047424885e-12,2.529982149871199,-5.5990767577895895e-12,no_fit,0.9333065994570688
heat,0.1,110,0,0,0.5288663618266582,0.33250783110085613,-0.006545264745005378,2.5605027170480112,-0.010291724984128947,0.8,0.0,0.4472135954999579,0.0,0.33508783185915475,0.0,2.529912810186482,1.1102230246251565e-16,0.33508518759800804,-1.173854047424885e-12,2.529982149871199,-5.5990767577895895e-12,acf_or_spectral,0.7843624956557981
heat,0.1,110,0,1,0.19781596027314663,0.3320679694500621,0.004261993066780149,2.580639819399657,0.0009475936975923416,0.8,0.0,0.4472135954999579,0.0,0.33508783185915475,0.0,2.529912810186482,1.1102230246251565e-16,0.33508518759800804,-1.173854047424885e-12,2.529982149871199,-5.5990767577895895e-12,no_fit,0.9923804423126896
heat,0.1,110,0,2,0.47435178980231285,0.336531651862795,-0.0065920497251767225,2.512885849898469,0.01646843042586993,0.8,0.0,0.4472135954999579,0.0,0.33508783185915475,0.0,2.529912810186482,1.1102230246251565e-16,0.33508518759800804,-1.173854047424885e-12,2.529982149871199,-5.5990767577895895e-12,acf_or_spectral,0.8490020929788472
heat,0.1,110,0,3,0.14552241656929255,0.33060055820299156,-0.014198698924851781,2.613861594358957,-0.026717307877349716,0.8,0.0,0.4472135954999579,0.0,0.33508783185915475,0.0,2.529912810186482,1.1102230246251565e-16,0.33508518759800804,-1.173854047424885e-12,2.529982149871199,-5.5990767577895895e-12,no_fit,0.9989299204832446
heat,0.1,110,1,0,0.14150645025074482,0.3309250606413899,-0.009858367910582673,2.635859028058878,-0.03943171667886636,0.8,0.0,0.4472135954999579,0.0,0.33508783185915475,0.0,2.529912810186482,1.1102230246251565e-16,0.33508518759800804,-1.173854047424885e-12,2.529982149871199,-5.5990767577895895e-12,no_fit,0.9991985117722436
heat,0.1,110,1,1,0.06900921883061528,0.3343313163829657,-0.0005965808739012718,2.610329909905878,-0.05556941218905581,0.8,0.0,0.4472135954999579,0.0,0.33508783185915475,0.0,2.529912810186482,1.1102230246251565e-16,0.33508518759800804,-1.173854047424885e-12,2.529982149871199,-5.5990767577895895e-12,no_fit,0.984985285112261
heat,0.1,110,1,2,0.25442760554142296,0.2612388710477085,-0.00036225477780734057,3.6092716217564274,-0.07142331101789123,0.8,0.0,0.4472135954999579,0.0,0.33508783185915475,0.0,2.529912810186482,1.1102230246251565e-16,0.33508518759800804,-1.173854047424885e-12,2.529982149871199,-5.5990767577895895e-12,no_fit,0.5693636722076196
heat,0.1,110,1,3,0.16430642642080784,0.3323044717556492,-0.010020396363764525,2.629908974022567,-0.040789358366063067,0.8,0.0,0.4472135954999579,0.0,0.33508783185915475,0.0,2.529912810186482,1.1102230246251565e-16,0.33508518759800804,-1.173854047424885e-12,2.529982149871199,-5.5990767577895895e-12,no_fit,0.993931655898816
heat,0.1,110,2,0,0.029533263063058257,0.3410201056635109,0.019576755162750165,2.5624489080918607,0.07364627112940181,0.8,0.0,0.4472135954999579,0.0,0.33508783185915475,0.0,2.529912810186482,1.1102230246251565e-16,0.33508518759800804,-1.173854047424885e-12,2.529982149871199,-5.5990767577895895e-12,no_fit,0.951412390111469
heat,0.1,110,2,1,1.1257936193942442e-05,0.3515910674171248,0.031015056890003903,2.6601868350477824,-0.018666135411465445,0.8,0.0,0.4472135954999579,0.0,0.33508783185915475,0.0,2.529912810186482,1.1102230246251565e-16,0.33508518759800804,-1.173854047424885e-12,2.529982149871199,-5.5990767577895895e-12,no_fit,0.6476778841746883
heat,0.1,110,2,2,0.11174086015671492,0.3167170063132269,0.015536849356974074,2.9587810339063685,0.07841291486261104,0.8,0.0,0.4472135954999579,0.0,0.33508783185915475,0.0,2.529912810186482,1.1102230246251565e-16,0.33508518759800804,-1.173854047424885e-12,2.529982149871199,-5.5990767577895895e-12,no_fit,0.890486051001343
heat,0.1,110,2,3,0.0010087621049024165,0.36799304919264403,-0.015240089264735246,2.714995564893921,-0.06937475076312427,0.8,0.0,0.4472135954999579,0.0,0.33508783185915475,0.0,2.529912810186482,1.1102230246251565e-16,0.33508518759800804,-1.173854047424885e-12,2.529982149871199,-5.5990767577895895e-12,no_fit,0.8823258311831006
heat,0.1,110,3,0,0.08584145829081535,0.3361162383892913,0.018128035154915095,2.5832349511656796,0.11246894975114002,0.8,0.0,0.4472135954999579,0.0,0.33508783185915475,0.0,2.529912810186482,1.1102230246251565e-16,0.33508518759800804,-1.173854047424885e-12,2.529982149871199,-5.5990767577895895e-12,no_fit,0.9912067067525216
heat,0.1,110,3,1,0.015046729473397136,0.33049329091488283,0.008332384293632533,2.6472247117936223,-0.017644491713922572,0.8,0.0,0.4472135954999579,0.0,0.33508783185915475,0.0,2.529912810186482,1.1102230246251565e-16,0.33508518759800804,-1.173854047424885e-12,2.529982149871199,-5.5990767577895895e-12,no_fit,0.905751863098563
heat,0.1,110,3,2,0.04336479213088751,0.33095931575804866,0.004122416774456155,2.629832757148192,0.029770765978207714,0.8,0.0,0.4472135954999579,0.0,0.33508783185915475,0.0,2.529912810186482,1.1102230246251565e-16,0.33508518759800804,-1.173854047424885e-12,2.529982149871199,-5.5990767577895895e-12,no_fit,0.9645419562649754
heat,0.1,110,3,3,0.05496979225426912,0.3349062288287015,-0.002687047402768464,2.6033167350818918,-0.013312304373022443,0.8,0.0,0.4472135954999579,0.0,0.33508783185915475,0.0,2.529912810186482,1.1102230246251565e-16,0.33508518759800804,-1.173854047424885e-12,2.529982149871199,-5.5990767577895895e-12,no_fit,0.976839059614612
heat,0.1,111,0,0,0.16771453246474266,0.3304714870045939,0.009544617794228657,2.613678192058301,0.05304508096939864,0.8,0.0,0.4472135954999579,0.0,0.33508783185915475,0.0,2.529912810186482,1.1102230246251565e-16,0.33508518759800804,-1.173854047424885e-12,2.529982149871199,-5.5990767577895895e-12,no_fit,0.9981464601031916
heat,0.1,111,0,1,0.23877418600022793,0.333685422012097,-0.0038826801396931445,2.5947419718648312,-0.024697959289860683,0.8,0.0,0.4472135954999579,0.0,0.33508783185915475,0.0,2.529912810186482,1.1102230246251565e-16,0.33508518759800804,-1.173854047424885e-12,2.529982149871199,-5.5990767577895895e-12,no_fit,0.9788817806389432
heat,0.1,111,0,2,0.3155570491217077,0.27225784514914764,-0.006322412335884152,3.574679063986067,-0.03766105409462428,0.8,0.0,0.4472135954999579,0.0,0.33508783185915475,0.0,2.529912810186482,1.1102230246251565e-16,0.33508518759800804,-1.173854047424885e-12,2.529982149871199,-5.5990767577895895e-12,no_fit,0.5691871518370142
heat,0.1,111,0,3,0.16535678692162037,0.33085942479809294,0.007889728073145658,2.5930037660266514,0.02068970823162669,0.8,0.0,0.4472135954999579,0.0,0.33508783185915475,0.0,2.529912810186482,1.1102230246251565e-16,0.33508518759800804,-1.173854047424885e-12,2.529982149871199,-5.5990767577895895e-12,no_fit,0.998651627750036
heat,0.1,111,1,0,0.3125261552631855,0.33489536043412826,0.010160849379176464,2.551165831738812,0.014561268870011024,0.8,0.0,0.4472135954999579,0.0,0.33508783185915475,0.0,2.529912810186482,1.1102230246251565e-16,0.33508518759800804,-1.173854047424885e-12,2.529982149871199,-5.5990767577895895e-12,acf_or_spectral,0.9525455066339537
heat,0.1,111,1,1,0.13158680964261293,0.3340710183175829,-0.002221499468858677,2.578976814605332,0.009712658114489736,0.8,0.0,0.4472135954999579,0.0,0.33508783185915475,0.0,2.529912810186482,1.1102230246251565e-16,0.33508518759800804,-1.173854047424885e-12,2.529982149871199,-5.5990767577895895e-12,ungated,0.9998316854182064
heat,0.1,111,1,2,0.03156885551288724,0.3337306033676028,0.019385605423063605,2.6289881214340833,0.09495652841925306,0.8,0.0,0.4472135954999579,0.0,0.33508783185915475,0.0,2.529912810186482,1.1102230246251565e-16,0.33508518759800804,-1.173854047424885e-12,2.529982149871199,-5.5990767577895895e-12,no_fit,0.9619244162464514
heat,0.1,111,1,3,0.3321189433336258,0.330884594243755,0.003328969723462565,2.6023458968817326,0.01286889318863732,0.8,0.0,0.4472135954999579,0.0,0.33508783185915475,0.0,2.529912810186482,1.1102230246251565e-16,0.33508518759800804,-1.173854047424885e-12,2.529982149871199,-5.5990767577895895e-12,no_fit,0.927021312022598
heat,0.1,111,2,0,0.11595422867685556,0.3338966117789489,0.005176137799764631,2.581084420624724,0.02816784607803191,0.8,0.0,0.4472135954999579,0.0,0.33508783185915475,0.0,2.529912810186482,1.1102230246251565e-16,0.33508518759800804,-1.173854047424885e-12,2.529982149871199,-5.5990767577895895e-12,no_fit,0.998185236455687
heat,0.1,111,2,1,0.13516863994300365,0.3343840223575783,0.0006044444553904059,2.5751956186306444,-0.003830367032703952,0.8,0.0,0.4472135954999579,0.0,0.33508783185915475,0.0,2.529912810186482,1.1102230246251565e-16,0.33508518759800804,-1.173854047424885e-12,2.529982149871199,-5.5990767577895895e-12,ungated,0.9999234651776432
heat,0.1,111,2,2,0.03269026102498174,0.3355311112038277,0.012937656212892458,2.6167625322672174,0.055312683502236615,0.8,0.0,0.4472135954999579,0.0,0.33508783185915475,0.0,2.529912810186482,1.1102230246251565e-16,0.33508518759800804,-1.173854047424885e-12,2.529982149871199,-5.5990767577895895e-12,no_fit,0.9497343253800972
heat,0.1,111,2,3,0.14015244599431753,0.33295548242406986,0.002627461985427843,2.5874293146873146,-0.0028437237492807133,0.8,0.0,0.4472135954999579,0.0,0.33508783185915475,0.0,2.529912810186482,1.1102230246251565e-16,0.33508518759800804,-1.173854047424885e-12,2.529982149871199,-5.5990767577895895e-12,ungated,0.9998766355270842
heat,0.1,111,3,0,0.0018774390337057412,0.36177500251668265,-0.04429593353999544,2.66857563710306,-0.18749398720915272,0.8,0.0,0.4472135954999579,0.0,0.33508783185915475,0.0,2.529912810186482,1.1102230246251565e-16,0.33508518759800804,-1.173854047424885e-12,2.529982149871199,-5.5990767577895895e-12,no_fit,0.8965894120925353
heat,0.1,111,3,1,0.005251288821455091,0.33514401003342903,-0.014388923698602313,2.711886160440998,-0.17578999307831372,0.8,0.0,0.4472135954999579,0.0,0.33508783185915475,0.0,2.529912810186482,1.1102230246251565e-16,0.33508518759800804,-1.173854047424885e-12,2.529982149871199,-5.5990767577895895e-12,no_fit,0.9171364988740496
heat,0.1,111,3,2,0.0027136341959703714,0.33733137118065176,0.016598964958137813,2.742935526802514,0.12476932453741474,0.8,0.0,0.4472135954999579,0.0,0.33508783185915475,0.0,2.529912810186482,1.1102230246251565e-16,0.33508518759800804,-1.173854047424885e-12,2.529982149871199,-5.5990767577895895e-12,no_fit,0.9096894200414682
heat,0.1,111,3,3,1.762197803145682e-05,0.3485019558397087,-0.028861598698883648,2.796906341865992,-0.08141647034663313,0.8,0.0,0.4472135954999579,0.0,0.33508783185915475,0.0,2.529912810186482,1.1102230246251565e-16,0.33508518759800804,-1.173854047424885e-12,2.529982149871199,-5.5990767577895895e-12,no_fit,0.6383464144649776
heat,0.1,112,0,0,0.1999306082725525,0.3321465276106226,0.007576406217747475,2.6041739197055818,0.07355547757058961,0.8,0.0,0.4472135954999579,0.0,0.33508783185915475,0.0,2.529912810186482,1.1102230246251565e-16,0.33508518759800804,-1.173854047424885e-12,2.529982149871199,-5.5990767577895895e-12,no_fit,0.9888702696194864
heat,0.1,112,0,1,0.13303808588534594,0.3345624064775775,0.006032704561949878,2.579552462253387,0.01270665968295348,0.8,0.0,0.4472135954999579,0.0,0.33508783185915475,0.0,2.529912810186482,1.1102230246251565e-16,0.33508518759800804,-1.173854047424885e-12,2.529982149871199,-5.5990767577895895e-12,no_fit,0.998783320785809
heat,0.1,112,0,2,0.2794516319409013,0.2878438466784952,0.015094291680488564,3.476887310490035,0.09048267872603222,0.8,0.0,0.4472135954999579,0.0,0.33508783185915475,0.0,2.529912810186482,1.1102230246251565e-16,0.33508518759800804,-1.173854047424885e-12,2.529982149871199,-5.5990767577895895e-12,no_fit,0.5971090602740943
heat,0.1,112,0,3,0.16271050460636616,0.3323914580911581,-0.025979848015189193,2.608867640225654,-0.1597545185317618,0.8,0.0,0.4472135954999579,0.0,0.33508783185915475,0.0,2.529912810186482,1.1102230246251565e-16,0.33508518759800804,-1.173854047424885e-12,2.529982149871199,-5.5990767577895895e-12,no_fit,0.9983790207894752
heat,0.1,112,1,0,0.34320758283138275,0.33447755312826766,-0.0037995276329346865,2.539165091008502,-0.015886058304888873,0.8,0.0,0.4472135954999579,0.0,0.33508783185915475,0.0,2.529912810186482,1.1102230246251565e-16,0.33508518759800804,-1.173854047424885e-12,2.529982149871199,-5.5990767577895895e-12,acf_or_spectral,0.927491566977152
heat,0.1,112,1,1,0.3658232279121876,0.3314599594908845,0.018643323704679284,2.6409799396879747,0.05518920712006675,0.8,0.0,0.4472135954999579,0.0,0.33508783185915475,0.0,2.529912810186482,1.1102230246251565e-16,0.33508518759800804,-1.173854047424885e-12,2.529982149871199,-5.5990767577895895e-12,no_fit,0.8715283657172983
heat,0.1,112,1,2,0.10698435828089714,0.3353156204402912,4.503882322817213e-05,2.5923953911437563,0.012389593847427716,0.8,0.0,0.4472135954999579,0.0,0.33508783185915475,0.0,2.529912810186482,1.1102230246251565e-16,0.33508518759800804,-1.173854047424885e-12,2.529982149871199,-5.5990767577895895e-12,no_fit,0.997336711745614
heat,0.1,112,1,3,0.13020126055926085,0.3322264744228268,0.008249049276621184,2.5921313128666448,0.02049132312253643,0.8,0.0,0.4472135954999579,0.0,0.33508783185915475,0.0,2.529912810186482,1.1102230246251565e-16,0.33508518759800804,-1.173854047424885e-12,2.529982149871199,-5.5990767577895895e-12,no_fit,0.9995182613234066
heat,0.1,112,2,0,0.27330939657986164,0.3343956303884874,0.00412603420074045,2.560966853630351,-0.004634269454695528,0.8,0.0,0.4472135954999579,0.0,0.33508783185915475,0.0,2.529912810186482,1.1102230246251565e-16,0.33508518759800804,-1.173854047424885e-12,2.529982149871199,-5.5990767577895895e-12,acf_or_spectral,0.9600013165589014
heat,0.1,112,2,1,0.10055189672857523,0.331974487891544,-0.0060644836083359925,2.615165827834147,-0.015997698995867837,0.8,0.0,0.4472135954999579,0.0,0.33508783185915475,0.0,2.529912810186482,1.1102230246251565e-16,0.33508518759800804,-1.173854047424885e-12,2.529982149871199,-5.5990767577895895e-12,no_fit,0.9961883557155892
heat,0.1,112,2,2,0.0613285512663424,0.33284632115649215,0.0060052309444999594,2.606623280141441,0.046223726141992605,0.8,0.0,0.4472135954999579,0.0,0.33508783185915475,0.0,2.529912810186482,1.1102230246251565e-16,0.33508518759800804,-1.173854047424885e-12,2.529982149871199,-5.5990767577895895e-12,no_fit,0.9735973636006212
heat,0.1,112,2,3,0.15231324918568134,0.33465087745690275,0.0017040504194023882,2.571636318982799,-0.009153963922344355,0.8,0.0,0.4472135954999579,0.0,0.33508783185915475,0.0,2.529912810186482,1.1102230246251565e-16,0.33508518759800804,-1.173854047424885e-12,2.529982149871199,-5.5990767577895895e-12,no_fit,0.9995204424635468
heat,0.1,112,3,0,0.0027543081087060273,0.4424981279851198,-0.20604786340297743,2.1578572227454766,-0.5422482123487329,0.8,0.0,0.4472135954999579,0.0,0.33508783185915475,0.0,2.529912810186482,1.1102230246251565e-16,0.33508518759800804,-1.173854047424885e-12,2.529982149871199,-5.5990767577895895e-12,no_fit,0.8639675723359762
heat,0.1,112,3,1,2.4562144972151145e-05,0.33729754815063606,0.01820180737827666,3.212987184437884,-0.34846823974526897,0.8,0.0,0.4472135954999579,0.0,0.33508783185915475,0.0,2.529912810186482,1.1102230246251565e-16,0.33508518759800804,-1.173854047424885e-12,2.529982149871199,-5.5990767577895895e-12,no_fit,0.7363936383155633
heat,0.1,112,3,2,0.0005965502714389004,0.36055238029130443,0.014014862765797486,2.671106034855313,0.004826657447571381,0.8,0.0,0.4472135954999579,0.0,0.33508783185915475,0.0,2.529912810186482,1.1102230246251565e-16,0.33508518759800804,-1.173854047424885e-12,2.529982149871199,-5.5990767577895895e-12,no_fit,0.892680052447785
heat,0.1,112,3,3,0.012998839723877609,0.3368641510012103,-0.011022665891006108,2.6302202599634783,-0.06177042330678706,0.8,0.0,0.4472135954999579,0.0,0.33508783185915475,0.0,2.529912810186482,1.1102230246251565e-16,0.33508518759800804,-1.173854047424885e-12,2.529982149871199,-5.5990767577895895e-12,no_fit,0.9316186019433884
heat,0.1,113,0,0,0.26999827614054084,0.2782055250898166,-0.015423598997146156,3.421743377449917,-0.08135706527883202,0.8,0.0,0.4472135954999579,0.0,0.33508783185915475,0.0,2.529912810186482,1.1102230246251565e-16,0.33508518759800804,-1.173854047424885e-12,2.529982149871199,-5.5990767577895895e-12,no_fit,0.6074035423187983
heat,0.1,113,0,1,0.1286390544846654,0.334374087569029,-0.010587930291384887,2.586905211525804,-0.02317788899432227,0.8,0.0,0.4472135954999579,0.0,0.33508783185915475,0.0,2.529912810186482,1.1102230246251565e-16,0.33508518759800804,-1.173854047424885e-12,2.529982149871199,-5.5990767577895895e-12,no_fit,0.9996024554136724
heat,0.1,113,0,2,0.13374307099729776,0.33017774632752706,0.0026018049411030567,2.5884953940960487,0.0013546483993662206,0.8,0.0,0.4472135954999579,0.0,0.33508783185915475,0.0,2.529912810186482,1.1102230246251565e-16,0.33508518759800804,-1.173854047424885e-12,2.529982149871199,-5.5990767577895895e-12,ungated,0.9997237395434896
heat,0.1,113,0,3,0.14298633392900229,0.3335083953850565,0.010048276649405628,2.5731831919531065,0.04173599956652224,0.8,0.0,0.4472135954999579,0.0,0.33508783185915475,0.0,2.529912810186482,1.1102230246251565e-16,0.33508518759800804,-1.173854047424885e-12,2.529982149871199,-5.5990767577895895e-12,ungated,0.999817107239766
heat,0.1,113,1,0,0.12644959148019552,0.3315541699892912,0.006829420802938618,2.6037709039587016,0.030970770112719925,0.8,0.0,0.4472135954999579,0.0,0.33508783185915475,0.0,2.529912810186482,1.1102230246251565e-16,0.33508518759800804,-1.173854047424885e-12,2.529982149871199,-5.5990767577895895e-12,no_fit,0.9996292272710277
heat,0.1,113,1,1,0.12024406809359789,0.3323426384605875,-0.0010998003275823852,2.6024913400921488,0.006481287025045079,0.8,0.0,0.4472135954999579,0.0,0.33508783185915475,0.0,2.529912810186482,1.1102230246251565e-16,0.33508518759800804,-1.173854047424885e-12,2.529982149871199,-5.5990767577895895e-12,no_fit,0.999014452294132
heat,0.1,113,1,2,0.1927544567734003,0.33268433712055917,0.0042588674976409445,2.587309249947342,0.010016054518667494,0.8,0.0,0.4472135954999579,0.0,0.33508783185915475,0.0,2.529912810186482,1.1102230246251565e-16,0.33508518759800804,-1.173854047424885e-12,2.529982149871199,-5.5990767577895895e-12,no_fit,0.9919815502335972
heat,0.1,113,1,3,0.12334655970335007,0.3339256477026977,0.010906093538816178,2.5927651035883224,0.05542352914883131,0.8,0.0,0.4472135954999579,0.0,0.33508783185915475,0.0,2.529912810186482,1.1102230246251565e-16,0.33508518759800804,-1.173854047424885e-12,2.529982149871199,-5.5990767577895895e-12,no_fit,0.999335250377447
heat,0.1,113,2,0,0.14051998127251863,0.33253709361805706,-0.0029268636919020257,2.5978632341295134,-0.009213818297072518,0.8,0.0,0.4472135954999579,0.0,0.33508783185915475,0.0,2.529912810186482,1.1102230246251565e-16,0.33508518759800804,-1.173854047424885e-12,2.529982149871199,-5.5990767577895895e-12,ungated,0.9998620642115182
heat,0.1,113,2,1,0.08107878174632788,0.33448968968517245,0.0026154704409873403,2.5822921898818345,0.02805055255378458,0.8,0.0,0.4472135954999579,0.0,0.33508783185915475,0.0,2.529912810186482,1.1102230246251565e-16,0.33508518759800804,-1.173854047424885e-12,2.529982149871199,-5.5990767577895895e-12,no_fit,0.9876867487550136
heat,0.1,113,2,2,0.05427894368767738,0.33198954153210963,0.00520968924896392,2.612435567255407,0.025206895586138256,0.8,0.0,0.4472135954999579,0.0,0.33508783185915475,0.0,2.529912810186482,1.1102230246251565e-16,0.33508518759800804,-1.173854047424885e-12,2.529982149871199,-5.5990767577895895e-12,no_fit,0.9701749184057956
heat,0.1,113,2,3,0.0504976324737072,0.3323360754455105,0.003722428161082277,2.607406376186093,0.012271875210940475,0.8,0.0,0.4472135954999579,0.0,0.33508783185915475,0.0,2.529912810186482,1.1102230246251565e-16,0.33508518759800804,-1.173854047424885e-12,2.529982149871199,-5.5990767577895895e-12,no_fit,0.9622042523062836
heat,0.1,113,3,0,0.0012734278716379777,0.3506582329968011,-0.0014977879916624336,2.6943401857891773,-0.0023581265885385116,0.8,0.0,0.4472135954999579,0.0,0.33508783185915475,0.0,2.529912810186482,1.1102230246251565e-16,0.33508518759800804,-1.173854047424885e-12,2.529982149871199,-5.5990767577895895e-12,no_fit,0.8873740441295629
heat,0.1,113,3,1,0.00015251296099449974,0.35798978392098135,0.0009016481326399931,2.4090763169159226,-0.08875836996476599,0.8,0.0,0.4472135954999579,0.0,0.33508783185915475,0.0,2.529912810186482,1.1102230246251565e-16,0.33508518759800804,-1.173854047424885e-12,2.529982149871199,-5.5990767577895895e-12,no_fit,0.8045561878589069
heat,0.1,113,3,2,6.486884194600862e-05,0.38224823103972955,-0.06290182851204627,2.7100448517578646,-0.25441847480161167,0.8,0.0,0.4472135954999579,0.0,0.33508783185915475,0.0,2.529912810186482,1.1102230246251565e-16,0.33508518759800804,-1.173854047424885e-12,2.529982149871199,-5.5990767577895895e-12,no_fit,0.7615592922973369
heat,0.1,113,3,3,0.006119178899098188,0.33866293695096533,0.00737121349860742,2.662904022750152,0.047368426209316916,0.8,0.0,0.4472135954999579,0.0,0.33508783185915475,0.0,2.529912810186482,1.1102230246251565e-16,0.33508518759800804,-1.173854047424885e-12,2.529982149871199,-5.5990767577895895e-12,no_fit,0.9079198011435676
heat,0.1,114,0,0,0.12404171098023653,0.33367333572745156,-0.0207198018711734,2.5769268971650634,-0.06296565251787412,0.8,0.0,0.4472135954999579,0.0,0.33508783185915475,0.0,2.529912810186482,1.1102230246251565e-16,0.33508518759800804,-1.173854047424885e-12,2.529982149871199,-5.5990767577895895e-12,no_fit,0.999172834114016
heat,0.1,114,0,1,0.14058829937130213,0.33588172810379757,0.025366720870324908,2.554870270680484,0.021181515190131894,0.8,0.0,0.4472135954999579,0.0,0.33508783185915475,0.0,2.529912810186482,1.1102230246251565e-16,0.33508518759800804,-1.173854047424885e-12,2.529982149871199,-5.5990767577895895e-12,ungated,0.9998679932019252
heat,0.1,114,0,2,0.1381094427779317,0.3347717341291396,-0.003288249220261317,2.5718097926080565,-0.019296129439187404,0.8,0.0,0.4472135954999579,0.0,0.33508783185915475,0.0,2.529912810186482,1.1102230246251565e-16,0.33508518759800804,-1.173854047424885e-12,2.529982149871199,-5.5990767577895895e-12,ungated,0.9998684392981108
heat,0.1,114,0,3,0.13851668499410152,0.3323647769713565,-0.01970695770497298,2.593715979301203,-0.08263497148324511,0.8,0.0,0.4472135954999579,0.0,0.33508783185915475,0.0,2.529912810186482,1.1102230246251565e-16,0.33508518759800804,-1.173854047424885e-12,2.529982149871199,-5.5990767577895895e-12,ungated,0.9997951984674156
heat,0.1,114,1,0,0.13378682173788548,0.33376700874052007,-0.004021357234198851,2.58793463511156,-0.018403180519524,0.8,0.0,0.4472135954999579,0.0,0.33508783185915475,0.0,2.529912810186482,1.1102230246251565e-16,0.33508518759800804,-1.173854047424885e-12,2.529982149871199,-5.5990767577895895e-12,ungated,0.9998664638585336
heat,0.1,114,1,1,0.13611523061990738,0.33397200043354536,0.004988184766263305,2.5781318054627724,-0.004293067186700084,0.8,0.0,0.4472135954999579,0.0,0.33508783185915475,0.0,2.529912810186482,1.1102230246251565e-16,0.33508518759800804,-1.173854047424885e-12,2.529982149871199,-5.5990767577895895e-12,ungated,0.9999507209322545
heat,0.1,114,1,2,0.14040085952728987,0.3327180719956112,0.003744086234950507,2.5903987963216353,0.019733470244873597,0.8,0.0,0.4472135954999579,0.0,0.33508783185915475,0.0,2.529912810186482,1.1102230246251565e-16,0.33508518759800804,-1.173854047424885e-12,2.529982149871199,-5.5990767577895895e-12,ungated,0.9999312027138848
heat,0.1,114,1,3,0.11624334938824177,0.3340543151607365,0.00630574937764003,2.5892892905840044,0.0007618694579429874,0.8,0.0,0.4472135954999579,0.0,0.33508783185915475,0.0,2.529912810186482,1.1102230246251565e-16,0.33508518759800804,-1.173854047424885e-12,2.529982149871199,-5.5990767577895895e-12,no_fit,0.9981195486830932
heat,0.1,114,2,0,0.006321763095911592,0.331148919357427,-0.00017824032008723854,2.7272611206866273,0.028109479399143655,0.8,0.0,0.4472135954999579,0.0,0.33508783185915475,0.0,2.529912810186482,1.1102230246251565e-16,0.33508518759800804,-1.173854047424885e-12,2.529982149871199,-5.5990767577895895e-12,no_fit,0.9205379090382536
heat,0.1,114,2,1,0.0018534455593908206,0.3246532782236537,0.024776201702951986,2.9537390318395538,0.10337975586908299,0.8,0.0,0.4472135954999579,0.0,0.33508783185915475,0.0,2.529912810186482,1.1102230246251565e-16,0.33508518759800804,-1.173854047424885e-12,2.529982149871199,-5.5990767577895895e-12,no_fit,0.903121155210784
heat,0.1,114,2,2,0.009066222351975739,0.336395911909118,0.005865606612140608,2.6687978671210484,0.0659312393188255,0.8,0.0,0.4472135954999579,0.0,0.33508783185915475,0.0,2.529912810186482,1.1102230246251565e-16,0.33508518759800804,-1.173854047424885e-12,2.529982149871199,-5.5990767577895895e-12,no_fit,0.9269420355584724
heat,0.1,114,2,3,0.16329071670770645,0.3333902522244757,0.0014945927658197864,2.5881317611380354,0.004174113678414748,0.8,0.0,0.4472135954999579,0.0,0.33508783185915475,0.0,2.529912810186482,1.1102230246251565e-16,0.33508518759800804,-1.173854047424885e-12,2.529982149871199,-5.5990767577895895e-12,no_fit,0.9972972398124058
heat,0.1,114,3,0,0.00029794177316944115,0.34127465965484943,-0.11411288430103374,2.6965616996059065,-0.3826598922403245,0.8,0.0,0.4472135954999579,0.0,0.33508783185915475,0.0,2.529912810186482,1.1102230246251565e-16,0.33508518759800804,-1.173854047424885e-12,2.529982149871199,-5.5990767577895895e-12,no_fit,0.8902306266310351
heat,0.1,114,3,1,0.00028868691333627794,0.32902871761631924,-0.014100974561425414,2.796675983349666,0.048346141386594876,0.8,0.0,0.4472135954999579,0.0,0.33508783185915475,0.0,2.529912810186482,1.1102230246251565e-16,0.33508518759800804,-1.173854047424885e-12,2.529982149871199,-5.5990767577895895e-12,no_fit,0.8974822971197662
heat,0.1,114,3,2,0.00011577877012314275,0.4005081309570943,0.03589171725900051,2.4266427248910225,-0.01673386692598472,0.8,0.0,0.4472135954999579,0.0,0.33508783185915475,0.0,2.529912810186482,1.1102230246251565e-16,0.33508518759800804,-1.173854047424885e-12,2.529982149871199,-5.5990767577895895e-12,no_fit,0.8455533580895519
heat,0.1,114,3,3,2.614518575683178e-05,0.332831551517846,0.027367652075051794,2.9293880696076604,0.03922856369134897,0.8,0.0,0.4472135954999579,0.0,0.33508783185915475,0.0,2.529912810186482,1.1102230246251565e-16,0.33508518759800804,-1.173854047424885e-12,2.529982149871199,-5.5990767577895895e-12,no_fit,0.8116485012991678
heat,0.1,115,0,0,0.15649488940835,0.33340020771189083,-0.006571306596277785,2.576284794664303,-0.03006472909220853,0.8,0.0,0.4472135954999579,0.0,0.33508783185915475,0.0,2.529912810186482,1.1102230246251565e-16,0.33508518759800804,-1.173854047424885e-12,2.529982149871199,-5.5990767577895895e-12,no_fit,0.999274517966618
heat,0.1,115,0,1,0.13336002733558416,0.3315213910051633,-0.014557328945319506,2.6094754279968577,0.023912421504610815,0.8,0.0,0.4472135954999579,0.0,0.33508783185915475,0.0,2.529912810186482,1.1102230246251565e-16,0.33508518759800804,-1.173854047424885e-12,2.529982149871199,-5.5990767577895895e-12,ungated,0.9998247640779672
heat,0.1,115,0,2,0.4763050116598606,0.3285670898617628,0.0004772640034661596,2.634945704772011,0.01859873260278211,0.8,0.0,0.4472135954999579,0.0,0.33508783185915475,0.0,2.529912810186482,1.1102230246251565e-16,0.33508518759800804,-1.173854047424885e-12,2.529982149871199,-5.5990767577895895e-12,no_fit,0.7905726365689876
heat,0.1,115,0,3,0.12327958829700947,0.3324548164554251,0.0027921794304724542,2.605407785121283,0.024159470637139746,0.8,0.0,0.4472135954999579,0.0,0.33508783185915475,0.0,2.529912810186482,1.1102230246251565e-16,0.33508518759800804,-1.173854047424885e-12,2.529982149871199,-5.5990767577895895e-12,no_fit,0.9989922922990586
heat,0.1,115,1,0,0.12316681537777185,0.3350367185930201,0.005706311277376989,2.578472438572701,0.02458131347795328,0.8,0.0,0.4472135954999579,0.0,0.33508783185915475,0.0,2.529912810186482,1.1102230246251565e-16,0.33508518759800804,-1.173854047424885e-12,2.529982149871199,-5.5990767577895895e-12,no_fit,0.9992421655977454
heat,0.1,115,1,1,0.1281437585130334,0.3328546788651381,-0.006130655640999637,2.5968298875335805,-0.03668127389301251,0.8,0.0,0.4472135954999579,0.0,0.33508783185915475,0.0,2.529912810186482,1.1102230246251565e-16,0.33508518759800804,-1.173854047424885e-12,2.529982149871199,-5.5990767577895895e-12,no_fit,0.9996439552477134
heat,0.1,115,1,2,0.1212704237550497,0.33266581331113865,0.0019509449553598449,2.5890746963485185,0.019104517927017617,0.8,0.0,0.4472135954999579,0.0,0.33508783185915475,0.0,2.529912810186482,1.1102230246251565e-16,0.33508518759800804,-1.173854047424885e-12,2.529982149871199,-5.5990767577895895e-12,no_fit,0.9990159303135052
heat,0.1,115,1,3,0.136452273465693,0.33273012938028546,0.0036881958098477744,2.5868523097772496,-0.002943954091428558,0.8,0.0,0.4472135954999579,0.0,0.33508783185915475,0.0,2.529912810186482,1.1102230246251565e-16,0.33508518759800804,-1.173854047424885e-12,2.529982149871199,-5.5990767577895895e-12,ungated,0.9999407197563294
heat,0.1,115,2,0,0.13595258817076683,0.33538674694922904,-0.01280614671997076,2.575574376032966,-0.0684199630656625,0.8,0.0,0.4472135954999579,0.0,0.33508783185915475,0.0,2.529912810186482,1.1102230246251565e-16,0.33508518759800804,-1.173854047424885e-12,2.529982149871199,-5.5990767577895895e-12,ungated,0.9998575193012282
heat,0.1,115,2,1,0.17164982669055462,0.3330216023640517,-0.012978093134027245,2.5732505005552047,-0.05821605900370963,0.8,0.0,0.4472135954999579,0.0,0.33508783185915475,0.0,2.529912810186482,1.1102230246251565e-16,0.33508518759800804,-1.173854047424885e-12,2.529982149871199,-5.5990767577895895e-12,no_fit,0.9982333885630096
heat,0.1,115,2,2,0.008406100445427,0.33029418040867004,-0.0020727337948876767,2.7127894639654855,-0.027673845945814457,0.8,0.0,0.4472135954999579,0.0,0.33508783185915475,0.0,2.529912810186482,1.1102230246251565e-16,0.33508518759800804,-1.173854047424885e-12,2.529982149871199,-5.5990767577895895e-12,no_fit,0.9293961477886424
heat,0.1,115,2,3,0.16349769569933414,0.3341864892479301,-0.006809629217463281,2.565562285754466,-0.02739957731827658,0.8,0.0,0.4472135954999579,0.0,0.33508783185915475,0.0,2.529912810186482,1.1102230246251565e-16,0.33508518759800804,-1.173854047424885e-12,2.529982149871199,-5.5990767577895895e-12,acf_or_spectral,0.999132067017011
heat,0.1,115,3,0,0.002427285711746663,0.3473469636898704,0.023351437682784307,2.658170487900506,0.019850360851013327,0.8,0.0,0.4472135954999579,0.0,0.33508783185915475,0.0,2.529912810186482,1.1102230246251565e-16,0.33508518759800804,-1.173854047424885e-12,2.529982149871199,-5.5990767577895895e-12,no_fit,0.9095256118397006
heat,0.1,115,3,1,0.0002615689390950138,0.34936424066346966,-0.09122740669634233,2.7005803514529325,-0.11768844501018771,0.8,0.0,0.4472135954999579,0.0,0.33508783185915475,0.0,2.529912810186482,1.1102230246251565e-16,0.33508518759800804,-1.173854047424885e-12,2.529982149871199,-5.5990767577895895e-12,no_fit,0.8788127762774981
heat,0.1,115,3,2,0.0001107151201722445,0.36165187071612315,-0.04769075895917656,2.6869826014556715,-0.15696845351862404,0.8,0.0,0.4472135954999579,0.0,0.33508783185915475,0.0,2.529912810186482,1.1102230246251565e-16,0.33508518759800804,-1.173854047424885e-12,2.529982149871199,-5.5990767577895895e-12,no_fit,0.8408536689076501
heat,0.1,115,3,3,4.132760773245536e-05,0.35399902916148784,-0.06009376738985055,2.591478441311408,-0.2658698172890922,0.8,0.0,0.4472135954999579,0.0,0.33508783185915475,0.0,2.529912810186482,1.1102230246251565e-16,0.33508518759800804,-1.173854047424885e-12,2.529982149871199,-5.5990767577895895e-12,no_fit,0.8106466752443743
heat,0.1,116,0,0,0.13945492822676897,0.3339101421191374,-0.0008392032211850906,2.5794569593364485,-0.03398149424260977,0.8,0.0,0.4472135954999579,0.0,0.33508783185915475,0.0,2.529912810186482,1.1102230246251565e-16,0.33508518759800804,-1.173854047424885e-12,2.529982149871199,-5.5990767577895895e-12,ungated,0.9999513717594845
heat,0.1,116,0,1,0.12462164182215929,0.33522663317551393,-0.013032176440269196,2.569643745558377,-0.05930071659253655,0.8,0.0,0.4472135954999579,0.0,0.33508783185915475,0.0,2.529912810186482,1.1102230246251565e-16,0.33508518759800804,-1.173854047424885e-12,2.529982149871199,-5.5990767577895895e-12,no_fit,0.9986910081700184
heat,0.1,116,0,2,0.12992735859006643,0.33351131353280006,0.0008177384840462991,2.5887711454212803,0.023298905953639204,0.8,0.0,0.4472135954999579,0.0,0.33508783185915475,0.0,2.529912810186482,1.1102230246251565e-16,0.33508518759800804,-1.173854047424885e-12,2.529982149871199,-5.5990767577895895e-12,no_fit,0.999601697792502
heat,0.1,116,0,3,0.14783481508493423,0.3352257287657457,0.00254515732205748,2.5681985824344213,-0.003906148219642469,0.8,0.0,0.4472135954999579,0.0,0.33508783185915475,0.0,2.529912810186482,1.1102230246251565e-16,0.33508518759800804,-1.173854047424885e-12,2.529982149871199,-5.5990767577895895e-12,ungated,0.9998462047677628
heat,0.1,116,1,0,0.13509502075612545,0.3329295463122983,-0.00035660392823186235,2.5851244919911713,-0.014220289442561374,0.8,0.0,0.4472135954999579,0.0,0.33508783185915475,0.0,2.529912810186482,1.1102230246251565e-16,0.33508518759800804,-1.173854047424885e-12,2.529982149871199,-5.5990767577895895e-12,ungated,0.9998525667156491
heat,0.1,116,1,1,0.14060599729418755,0.3342477579796417,0.008634649956825594,2.5709034745680275,0.021112559773323325,0.8,0.0,0.4472135954999579,0.0,0.33508783185915475,0.0,2.529912810186482,1.1102230246251565e-16,0.33508518759800804,-1.173854047424885e-12,2.529982149871199,-5.5990767577895895e-12,ungated,0.9999389019051214
heat,0.1,116,1,2,0.14068767987191677,0.3331751807843638,0.0007401681946494694,2.583707158957058,-0.010971298546693098,0.8,0.0,0.4472135954999579,0.0,0.33508783185915475,0.0,2.529912810186482,1.1102230246251565e-16,0.33508518759800804,-1.173854047424885e-12,2.529982149871199,-5.5990767577895895e-12,ungated,0.9998440252797488
heat,0.1,116,1,3,0.1341596907004714,0.33481434403655924,0.00291774644267544,2.575219164820478,0.0034359398501678795,0.8,0.0,0.4472135954999579,0.0,0.33508783185915475,0.0,2.529912810186482,1.1102230246251565e-16,0.33508518759800804,-1.173854047424885e-12,2.529982149871199,-5.5990767577895895e-12,ungated,0.9998483697337408
heat,0.1,116,2,0,0.15100391767919064,0.33438420085384213,0.0004203311507480393,2.5476782660950548,0.025928482622175175,0.8,0.0,0.4472135954999579,0.0,0.33508783185915475,0.0,2.529912810186482,1.1102230246251565e-16,0.33508518759800804,-1.173854047424885e-12,2.529982149871199,-5.5990767577895895e-12,acf_or_spectral,0.9996590452289684
heat,0.1,116,2,1,0.0017947904707398266,0.3405547487927546,0.01139575826718494,2.701601830783175,0.017682973508806432,0.8,0.0,0.4472135954999579,0.0,0.33508783185915475,0.0,2.529912810186482,1.1102230246251565e-16,0.33508518759800804,-1.173854047424885e-12,2.529982149871199,-5.5990767577895895e-12,no_fit,0.915295738956484
heat,0.1,116,2,2,0.13843610044568777,0.33461116300714666,0.00042376638565359837,2.573523210593428,0.014879508160641264,0.8,0.0,0.4472135954999579,0.0,0.33508783185915475,0.0,2.529912810186482,1.1102230246251565e-16,0.33508518759800804,-1.173854047424885e-12,2.529982149871199,-5.5990767577895895e-12,ungated,0.9999046008160112
heat,0.1,116,2,3,0.15878713130950928,0.335143168493115,-0.004721664040473432,2.559231748265045,-0.011218912419867,0.8,0.0,0.4472135954999579,0.0,0.33508783185915475,0.0,2.529912810186482,1.1102230246251565e-16,0.33508518759800804,-1.173854047424885e-12,2.529982149871199,-5.5990767577895895e-12,acf_or_spectral,0.9993345079876188
heat,0.1,116,3,0,0.001330236525973305,0.36630413816418605,0.07397956577701802,2.658719790210316,0.3670056831424642,0.8,0.0,0.4472135954999579,0.0,0.33508783185915475,0.0,2.529912810186482,1.1102230246251565e-16,0.33508518759800804,-1.173854047424885e-12,2.529982149871199,-5.5990767577895895e-12,no_fit,0.9051269175844232
heat,0.1,116,3,1,1.663642285620881e-05,0.34857541170082,-0.0552663912054193,2.554854066105155,-0.043697578475186905,0.8,0.0,0.4472135954999579,0.0,0.33508783185915475,0.0,2.529912810186482,1.1102230246251565e-16,0.33508518759800804,-1.173854047424885e-12,2.529982149871199,-5.5990767577895895e-12,no_fit,0.8082092182896315
heat,0.1,116,3,2,0.005161520617548376,0.32959720641477935,0.029552695331313095,2.722559925444684,0.2531691472233385,0.8,0.0,0.4472135954999579,0.0,0.33508783185915475,0.0,2.529912810186482,1.1102230246251565e-16,0.33508518759800804,-1.173854047424885e-12,2.529982149871199,-5.5990767577895895e-12,no_fit,0.9186852312185796
heat,0.1,116,3,3,0.00040435830669594,0.3341316498477321,-0.05826439478844045,2.706425963315663,-0.18769349279412062,0.8,0.0,0.4472135954999579,0.0,0.33508783185915475,0.0,2.529912810186482,1.1102230246251565e-16,0.33508518759800804,-1.173854047424885e-12,2.529982149871199,-5.5990767577895895e-12,no_fit,0.901815511359684
heat,0.1,117,0,0,0.1422148970887065,0.33102158143168575,0.006357219348849658,2.5881213958130824,0.029376809483338928,0.8,0.0,0.4472135954999579,0.0,0.33508783185915475,0.0,2.529912810186482,1.1102230246251565e-16,0.33508518759800804,-1.173854047424885e-12,2.529982149871199,-5.5990767577895895e-12,ungated,0.9999239188676272
heat,0.1,117,0,1,0.14282777532935143,0.3322893005198214,-0.007181493806328982,2.5825714277666436,-0.022270960652908955,0.8,0.0,0.4472135954999579,0.0,0.33508783185915475,0.0,2.529912810186482,1.1102230246251565e-16,0.33508518759800804,-1.173854047424885e-12,2.529982149871199,-5.5990767577895895e-12,ungated,0.9999721932726616
heat,0.1,117,0,2,0.14483997225761414,0.3338069360529655,0.012951208807529795,2.5866456905838446,0.020189950747146634,0.8,0.0,0.4472135954999579,0.0,0.33508783185915475,0.0,2.529912810186482,1.1102230246251565e-16,0.33508518759800804,-1.173854047424885e-12,2.529982149871199,-5.5990767577895895e-12,ungated,0.9998611190729276
heat,0.1,117,0,3,0.14241208042949438,0.33340912073023143,0.0028005692362226293,2.588279321268076,0.05698522043859661,0.8,0.0,0.4472135954999579,0.0,0.33508783185915475,0.0,2.529912810186482,1.1102230246251565e-16,0.33508518759800804,-1.173854047424885e-12,2.529982149871199,-5.5990767577895895e-12,ungated,0.9998895267820436
heat,0.1,117,1,0,0.14315107464790344,0.3339328899079092,-0.0008888617066926502,2.577637858144113,0.0025403478570074634,0.8,0.0,0.4472135954999579,0.0,0.33508783185915475,0.0,2.529912810186482,1.1102230246251565e-16,0.33508518759800804,-1.173854047424885e-12,2.529982149871199,-5.5990767577895895e-12,ungated,0.9999789411085026
heat,0.1,117,1,1,0.025470493361353874,0.33275700862345625,0.0008482956891139973,2.620537550369971,0.0012677369270547856,0.8,0.0,0.4472135954999579,0.0,0.33508783185915475,0.0,2.529912810186482,1.1102230246251565e-16,0.33508518759800804,-1.173854047424885e-12,2.529982149871199,-5.5990767577895895e-12,no_fit,0.9213157631131932
heat,0.1,117,1,2,0.13450022973120213,0.33295330782920146,0.007165889587726772,2.588811445298675,0.010712407096923449,0.8,0.0,0.4472135954999579,0.0,0.33508783185915475,0.0,2.529912810186482,1.1102230246251565e-16,0.33508518759800804,-1.173854047424885e-12,2.529982149871199,-5.5990767577895895e-12,ungated,0.9998954559271682
heat,0.1,117,1,3,0.08147711865603924,0.33333914886719423,-0.0028115686991474383,2.597206181291279,-0.007570909839917206,0.8,0.0,0.4472135954999579,0.0,0.33508783185915475,0.0,2.529912810186482,1.1102230246251565e-16,0.33508518759800804,-1.173854047424885e-12,2.529982149871199,-5.5990767577895895e-12,no_fit,0.9866413590319598
heat,0.1,117,2,0,0.025912248995155096,0.33120775581567846,-0.0010255658525865896,2.6282629440890046,-0.0010644675368354783,0.8,0.0,0.4472135954999579,0.0,0.33508783185915475,0.0,2.529912810186482,1.1102230246251565e-16,0.33508518759800804,-1.173854047424885e-12,2.529982149871199,-5.5990767577895895e-12,no_fit,0.93528073772005
heat,0.1,117,2,1,0.07099412987008691,0.3321815558883337,0.001683793269202259,2.6084252542402733,0.006269775310280279,0.8,0.0,0.4472135954999579,0.0,0.33508783185915475,0.0,2.529912810186482,1.1102230246251565e-16,0.33508518759800804,-1.173854047424885e-12,2.529982149871199,-5.5990767577895895e-12,no_fit,0.9813405471681405
heat,0.1,117,2,2,0.14869316667318344,0.33566811511686634,0.0037145656791977176,2.566365351564368,0.0022104112593817615,0.8,0.0,0.4472135954999579,0.0,0.33508783185915475,0.0,2.529912810186482,1.1102230246251565e-16,0.33508518759800804,-1.173854047424885e-12,2.529982149871199,-5.5990767577895895e-12,ungated,0.9998562345442868
heat,0.1,117,2,3,0.11452188063412905,0.33372837729079374,-0.0032301562640768954,2.5878637845486243,-0.027647465192939313,0.8,0.0,0.4472135954999579,0.0,0.33508783185915475,0.0,2.529912810186482,1.1102230246251565e-16,0.33508518759800804,-1.173854047424885e-12,2.529982149871199,-5.5990767577895895e-12,no_fit,0.998340766892196
heat,0.1,117,3,0,3.150458042000537e-05,0.3494026718944835,0.005555420877998916,2.6997109346298513,0.24195315614092838,0.8,0.0,0.4472135954999579,0.0,0.33508783185915475,0.0,2.529912810186482,1.1102230246251565e-16,0.33508518759800804,-1.173854047424885e-12,2.529982149871199,-5.5990767577895895e-12,no_fit,0.8561684492309906
heat,0.1,117,3,1,0.00024211460913647898,0.32577549462755373,-0.037146018318814644,2.912102556462431,-0.26414649985424166,0.8,0.0,0.4472135954999579,0.0,0.33508783185915475,0.0,2.529912810186482,1.1102230246251565e-16,0.33508518759800804,-1.173854047424885e-12,2.529982149871199,-5.5990767577895895e-12,no_fit,0.8829620131469075
heat,0.1,117,3,2,0.001321983669186011,0.33691193375346234,0.06464613896501695,2.682010037112375,0.3076252889697123,0.8,0.0,0.4472135954999579,0.0,0.33508783185915475,0.0,2.529912810186482,1.1102230246251565e-16,0.33508518759800804,-1.173854047424885e-12,2.529982149871199,-5.5990767577895895e-12,no_fit,0.9124740925363756
heat,0.1,117,3,3,2.4192027012759354e-05,0.3482248337581377,0.03018932100764088,2.7466286612321205,-0.20874038959127483,0.8,0.0,0.4472135954999579,0.0,0.33508783185915475,0.0,2.529912810186482,1.1102230246251565e-16,0.33508518759800804,-1.173854047424885e-12,2.529982149871199,-5.5990767577895895e-12,no_fit,0.7584621405767177
heat,0.1,118,0,0,0.280120606534183,0.2902746237327046,-0.03796096522834195,3.3547088888394585,-0.023428573516495632,0.8,0.0,0.4472135954999579,0.0,0.33508783185915475,0.0,2.529912810186482,1.1102230246251565e-16,0.33508518759800804,-1.173854047424885e-12,2.529982149871199,-5.5990767577895895e-12,no_fit,0.6239703998562378
heat,0.1,118,0,1,0.12782247178256512,0.3326690266221659,-5.0148419526379966e-05,2.5905204169240688,0.00863317583148221,0.8,0.0,0.4472135954999579,0.0,0.33508783185915475,0.0,2.529912810186482,1.1102230246251565e-16,0.33508518759800804,-1.173854047424885e-12,2.529982149871199,-5.5990767577895895e-12,no_fit,0.9989587150698548
heat,0.1,118,0,2,0.14171591121703386,0.32840189029212835,0.02867625093055643,2.5963187975353716,0.06381374151954977,0.8,0.0,0.4472135954999579,0.0,0.33508783185915475,0.0,2.529912810186482,1.1102230246251565e-16,0.33508518759800804,-1.173854047424885e-12,2.529982149871199,-5.5990767577895895e-12,no_fit,0.9994503605754824
heat,0.1,118,0,3,0.12196083273738623,0.3318389385141952,0.0016757915333373515,2.61231154766431,-0.02160684928859269,0.8,0.0,0.4472135954999579,0.0,0.33508783185915475,0.0,2.529912810186482,1.1102230246251565e-16,0.33508518759800804,-1.173854047424885e-12,2.529982149871199,-5.5990767577895895e-12,no_fit,0.999243184422869
heat,0.1,118,1,0,0.4036743976175785,0.3321258501305576,0.009802654894071927,2.564326103470072,0.06221022137758092,0.8,0.0,0.4472135954999579,0.0,0.33508783185915475,0.0,2.529912810186482,1.1102230246251565e-16,0.33508518759800804,-1.173854047424885e-12,2.529982149871199,-5.5990767577895895e-12,no_fit,0.8926832637230188
heat,0.1,118,1,1,0.11249488405883312,0.3322924057886017,0.0012219655536584025,2.60622735845759,-0.016658119910163194,0.8,0.0,0.4472135954999579,0.0,0.33508783185915475,0.0,2.529912810186482,1.1102230246251565e-16,0.33508518759800804,-1.173854047424885e-12,2.529982149871199,-5.5990767577895895e-12,no_fit,0.9986674942570988
heat,0.1,118,1,2,0.1492620799690485,0.33228184512105086,-0.004990274040570864,2.5806446316965714,0.002588024886020057,0.8,0.0,0.4472135954999579,0.0,0.33508783185915475,0.0,2.529912810186482,1.1102230246251565e-16,0.33508518759800804,-1.173854047424885e-12,2.529982149871199,-5.5990767577895895e-12,ungated,0.9997942376806171
heat,0.1,118,1,3,0.1264246068894863,0.3338281833923014,0.007366262598547404,2.587151487245431,-0.016695172064747354,0.8,0.0,0.4472135954999579,0.0,0.33508783185915475,0.0,2.529912810186482,1.1102230246251565e-16,0.33508518759800804,-1.173854047424885e-12,2.529982149871199,-5.5990767577895895e-12,no_fit,0.999492872714394
heat,0.1,118,2,0,0.09617970231920481,0.3323434013775686,0.0024069825037250896,2.594824533413308,0.026964321820334924,0.8,0.0,0.4472135954999579,0.0,0.33508783185915475,0.0,2.529912810186482,1.1102230246251565e-16,0.33508518759800804,-1.173854047424885e-12,2.529982149871199,-5.5990767577895895e-12,no_fit,0.9919287534023916
heat,0.1,118,2,1,0.09231530409306288,0.33363414451871737,0.001055502904151623,2.597198076474609,0.011661685959385104,0.8,0.0,0.4472135954999579,0.0,0.33508783185915475,0.0,2.529912810186482,1.1102230246251565e-16,0.33508518759800804,-1.173854047424885e-12,2.529982149871199,-5.5990767577895895e-12,no_fit,0.9920818492551836
heat,0.1,118,2,2,0.03608001535758376,0.3333424374254677,0.0011607875990076039,2.613320895374409,0.023635643016207186,0.8,0.0,0.4472135954999579,0.0,0.33508783185915475,0.0,2.529912810186482,1.1102230246251565e-16,0.33508518759800804,-1.173854047424885e-12,2.529982149871199,-5.5990767577895895e-12,no_fit,0.9471004231040084
heat,0.1,118,2,3,0.13222695142030716,0.33412153460185795,0.0067034023866626,2.57664669883964,0.001495665429156967,0.8,0.0,0.4472135954999579,0.0,0.33508783185915475,0.0,2.529912810186482,1.1102230246251565e-16,0.33508518759800804,-1.173854047424885e-12,2.529982149871199,-5.5990767577895895e-12,ungated,0.9997788268052982
heat,0.1,118,3,0,0.0011412553867558017,0.42185578846721705,0.0285285003525843,2.698497438503237,-0.0052106640062725695,0.8,0.0,0.4472135954999579,0.0,0.33508783185915475,0.0,2.529912810186482,1.1102230246251565e-16,0.33508518759800804,-1.173854047424885e-12,2.529982149871199,-5.5990767577895895e-12,no_fit,0.8597557536064097
heat,0.1,118,3,1,0.0018841596611309797,0.3645250604577568,0.028811735932169045,2.7007471935632203,0.10314790878044533,0.8,0.0,0.4472135954999579,0.0,0.33508783185915475,0.0,2.529912810186482,1.1102230246251565e-16,0.33508518759800804,-1.173854047424885e-12,2.529982149871199,-5.5990767577895895e-12,no_fit,0.8985793516251913
heat,0.1,118,3,2,1.015577595353534e-05,0.35720307006706264,0.011404443030338263,2.5405148872259673,0.14418224773777133,0.8,0.0,0.4472135954999579,0.0,0.33508783185915475,0.0,2.529912810186482,1.1102230246251565e-16,0.33508518759800804,-1.173854047424885e-12,2.529982149871199,-5.5990767577895895e-12,no_fit,0.6209852136379868
heat,0.1,118,3,3,0.022245524916797876,0.33043860230335126,-0.010661824798491513,2.6458288243749757,-0.06348931979910116,0.8,0.0,0.4472135954999579,0.0,0.33508783185915475,0.0,2.529912810186482,1.1102230246251565e-16,0.33508518759800804,-1.173854047424885e-12,2.529982149871199,-5.5990767577895895e-12,no_fit,0.9475961711426104
heat,0.1,119,0,0,0.017195763299241662,0.33078214717480403,-0.003743653115776246,2.6520168026736743,0.0010556596789117467,0.8,0.0,0.4472135954999579,0.0,0.33508783185915475,0.0,2.529912810186482,1.1102230246251565e-16,0.33508518759800804,-1.173854047424885e-12,2.529982149871199,-5.5990767577895895e-12,no_fit,0.9200581270012792
heat,0.1,119,0,1,0.23177598975598812,0.33308754442180566,0.019887967093367823,2.576428287549008,0.07112352853168408,0.8,0.0,0.4472135954999579,0.0,0.33508783185915475,0.0,2.529912810186482,1.1102230246251565e-16,0.33508518759800804,-1.173854047424885e-12,2.529982149871199,-5.5990767577895895e-12,no_fit,0.9852286452322876
heat,0.1,119,0,2,0.190769886597991,0.32889510246675335,-0.0005630604838362863,2.6228717555266647,-0.01699894891370668,0.8,0.0,0.4472135954999579,0.0,0.33508783185915475,0.0,2.529912810186482,1.1102230246251565e-16,0.33508518759800804,-1.173854047424885e-12,2.529982149871199,-5.5990767577895895e-12,no_fit,0.9944365485273104
heat,0.1,119,0,3,0.14631512574851513,0.3331171909606422,0.017105242391742204,2.5796607018461275,0.011668017252447205,0.8,0.0,0.4472135954999579,0.0,0.33508783185915475,0.0,2.529912810186482,1.1102230246251565e-16,0.33508518759800804,-1.173854047424885e-12,2.529982149871199,-5.5990767577895895e-12,ungated,0.999839445239965
heat,0.1,119,1,0,0.2934030257165432,0.33577287455116106,0.0052681451713879664,2.5384781996754104,0.021042556304915916,0.8,0.0,0.4472135954999579,0.0,0.33508783185915475,0.0,2.529912810186482,1.1102230246251565e-16,0.33508518759800804,-1.173854047424885e-12,2.529982149871199,-5.5990767577895895e-12,acf_or_spectral,0.9542169562471526
heat,0.1,119,1,1,0.11741148121654987,0.33318517563162775,0.009867095971033591,2.5943796942622424,0.02310360772252057,0.8,0.0,0.4472135954999579,0.0,0.33508783185915475,0.0,2.529912810186482,1.1102230246251565e-16,0.33508518759800804,-1.173854047424885e-12,2.529982149871199,-5.5990767577895895e-12,no_fit,0.9988486754736026
heat,0.1,119,1,2,0.13356765639036894,0.33246147222158057,-0.004810385908840204,2.5973733385854856,-0.022934518883543198,0.8,0.0,0.4472135954999579,0.0,0.33508783185915475,0.0,2.529912810186482,1.1102230246251565e-16,0.33508518759800804,-1.173854047424885e-12,2.529982149871199,-5.5990767577895895e-12,ungated,0.99987257562849
heat,0.1,119,1,3,0.13467395678162575,0.3334926168653556,-0.0035353663635586804,2.580866068034296,-0.017486656414374357,0.8,0.0,0.4472135954999579,0.0,0.33508783185915475,0.0,2.529912810186482,1.1102230246251565e-16,0.33508518759800804,-1.173854047424885e-12,2.529982149871199,-5.5990767577895895e-12,ungated,0.9998753369474468
heat,0.1,119,2,0,0.04215013422071934,0.33205129641367115,-0.0014887357491480489,2.6181621928744936,0.0011608462542237463,0.8,0.0,0.4472135954999579,0.0,0.33508783185915475,0.0,2.529912810186482,1.1102230246251565e-16,0.33508518759800804,-1.173854047424885e-12,2.529982149871199,-5.5990767577895895e-12,no_fit,0.9591302451718208
heat,0.1,119,2,1,0.6334995180368423,0.3362507720585595,0.00691632068800635,2.4688734146777,0.02140721028104231,0.8,0.0,0.4472135954999579,0.0,0.33508783185915475,0.0,2.529912810186482,1.1102230246251565e-16,0.33508518759800804,-1.173854047424885e-12,2.529982149871199,-5.5990767577895895e-12,no_fit,0.7310094068529143
heat,0.1,119,2,2,0.05324903363361955,0.33202517234008355,-0.0045374979534927974,2.62432792127362,-0.02574162846710032,0.8,0.0,0.4472135954999579,0.0,0.33508783185915475,0.0,2.529912810186482,1.1102230246251565e-16,0.33508518759800804,-1.173854047424885e-12,2.529982149871199,-5.5990767577895895e-12,no_fit,0.9768595069350632
heat,0.1,119,2,3,0.13615084998309612,0.334328737020436,-0.002357301389973535,2.5715804008560332,-0.017088167932137965,0.8,0.0,0.4472135954999579,0.0,0.33508783185915475,0.0,2.529912810186482,1.1102230246251565e-16,0.33508518759800804,-1.173854047424885e-12,2.529982149871199,-5.5990767577895895e-12,ungated,0.9998411772868724
heat,0.1,119,3,0,0.002076383330859244,0.3158418286145641,0.03565495523225408,2.837324639201725,0.21165116954213414,0.8,0.0,0.4472135954999579,0.0,0.33508783185915475,0.0,2.529912810186482,1.1102230246251565e-16,0.33508518759800804,-1.173854047424885e-12,2.529982149871199,-5.5990767577895895e-12,no_fit,0.89260976050757
heat,0.1,119,3,1,2.928815388258954e-05,0.3514662160433838,-0.03551614032140851,2.887343807704922,-0.5276588010419603,0.8,0.0,0.4472135954999579,0.0,0.33508783185915475,0.0,2.529912810186482,1.1102230246251565e-16,0.33508518759800804,-1.173854047424885e-12,2.529982149871199,-5.5990767577895895e-12,no_fit,0.7598392460420025
heat,0.1,119,3,2,6.577272870345041e-05,0.34682714654701036,-0.027361616786319046,3.0610482086542357,-0.13632854696514862,0.8,0.0,0.4472135954999579,0.0,0.33508783185915475,0.0,2.529912810186482,1.1102230246251565e-16,0.33508518759800804,-1.173854047424885e-12,2.529982149871199,-5.5990767577895895e-12,no_fit,0.8324055706000797
heat,0.1,119,3,3,0.0020790575654245913,0.34119688815446925,0.009141480323126438,2.7093681137290746,0.06633901476448667,0.8,0.0,0.4472135954999579,0.0,0.33508783185915475,0.0,2.529912810186482,1.1102230246251565e-16,0.33508518759800804,-1.173854047424885e-12,2.529982149871199,-5.5990767577895895e-12,no_fit,0.9130631843461976
heat,0.25,100,0,0,0.24669286236166954,0.3288358584654429,0.007514845544702119,2.6145654318482805,0.12917260630073096,0.5,0.0,0.7071067811865476,0.0,0.3346910940819421,0.0,2.541257047076526,-5.551115123125783e-17,0.3346878078138642,-4.0033717964199767e-13,2.5413483104426207,-1.8510748489575235e-12,no_fit,0.975360286006091
heat,0.25,100,0,1,0.3160023153759539,0.2762957267141734,0.0073777773735457415,3.464503000641762,-0.0036862391046648124,0.5,0.0,0.7071067811865476,0.0,0.3346910940819421,0.0,2.541257047076526,-5.551115123125783e-17,0.3346878078138642,-4.0033717964199767e-13,2.5413483104426207,-1.8510748489575235e-12,no_fit,0.6023079711862576
heat,0.25,100,0,2,0.10594312846660614,0.33758555598452594,-0.0003535100238769935,2.581209171314024,-0.1397262330051396,0.5,0.0,0.7071067811865476,0.0,0.3346910940819421,0.0,2.541257047076526,-5.551115123125783e-17,0.3346878078138642,-4.0033717964199767e-13,2.5413483104426207,-1.8510748489575235e-12,no_fit,0.9966029726239184
heat,0.25,100,0,3,0.11595124006271362,0.33290437890280994,-0.00239838316407245,2.5898085689192354,-0.05500313827050185,0.5,0.0,0.7071067811865476,0.0,0.3346910940819421,0.0,2.541257047076526,-5.551115123125783e-17,0.3346878078138642,-4.0033717964199767e-13,2.5413483104426207,-1.8510748489575235e-12,no_fit,0.998053011480686
heat,0.25,100,1,0,0.014964142348617315,0.3307183638136733,-0.002903867091048625,2.681924983271858,-0.032813591529127994,0.5,0.0,0.7071067811865476,0.0,0.3346910940819421,0.0,2.541257047076526,-5.551115123125783e-17,0.3346878078138642,-4.0033717964199767e-13,2.5413483104426207,-1.8510748489575235e-12,no_fit,0.9227088092518644
heat,0.25,100,1,1,0.12688885442912579,0.33442352514378,-0.020280573903542598,2.5695813079136145,-0.05984585807995507,0.5,0.0,0.7071067811865476,0.0,0.3346910940819421,0.0,2.541257047076526,-5.551115123125783e-17,0.3346878078138642,-4.0033717964199767e-13,2.5413483104426207,-1.8510748489575235e-12,no_fit,0.9992073954560248
heat,0.25,100,1,2,0.14169579185545444,0.3312487204238895,0.022990617134119998,2.611342911929746,0.03978579654481296,0.5,0.0,0.7071067811865476,0.0,0.3346910940819421,0.0,2.541257047076526,-5.551115123125783e-17,0.3346878078138642,-4.0033717964199767e-13,2.5413483104426207,-1.8510748489575235e-12,no_fit,0.9996595497523156
heat,0.25,100,1,3,0.23263972933636978,0.22714308245820694,0.04270769562507903,3.72444642567514,-0.012716589731619488,0.5,0.0,0.7071067811865476,0.0,0.3346910940819421,0.0,2.541257047076526,-5.551115123125783e-17,0.3346878078138642,-4.0033717964199767e-13,2.5413483104426207,-1.8510748489575235e-12,no_fit,0.5289684254223403
heat,0.25,100,2,0,2.154256634412377e-06,0.33565951527190824,0.004539107550560311,2.75678072567991,0.03372941668673035,0.5,0.0,0.7071067811865476,0.0,0.3346910940819421,0.0,2.541257047076526,-5.551115123125783e-17,0.3346878078138642,-4.0033717964199767e-13,2.5413483104426207,-1.8510748489575235e-12,no_fit,0.6118520260221689
heat,0.25,100,2,1,0.006320901622530073,0.33060152796075715,-0.0010520409495345428,2.726091166601921,0.05148467161053616,0.5,0.0,0.7071067811865476,0.0,0.3346910940819421,0.0,2.541257047076526,-5.551115123125783e-17,0.3346878078138642,-4.0033717964199767e-13,2.5413483104426207,-1.8510748489575235e-12,no_fit,0.9128465821943296
heat,0.25,100,2,2,0.039482767693698406,0.3373475533204344,-0.006273751396497849,2.552580983565681,-0.019606539549102908,0.5,0.0,0.7071067811865476,0.0,0.3346910940819421,0.0,2.541257047076526,-5.551115123125783e-17,0.3346878078138642,-4.0033717964199767e-13,2.5413483104426207,-1.8510748489575235e-12,acf_or_spectral,0.9556887225618246
heat,0.25,100,2,3,0.12753896694630384,0.3368685550317184,0.013850716105243693,2.5190502656650917,0.09556859270053203,0.5,0.0,0.7071067811865476,0.0,0.3346910940819421,0.0,2.541257047076526,-5.551115123125783e-17,0.3346878078138642,-4.0033717964199767e-13,2.5413483104426207,-1.8510748489575235e-12,no_fit,0.9954131122810173
heat,0.25,100,3,0,0.024418822024017572,0.3330512509766344,-0.012177882781639164,2.647522872141662,-0.06141072885399612,0.5,0.0,0.7071067811865476,0.0,0.3346910940819421,0.0,2.541257047076526,-5.551115123125783e-17,0.3346878078138642,-4.0033717964199767e-13,2.5413483104426207,-1.8510748489575235e-12,no_fit,0.9495323620350504
heat,0.25,100,3,1,0.008979881415143609,0.3340328021829374,0.016351068324906452,2.730845027050343,0.0868309145202858,0.5,0.0,0.7071067811865476,0.0,0.3346910940819421,0.0,2.541257047076526,-5.551115123125783e-17,0.3346878078138642,-4.0033717964199767e-13,2.5413483104426207,-1.8510748489575235e-12,no_fit,0.9247004315972894
heat,0.25,100,3,2,0.004321218759287149,0.3456162290699642,-0.01840403146374351,2.6954718057790283,-0.10538795287419822,0.5,0.0,0.7071067811865476,0.0,0.3346910940819421,0.0,2.541257047076526,-5.551115123125783e-17,0.3346878078138642,-4.0033717964199767e-13,2.5413483104426207,-1.8510748489575235e-12,no_fit,0.9095047692032208
heat,0.25,100,3,3,0.1051908228546381,0.3378239735368766,-0.0019684569281721367,2.5634340306364902,0.046008896535608024,0.5,0.0,0.7071067811865476,0.0,0.3346910940819421,0.0,2.541257047076526,-5.551115123125783e-17,0.3346878078138642,-4.0033717964199767e-13,2.5413483104426207,-1.8510748489575235e-12,no_fit,0.995183571620542
heat,0.25,101,0,0,0.14712193049490452,0.33198866044125497,0.010227635722216634,2.5807466159755883,0.033570205968856126,0.5,0.0,0.7071067811865476,0.0,0.3346910940819421,0.0,2.541257047076526,-5.551115123125783e-17,0.3346878078138642,-4.0033717964199767e-13,2.5413483104426207,-1.8510748489575235e-12,ungated,0.999739853541529
heat,0.25,101,0,1,0.34966060938313603,0.2615151779521244,-0.006851284312711081,3.64919948723286,-0.048748069626844526,0.5,0.0,0.7071067811865476,0.0,0.3346910940819421,0.0,2.541257047076526,-5.551115123125783e-17,0.3346878078138642,-4.0033717964199767e-13,2.5413483104426207,-1.8510748489575235e-12,no_fit,0.5381113744225079
heat,0.25,101,0,2,0.15707743912935257,0.3329338735587472,-0.012997862581313517,2.5845494012764543,-0.08760333236302176,0.5,0.0,0.7071067811865476,0.0,0.3346910940819421,0.0,2.541257047076526,-5.551115123125783e-17,0.3346878078138642,-4.0033717964199767e-13,2.5413483104426207,-1.8510748489575235e-12,no_fit,0.9984317987054168
heat,0.25,101,0,3,0.17539307847619057,0.3319970840692202,-0.032155125936020046,2.5850381731515872,-0.11983816394477159,0.5,0.0,0.7071067811865476,0.0,0.3346910940819421,0.0,2.541257047076526,-5.551115123125783e-17,0.3346878078138642,-4.0033717964199767e-13,2.5413483104426207,-1.8510748489575235e-12,no_fit,0.9975244446984805
heat,0.25,101,1,0,0.09681532438844442,0.32740327549970555,-0.033723478086213066,2.679623567133111,-0.0983143295842343,0.5,0.0,0.7071067811865476,0.0,0.3346910940819421,0.0,2.541257047076526,-5.551115123125783e-17,0.3346878078138642,-4.0033717964199767e-13,2.5413483104426207,-1.8510748489575235e-12,no_fit,0.9948076497935432
heat,0.25,101,1,1,0.19072695553768426,0.2301030084045311,-0.13750470585864474,3.6224295024691786,0.006851752575071535,0.5,0.0,0.7071067811865476,0.0,0.3346910940819421,0.0,2.541257047076526,-5.551115123125783e-17,0.3346878078138642,-4.0033717964199767e-13,2.5413483104426207,-1.8510748489575235e-12,no_fit,0.5657826340445846
heat,0.25,101,1,2,0.05558495642617345,0.32621364297922206,0.020093519635902602,2.7130498099569755,0.06728475358741037,0.5,0.0,0.7071067811865476,0.0,0.3346910940819421,0.0,2.541257047076526,-5.551115123125783e-17,0.3346878078138642,-4.0033717964199767e-13,2.5413483104426207,-1.8510748489575235e-12,no_fit,0.981510752465647
heat,0.25,101,1,3,0.05805915081873536,0.33628008314573116,0.008254835571403928,2.5382421771181836,0.012560975872866531,0.5,0.0,0.7071067811865476,0.0,0.3346910940819421,0.0,2.541257047076526,-5.551115123125783e-17,0.3346878078138642,-4.0033717964199767e-13,2.5413483104426207,-1.8510748489575235e-12,acf_or_spectral,0.9701113235606188
heat,0.25,101,2,0,0.1386574963107705,0.3330923736252388,-0.0023324994193248986,2.582700851969961,-0.021238312911403323,0.5,0.0,0.7071067811865476,0.0,0.3346910940819421,0.0,2.541257047076526,-5.551115123125783e-17,0.3346878078138642,-4.0033717964199767e-13,2.5413483104426207,-1.8510748489575235e-12,ungated,0.9998813719671832
heat,0.25,101,2,1,0.04019892914220691,0.3349427782408621,0.008093589818696099,2.58036196136097,0.02410906226141818,0.5,0.0,0.7071067811865476,0.0,0.3346910940819421,0.0,2.541257047076526,-5.551115123125783e-17,0.3346878078138642,-4.0033717964199767e-13,2.5413483104426207,-1.8510748489575235e-12,no_fit,0.9518239291366516
heat,0.25,101,2,2,0.07398938946425915,0.3340439397729875,0.007025981933254526,2.592944662431874,0.021523194604522733,0.5,0.0,0.7071067811865476,0.0,0.3346910940819421,0.0,2.541257047076526,-5.551115123125783e-17,0.3346878078138642,-4.0033717964199767e-13,2.5413483104426207,-1.8510748489575235e-12,no_fit,0.9843277047472968
heat,0.25,101,2,3,0.1406770795583725,0.334958521467828,0.006867427858630359,2.553774830864018,0.020608051603068,0.5,0.0,0.7071067811865476,0.0,0.3346910940819421,0.0,2.541257047076526,-5.551115123125783e-17,0.3346878078138642,-4.0033717964199767e-13,2.5413483104426207,-1.8510748489575235e-12,acf_or_spectral,0.9994537105393324
heat,0.25,101,3,0,0.0008216738860937767,0.35697785778573765,-0.008489239566938393,2.7040864129531146,0.027970645780311942,0.5,0.0,0.7071067811865476,0.0,0.3346910940819421,0.0,2.541257047076526,-5.551115123125783e-17,0.3346878078138642,-4.0033717964199767e-13,2.5413483104426207,-1.8510748489575235e-12,no_fit,0.8578892853813012
heat,0.25,101,3,1,0.021834837971255183,0.33460881990682456,0.006582139226306574,2.638787557706485,0.04595161981112911,0.5,0.0,0.7071067811865476,0.0,0.3346910940819421,0.0,2.541257047076526,-5.551115123125783e-17,0.3346878078138642,-4.0033717964199767e-13,2.5413483104426207,-1.8510748489575235e-12,no_fit,0.94116004694807
heat,0.25,101,3,2,0.030997215770184994,0.33500184356417373,-0.047830100815763124,2.591673160205591,-0.21239914560604456,0.5,0.0,0.7071067811865476,0.0,0.3346910940819421,0.0,2.541257047076526,-5.551115123125783e-17,0.3346878078138642,-4.0033717964199767e-13,2.5413483104426207,-1.8510748489575235e-12,no_fit,0.9481017935287348
heat,0.25,101,3,3,2.0562550730574003e-05,0.33470221069554795,0.05193122335357618,2.841960365029951,0.34321887869266443,0.5,0.0,0.7071067811865476,0.0,0.3346910940819421,0.0,2.541257047076526,-5.551115123125783e-17,0.3346878078138642,-4.0033717964199767e-13,2.5413483104426207,-1.8510748489575235e-12,no_fit,0.6299231180554015
heat,0.25,102,0,0,0.12512160651385784,0.3311286518170869,0.020928373675746802,2.5928815649625503,0.07451393766033604,0.5,0.0,0.7071067811865476,0.0,0.3346910940819421,0.0,2.541257047076526,-5.551115123125783e-17,0.3346878078138642,-4.0033717964199767e-13,2.5413483104426207,-1.8510748489575235e-12,no_fit,0.9988253274974788
heat,0.25,102,0,1,0.12759857717901468,0.3318048895948752,-0.007543788110432889,2.5958842951612686,-0.012149099779473427,0.5,0.0,0.7071067811865476,0.0,0.3346910940819421,0.0,2.541257047076526,-5.551115123125783e-17,0.3346878078138642,-4.0033717964199767e-13,2.5413483104426207,-1.8510748489575235e-12,no_fit,0.9994024213876362
heat,0.25,102,0,2,0.25231812335550785,0.33264976847557676,-0.02158675721713161,2.5695406860966346,-0.03670438514236829,0.5,0.0,0.7071067811865476,0.0,0.3346910940819421,0.0,2.541257047076526,-5.551115123125783e-17,0.3346878078138642,-4.0033717964199767e-13,2.5413483104426207,-1.8510748489575235e-12,no_fit,0.976280273212072
heat,0.25,102,0,3,0.1370864761993289,0.3340251554695168,-0.013179470012617002,2.5628301896245786,-0.01506067275175843,0.5,0.0,0.7071067811865476,0.0,0.3346910940819421,0.0,2.541257047076526,-5.551115123125783e-17,0.3346878078138642,-4.0033717964199767e-13,2.5413483104426207,-1.8510748489575235e-12,acf_or_spectral,0.999589718884221
heat,0.25,102,1,0,0.15001509338617325,0.3334550226689478,0.010696287766148331,2.5753413775385683,0.012665072733941407,0.5,0.0,0.7071067811865476,0.0,0.3346910940819421,0.0,2.541257047076526,-5.551115123125783e-17,0.3346878078138642,-4.0033717964199767e-13,2.5413483104426207,-1.8510748489575235e-12,ungated,0.9998219106382458
heat,0.25,102,1,1,0.13437242805957794,0.3326007014229234,-0.004297961485228909,2.585645577906737,0.01898686854046555,0.5,0.0,0.7071067811865476,0.0,0.3346910940819421,0.0,2.541257047076526,-5.551115123125783e-17,0.3346878078138642,-4.0033717964199767e-13,2.5413483104426207,-1.8510748489575235e-12,ungated,0.9997313668470972
heat,0.25,102,1,2,0.142209243029356,0.3322256758329197,0.008911560063405042,2.5944386162118716,0.04161831024113449,0.5,0.0,0.7071067811865476,0.0,0.3346910940819421,0.0,2.541257047076526,-5.551115123125783e-17,0.3346878078138642,-4.0033717964199767e-13,2.5413483104426207,-1.8510748489575235e-12,ungated,0.9999670570193
heat,0.25,102,1,3,0.1373070552945137,0.33513283298373686,0.01930697052309219,2.5711228035032647,0.03342469095380496,0.5,0.0,0.7071067811865476,0.0,0.3346910940819421,0.0,2.541257047076526,-5.551115123125783e-17,0.3346878078138642,-4.0033717964199767e-13,2.5413483104426207,-1.8510748489575235e-12,ungated,0.9998847063999652
heat,0.25,102,2,0,0.023665650049224496,0.3269333999981469,0.010727780480326765,2.771784760768158,0.06133866731242876,0.5,0.0,0.7071067811865476,0.0,0.3346910940819421,0.0,2.541257047076526,-5.551115123125783e-17,0.3346878078138642,-4.0033717964199767e-13,2.5413483104426207,-1.8510748489575235e-12,no_fit,0.9636152205743144
heat,0.25,102,2,1,0.018850552616640925,0.33448841209081787,0.0030523186697802972,2.641306214125203,0.0808645908160921,0.5,0.0,0.7071067811865476,0.0,0.3346910940819421,0.0,2.541257047076526,-5.551115123125783e-17,0.3346878078138642,-4.0033717964199767e-13,2.5413483104426207,-1.8510748489575235e-12,no_fit,0.9450770423902264
heat,0.25,102,2,2,0.030215302016586065,0.32967556408829457,0.0011809486087268743,2.6412498805270506,0.03378504929202364,0.5,0.0,0.7071067811865476,0.0,0.3346910940819421,0.0,2.541257047076526,-5.551115123125783e-17,0.3346878078138642,-4.0033717964199767e-13,2.5413483104426207,-1.8510748489575235e-12,no_fit,0.9559375482455672
heat,0.25,102,2,3,0.045657938346266747,0.34153552521149105,-0.0008702994312854389,2.6346532477691023,-0.03874008721864619,0.5,0.0,0.7071067811865476,0.0,0.3346910940819421,0.0,2.541257047076526,-5.551115123125783e-17,0.3346878078138642,-4.0033717964199767e-13,2.5413483104426207,-1.8510748489575235e-12,no_fit,0.9739682797017593
heat,0.25,102,3,0,6.1007272051938344e-05,0.33721122966501016,0.11144702924784047,3.065379148860341,0.22242272285014175,0.5,0.0,0.7071067811865476,0.0,0.3346910940819421,0.0,2.541257047076526,-5.551115123125783e-17,0.3346878078138642,-4.0033717964199767e-13,2.5413483104426207,-1.8510748489575235e-12,no_fit,0.798228047190286
heat,0.25,102,3,1,0.000901403880561702,0.3604499295651362,-0.012945747842986792,2.538148972740407,-0.006736842628655926,0.5,0.0,0.7071067811865476,0.0,0.3346910940819421,0.0,2.541257047076526,-5.551115123125783e-17,0.3346878078138642,-4.0033717964199767e-13,2.5413483104426207,-1.8510748489575235e-12,no_fit,0.9119475088662548
heat,0.25,102,3,2,0.0012029711724608205,0.3233168054772292,-0.12145939939900331,2.5360032139345114,-0.18852990192965613,0.5,0.0,0.7071067811865476,0.0,0.3346910940819421,0.0,2.541257047076526,-5.551115123125783e-17,0.3346878078138642,-4.0033717964199767e-13,2.5413483104426207,-1.8510748489575235e-12,no_fit,0.8392699270264157
heat,0.25,102,3,3,9.674778311818955e-06,0.3405940580420483,-0.16498373472375785,2.7333334400940736,-0.8393121994353716,0.5,0.0,0.7071067811865476,0.0,0.3346910940819421,0.0,2.541257047076526,-5.551115123125783e-17,0.3346878078138642,-4.0033717964199767e-13,2.5413483104426207,-1.8510748489575235e-12,no_fit,0.7187806298657665
heat,0.25,103,0,0,0.12505294103175402,0.33238845789425564,-0.005428242592595042,2.5841968272094964,-0.03010399444725842,0.5,0.0,0.7071067811865476,0.0,0.3346910940819421,0.0,2.541257047076526,-5.551115123125783e-17,0.3346878078138642,-4.0033717964199767e-13,2.5413483104426207,-1.8510748489575235e-12,no_fit,0.9989601048781142
heat,0.25,103,0,1,0.16844162344932556,0.3346014074093552,-0.0031957536043535867,2.566895854252067,-0.0005953573121409428,0.5,0.0,0.7071067811865476,0.0,0.3346910940819421,0.0,2.541257047076526,-5.551115123125783e-17,0.3346878078138642,-4.0033717964199767e-13,2.5413483104426207,-1.8510748489575235e-12,acf_or_spectral,0.9982389280853186
heat,0.25,103,0,2,0.1461136545985937,0.33183591965759923,-0.0005714967635399888,2.5882857000605752,0.004708648141619143,0.5,0.0,0.7071067811865476,0.0,0.3346910940819421,0.0,2.541257047076526,-5.551115123125783e-17,0.3346878078138642,-4.0033717964199767e-13,2.5413483104426207,-1.8510748489575235e-12,ungated,0.9997632491410464
heat,0.25,103,0,3,0.34941719844937325,0.2966372426426958,-0.02713932607729058,3.1026208974530642,0.011570247184940263,0.5,0.0,0.7071067811865476,0.0,0.3346910940819421,0.0,2.541257047076526,-5.551115123125783e-17,0.3346878078138642,-4.0033717964199767e-13,2.5413483104426207,-1.8510748489575235e-12,no_fit,0.6816676979715489
heat,0.25,103,1,0,0.14052336290478706,0.335185490426061,0.0021233998019720896,2.5713450483026756,0.0034826269815217414,0.5,0.0,0.7071067811865476,0.0,0.3346910940819421,0.0,2.541257047076526,-5.551115123125783e-17,0.3346878078138642,-4.0033717964199767e-13,2.5413483104426207,-1.8510748489575235e-12,ungated,0.9999625518494034
heat,0.25,103,1,1,0.0036150536325294524,0.34236967549954744,0.002159933019994202,2.7339133807027687,0.0715955361488888,0.5,0.0,0.7071067811865476,0.0,0.3346910940819421,0.0,2.541257047076526,-5.551115123125783e-17,0.3346878078138642,-4.0033717964199767e-13,2.5413483104426207,-1.8510748489575235e-12,no_fit,0.9130678235788904
heat,0.25,103,1,2,0.14712450839579105,0.3350148128091024,0.008613623432707471,2.562205022554553,0.027606107541748637,0.5,0.0,0.7071067811865476,0.0,0.3346910940819421,0.0,2.541257047076526,-5.551115123125783e-17,0.3346878078138642,-4.0033717964199767e-13,2.5413483104426207,-1.8510748489575235e-12,ungated,0.9998293305858792
heat,0.25,103,1,3,0.14322255738079548,0.33474548485601074,0.003237314367712044,2.5680222387959444,0.003178379032155676,0.5,0.0,0.7071067811865476,0.0,0.3346910940819421,0.0,2.541257047076526,-5.551115123125783e-17,0.3346878078138642,-4.0033717964199767e-13,2.5413483104426207,-1.8510748489575235e-12,acf_or_spectral,0.999473709044151
heat,0.25,103,2,0,0.021485107950866222,0.33429104003682714,-0.006262455766357271,2.6132855680013494,-0.02314242609677153,0.5,0.0,0.7071067811865476,0.0,0.3346910940819421,0.0,2.541257047076526,-5.551115123125783e-17,0.3346878078138642,-4.0033717964199767e-13,2.5413483104426207,-1.8510748489575235e-12,no_fit,0.9414622972431445
heat,0.25,103,2,1,0.1335950130596757,0.33261914109638513,0.02353608735957986,2.593258767557014,0.1334609344011216,0.5,0.0,0.7071067811865476,0.0,0.3346910940819421,0.0,2.541257047076526,-5.551115123125783e-17,0.3346878078138642,-4.0033717964199767e-13,2.5413483104426207,-1.8510748489575235e-12,ungated,0.9996951155233677
heat,0.25,103,2,2,0.000969120257650502,0.3440644475715828,-0.039023573495180285,2.875705077894968,-0.13356803055348787,0.5,0.0,0.7071067811865476,0.0,0.3346910940819421,0.0,2.541257047076526,-5.551115123125783e-17,0.3346878078138642,-4.0033717964199767e-13,2.5413483104426207,-1.8510748489575235e-12,no_fit,0.8596126313260264
heat,0.25,103,2,3,0.051146692130714655,0.3373395617216479,2.1885459277095353e-05,2.5482186194607688,-0.01310902636946848,0.5,0.0,0.7071067811865476,0.0,0.3346910940819421,0.0,2.541257047076526,-5.551115123125783e-17,0.3346878078138642,-4.0033717964199767e-13,2.5413483104426207,-1.8510748489575235e-12,acf_or_spectral,0.9698988925028044
heat,0.25,103,3,0,1.7825280679062416e-05,0.3381931059454596,-0.07294400317320725,2.706712861052044,-0.43081171053826345,0.5,0.0,0.7071067811865476,0.0,0.3346910940819421,0.0,2.541257047076526,-5.551115123125783e-17,0.3346878078138642,-4.0033717964199767e-13,2.5413483104426207,-1.8510748489575235e-12,no_fit,0.6833460775719074
heat,0.25,103,3,1,0.002244893432362005,0.36472146726357213,-0.1623164129222245,2.6594300578567744,-0.6976827169141122,0.5,0.0,0.7071067811865476,0.0,0.3346910940819421,0.0,2.541257047076526,-5.551115123125783e-17,0.3346878078138642,-4.0033717964199767e-13,2.5413483104426207,-1.8510748489575235e-12,no_fit,0.9092187363395576
heat,0.25,103,3,2,0.004673903691582382,0.3440030300845913,-0.00480622451566202,2.7097764773651196,-0.04561184772731508,0.5,0.0,0.7071067811865476,0.0,0.3346910940819421,0.0,2.541257047076526,-5.551115123125783e-17,0.3346878078138642,-4.0033717964199767e-13,2.5413483104426207,-1.8510748489575235e-12,no_fit,0.9247175509468958
heat,0.25,103,3,3,0.00040453821202390827,0.34762629968579684,-0.017831662343317907,2.6736210845034227,-0.16439685576305318,0.5,0.0,0.7071067811865476,0.0,0.3346910940819421,0.0,2.541257047076526,-5.551115123125783e-17,0.3346878078138642,-4.0033717964199767e-13,2.5413483104426207,-1.8510748489575235e-12,no_fit,0.8820278198973459
heat,0.25,104,0,0,0.14827227778732777,0.33435302772798176,-0.002379165771529949,2.570650294781154,0.004987357711680351,0.5,0.0,0.7071067811865476,0.0,0.3346910940819421,0.0,2.541257047076526,-5.551115123125783e-17,0.3346878078138642,-4.0033717964199767e-13,2.5413483104426207,-1.8510748489575235e-12,ungated,0.9998715413584872
heat,0.25,104,0,1,0.47168996930122375,0.3359851209149813,0.003862416900565841,2.5023355899730744,-0.012500458859378782,0.5,0.0,0.7071067811865476,0.0,0.3346910940819421,0.0,2.541257047076526,-5.551115123125783e-17,0.3346878078138642,-4.0033717964199767e-13,2.5413483104426207,-1.8510748489575235e-12,no_fit,0.839774663942768
heat,0.25,104,0,2,0.14246751181781292,0.3336024837973447,-0.0006980468810686597,2.582213806308298,0.018031143547209028,0.5,0.0,0.7071067811865476,0.0,0.3346910940819421,0.0,2.541257047076526,-5.551115123125783e-17,0.3346878078138642,-4.0033717964199767e-13,2.5413483104426207,-1.8510748489575235e-12,ungated,0.999885700927705
heat,0.25,104,0,3,0.14570447895675898,0.33557145501095387,-0.012083139942931514,2.565889059537845,-0.05472302400821455,0.5,0.0,0.7071067811865476,0.0,0.3346910940819421,0.0,2.541257047076526,-5.551115123125783e-17,0.3346878078138642,-4.0033717964199767e-13,2.5413483104426207,-1.8510748489575235e-12,ungated,0.9997986537756608
heat,0.25,104,1,0,0.4184334725141525,0.32985252857787406,-0.0007262994130815487,2.6024213385875794,0.02360594567173524,0.5,0.0,0.7071067811865476,0.0,0.3346910940819421,0.0,2.541257047076526,-5.551115123125783e-17,0.3346878078138642,-4.0033717964199767e-13,2.5413483104426207,-1.8510748489575235e-12,no_fit,0.8970306887390089
heat,0.25,104,1,1,0.00033904310839716345,0.3515620283808136,0.0021233636263142735,2.70246613865044,0.0415139750369814,0.5,0.0,0.7071067811865476,0.0,0.3346910940819421,0.0,2.541257047076526,-5.551115123125783e-17,0.3346878078138642,-4.0033717964199767e-13,2.5413483104426207,-1.8510748489575235e-12,no_fit,0.8665779506820983
heat,0.25,104,1,2,0.3734094575047493,0.2611514814720547,0.015076022197633935,3.602725321220685,0.05830220224126692,0.5,0.0,0.7071067811865476,0.0,0.3346910940819421,0.0,2.541257047076526,-5.551115123125783e-17,0.3346878078138642,-4.0033717964199767e-13,2.5413483104426207,-1.8510748489575235e-12,no_fit,0.5506334111056728
heat,0.25,104,1,3,0.15846934542059898,0.33436561280424587,-0.019550437682868828,2.568407772706318,-0.08251426327560646,0.5,0.0,0.7071067811865476,0.0,0.3346910940819421,0.0,2.541257047076526,-5.551115123125783e-17,0.3346878078138642,-4.0033717964199767e-13,2.5413483104426207,-1.8510748489575235e-12,no_fit,0.9993845929497008
heat,0.25,104,2,0,0.00695842580171302,0.3301425884998419,0.008525255560487579,2.7366934493599904,0.04948925233873536,0.5,0.0,0.7071067811865476,0.0,0.3346910940819421,0.0,2.541257047076526,-5.551115123125783e-17,0.3346878078138642,-4.0033717964199767e-13,2.5413483104426207,-1.8510748489575235e-12,no_fit,0.9212594721728772
heat,0.25,104,2,1,1.4666334422486216e-06,0.36544978629181096,-0.027765302248904868,2.908645559351704,-0.0171271728208805,0.5,0.0,0.7071067811865476,0.0,0.3346910940819421,0.0,2.541257047076526,-5.551115123125783e-17,0.3346878078138642,-4.0033717964199767e-13,2.5413483104426207,-1.8510748489575235e-12,no_fit,0.616731853649319
heat,0.25,104,2,2,0.04578409204259515,0.33442000659795823,0.0030042647324152964,2.5770750213831155,0.0257895118996897,0.5,0.0,0.7071067811865476,0.0,0.3346910940819421,0.0,2.541257047076526,-5.551115123125783e-17,0.3346878078138642,-4.0033717964199767e-13,2.5413483104426207,-1.8510748489575235e-12,no_fit,0.9580025472287552
heat,0.25,104,2,3,0.043250282760709524,0.3361896772907598,-0.010743528704552842,2.5991797178587093,-0.07459233504998836,0.5,0.0,0.7071067811865476,0.0,0.3346910940819421,0.0,2.541257047076526,-5.551115123125783e-17,0.3346878078138642,-4.0033717964199767e-13,2.5413483104426207,-1.8510748489575235e-12,no_fit,0.9658107399918562
heat,0.25,104,3,0,0.026174932718276978,0.33104294627821906,-0.0031383225613213325,2.6510878048344555,-0.0206540747735644,0.5,0.0,0.7071067811865476,0.0,0.3346910940819421,0.0,2.541257047076526,-5.551115123125783e-17,0.3346878078138642,-4.0033717964199767e-13,2.5413483104426207,-1.8510748489575235e-12,no_fit,0.9533518317636838
heat,0.25,104,3,1,0.019762914394959807,0.333261781319445,0.0028875457148762004,2.6737157167082093,0.016351501973861704,0.5,0.0,0.7071067811865476,0.0,0.3346910940819421,0.0,2.541257047076526,-5.551115123125783e-17,0.3346878078138642,-4.0033717964199767e-13,2.5413483104426207,-1.8510748489575235e-12,no_fit,0.9481406499377468
heat,0.25,104,3,2,0.0038047504785936326,0.3308242187153233,0.00011213238230521649,2.733161947691533,0.0073761439310851,0.5,0.0,0.7071067811865476,0.0,0.3346910940819421,0.0,2.541257047076526,-5.551115123125783e-17,0.3346878078138642,-4.0033717964199767e-13,2.5413483104426207,-1.8510748489575235e-12,no_fit,0.9078658006326862
heat,0.25,104,3,3,0.03180942893959582,0.33300682811425986,0.007116064040689323,2.6515212500525953,0.026067157717090617,0.5,0.0,0.7071067811865476,0.0,0.3346910940819421,0.0,2.541257047076526,-5.551115123125783e-17,0.3346878078138642,-4.0033717964199767e-13,2.5413483104426207,-1.8510748489575235e-12,no_fit,0.9625809408932634
heat,0.25,105,0,0,0.18911605142056942,0.33289183769282227,0.0018300282769428316,2.5806183167585406,0.02438100942011684,0.5,0.0,0.7071067811865476,0.0,0.3346910940819421,0.0,2.541257047076526,-5.551115123125783e-17,0.3346878078138642,-4.0033717964199767e-13,2.5413483104426207,-1.8510748489575235e-12,no_fit,0.9932400968003984
heat,0.25,105,0,1,0.1212698370218277,0.33276846704163204,0.00647472499809857,2.592400067851286,0.04089493837826447,0.5,0.0,0.7071067811865476,0.0,0.3346910940819421,0.0,2.541257047076526,-5.551115123125783e-17,0.3346878078138642,-4.0033717964199767e-13,2.5413483104426207,-1.8510748489575235e-12,no_fit,0.9988383705712048
heat,0.25,105,0,2,0.07615428697317839,0.3328997535961537,0.002291398310910245,2.5969761839840126,-0.014436815203827003,0.5,0.0,0.7071067811865476,0.0,0.3346910940819421,0.0,2.541257047076526,-5.551115123125783e-17,0.3346878078138642,-4.0033717964199767e-13,2.5413483104426207,-1.8510748489575235e-12,no_fit,0.9852077837676212
heat,0.25,105,0,3,0.12702532205730677,0.3334612062954492,0.00425808907747739,2.5821958166421597,0.0062808484469747405,0.5,0.0,0.7071067811865476,0.0,0.3346910940819421,0.0,2.541257047076526,-5.551115123125783e-17,0.3346878078138642,-4.0033717964199767e-13,2.5413483104426207,-1.8510748489575235e-12,no_fit,0.9991620144899476
heat,0.25,105,1,0,0.14540069457143545,0.33438979187035095,-0.020310133481992846,2.5669569567307997,-0.08631155984788308,0.5,0.0,0.7071067811865476,0.0,0.3346910940819421,0.0,2.541257047076526,-5.551115123125783e-17,0.3346878078138642,-4.0033717964199767e-13,2.5413483104426207,-1.8510748489575235e-12,no_fit,0.9996091925076832
heat,0.25,105,1,1,0.1383104370906949,0.33343847103929153,0.011508976173529273,2.577533057905786,0.0607894766416639,0.5,0.0,0.7071067811865476,0.0,0.3346910940819421,0.0,2.541257047076526,-5.551115123125783e-17,0.3346878078138642,-4.0033717964199767e-13,2.5413483104426207,-1.8510748489575235e-12,ungated,0.999763469115544
heat,0.25,105,1,2,0.13810910005122423,0.3346405252302926,-0.018280143292968024,2.5734852339535133,-0.11498793301935101,0.5,0.0,0.7071067811865476,0.0,0.3346910940819421,0.0,2.541257047076526,-5.551115123125783e-17,0.3346878078138642,-4.0033717964199767e-13,2.5413483104426207,-1.8510748489575235e-12,no_fit,0.999441783954067
heat,0.25,105,1,3,0.00010757404106698232,0.3811690543351847,-0.04247222572285197,2.3181857152296077,0.1372867414595445,0.5,0.0,0.7071067811865476,0.0,0.3346910940819421,0.0,2.541257047076526,-5.551115123125783e-17,0.3346878078138642,-4.0033717964199767e-13,2.5413483104426207,-1.8510748489575235e-12,acf_or_spectral,0.8518773723401223
heat,0.25,105,2,0,0.01592717075254768,0.33591413241218376,0.013186912198954199,2.646600337771063,0.10155512230512864,0.5,0.0,0.7071067811865476,0.0,0.3346910940819421,0.0,2.541257047076526,-5.551115123125783e-17,0.3346878078138642,-4.0033717964199767e-13,2.5413483104426207,-1.8510748489575235e-12,no_fit,0.9442476882990688
heat,0.25,105,2,1,0.01080764306243509,0.32917530586914345,-0.004610254524891974,2.7479789768923792,-0.016807984864043335,0.5,0.0,0.7071067811865476,0.0,0.3346910940819421,0.0,2.541257047076526,-5.551115123125783e-17,0.3346878078138642,-4.0033717964199767e-13,2.5413483104426207,-1.8510748489575235e-12,no_fit,0.942700371252944
heat,0.25,105,2,2,0.025580798974260688,0.3339455579575874,-0.022741782399930383,2.61790172036441,-0.06602897212895797,0.5,0.0,0.7071067811865476,0.0,0.3346910940819421,0.0,2.541257047076526,-5.551115123125783e-17,0.3346878078138642,-4.0033717964199767e-13,2.5413483104426207,-1.8510748489575235e-12,no_fit,0.9514177343225504
heat,0.25,105,2,3,1.9938739683311724e-05,0.35330462462012974,-0.011683392956197377,2.5884529155520393,-0.17230125752945663,0.5,0.0,0.7071067811865476,0.0,0.3346910940819421,0.0,2.541257047076526,-5.551115123125783e-17,0.3346878078138642,-4.0033717964199767e-13,2.5413483104426207,-1.8510748489575235e-12,no_fit,0.7343934733186007
heat,0.25,105,3,0,0.05815584072843194,0.33641423860506126,-0.011718641836999081,2.594681908517974,-0.07718465872301328,0.5,0.0,0.7071067811865476,0.0,0.3346910940819421,0.0,2.541257047076526,-5.551115123125783e-17,0.3346878078138642,-4.0033717964199767e-13,2.5413483104426207,-1.8510748489575235e-12,no_fit,0.9813155264452345
heat,0.25,105,3,1,0.007995226769708097,0.3313152965956882,-0.0014932720245017278,2.7489078790638692,0.0020069097340906783,0.5,0.0,0.7071067811865476,0.0,0.3346910940819421,0.0,2.541257047076526,-5.551115123125783e-17,0.3346878078138642,-4.0033717964199767e-13,2.5413483104426207,-1.8510748489575235e-12,no_fit,0.9339475706264552
heat,0.25,105,3,2,0.015306354616768658,0.32621650263825963,-0.0018967833893172676,2.6858613092916923,-0.05434183305466744,0.5,0.0,0.7071067811865476,0.0,0.3346910940819421,0.0,2.541257047076526,-5.551115123125783e-17,0.3346878078138642,-4.0033717964199767e-13,2.5413483104426207,-1.8510748489575235e-12,no_fit,0.9305114789831606
heat,0.25,105,3,3,0.0017206507618539035,0.3303658451707885,-0.009792509013504782,2.8630806712116637,-0.11671943405663388,0.5,0.0,0.7071067811865476,0.0,0.3346910940819421,0.0,2.541257047076526,-5.551115123125783e-17,0.3346878078138642,-4.0033717964199767e-13,2.5413483104426207,-1.8510748489575235e-12,no_fit,0.9217308878224482
heat,0.25,106,0,0,0.1397838881239295,0.3335303485202876,-0.0008088425218983595,2.5692188067262642,0.054197915013442566,0.5,0.0,0.7071067811865476,0.0,0.3346910940819421,0.0,2.541257047076526,-5.551115123125783e-17,0.3346878078138642,-4.0033717964199767e-13,2.5413483104426207,-1.8510748489575235e-12,no_fit,0.9996691970656874
heat,0.25,106,0,1,0.13656926341354847,0.33122077204650113,-0.0071351658349118625,2.607259275444405,-0.03954281819035499,0.5,0.0,0.7071067811865476,0.0,0.3346910940819421,0.0,2.541257047076526,-5.551115123125783e-17,0.3346878078138642,-4.0033717964199767e-13,2.5413483104426207,-1.8510748489575235e-12,ungated,0.999865929102872
heat,0.25,106,0,2,0.14792495593428612,0.33535860471930756,0.019860497652173625,2.554042313547605,0.04857849251326596,0.5,0.0,0.7071067811865476,0.0,0.3346910940819421,0.0,2.541257047076526,-5.551115123125783e-17,0.3346878078138642,-4.0033717964199767e-13,2.5413483104426207,-1.8510748489575235e-12,ungated,0.9998618998131956
heat,0.25,106,0,3,0.11825644318014383,0.33523229159156664,-0.0031839304809342162,2.5588007669988273,-0.011232335358287104,0.5,0.0,0.7071067811865476,0.0,0.3346910940819421,0.0,2.541257047076526,-5.551115123125783e-17,0.3346878078138642,-4.0033717964199767e-13,2.5413483104426207,-1.8510748489575235e-12,acf_or_spectral,0.997924238476658
heat,0.25,106,1,0,0.1527759600430727,0.3349344917346363,-0.013774388540549428,2.5607819751646823,-0.04838312749023971,0.5,0.0,0.7071067811865476,0.0,0.3346910940819421,0.0,2.541257047076526,-5.551115123125783e-17,0.3346878078138642,-4.0033717964199767e-13,2.5413483104426207,-1.8510748489575235e-12,ungated,0.9997529656702496
heat,0.25,106,1,1,0.14100903272628784,0.3325233349163633,-0.00263952561829382,2.5792080219686087,0.0016182179226026383,0.5,0.0,0.7071067811865476,0.0,0.3346910940819421,0.0,2.541257047076526,-5.551115123125783e-17,0.3346878078138642,-4.0033717964199767e-13,2.5413483104426207,-1.8510748489575235e-12,ungated,0.9999443203440932
heat,0.25,106,1,2,0.13375823944807053,0.33430872677425044,0.0046828707781930365,2.5679192024270496,0.013365058689969456,0.5,0.0,0.7071067811865476,0.0,0.3346910940819421,0.0,2.541257047076526,-5.551115123125783e-17,0.3346878078138642,-4.0033717964199767e-13,2.5413483104426207,-1.8510748489575235e-12,acf_or_spectral,0.9996169556079014
heat,0.25,106,1,3,0.14556556940078735,0.33423281305517266,0.0015710692923255438,2.5716645519662675,-0.010197835135339672,0.5,0.0,0.7071067811865476,0.0,0.3346910940819421,0.0,2.541257047076526,-5.551115123125783e-17,0.3346878078138642,-4.0033717964199767e-13,2.5413483104426207,-1.8510748489575235e-12,ungated,0.9998599368554266
heat,0.25,106,2,0,0.13435745611786842,0.33589058385976095,-0.008392806077724647,2.527651939284392,-2.179319450656969e-05,0.5,0.0,0.7071067811865476,0.0,0.3346910940819421,0.0,2.541257047076526,-5.551115123125783e-17,0.3346878078138642,-4.0033717964199767e-13,2.5413483104426207,-1.8510748489575235e-12,acf_or_spectral,0.9967279619209716
heat,0.25,106,2,1,0.026466083712875843,0.37678227104482526,0.03334776543031703,2.334497171041072,0.03156891499574166,0.5,0.0,0.7071067811865476,0.0,0.3346910940819421,0.0,2.541257047076526,-5.551115123125783e-17,0.3346878078138642,-4.0033717964199767e-13,2.5413483104426207,-1.8510748489575235e-12,acf_or_spectral,0.952216070473344
heat,0.25,106,2,2,0.07779107708483934,0.33468081387677445,-0.0017270689108075416,2.5399062932488343,-0.0038720765283465908,0.5,0.0,0.7071067811865476,0.0,0.3346910940819421,0.0,2.541257047076526,-5.551115123125783e-17,0.3346878078138642,-4.0033717964199767e-13,2.5413483104426207,-1.8510748489575235e-12,acf_or_spectral,0.9802131915835892
heat,0.25,106,2,3,0.09637580811977386,0.33719360453403796,-0.008423611182792274,2.5272540642480816,-0.05431163899647945,0.5,0.0,0.7071067811865476,0.0,0.3346910940819421,0.0,2.541257047076526,-5.551115123125783e-17,0.3346878078138642,-4.0033717964199767e-13,2.5413483104426207,-1.8510748489575235e-12,acf_or_spectral,0.989955334326002
heat,0.25,106,3,0,5.544482610275736e-05,0.340581864424037,0.03131539998181676,2.5842515939128865,-0.06603615769901872,0.5,0.0,0.7071067811865476,0.0,0.3346910940819421,0.0,2.541257047076526,-5.551115123125783e-17,0.3346878078138642,-4.0033717964199767e-13,2.5413483104426207,-1.8510748489575235e-12,no_fit,0.7879914542777274
heat,0.25,106,3,1,6.562770204254775e-05,0.34670188154453907,-0.025073278657554505,2.6625724903673955,-0.047150539455744656,0.5,0.0,0.7071067811865476,0.0,0.3346910940819421,0.0,2.541257047076526,-5.551115123125783e-17,0.3346878078138642,-4.0033717964199767e-13,2.5413483104426207,-1.8510748489575235e-12,no_fit,0.8372720122263624
heat,0.25,106,3,2,0.0019434405257925391,0.34956887413328236,0.017268624706370344,2.6947987389890935,-0.06532740722175656,0.5,0.0,0.7071067811865476,0.0,0.3346910940819421,0.0,2.541257047076526,-5.551115123125783e-17,0.3346878078138642,-4.0033717964199767e-13,2.5413483104426207,-1.8510748489575235e-12,no_fit,0.918780792559595
heat,0.25,106,3,3,0.061932908836752176,0.33732457437093305,0.00756914544182756,2.5654928089801747,0.02915921543976402,0.5,0.0,0.7071067811865476,0.0,0.3346910940819421,0.0,2.541257047076526,-5.551115123125783e-17,0.3346878078138642,-4.0033717964199767e-13,2.5413483104426207,-1.8510748489575235e-12,acf_or_spectral,0.9774192433495325
heat,0.25,107,0,0,0.09146849904209375,0.33373427304015374,0.01614954023350895,2.5861182043686557,0.05478111559613347,0.5,0.0,0.7071067811865476,0.0,0.3346910940819421,0.0,2.541257047076526,-5.551115123125783e-17,0.3346878078138642,-4.0033717964199767e-13,2.5413483104426207,-1.8510748489575235e-12,no_fit,0.9902896665001202
heat,0.25,107,0,1,0.12858333252370358,0.3310228322293266,0.0030015716697748235,2.6030500089565547,-0.024366498687700633,0.5,0.0,0.7071067811865476,0.0,0.3346910940819421,0.0,2.541257047076526,-5.551115123125783e-17,0.3346878078138642,-4.0033717964199767e-13,2.5413483104426207,-1.8510748489575235e-12,no_fit,0.9992185228549424
heat,0.25,107,0,2,0.30607572570443153,0.33440995791172945,0.004247209244077352,2.5483274509060108,0.054249250838990015,0.5,0.0,0.7071067811865476,0.0,0.3346910940819421,0.0,2.541257047076526,-5.551115123125783e-17,0.3346878078138642,-4.0033717964199767e-13,2.5413483104426207,-1.8510748489575235e-12,acf_or_spectral,0.9479789827767346
heat,0.25,107,0,3,0.12815394718199968,0.33480993018831195,0.025983941195068312,2.5726726244220797,0.008751175735825567,0.5,0.0,0.7071067811865476,0.0,0.3346910940819421,0.0,2.541257047076526,-5.551115123125783e-17,0.3346878078138642,-4.0033717964199767e-13,2.5413483104426207,-1.8510748489575235e-12,no_fit,0.9989554513450092
heat,0.25,107,1,0,0.2924295417033136,0.2661116113933896,-0.03238570844743741,3.541202297841935,-0.08167188361897404,0.5,0.0,0.7071067811865476,0.0,0.3346910940819421,0.0,2.541257047076526,-5.551115123125783e-17,0.3346878078138642,-4.0033717964199767e-13,2.5413483104426207,-1.8510748489575235e-12,no_fit,0.5828190009088632
heat,0.25,107,1,1,0.1054091602563858,0.33333423219311803,-0.010173668303950978,2.6010329071812635,-0.0848401070471988,0.5,0.0,0.7071067811865476,0.0,0.3346910940819421,0.0,2.541257047076526,-5.551115123125783e-17,0.3346878078138642,-4.0033717964199767e-13,2.5413483104426207,-1.8510748489575235e-12,no_fit,0.9970564455002394
heat,0.25,107,1,2,0.1241142600774765,0.3312127622254681,-0.010569059816888013,2.605540302140696,-0.05625024537267648,0.5,0.0,0.7071067811865476,0.0,0.3346910940819421,0.0,2.541257047076526,-5.551115123125783e-17,0.3346878078138642,-4.0033717964199767e-13,2.5413483104426207,-1.8510748489575235e-12,no_fit,0.9995119958385787
heat,0.25,107,1,3,0.1502299178391695,0.3319436033575364,0.03472235082141117,2.604483300157893,0.1051206676196007,0.5,0.0,0.7071067811865476,0.0,0.3346910940819421,0.0,2.541257047076526,-5.551115123125783e-17,0.3346878078138642,-4.0033717964199767e-13,2.5413483104426207,-1.8510748489575235e-12,no_fit,0.999341770554366
heat,0.25,107,2,0,0.033339499263092875,0.3373430815033828,-0.002766683469872111,2.5383312737806154,-0.01826812896097807,0.5,0.0,0.7071067811865476,0.0,0.3346910940819421,0.0,2.541257047076526,-5.551115123125783e-17,0.3346878078138642,-4.0033717964199767e-13,2.5413483104426207,-1.8510748489575235e-12,acf_or_spectral,0.9319051070422764
heat,0.25,107,2,1,7.8255775974867e-06,0.3507722112156442,-0.01736291837070981,2.7914808852581836,-0.1786782933156268,0.5,0.0,0.7071067811865476,0.0,0.3346910940819421,0.0,2.541257047076526,-5.551115123125783e-17,0.3346878078138642,-4.0033717964199767e-13,2.5413483104426207,-1.8510748489575235e-12,no_fit,0.6216280324123615
heat,0.25,107,2,2,0.005701128393411636,0.33599118245830784,-0.0042610846945819745,2.734498927228667,-0.010274518340156247,0.5,0.0,0.7071067811865476,0.0,0.3346910940819421,0.0,2.541257047076526,-5.551115123125783e-17,0.3346878078138642,-4.0033717964199767e-13,2.5413483104426207,-1.8510748489575235e-12,no_fit,0.8989287724332239
heat,0.25,107,2,3,0.013709685066714883,0.331193722876054,0.0012553072528303955,2.669891520255427,0.002508387487798025,0.5,0.0,0.7071067811865476,0.0,0.3346910940819421,0.0,2.541257047076526,-5.551115123125783e-17,0.3346878078138642,-4.0033717964199767e-13,2.5413483104426207,-1.8510748489575235e-12,no_fit,0.9282586758789928
heat,0.25,107,3,0,0.030734687577933073,0.34030300580028183,-0.005366868168293105,2.56317353775469,0.031701598789701635,0.5,0.0,0.7071067811865476,0.0,0.3346910940819421,0.0,2.541257047076526,-5.551115123125783e-17,0.3346878078138642,-4.0033717964199767e-13,2.5413483104426207,-1.8510748489575235e-12,no_fit,0.9455003833820412
heat,0.25,107,3,1,0.002998927258886397,0.3492746749319066,-0.020212619394054058,2.6749449877537175,-0.1401833824529401,0.5,0.0,0.7071067811865476,0.0,0.3346910940819421,0.0,2.541257047076526,-5.551115123125783e-17,0.3346878078138642,-4.0033717964199767e-13,2.5413483104426207,-1.8510748489575235e-12,no_fit,0.9096937964490874
heat,0.25,107,3,2,0.0030620461620856076,0.3272584955728295,0.014222602417261409,2.8389898564636473,0.06342709735821139,0.5,0.0,0.7071067811865476,0.0,0.3346910940819421,0.0,2.541257047076526,-5.551115123125783e-17,0.3346878078138642,-4.0033717964199767e-13,2.5413483104426207,-1.8510748489575235e-12,no_fit,0.9163530455569638
heat,0.25,107,3,3,0.12528261728584766,0.3295497285595167,0.005889661199575929,2.6477706124016738,0.018641048853078046,0.5,0.0,0.7071067811865476,0.0,0.3346910940819421,0.0,2.541257047076526,-5.551115123125783e-17,0.3346878078138642,-4.0033717964199767e-13,2.5413483104426207,-1.8510748489575235e-12,no_fit,0.9988278423110268
heat,0.25,108,0,0,0.1422858154401183,0.3344026377284061,-0.0026802680023892897,2.567044015424973,-0.011445118774807639,0.5,0.0,0.7071067811865476,0.0,0.3346910940819421,0.0,2.541257047076526,-5.551115123125783e-17,0.3346878078138642,-4.0033717964199767e-13,2.5413483104426207,-1.8510748489575235e-12,ungated,0.9998362899357972
heat,0.25,108,0,1,0.10717992205172777,0.33214742240052963,-0.014485311375903838,2.5987351623874355,-0.039871818360858124,0.5,0.0,0.7071067811865476,0.0,0.3346910940819421,0.0,2.541257047076526,-5.551115123125783e-17,0.3346878078138642,-4.0033717964199767e-13,2.5413483104426207,-1.8510748489575235e-12,no_fit,0.9970115816083336
heat,0.25,108,0,2,0.13853586930781603,0.3326089922240883,-0.004642984101465375,2.5904803921582005,-0.04056753427120874,0.5,0.0,0.7071067811865476,0.0,0.3346910940819421,0.0,2.541257047076526,-5.551115123125783e-17,0.3346878078138642,-4.0033717964199767e-13,2.5413483104426207,-1.8510748489575235e-12,ungated,0.9998825993514144
heat,0.25,108,0,3,0.27990867011249065,0.3336666813015193,-0.0072206377625053456,2.560355755711533,-0.03165385861076686,0.5,0.0,0.7071067811865476,0.0,0.3346910940819421,0.0,2.541257047076526,-5.551115123125783e-17,0.3346878078138642,-4.0033717964199767e-13,2.5413483104426207,-1.8510748489575235e-12,acf_or_spectral,0.9572828385508872
heat,0.25,108,1,0,0.12128438986837864,0.3347443894118014,0.005631528241288601,2.5711705851367617,0.04579911702942291,0.5,0.0,0.7071067811865476,0.0,0.3346910940819421,0.0,2.541257047076526,-5.551115123125783e-17,0.3346878078138642,-4.0033717964199767e-13,2.5413483104426207,-1.8510748489575235e-12,no_fit,0.9985519059576382
heat,0.25,108,1,1,0.14362378790974617,0.3332698710792991,-0.0051870890442226175,2.5801445298254295,-0.029672340023660815,0.5,0.0,0.7071067811865476,0.0,0.3346910940819421,0.0,2.541257047076526,-5.551115123125783e-17,0.3346878078138642,-4.0033717964199767e-13,2.5413483104426207,-1.8510748489575235e-12,ungated,0.9999115724367676
heat,0.25,108,1,2,0.13830846082419157,0.3342420800945187,-0.006301566283464814,2.566346508547732,-0.03854175684865213,0.5,0.0,0.7071067811865476,0.0,0.3346910940819421,0.0,2.541257047076526,-5.551115123125783e-17,0.3346878078138642,-4.0033717964199767e-13,2.5413483104426207,-1.8510748489575235e-12,ungated,0.9998188881602912
heat,0.25,108,1,3,0.045587025582790375,0.33324892946589474,0.001602364117540733,2.595583744923073,0.01333208141029929,0.5,0.0,0.7071067811865476,0.0,0.3346910940819421,0.0,2.541257047076526,-5.551115123125783e-17,0.3346878078138642,-4.0033717964199767e-13,2.5413483104426207,-1.8510748489575235e-12,no_fit,0.9542190540076404
heat,0.25,108,2,0,0.00536696903873235,0.37579526769460214,-0.013719245185303689,2.535510337594154,0.024233669001978375,0.5,0.0,0.7071067811865476,0.0,0.3346910940819421,0.0,2.541257047076526,-5.551115123125783e-17,0.3346878078138642,-4.0033717964199767e-13,2.5413483104426207,-1.8510748489575235e-12,no_fit,0.9011376950162904
heat,0.25,108,2,1,0.1239046212285757,0.3341813317391436,0.013891225125250107,2.5727475606585744,0.06757733488631146,0.5,0.0,0.7071067811865476,0.0,0.3346910940819421,0.0,2.541257047076526,-5.551115123125783e-17,0.3346878078138642,-4.0033717964199767e-13,2.5413483104426207,-1.8510748489575235e-12,no_fit,0.998992459097682
heat,0.25,108,2,2,0.00899698946159333,0.3408904074282292,0.021881397348826742,2.629933357957702,0.05553498052903916,0.5,0.0,0.7071067811865476,0.0,0.3346910940819421,0.0,2.541257047076526,-5.551115123125783e-17,0.3346878078138642,-4.0033717964199767e-13,2.5413483104426207,-1.8510748489575235e-12,no_fit,0.9420229876718068
heat,0.25,108,2,3,0.10726773086935282,0.33437114910279137,0.01713353044562049,2.5673323720225554,0.04938697023244465,0.5,0.0,0.7071067811865476,0.0,0.3346910940819421,0.0,2.541257047076526,-5.551115123125783e-17,0.3346878078138642,-4.0033717964199767e-13,2.5413483104426207,-1.8510748489575235e-12,no_fit,0.99611200580638
heat,0.25,108,3,0,0.003890640218742192,0.3603704615047377,0.05350736739097072,2.802598312076658,0.05485916587635453,0.5,0.0,0.7071067811865476,0.0,0.3346910940819421,0.0,2.541257047076526,-5.551115123125783e-17,0.3346878078138642,-4.0033717964199767e-13,2.5413483104426207,-1.8510748489575235e-12,no_fit,0.925895753269608
heat,0.25,108,3,1,0.017036026809364557,0.3321505349332509,0.019544365144336072,2.649012242885387,0.10876109609978113,0.5,0.0,0.7071067811865476,0.0,0.3346910940819421,0.0,2.541257047076526,-5.551115123125783e-17,0.3346878078138642,-4.0033717964199767e-13,2.5413483104426207,-1.8510748489575235e-12,no_fit,0.9385539081873022
heat,0.25,108,3,2,2.109746412770619e-05,0.3364331202739321,0.0233611310370241,2.8991595830394794,-0.19760117589383164,0.5,0.0,0.7071067811865476,0.0,0.3346910940819421,0.0,2.541257047076526,-5.551115123125783e-17,0.3346878078138642,-4.0033717964199767e-13,2.5413483104426207,-1.8510748489575235e-12,no_fit,0.7800001806439226
heat,0.25,108,3,3,3.839434270958009e-05,0.338315227296979,0.07044519364171427,3.083046297044303,0.4919935647321788,0.5,0.0,0.7071067811865476,0.0,0.3346910940819421,0.0,2.541257047076526,-5.551115123125783e-17,0.3346878078138642,-4.0033717964199767e-13,2.5413483104426207,-1.8510748489575235e-12,no_fit,0.8306928224268604
heat,0.25,109,0,0,0.18058905191719532,0.3318918298963347,-0.031523248593914664,2.598447121160649,-0.0665382546301373,0.5,0.0,0.7071067811865476,0.0,0.3346910940819421,0.0,2.541257047076526,-5.551115123125783e-17,0.3346878078138642,-4.0033717964199767e-13,2.5413483104426207,-1.8510748489575235e-12,no_fit,0.996749019930435
heat,0.25,109,0,1,0.26719556795433164,0.2767478268691972,0.011547223651025064,3.6200185036798236,0.10093930023084607,0.5,0.0,0.7071067811865476,0.0,0.3346910940819421,0.0,2.541257047076526,-5.551115123125783e-17,0.3346878078138642,-4.0033717964199767e-13,2.5413483104426207,-1.8510748489575235e-12,no_fit,0.5514416279418629
heat,0.25,109,0,2,0.14155477657914162,0.32564282747439627,0.022134432804304712,2.6784970438447324,0.08589501888780826,0.5,0.0,0.7071067811865476,0.0,0.3346910940819421,0.0,2.541257047076526,-5.551115123125783e-17,0.3346878078138642,-4.0033717964199767e-13,2.5413483104426207,-1.8510748489575235e-12,no_fit,0.9992161222372442
heat,0.25,109,0,3,0.12597531266510487,0.33299706637914256,-0.022320444949182117,2.614936850361619,-0.07794452343098274,0.5,0.0,0.7071067811865476,0.0,0.3346910940819421,0.0,2.541257047076526,-5.551115123125783e-17,0.3346878078138642,-4.0033717964199767e-13,2.5413483104426207,-1.8510748489575235e-12,no_fit,0.9988166408206351
heat,0.25,109,1,0,0.12691342271864414,0.33451077796273115,0.0002051030341701896,2.5753515784633363,0.07155859685299087,0.5,0.0,0.7071067811865476,0.0,0.3346910940819421,0.0,2.541257047076526,-5.551115123125783e-17,0.3346878078138642,-4.0033717964199767e-13,2.5413483104426207,-1.8510748489575235e-12,no_fit,0.9993027158405144
heat,0.25,109,1,1,0.13305483013391495,0.333537535720452,0.010966074359573362,2.5764600403658267,0.03003886788435889,0.5,0.0,0.7071067811865476,0.0,0.3346910940819421,0.0,2.541257047076526,-5.551115123125783e-17,0.3346878078138642,-4.0033717964199767e-13,2.5413483104426207,-1.8510748489575235e-12,no_fit,0.9995390931709882
heat,0.25,109,1,2,0.03395483992062509,0.3348696656240689,-0.006115525892799167,2.594782772087718,0.011034770840595731,0.5,0.0,0.7071067811865476,0.0,0.3346910940819421,0.0,2.541257047076526,-5.551115123125783e-17,0.3346878078138642,-4.0033717964199767e-13,2.5413483104426207,-1.8510748489575235e-12,no_fit,0.9416277814093068
heat,0.25,109,1,3,0.12323448155075312,0.3325091050048035,-0.022098396251801218,2.5972585622408566,-0.044313789442916474,0.5,0.0,0.7071067811865476,0.0,0.3346910940819421,0.0,2.541257047076526,-5.551115123125783e-17,0.3346878078138642,-4.0033717964199767e-13,2.5413483104426207,-1.8510748489575235e-12,no_fit,0.9992805648474526
heat,0.25,109,2,0,3.6235854850019678e-06,0.33456187747976407,-0.010171578790774696,2.9036400587528846,-0.12322025156090222,0.5,0.0,0.7071067811865476,0.0,0.3346910940819421,0.0,2.541257047076526,-5.551115123125783e-17,0.3346878078138642,-4.0033717964199767e-13,2.5413483104426207,-1.8510748489575235e-12,no_fit,0.6208980455682164
heat,0.25,109,2,1,0.0003922069809050299,0.3640540451634336,-0.0436885662399247,2.6614839428787374,-0.13052673303797513,0.5,0.0,0.7071067811865476,0.0,0.3346910940819421,0.0,2.541257047076526,-5.551115123125783e-17,0.3346878078138642,-4.0033717964199767e-13,2.5413483104426207,-1.8510748489575235e-12,no_fit,0.8824460001138006
heat,0.25,109,2,2,0.10158865712583065,0.33969187045809895,0.015841399477083587,2.4522016613682744,0.08385914776853204,0.5,0.0,0.7071067811865476,0.0,0.3346910940819421,0.0,2.541257047076526,-5.551115123125783e-17,0.3346878078138642,-4.0033717964199767e-13,2.5413483104426207,-1.8510748489575235e-12,no_fit,0.9826732601352072
heat,0.25,109,2,3,0.010339276399463415,0.33342545165274706,0.02457215620287005,2.6799290360436263,0.09878640581023823,0.5,0.0,0.7071067811865476,0.0,0.3346910940819421,0.0,2.541257047076526,-5.551115123125783e-17,0.3346878078138642,-4.0033717964199767e-13,2.5413483104426207,-1.8510748489575235e-12,no_fit,0.9323611284657856
heat,0.25,109,3,0,0.001406270093866624,0.3450748705989807,0.055484034617487084,2.7221710035495486,0.14946355810120326,0.5,0.0,0.7071067811865476,0.0,0.3346910940819421,0.0,2.541257047076526,-5.551115123125783e-17,0.3346878078138642,-4.0033717964199767e-13,2.5413483104426207,-1.8510748489575235e-12,no_fit,0.9044407916799898
heat,0.25,109,3,1,0.04804609017446637,0.33568244214188037,-0.02297490661019935,2.581994582419806,-0.05916772549021093,0.5,0.0,0.7071067811865476,0.0,0.3346910940819421,0.0,2.541257047076526,-5.551115123125783e-17,0.3346878078138642,-4.0033717964199767e-13,2.5413483104426207,-1.8510748489575235e-12,no_fit,0.966810174352276
heat,0.25,109,3,2,0.032337918877601624,0.3311143285686487,0.0077834665292658535,2.6356777155931863,0.035007238518248274,0.5,0.0,0.7071067811865476,0.0,0.3346910940819421,0.0,2.541257047076526,-5.551115123125783e-17,0.3346878078138642,-4.0033717964199767e-13,2.5413483104426207,-1.8510748489575235e-12,no_fit,0.9542819433961502
heat,0.25,109,3,3,0.02136846212670207,0.3341459678274516,-0.043102368735136745,2.599550386193255,-0.13808070937630607,0.5,0.0,0.7071067811865476,0.0,0.3346910940819421,0.0,2.541257047076526,-5.551115123125783e-17,0.3346878078138642,-4.0033717964199767e-13,2.5413483104426207,-1.8510748489575235e-12,no_fit,0.949393879941424
heat,0.25,110,0,0,0.1578308865427971,0.32900217130354004,-0.019765248239099066,2.615599963603493,-0.0830121626988446,0.5,0.0,0.7071067811865476,0.0,0.3346910940819421,0.0,2.541257047076526,-5.551115123125783e-17,0.3346878078138642,-4.0033717964199767e-13,2.5413483104426207,-1.8510748489575235e-12,no_fit,0.998196309743554
heat,0.25,110,0,1,0.44035246036946774,0.3013580295719093,0.008754783785202546,3.03474433773164,0.0059767924128625305,0.5,0.0,0.7071067811865476,0.0,0.3346910940819421,0.0,2.541257047076526,-5.551115123125783e-17,0.3346878078138642,-4.0033717964199767e-13,2.5413483104426207,-1.8510748489575235e-12,no_fit,0.7168798270342945
heat,0.25,110,0,2,0.17220588214695454,0.3313324103013563,0.007262501944459964,2.6059180353554257,0.04382271429852258,0.5,0.0,0.7071067811865476,0.0,0.3346910940819421,0.0,2.541257047076526,-5.551115123125783e-17,0.3346878078138642,-4.0033717964199767e-13,2.5413483104426207,-1.8510748489575235e-12,no_fit,0.9975383677922603
heat,0.25,110,0,3,0.14848151989281178,0.33236641969126995,0.008068261641986249,2.599463054244128,0.04351789752468066,0.5,0.0,0.7071067811865476,0.0,0.3346910940819421,0.0,2.541257047076526,-5.551115123125783e-17,0.3346878078138642,-4.0033717964199767e-13,2.5413483104426207,-1.8510748489575235e-12,no_fit,0.9991825715748448
heat,0.25,110,1,0,0.12647888157516718,0.3337508989868337,-0.009501533651672655,2.6120814000797337,-0.05362096640077568,0.5,0.0,0.7071067811865476,0.0,0.3346910940819421,0.0,2.541257047076526,-5.551115123125783e-17,0.3346878078138642,-4.0033717964199767e-13,2.5413483104426207,-1.8510748489575235e-12,no_fit,0.9989746902806402
heat,0.25,110,1,1,0.12979670893400908,0.3403074079343004,-0.0025101679040062086,2.541751505323716,-0.06328443538626183,0.5,0.0,0.7071067811865476,0.0,0.3346910940819421,0.0,2.541257047076526,-5.551115123125783e-17,0.3346878078138642,-4.0033717964199767e-13,2.5413483104426207,-1.8510748489575235e-12,no_fit,0.9988229036522062
heat,0.25,110,1,2,0.2226663933834061,0.2619504208873076,-0.03387340238784494,3.684091066351679,-0.0381606069720386,0.5,0.0,0.7071067811865476,0.0,0.3346910940819421,0.0,2.541257047076526,-5.551115123125783e-17,0.3346878078138642,-4.0033717964199767e-13,2.5413483104426207,-1.8510748489575235e-12,no_fit,0.5471770330289515
heat,0.25,110,1,3,0.00045667564336326905,0.3666074855943772,0.12514474535447553,2.370499350823253,0.24427601376228303,0.5,0.0,0.7071067811865476,0.0,0.3346910940819421,0.0,2.541257047076526,-5.551115123125783e-17,0.3346878078138642,-4.0033717964199767e-13,2.5413483104426207,-1.8510748489575235e-12,no_fit,0.8641061909826137
heat,0.25,110,2,0,0.0007378645168500952,0.35985376184210294,0.006737186561661193,2.6370156251993335,0.05578748614540863,0.5,0.0,0.7071067811865476,0.0,0.3346910940819421,0.0,2.541257047076526,-5.551115123125783e-17,0.3346878078138642,-4.0033717964199767e-13,2.5413483104426207,-1.8510748489575235e-12,no_fit,0.8492754544861483
heat,0.25,110,2,1,3.1541590033157263e-06,0.3591489656084966,0.029079220839083972,2.5950184717553455,0.22474187108000232,0.5,0.0,0.7071067811865476,0.0,0.3346910940819421,0.0,2.541257047076526,-5.551115123125783e-17,0.3346878078138642,-4.0033717964199767e-13,2.5413483104426207,-1.8510748489575235e-12,no_fit,0.6373582018622856
heat,0.25,110,2,2,0.07172993873246014,0.28339934969406355,0.0034104990361459816,3.4211865575249942,0.02702098818622556,0.5,0.0,0.7071067811865476,0.0,0.3346910940819421,0.0,2.541257047076526,-5.551115123125783e-17,0.3346878078138642,-4.0033717964199767e-13,2.5413483104426207,-1.8510748489575235e-12,no_fit,0.6577620245590836
heat,0.25,110,2,3,0.08942853659391403,0.3350589518200167,-0.0032843661051871007,2.5622213996881618,-0.05723299462338055,0.5,0.0,0.7071067811865476,0.0,0.3346910940819421,0.0,2.541257047076526,-5.551115123125783e-17,0.3346878078138642,-4.0033717964199767e-13,2.5413483104426207,-1.8510748489575235e-12,no_fit,0.9899244298141237
heat,0.25,110,3,0,0.013337637530639768,0.32897864793795256,0.01022032684905868,2.652799972214105,0.05625175734044385,0.5,0.0,0.7071067811865476,0.0,0.3346910940819421,0.0,2.541257047076526,-5.551115123125783e-17,0.3346878078138642,-4.0033717964199767e-13,2.5413483104426207,-1.8510748489575235e-12,no_fit,0.9032925586983868
heat,0.25,110,3,1,0.028090896550565958,0.3346784043199398,-0.008065649923729115,2.63982482052896,-0.050857881014358564,0.5,0.0,0.7071067811865476,0.0,0.3346910940819421,0.0,2.541257047076526,-5.551115123125783e-17,0.3346878078138642,-4.0033717964199767e-13,2.5413483104426207,-1.8510748489575235e-12,no_fit,0.9484947970620756
heat,0.25,110,3,2,0.10579028818756342,0.3355603872122332,-0.0017860809412882153,2.5821452301726353,-0.00791215311200738,0.5,0.0,0.7071067811865476,0.0,0.3346910940819421,0.0,2.541257047076526,-5.551115123125783e-17,0.3346878078138642,-4.0033717964199767e-13,2.5413483104426207,-1.8510748489575235e-12,no_fit,0.9966675958028174
heat,0.25,110,3,3,0.12716933153569698,0.3368225254658262,0.018075930352586526,2.5710821240732793,0.07077371803692833,0.5,0.0,0.7071067811865476,0.0,0.3346910940819421,0.0,2.541257047076526,-5.551115123125783e-17,0.3346878078138642,-4.0033717964199767e-13,2.5413483104426207,-1.8510748489575235e-12,no_fit,0.999383709959257
heat,0.25,111,0,0,0.14541907981038094,0.3322698529393729,-0.008997030298973576,2.5955358368502655,-0.021004588704419014,0.5,0.0,0.7071067811865476,0.0,0.3346910940819421,0.0,2.541257047076526,-5.551115123125783e-17,0.3346878078138642,-4.0033717964199767e-13,2.5413483104426207,-1.8510748489575235e-12,ungated,0.9997379574368452
heat,0.25,111,0,1,0.13830895442515612,0.33506618998899645,0.008858156273842692,2.574286204315556,0.026258505520395548,0.5,0.0,0.7071067811865476,0.0,0.3346910940819421,0.0,2.541257047076526,-5.551115123125783e-17,0.3346878078138642,-4.0033717964199767e-13,2.5413483104426207,-1.8510748489575235e-12,ungated,0.9999362216754616
heat,0.25,111,0,2,0.1314989123493433,0.33455244571432013,0.008865158964269856,2.575398018354119,0.020944704322183927,0.5,0.0,0.7071067811865476,0.0,0.3346910940819421,0.0,2.541257047076526,-5.551115123125783e-17,0.3346878078138642,-4.0033717964199767e-13,2.5413483104426207,-1.8510748489575235e-12,ungated,0.9997352192877114
heat,0.25,111,0,3,0.1330334823578596,0.33261892031742635,0.0008173072983249617,2.5986233999547186,0.014338652899106852,0.5,0.0,0.7071067811865476,0.0,0.3346910940819421,0.0,2.541257047076526,-5.551115123125783e-17,0.3346878078138642,-4.0033717964199767e-13,2.5413483104426207,-1.8510748489575235e-12,ungated,0.9998263922818442
heat,0.25,111,1,0,0.14456915110349655,0.32705007297626393,-0.011996902692829697,2.6534536636864225,-0.06307404839365266,0.5,0.0,0.7071067811865476,0.0,0.3346910940819421,0.0,2.541257047076526,-5.551115123125783e-17,0.3346878078138642,-4.0033717964199767e-13,2.5413483104426207,-1.8510748489575235e-12,no_fit,0.998799699836843
heat,0.25,111,1,1,0.13637708872556686,0.3344886845274526,0.01433228565765641,2.5485423183173443,0.035242311296141804,0.5,0.0,0.7071067811865476,0.0,0.3346910940819421,0.0,2.541257047076526,-5.551115123125783e-17,0.3346878078138642,-4.0033717964199767e-13,2.5413483104426207,-1.8510748489575235e-12,acf_or_spectral,0.9989474277555844
heat,0.25,111,1,2,0.0001458870037822635,0.39074728728455593,0.05837406575555513,2.913385416889865,0.46414341217463795,0.5,0.0,0.7071067811865476,0.0,0.3346910940819421,0.0,2.541257047076526,-5.551115123125783e-17,0.3346878078138642,-4.0033717964199767e-13,2.5413483104426207,-1.8510748489575235e-12,no_fit,0.8694998266101417
heat,0.25,111,1,3,0.172559455037117,0.33324236357462766,0.01404175662025151,2.5837112846528405,0.045179466470079366,0.5,0.0,0.7071067811865476,0.0,0.3346910940819421,0.0,2.541257047076526,-5.551115123125783e-17,0.3346878078138642,-4.0033717964199767e-13,2.5413483104426207,-1.8510748489575235e-12,no_fit,0.9980140612618844
heat,0.25,111,2,0,0.10259782429784536,0.33188871559289085,0.010487459054524582,2.618914386625715,0.05218746759080761,0.5,0.0,0.7071067811865476,0.0,0.3346910940819421,0.0,2.541257047076526,-5.551115123125783e-17,0.3346878078138642,-4.0033717964199767e-13,2.5413483104426207,-1.8510748489575235e-12,no_fit,0.99689841401679
heat,0.25,111,2,1,0.07487300783395767,0.3349447771164677,-0.0005619329249921,2.574187381414776,0.007143480854608031,0.5,0.0,0.7071067811865476,0.0,0.3346910940819421,0.0,2.541257047076526,-5.551115123125783e-17,0.3346878078138642,-4.0033717964199767e-13,2.5413483104426207,-1.8510748489575235e-12,no_fit,0.985196194253908
heat,0.25,111,2,2,1.0618703072395874e-05,0.3319335700259327,0.019660148475882887,2.8098906948996207,0.18902526789796048,0.5,0.0,0.7071067811865476,0.0,0.3346910940819421,0.0,2.541257047076526,-5.551115123125783e-17,0.3346878078138642,-4.0033717964199767e-13,2.5413483104426207,-1.8510748489575235e-12,no_fit,0.6640269425009876
heat,0.25,111,2,3,0.01075247023254633,0.3356767010939428,0.013291642311755097,2.731041411321574,0.04840320502310147,0.5,0.0,0.7071067811865476,0.0,0.3346910940819421,0.0,2.541257047076526,-5.551115123125783e-17,0.3346878078138642,-4.0033717964199767e-13,2.5413483104426207,-1.8510748489575235e-12,no_fit,0.9410158658184166
heat,0.25,111,3,0,0.006020879605785012,0.33407237231203857,-0.010918461032598399,2.7679047599181423,-0.0458592923810035,0.5,0.0,0.7071067811865476,0.0,0.3346910940819421,0.0,2.541257047076526,-5.551115123125783e-17,0.3346878078138642,-4.0033717964199767e-13,2.5413483104426207,-1.8510748489575235e-12,no_fit,0.9370546692558518
heat,0.25,111,3,1,0.04889274947345257,0.333167461766087,0.009766863192247848,2.610804026855207,0.069439822591979,0.5,0.0,0.7071067811865476,0.0,0.3346910940819421,0.0,2.541257047076526,-5.551115123125783e-17,0.3346878078138642,-4.0033717964199767e-13,2.5413483104426207,-1.8510748489575235e-12,no_fit,0.9659972037736296
heat,0.25,111,3,2,0.0050129363662563264,0.34743932660831844,0.031220413462849178,2.7894605920546534,0.033832276739987344,0.5,0.0,0.7071067811865476,0.0,0.3346910940819421,0.0,2.541257047076526,-5.551115123125783e-17,0.3346878078138642,-4.0033717964199767e-13,2.5413483104426207,-1.8510748489575235e-12,no_fit,0.9311747465408824
heat,0.25,111,3,3,0.010849911835975945,0.33234661671170823,-0.018199742433551637,2.726999830408699,-0.05803302666212562,0.5,0.0,0.7071067811865476,0.0,0.3346910940819421,0.0,2.541257047076526,-5.551115123125783e-17,0.3346878078138642,-4.0033717964199767e-13,2.5413483104426207,-1.8510748489575235e-12,no_fit,0.9344958409736146
heat,0.25,112,0,0,0.12589576747268438,0.3334834388122197,-0.013934527922374103,2.565234405075099,-0.053714544443190404,0.5,0.0,0.7071067811865476,0.0,0.3346910940819421,0.0,2.541257047076526,-5.551115123125783e-17,0.3346878078138642,-4.0033717964199767e-13,2.5413483104426207,-1.8510748489575235e-12,no_fit,0.9989158359020944
heat,0.25,112,0,1,0.1483757859095931,0.3367959336835112,0.005664304588357075,2.5138062111843067,0.04407767752158637,0.5,0.0,0.7071067811865476,0.0,0.3346910940819421,0.0,2.541257047076526,-5.551115123125783e-17,0.3346878078138642,-4.0033717964199767e-13,2.5413483104426207,-1.8510748489575235e-12,no_fit,0.999011833327582
heat,0.25,112,0,2,0.3292601406574249,0.31322084238722964,-0.011082783526458268,2.9452831492801494,-0.07617886730586332,0.5,0.0,0.7071067811865476,0.0,0.3346910940819421,0.0,2.541257047076526,-5.551115123125783e-17,0.3346878078138642,-4.0033717964199767e-13,2.5413483104426207,-1.8510748489575235e-12,no_fit,0.762251944198821
heat,0.25,112,0,3,0.1405937885865569,0.3331574335923186,0.006133034258195856,2.5795099375047705,0.034524460754482345,0.5,0.0,0.7071067811865476,0.0,0.3346910940819421,0.0,2.541257047076526,-5.551115123125783e-17,0.3346878078138642,-4.0033717964199767e-13,2.5413483104426207,-1.8510748489575235e-12,no_fit,0.999181288833625
heat,0.25,112,1,0,0.08920526504516602,0.33506139276745533,-0.01226788455893329,2.548685295635151,-0.06436191923980489,0.5,0.0,0.7071067811865476,0.0,0.3346910940819421,0.0,2.541257047076526,-5.551115123125783e-17,0.3346878078138642,-4.0033717964199767e-13,2.5413483104426207,-1.8510748489575235e-12,acf_or_spectral,0.983350861490648
heat,0.25,112,1,1,0.10672481451183558,0.3342008586737321,-0.015042392253259372,2.5785509555233967,-0.033865722659535136,0.5,0.0,0.7071067811865476,0.0,0.3346910940819421,0.0,2.541257047076526,-5.551115123125783e-17,0.3346878078138642,-4.0033717964199767e-13,2.5413483104426207,-1.8510748489575235e-12,no_fit,0.9958164933396846
heat,0.25,112,1,2,0.14619038999080658,0.33467843738907876,-0.0044735452712316125,2.573311327055178,-0.018545061800563922,0.5,0.0,0.7071067811865476,0.0,0.3346910940819421,0.0,2.541257047076526,-5.551115123125783e-17,0.3346878078138642,-4.0033717964199767e-13,2.5413483104426207,-1.8510748489575235e-12,ungated,0.9999371911633278
heat,0.25,112,1,3,0.15987513028085232,0.3324699153932513,0.006698212645324376,2.588454529793518,0.04010068143688611,0.5,0.0,0.7071067811865476,0.0,0.3346910940819421,0.0,2.541257047076526,-5.551115123125783e-17,0.3346878078138642,-4.0033717964199767e-13,2.5413483104426207,-1.8510748489575235e-12,no_fit,0.9992715176255608
heat,0.25,112,2,0,0.005488891154527664,0.3527843993600598,-0.015476713690601065,2.8665804220386466,-0.01885673984483638,0.5,0.0,0.7071067811865476,0.0,0.3346910940819421,0.0,2.541257047076526,-5.551115123125783e-17,0.3346878078138642,-4.0033717964199767e-13,2.5413483104426207,-1.8510748489575235e-12,no_fit,0.9075344338824868
heat,0.25,112,2,1,0.006193349952809513,0.3301648053884302,0.03338161153773517,2.7213485188838775,0.18521467601292463,0.5,0.0,0.7071067811865476,0.0,0.3346910940819421,0.0,2.541257047076526,-5.551115123125783e-17,0.3346878078138642,-4.0033717964199767e-13,2.5413483104426207,-1.8510748489575235e-12,no_fit,0.9191145203965502
heat,0.25,112,2,2,0.007553830510005355,0.34645942489357506,-0.009251583683382903,2.7416933460097472,0.09920003896009211,0.5,0.0,0.7071067811865476,0.0,0.3346910940819421,0.0,2.541257047076526,-5.551115123125783e-17,0.3346878078138642,-4.0033717964199767e-13,2.5413483104426207,-1.8510748489575235e-12,no_fit,0.9018208312599508
heat,0.25,112,2,3,0.11577823664993048,0.33458178135502903,0.009368083467532514,2.547492716731075,0.024796668263002697,0.5,0.0,0.7071067811865476,0.0,0.3346910940819421,0.0,2.541257047076526,-5.551115123125783e-17,0.3346878078138642,-4.0033717964199767e-13,2.5413483104426207,-1.8510748489575235e-12,acf_or_spectral,0.9961022245595428
heat,0.25,112,3,0,2.2385699821825256e-05,0.33299639909061235,-0.019096140809459337,3.4278762266685883,-0.8941806032418462,0.5,0.0,0.7071067811865476,0.0,0.3346910940819421,0.0,2.541257047076526,-5.551115123125783e-17,0.3346878078138642,-4.0033717964199767e-13,2.5413483104426207,-1.8510748489575235e-12,no_fit,0.7549419803107277
heat,0.25,112,3,1,7.7838923004947e-06,0.30605187807979883,-0.16401754184099657,3.0346160434661433,-0.5817897324299657,0.5,0.0,0.7071067811865476,0.0,0.3346910940819421,0.0,2.541257047076526,-5.551115123125783e-17,0.3346878078138642,-4.0033717964199767e-13,2.5413483104426207,-1.8510748489575235e-12,no_fit,0.770546718478038
heat,0.25,112,3,2,0.0007071376276144292,0.34876488495230507,-0.03730818596884511,3.029882688705045,-0.25677787271323127,0.5,0.0,0.7071067811865476,0.0,0.3346910940819421,0.0,2.541257047076526,-5.551115123125783e-17,0.3346878078138642,-4.0033717964199767e-13,2.5413483104426207,-1.8510748489575235e-12,no_fit,0.9088921196132
heat,0.25,112,3,3,0.0010313764651073143,0.3529249713468073,-0.09399158084362773,2.8149098698622197,-0.44981181901242795,0.5,0.0,0.7071067811865476,0.0,0.3346910940819421,0.0,2.541257047076526,-5.551115123125783e-17,0.3346878078138642,-4.0033717964199767e-13,2.5413483104426207,-1.8510748489575235e-12,no_fit,0.9135510687672138
heat,0.25,113,0,0,0.23429951816797256,0.2728021774482379,-0.010385725956877966,3.533040097546997,-0.09183400655811425,0.5,0.0,0.7071067811865476,0.0,0.3346910940819421,0.0,2.541257047076526,-5.551115123125783e-17,0.3346878078138642,-4.0033717964199767e-13,2.5413483104426207,-1.8510748489575235e-12,no_fit,0.586118746186922
heat,0.25,113,0,1,0.14217637944966555,0.3323474946335997,-0.00946735607822053,2.58320764792105,-0.03947214976216051,0.5,0.0,0.7071067811865476,0.0,0.3346910940819421,0.0,2.541257047076526,-5.551115123125783e-17,0.3346878078138642,-4.0033717964199767e-13,2.5413483104426207,-1.8510748489575235e-12,ungated,0.9998607080850024
heat,0.25,113,0,2,0.14974884875118732,0.3304983726540465,0.003164121324293407,2.6227607847905126,-0.007447503383914367,0.5,0.0,0.7071067811865476,0.0,0.3346910940819421,0.0,2.541257047076526,-5.551115123125783e-17,0.3346878078138642,-4.0033717964199767e-13,2.5413483104426207,-1.8510748489575235e-12,no_fit,0.9990973611522148
heat,0.25,113,0,3,0.13024034164845943,0.33598851378445993,0.0062495117741811195,2.562296263234736,0.018565098826695436,0.5,0.0,0.7071067811865476,0.0,0.3346910940819421,0.0,2.541257047076526,-5.551115123125783e-17,0.3346878078138642,-4.0033717964199767e-13,2.5413483104426207,-1.8510748489575235e-12,acf_or_spectral,0.9993543808748075
heat,0.25,113,1,0,0.13013973645865917,0.3297933059547549,-0.010170539278432558,2.660642051255497,-0.040873929855309465,0.5,0.0,0.7071067811865476,0.0,0.3346910940819421,0.0,2.541257047076526,-5.551115123125783e-17,0.3346878078138642,-4.0033717964199767e-13,2.5413483104426207,-1.8510748489575235e-12,no_fit,0.998596322266864
heat,0.25,113,1,1,4.987372619780217e-06,0.33662923644334974,0.14803725671974727,2.487458754002199,0.2675611642545274,0.5,0.0,0.7071067811865476,0.0,0.3346910940819421,0.0,2.541257047076526,-5.551115123125783e-17,0.3346878078138642,-4.0033717964199767e-13,2.5413483104426207,-1.8510748489575235e-12,no_fit,0.664444639062513
heat,0.25,113,1,2,0.10376274306327105,0.3325280194424896,-0.0025722877066942994,2.5820128437193834,-0.020407380565009015,0.5,0.0,0.7071067811865476,0.0,0.3346910940819421,0.0,2.541257047076526,-5.551115123125783e-17,0.3346878078138642,-4.0033717964199767e-13,2.5413483104426207,-1.8510748489575235e-12,no_fit,0.9940731145745796
heat,0.25,113,1,3,0.02611819445155561,0.3358321158041632,0.01214586098938208,2.578888714035481,0.09156013386048811,0.5,0.0,0.7071067811865476,0.0,0.3346910940819421,0.0,2.541257047076526,-5.551115123125783e-17,0.3346878078138642,-4.0033717964199767e-13,2.5413483104426207,-1.8510748489575235e-12,no_fit,0.9339412151336756
heat,0.25,113,2,0,0.1289345920085907,0.3307496811935226,-0.006290156849815993,2.6856819471549156,0.02770812429342484,0.5,0.0,0.7071067811865476,0.0,0.3346910940819421,0.0,2.541257047076526,-5.551115123125783e-17,0.3346878078138642,-4.0033717964199767e-13,2.5413483104426207,-1.8510748489575235e-12,no_fit,0.9928273713142212
heat,0.25,113,2,1,6.705331088596722e-05,0.37254453073186006,-0.04098545768781059,2.9055468047118045,-0.4969165650684879,0.5,0.0,0.7071067811865476,0.0,0.3346910940819421,0.0,2.541257047076526,-5.551115123125783e-17,0.3346878078138642,-4.0033717964199767e-13,2.5413483104426207,-1.8510748489575235e-12,no_fit,0.8156551228207601
heat,0.25,113,2,2,0.010851100436411798,0.32816086007724216,-0.0036442699132686897,2.7323040082520706,-0.04915701163873165,0.5,0.0,0.7071067811865476,0.0,0.3346910940819421,0.0,2.541257047076526,-5.551115123125783e-17,0.3346878078138642,-4.0033717964199767e-13,2.5413483104426207,-1.8510748489575235e-12,no_fit,0.9374001858543396
heat,0.25,113,2,3,0.10566377732902765,0.3367630238748924,-0.0027775073975109914,2.5073569034048653,-0.0051246911821032914,0.5,0.0,0.7071067811865476,0.0,0.3346910940819421,0.0,2.541257047076526,-5.551115123125783e-17,0.3346878078138642,-4.0033717964199767e-13,2.5413483104426207,-1.8510748489575235e-12,no_fit,0.987965104760682
heat,0.25,113,3,0,0.010164980310946703,0.33140106464978253,0.01145479025803152,2.70691552907479,0.07528787566375172,0.5,0.0,0.7071067811865476,0.0,0.3346910940819421,0.0,2.541257047076526,-5.551115123125783e-17,0.3346878078138642,-4.0033717964199767e-13,2.5413483104426207,-1.8510748489575235e-12,no_fit,0.9215492746867064
heat,0.25,113,3,1,0.007785403169691563,0.3321678840495603,0.006147096121975397,2.7360987977318496,0.0412034992349436,0.5,0.0,0.7071067811865476,0.0,0.3346910940819421,0.0,2.541257047076526,-5.551115123125783e-17,0.3346878078138642,-4.0033717964199767e-13,2.5413483104426207,-1.8510748489575235e-12,no_fit,0.9175575563204283
heat,0.25,113,3,2,0.0071158602950163186,0.33112485769945,-0.024652142365758887,2.714949425460964,-0.14486396182942152,0.5,0.0,0.7071067811865476,0.0,0.3346910940819421,0.0,2.541257047076526,-5.551115123125783e-17,0.3346878078138642,-4.0033717964199767e-13,2.5413483104426207,-1.8510748489575235e-12,no_fit,0.9154380347882344
heat,0.25,113,3,3,0.026828530710190535,0.33303474198434524,-0.006385774367228554,2.636609298385782,-0.028409983706863706,0.5,0.0,0.7071067811865476,0.0,0.3346910940819421,0.0,2.541257047076526,-5.551115123125783e-17,0.3346878078138642,-4.0033717964199767e-13,2.5413483104426207,-1.8510748489575235e-12,no_fit,0.9427552826361528
heat,0.25,114,0,0,0.1448282627388835,0.33455299411623574,-0.017327903612720293,2.5560731978261106,-0.03531233276802337,0.5,0.0,0.7071067811865476,0.0,0.3346910940819421,0.0,2.541257047076526,-5.551115123125783e-17,0.3346878078138642,-4.0033717964199767e-13,2.5413483104426207,-1.8510748489575235e-12,ungated,0.9996931879093248
heat,0.25,114,0,1,0.13524560537189245,0.3332531660827878,0.010455484398797857,2.5849332596027317,0.0635176987992257,0.5,0.0,0.7071067811865476,0.0,0.3346910940819421,0.0,2.541257047076526,-5.551115123125783e-17,0.3346878078138642,-4.0033717964199767e-13,2.5413483104426207,-1.8510748489575235e-12,ungated,0.9999197221917911
heat,0.25,114,0,2,0.13178027886897326,0.3320278605377161,0.007929602768528707,2.6010766913031107,0.023473053120320886,0.5,0.0,0.7071067811865476,0.0,0.3346910940819421,0.0,2.541257047076526,-5.551115123125783e-17,0.3346878078138642,-4.0033717964199767e-13,2.5413483104426207,-1.8510748489575235e-12,ungated,0.999757098249677
heat,0.25,114,0,3,0.13506609294563532,0.3338060865620578,-0.0058081772857573035,2.5757503982731844,-0.032958002535722786,0.5,0.0,0.7071067811865476,0.0,0.3346910940819421,0.0,2.541257047076526,-5.551115123125783e-17,0.3346878078138642,-4.0033717964199767e-13,2.5413483104426207,-1.8510748489575235e-12,no_fit,0.9995014309554676
heat,0.25,114,1,0,0.13524782843887806,0.3329270376825292,-0.015973225526432527,2.583076868439233,-0.05594668135689518,0.5,0.0,0.7071067811865476,0.0,0.3346910940819421,0.0,2.541257047076526,-5.551115123125783e-17,0.3346878078138642,-4.0033717964199767e-13,2.5413483104426207,-1.8510748489575235e-12,ungated,0.999774523809604
heat,0.25,114,1,1,0.1288259346038103,0.3340606432095649,0.016685047004606633,2.569250041273978,0.067081718685092,0.5,0.0,0.7071067811865476,0.0,0.3346910940819421,0.0,2.541257047076526,-5.551115123125783e-17,0.3346878078138642,-4.0033717964199767e-13,2.5413483104426207,-1.8510748489575235e-12,no_fit,0.9992706741581304
heat,0.25,114,1,2,0.1535478886216879,0.334845874601753,-0.002431799963046281,2.5569460921925184,-0.017905136501135344,0.5,0.0,0.7071067811865476,0.0,0.3346910940819421,0.0,2.541257047076526,-5.551115123125783e-17,0.3346878078138642,-4.0033717964199767e-13,2.5413483104426207,-1.8510748489575235e-12,ungated,0.9997590873255062
heat,0.25,114,1,3,0.14562359359115362,0.33532759694242403,0.016759859885978466,2.5545672649909696,0.010247339728517213,0.5,0.0,0.7071067811865476,0.0,0.3346910940819421,0.0,2.541257047076526,-5.551115123125783e-17,0.3346878078138642,-4.0033717964199767e-13,2.5413483104426207,-1.8510748489575235e-12,ungated,0.9998805611160668
heat,0.25,114,2,0,0.009887308697216213,0.33995571866156354,0.0008609528691209297,2.5791841794900363,0.006653292333153649,0.5,0.0,0.7071067811865476,0.0,0.3346910940819421,0.0,2.541257047076526,-5.551115123125783e-17,0.3346878078138642,-4.0033717964199767e-13,2.5413483104426207,-1.8510748489575235e-12,no_fit,0.9331459705770996
heat,0.25,114,2,1,0.011898079072125256,0.3329372247721759,0.011327146763709894,2.6820523717950784,0.059775064354065766,0.5,0.0,0.7071067811865476,0.0,0.3346910940819421,0.0,2.541257047076526,-5.551115123125783e-17,0.3346878078138642,-4.0033717964199767e-13,2.5413483104426207,-1.8510748489575235e-12,no_fit,0.937372651059716
heat,0.25,114,2,2,0.0016560636140638962,0.39177459493427086,0.01026590570087182,2.2773806848338376,0.16297630593699292,0.5,0.0,0.7071067811865476,0.0,0.3346910940819421,0.0,2.541257047076526,-5.551115123125783e-17,0.3346878078138642,-4.0033717964199767e-13,2.5413483104426207,-1.8510748489575235e-12,acf_or_spectral,0.852721847244016
heat,0.25,114,2,3,0.13963693752884865,0.3358445969335757,0.03241709118933571,2.520774992136206,0.08593119160014523,0.5,0.0,0.7071067811865476,0.0,0.3346910940819421,0.0,2.541257047076526,-5.551115123125783e-17,0.3346878078138642,-4.0033717964199767e-13,2.5413483104426207,-1.8510748489575235e-12,no_fit,0.9991246983877332
heat,0.25,114,3,0,0.00022057808382669464,0.3497899619791993,0.10300118744151211,2.595997510941679,0.12172301569523258,0.5,0.0,0.7071067811865476,0.0,0.3346910940819421,0.0,2.541257047076526,-5.551115123125783e-17,0.3346878078138642,-4.0033717964199767e-13,2.5413483104426207,-1.8510748489575235e-12,no_fit,0.8886073409161747
heat,0.25,114,3,1,6.654679253870199e-06,0.3174861572167975,-0.0031799282615914944,3.170797896518756,0.2670229228098655,0.5,0.0,0.7071067811865476,0.0,0.3346910940819421,0.0,2.541257047076526,-5.551115123125783e-17,0.3346878078138642,-4.0033717964199767e-13,2.5413483104426207,-1.8510748489575235e-12,no_fit,0.7474316389698245
heat,0.25,114,3,2,8.949760785981198e-05,0.3598229899300129,0.12752215144763265,2.8773972140923747,0.19703200980008273,0.5,0.0,0.7071067811865476,0.0,0.3346910940819421,0.0,2.541257047076526,-5.551115123125783e-17,0.3346878078138642,-4.0033717964199767e-13,2.5413483104426207,-1.8510748489575235e-12,no_fit,0.8664929804996993
heat,0.25,114,3,3,0.003975580009864643,0.3329744057780556,0.005186100086263437,2.7968112598063457,0.07056326378127586,0.5,0.0,0.7071067811865476,0.0,0.3346910940819421,0.0,2.541257047076526,-5.551115123125783e-17,0.3346878078138642,-4.0033717964199767e-13,2.5413483104426207,-1.8510748489575235e-12,no_fit,0.9241174368960788
heat,0.25,115,0,0,0.1288464143872261,0.3351117889247609,-0.001680386878124144,2.5611223194800576,0.010914854986040279,0.5,0.0,0.7071067811865476,0.0,0.3346910940819421,0.0,2.541257047076526,-5.551115123125783e-17,0.3346878078138642,-4.0033717964199767e-13,2.5413483104426207,-1.8510748489575235e-12,acf_or_spectral,0.9991546169980392
heat,0.25,115,0,1,0.1453683152794838,0.3331814773431657,-0.002945483977644486,2.583527176888075,0.024062945501782396,0.5,0.0,0.7071067811865476,0.0,0.3346910940819421,0.0,2.541257047076526,-5.551115123125783e-17,0.3346878078138642,-4.0033717964199767e-13,2.5413483104426207,-1.8510748489575235e-12,ungated,0.999788905515148
heat,0.25,115,0,2,0.14956402778625488,0.3343109601114921,-0.013113535357787233,2.557520802185299,0.0019758252207415783,0.5,0.0,0.7071067811865476,0.0,0.3346910940819421,0.0,2.541257047076526,-5.551115123125783e-17,0.3346878078138642,-4.0033717964199767e-13,2.5413483104426207,-1.8510748489575235e-12,ungated,0.9998027143454504
heat,0.25,115,0,3,0.12940150778740644,0.3362703782253595,-0.003938973685999439,2.5431162099828675,-0.028580495751624302,0.5,0.0,0.7071067811865476,0.0,0.3346910940819421,0.0,2.541257047076526,-5.551115123125783e-17,0.3346878078138642,-4.0033717964199767e-13,2.5413483104426207,-1.8510748489575235e-12,acf_or_spectral,0.9980383506090478
heat,0.25,115,1,0,1.9149009631291847e-05,0.36272974891487086,0.011374410519548354,2.836714178891543,0.04881344877389071,0.5,0.0,0.7071067811865476,0.0,0.3346910940819421,0.0,2.541257047076526,-5.551115123125783e-17,0.3346878078138642,-4.0033717964199767e-13,2.5413483104426207,-1.8510748489575235e-12,no_fit,0.793380533960483
heat,0.25,115,1,1,0.14852555003017187,0.33230378968136876,-0.03283329289836075,2.5929638171157756,-0.18149501346877767,0.5,0.0,0.7071067811865476,0.0,0.3346910940819421,0.0,2.541257047076526,-5.551115123125783e-17,0.3346878078138642,-4.0033717964199767e-13,2.5413483104426207,-1.8510748489575235e-12,no_fit,0.9993103023366716
heat,0.25,115,1,2,0.17035543359816074,0.3398126814876647,-0.036218700106933274,2.454976653167223,-0.0982548036315819,0.5,0.0,0.7071067811865476,0.0,0.3346910940819421,0.0,2.541257047076526,-5.551115123125783e-17,0.3346878078138642,-4.0033717964199767e-13,2.5413483104426207,-1.8510748489575235e-12,no_fit,0.9971295604964118
heat,0.25,115,1,3,0.14914860762655735,0.33414111260149965,0.003663000029920277,2.55918364581315,0.008141140340863495,0.5,0.0,0.7071067811865476,0.0,0.3346910940819421,0.0,2.541257047076526,-5.551115123125783e-17,0.3346878078138642,-4.0033717964199767e-13,2.5413483104426207,-1.8510748489575235e-12,ungated,0.9998263306553228
heat,0.25,115,2,0,0.016091761295683682,0.33216047408737714,0.003311388246708989,2.7070313379273343,0.02584486696129229,0.5,0.0,0.7071067811865476,0.0,0.3346910940819421,0.0,2.541257047076526,-5.551115123125783e-17,0.3346878078138642,-4.0033717964199767e-13,2.5413483104426207,-1.8510748489575235e-12,no_fit,0.9464639266085092
heat,0.25,115,2,1,0.11389301251620054,0.3328891593761355,-0.008911329223426183,2.600199598389782,-0.03408352575646356,0.5,0.0,0.7071067811865476,0.0,0.3346910940819421,0.0,2.541257047076526,-5.551115123125783e-17,0.3346878078138642,-4.0033717964199767e-13,2.5413483104426207,-1.8510748489575235e-12,no_fit,0.9986205747078772
heat,0.25,115,2,2,0.10215931199491024,0.3341835492362411,-0.0032297272132247043,2.576244287503806,-0.01887210825629393,0.5,0.0,0.7071067811865476,0.0,0.3346910940819421,0.0,2.541257047076526,-5.551115123125783e-17,0.3346878078138642,-4.0033717964199767e-13,2.5413483104426207,-1.8510748489575235e-12,no_fit,0.9951649363334336
heat,0.25,115,2,3,0.05267221247777343,0.33505362698602337,-0.009248105999307069,2.5856911918440435,-0.0546688849259786,0.5,0.0,0.7071067811865476,0.0,0.3346910940819421,0.0,2.541257047076526,-5.551115123125783e-17,0.3346878078138642,-4.0033717964199767e-13,2.5413483104426207,-1.8510748489575235e-12,no_fit,0.963123766859206
heat,0.25,115,3,0,0.03271173289977014,0.3367919360279718,-0.0037109250785980303,2.587104786294827,-0.04528021448723074,0.5,0.0,0.7071067811865476,0.0,0.3346910940819421,0.0,2.541257047076526,-5.551115123125783e-17,0.3346878078138642,-4.0033717964199767e-13,2.5413483104426207,-1.8510748489575235e-12,no_fit,0.9625974656898152
heat,0.25,115,3,1,0.0019204409327358007,0.3383476405825334,-0.04763525757889238,2.664824213683531,-0.14801098714378874,0.5,0.0,0.7071067811865476,0.0,0.3346910940819421,0.0,2.541257047076526,-5.551115123125783e-17,0.3346878078138642,-4.0033717964199767e-13,2.5413483104426207,-1.8510748489575235e-12,no_fit,0.9179448252812
heat,0.25,115,3,2,0.0010130663722520694,0.3425529137594678,-0.002625546805479918,2.8011098771369807,0.0452424883316872,0.5,0.0,0.7071067811865476,0.0,0.3346910940819421,0.0,2.541257047076526,-5.551115123125783e-17,0.3346878078138642,-4.0033717964199767e-13,2.5413483104426207,-1.8510748489575235e-12,no_fit,0.9140385639708316
heat,0.25,115,3,3,2.182950083806645e-05,0.3703060764411217,-0.027851899592363102,2.9200402158945535,-0.023502221084344077,0.5,0.0,0.7071067811865476,0.0,0.3346910940819421,0.0,2.541257047076526,-5.551115123125783e-17,0.3346878078138642,-4.0033717964199767e-13,2.5413483104426207,-1.8510748489575235e-12,no_fit,0.7472253523368154
heat,0.25,116,0,0,0.12001774553209543,0.33290366759984696,-5.0718753156675255e-05,2.593716723926423,-0.01592274915137437,0.5,0.0,0.7071067811865476,0.0,0.3346910940819421,0.0,2.541257047076526,-5.551115123125783e-17,0.3346878078138642,-4.0033717964199767e-13,2.5413483104426207,-1.8510748489575235e-12,no_fit,0.99857507777753
heat,0.25,116,0,1,0.12653873208910227,0.3315680396880641,-0.006925634554158811,2.6107017371124597,-0.03277516248646911,0.5,0.0,0.7071067811865476,0.0,0.3346910940819421,0.0,2.541257047076526,-5.551115123125783e-17,0.3346878078138642,-4.0033717964199767e-13,2.5413483104426207,-1.8510748489575235e-12,ungated,0.9996874625571264
heat,0.25,116,0,2,0.14420665800571442,0.3386523590988639,0.00996413635877891,2.562626566514058,0.04118441195571815,0.5,0.0,0.7071067811865476,0.0,0.3346910940819421,0.0,2.541257047076526,-5.551115123125783e-17,0.3346878078138642,-4.0033717964199767e-13,2.5413483104426207,-1.8510748489575235e-12,ungated,0.9998844451116524
heat,0.25,116,0,3,0.1572244744747877,0.33128227306082214,-0.00807233574904034,2.606166601200208,-0.06221887040409213,0.5,0.0,0.7071067811865476,0.0,0.3346910940819421,0.0,2.541257047076526,-5.551115123125783e-17,0.3346878078138642,-4.0033717964199767e-13,2.5413483104426207,-1.8510748489575235e-12,no_fit,0.9991848963548454
heat,0.25,116,1,0,0.15279116481542587,0.3339738269127801,0.00265319522785197,2.5593218248657092,-0.01146662139494542,0.5,0.0,0.7071067811865476,0.0,0.3346910940819421,0.0,2.541257047076526,-5.551115123125783e-17,0.3346878078138642,-4.0033717964199767e-13,2.5413483104426207,-1.8510748489575235e-12,ungated,0.9997233018635294
heat,0.25,116,1,1,0.1681563463062048,0.3341369663303654,0.021786566974619136,2.5758647298927273,0.07514451071942019,0.5,0.0,0.7071067811865476,0.0,0.3346910940819421,0.0,2.541257047076526,-5.551115123125783e-17,0.3346878078138642,-4.0033717964199767e-13,2.5413483104426207,-1.8510748489575235e-12,no_fit,0.9980816750851342
heat,0.25,116,1,2,0.34391022473573685,0.3203291811266263,-0.0006218698168411704,2.827076479566315,-0.006414458038154325,0.5,0.0,0.7071067811865476,0.0,0.3346910940819421,0.0,2.541257047076526,-5.551115123125783e-17,0.3346878078138642,-4.0033717964199767e-13,2.5413483104426207,-1.8510748489575235e-12,no_fit,0.7821989346685689
heat,0.25,116,1,3,0.1396644450724125,0.3320552648795042,0.011282826621803225,2.596994677486649,0.02911946819932698,0.5,0.0,0.7071067811865476,0.0,0.3346910940819421,0.0,2.541257047076526,-5.551115123125783e-17,0.3346878078138642,-4.0033717964199767e-13,2.5413483104426207,-1.8510748489575235e-12,ungated,0.999678808059134
heat,0.25,116,2,0,0.09682125225663185,0.33683234431029374,-0.01392108346310076,2.531636772441251,-0.043673202231128416,0.5,0.0,0.7071067811865476,0.0,0.3346910940819421,0.0,2.541257047076526,-5.551115123125783e-17,0.3346878078138642,-4.0033717964199767e-13,2.5413483104426207,-1.8510748489575235e-12,acf_or_spectral,0.9903717961134706
heat,0.25,116,2,1,0.02011282369494438,0.3740534333420101,0.0671924306412098,2.1756802311082515,0.06464743669886719,0.5,0.0,0.7071067811865476,0.0,0.3346910940819421,0.0,2.541257047076526,-5.551115123125783e-17,0.3346878078138642,-4.0033717964199767e-13,2.5413483104426207,-1.8510748489575235e-12,acf_or_spectral,0.941657050669242
heat,0.25,116,2,2,0.1416706908494234,0.33436255995738234,-0.01268779022525299,2.5719164306129896,-0.047620637239786656,0.5,0.0,0.7071067811865476,0.0,0.3346910940819421,0.0,2.541257047076526,-5.551115123125783e-17,0.3346878078138642,-4.0033717964199767e-13,2.5413483104426207,-1.8510748489575235e-12,ungated,0.9996769216324056
heat,0.25,116,2,3,0.15073620900511742,0.33501614196964086,0.0010365014934750555,2.5571315905028773,-0.005010510481158081,0.5,0.0,0.7071067811865476,0.0,0.3346910940819421,0.0,2.541257047076526,-5.551115123125783e-17,0.3346878078138642,-4.0033717964199767e-13,2.5413483104426207,-1.8510748489575235e-12,ungated,0.9997394381266118
heat,0.25,116,3,0,0.014775960356928408,0.3433940406686646,0.02016201616415794,2.5674055995915097,-0.00556445616388429,0.5,0.0,0.7071067811865476,0.0,0.3346910940819421,0.0,2.541257047076526,-5.551115123125783e-17,0.3346878078138642,-4.0033717964199767e-13,2.5413483104426207,-1.8510748489575235e-12,no_fit,0.9427217168987404
heat,0.25,116,3,1,6.0176007536938414e-05,0.34286121009639325,0.022655091942182345,2.653490179664079,0.0673551430062953,0.5,0.0,0.7071067811865476,0.0,0.3346910940819421,0.0,2.541257047076526,-5.551115123125783e-17,0.3346878078138642,-4.0033717964199767e-13,2.5413483104426207,-1.8510748489575235e-12,no_fit,0.7850863369329657
heat,0.25,116,3,2,0.004131786641664803,0.36189353814473174,-0.12419294406906625,2.380712331245181,-0.5211949798963291,0.5,0.0,0.7071067811865476,0.0,0.3346910940819421,0.0,2.541257047076526,-5.551115123125783e-17,0.3346878078138642,-4.0033717964199767e-13,2.5413483104426207,-1.8510748489575235e-12,no_fit,0.925120351362683
heat,0.25,116,3,3,0.0011791158394771628,0.3349336144776082,0.044094386495840465,2.8282630530876225,0.12986910048694322,0.5,0.0,0.7071067811865476,0.0,0.3346910940819421,0.0,2.541257047076526,-5.551115123125783e-17,0.3346878078138642,-4.0033717964199767e-13,2.5413483104426207,-1.8510748489575235e-12,no_fit,0.9112644472558536
heat,0.25,117,0,0,0.1474394928663969,0.3312794507349573,0.002562184458412657,2.5946699276206235,0.02427262123926821,0.5,0.0,0.7071067811865476,0.0,0.3346910940819421,0.0,2.541257047076526,-5.551115123125783e-17,0.3346878078138642,-4.0033717964199767e-13,2.5413483104426207,-1.8510748489575235e-12,no_fit,0.9994772181586296
heat,0.25,117,0,1,0.13019197154790163,0.33384683279792976,0.0071084165503141955,2.561161125473236,0.02947256887374533,0.5,0.0,0.7071067811865476,0.0,0.3346910940819421,0.0,2.541257047076526,-5.551115123125783e-17,0.3346878078138642,-4.0033717964199767e-13,2.5413483104426207,-1.8510748489575235e-12,acf_or_spectral,0.9984256277194544
heat,0.25,117,0,2,0.13280173391103745,0.33328710833174874,0.01378045081994323,2.5863647028125487,0.0638025196659378,0.5,0.0,0.7071067811865476,0.0,0.3346910940819421,0.0,2.541257047076526,-5.551115123125783e-17,0.3346878078138642,-4.0033717964199767e-13,2.5413483104426207,-1.8510748489575235e-12,no_fit,0.9994659370064274
heat,0.25,117,0,3,0.13899800274521112,0.3338866898566882,0.008551312354444379,2.582845493012281,0.022370535574926464,0.5,0.0,0.7071067811865476,0.0,0.3346910940819421,0.0,2.541257047076526,-5.551115123125783e-17,0.3346878078138642,-4.0033717964199767e-13,2.5413483104426207,-1.8510748489575235e-12,ungated,0.9998743465695624
heat,0.25,117,1,0,0.1456142021343112,0.3351024555821726,-0.007127657439672269,2.5608796918341885,-0.03464251148748848,0.5,0.0,0.7071067811865476,0.0,0.3346910940819421,0.0,2.541257047076526,-5.551115123125783e-17,0.3346878078138642,-4.0033717964199767e-13,2.5413483104426207,-1.8510748489575235e-12,ungated,0.9999101114267848
heat,0.25,117,1,1,0.13323773629963398,0.3325176239277629,0.007963169997138496,2.5800957409710854,0.029632658858587513,0.5,0.0,0.7071067811865476,0.0,0.3346910940819421,0.0,2.541257047076526,-5.551115123125783e-17,0.3346878078138642,-4.0033717964199767e-13,2.5413483104426207,-1.8510748489575235e-12,no_fit,0.9995188581694374
heat,0.25,117,1,2,0.14183036051690578,0.3333456192483115,-0.003648983995174386,2.581170537947494,-0.019104442015877854,0.5,0.0,0.7071067811865476,0.0,0.3346910940819421,0.0,2.541257047076526,-5.551115123125783e-17,0.3346878078138642,-4.0033717964199767e-13,2.5413483104426207,-1.8510748489575235e-12,ungated,0.9998604347561826
heat,0.25,117,1,3,0.09118170011788607,0.33343736804078644,0.005569252765586817,2.5982662497808247,-0.008597505730136734,0.5,0.0,0.7071067811865476,0.0,0.3346910940819421,0.0,2.541257047076526,-5.551115123125783e-17,0.3346878078138642,-4.0033717964199767e-13,2.5413483104426207,-1.8510748489575235e-12,no_fit,0.9933507158932572
heat,0.25,117,2,0,0.03710542060434818,0.33572200293455423,-0.017042814303464444,2.5487823008476016,-0.06689187157497178,0.5,0.0,0.7071067811865476,0.0,0.3346910940819421,0.0,2.541257047076526,-5.551115123125783e-17,0.3346878078138642,-4.0033717964199767e-13,2.5413483104426207,-1.8510748489575235e-12,no_fit,0.9527678930998298
heat,0.25,117,2,1,0.03314085979945958,0.33340162103662696,-0.011738156815538208,2.621781504096587,-0.045928299197515954,0.5,0.0,0.7071067811865476,0.0,0.3346910940819421,0.0,2.541257047076526,-5.551115123125783e-17,0.3346878078138642,-4.0033717964199767e-13,2.5413483104426207,-1.8510748489575235e-12,no_fit,0.9596611059367832
heat,0.25,117,2,2,0.1240830235183239,0.33186728351751593,-0.018629202553815102,2.570315618291266,-0.0546785915083044,0.5,0.0,0.7071067811865476,0.0,0.3346910940819421,0.0,2.541257047076526,-5.551115123125783e-17,0.3346878078138642,-4.0033717964199767e-13,2.5413483104426207,-1.8510748489575235e-12,no_fit,0.9982699778351816
heat,0.25,117,2,3,0.004236652748659253,0.3564561993734386,-0.005458489659702208,2.5248848062702303,0.05809523757184504,0.5,0.0,0.7071067811865476,0.0,0.3346910940819421,0.0,2.541257047076526,-5.551115123125783e-17,0.3346878078138642,-4.0033717964199767e-13,2.5413483104426207,-1.8510748489575235e-12,no_fit,0.9108278868979997
heat,0.25,117,3,0,0.00022663113304588478,0.3409642618386806,0.04787674893960493,2.8328804037087205,0.1596446773700958,0.5,0.0,0.7071067811865476,0.0,0.3346910940819421,0.0,2.541257047076526,-5.551115123125783e-17,0.3346878078138642,-4.0033717964199767e-13,2.5413483104426207,-1.8510748489575235e-12,no_fit,0.8721204892288987
heat,0.25,117,3,1,0.00028626381026697345,0.3417785750767304,-0.07861752158020596,2.610471355676979,-0.06288696298604712,0.5,0.0,0.7071067811865476,0.0,0.3346910940819421,0.0,2.541257047076526,-5.551115123125783e-17,0.3346878078138642,-4.0033717964199767e-13,2.5413483104426207,-1.8510748489575235e-12,no_fit,0.8722202205688037
heat,0.25,117,3,2,0.012975781690329313,0.3352328752237594,-0.0162014456314932,2.637390517047936,-0.08629028979038739,0.5,0.0,0.7071067811865476,0.0,0.3346910940819421,0.0,2.541257047076526,-5.551115123125783e-17,0.3346878078138642,-4.0033717964199767e-13,2.5413483104426207,-1.8510748489575235e-12,no_fit,0.9373103141828384
heat,0.25,117,3,3,3.7622633044520626e-05,0.3676617333178632,0.05095179392993729,2.3802840339959803,-0.05283712209553049,0.5,0.0,0.7071067811865476,0.0,0.3346910940819421,0.0,2.541257047076526,-5.551115123125783e-17,0.3346878078138642,-4.0033717964199767e-13,2.5413483104426207,-1.8510748489575235e-12,no_fit,0.7451260690443551
heat,0.25,118,0,0,0.1334404218941927,0.33212884659636077,-0.025371841437662804,2.587081509191054,-0.07357041215402282,0.5,0.0,0.7071067811865476,0.0,0.3346910940819421,0.0,2.541257047076526,-5.551115123125783e-17,0.3346878078138642,-4.0033717964199767e-13,2.5413483104426207,-1.8510748489575235e-12,ungated,0.9996924314654554
heat,0.25,118,0,1,0.12972075585275888,0.33284495992936375,0.02012946986620599,2.5984524267271736,-0.0021747676935556792,0.5,0.0,0.7071067811865476,0.0,0.3346910940819421,0.0,2.541257047076526,-5.551115123125783e-17,0.3346878078138642,-4.0033717964199767e-13,2.5413483104426207,-1.8510748489575235e-12,no_fit,0.9994899105770334
heat,0.25,118,0,2,0.3052051276899874,0.2718556379568759,-0.02991595607322028,3.6130282068444766,0.0033203777259449563,0.5,0.0,0.7071067811865476,0.0,0.3346910940819421,0.0,2.541257047076526,-5.551115123125783e-17,0.3346878078138642,-4.0033717964199767e-13,2.5413483104426207,-1.8510748489575235e-12,no_fit,0.5543958175524513
heat,0.25,118,0,3,0.1322130775079131,0.3307225843964328,-0.01564278568989207,2.59563483907931,-0.08994807798507026,0.5,0.0,0.7071067811865476,0.0,0.3346910940819421,0.0,2.541257047076526,-5.551115123125783e-17,0.3346878078138642,-4.0033717964199767e-13,2.5413483104426207,-1.8510748489575235e-12,no_fit,0.99932822479555
heat,0.25,118,1,0,0.13710004650056362,0.3347397601410588,0.00947266879897984,2.57416246807743,0.03588041615690202,0.5,0.0,0.7071067811865476,0.0,0.3346910940819421,0.0,2.541257047076526,-5.551115123125783e-17,0.3346878078138642,-4.0033717964199767e-13,2.5413483104426207,-1.8510748489575235e-12,ungated,0.9998302772872908
heat,0.25,118,1,1,0.03927049180492759,0.33176095728558347,6.710327793411433e-05,2.627775824254648,0.010087577020354899,0.5,0.0,0.7071067811865476,0.0,0.3346910940819421,0.0,2.541257047076526,-5.551115123125783e-17,0.3346878078138642,-4.0033717964199767e-13,2.5413483104426207,-1.8510748489575235e-12,no_fit,0.9589251982895366
heat,0.25,118,1,2,0.17880663461983204,0.3340179448357251,0.006328351112960022,2.5652169932286215,0.04423648294559024,0.5,0.0,0.7071067811865476,0.0,0.3346910940819421,0.0,2.541257047076526,-5.551115123125783e-17,0.3346878078138642,-4.0033717964199767e-13,2.5413483104426207,-1.8510748489575235e-12,no_fit,0.997726645972377
heat,0.25,118,1,3,0.1437728125602007,0.3352651606730882,0.0019998754914363277,2.57176238372916,-0.00817411475009261,0.5,0.0,0.7071067811865476,0.0,0.3346910940819421,0.0,2.541257047076526,-5.551115123125783e-17,0.3346878078138642,-4.0033717964199767e-13,2.5413483104426207,-1.8510748489575235e-12,ungated,0.9999070522241824
heat,0.25,118,2,0,0.14195116236805916,0.33799669260510345,-0.0014297898739530181,2.494065548504401,-0.007542279861618262,0.5,0.0,0.7071067811865476,0.0,0.3346910940819421,0.0,2.541257047076526,-5.551115123125783e-17,0.3346878078138642,-4.0033717964199767e-13,2.5413483104426207,-1.8510748489575235e-12,no_fit,0.995445411920712
heat,0.25,118,2,1,8.293968846828648e-06,0.3401421128772245,-0.06986090659147624,2.8108658616328843,-0.38195285812408475,0.5,0.0,0.7071067811865476,0.0,0.3346910940819421,0.0,2.541257047076526,-5.551115123125783e-17,0.3346878078138642,-4.0033717964199767e-13,2.5413483104426207,-1.8510748489575235e-12,no_fit,0.7555860790307665
heat,0.25,118,2,2,0.010082126944325864,0.3367610845716744,-0.00955075301719967,2.6063471639010363,-0.05106989956943625,0.5,0.0,0.7071067811865476,0.0,0.3346910940819421,0.0,2.541257047076526,-5.551115123125783e-17,0.3346878078138642,-4.0033717964199767e-13,2.5413483104426207,-1.8510748489575235e-12,no_fit,0.9256838371236946
heat,0.25,118,2,3,0.03322571935132146,0.3331439080240531,-0.008108341096445116,2.6038677631880973,-0.03028057962299946,0.5,0.0,0.7071067811865476,0.0,0.3346910940819421,0.0,2.541257047076526,-5.551115123125783e-17,0.3346878078138642,-4.0033717964199767e-13,2.5413483104426207,-1.8510748489575235e-12,no_fit,0.954848885298774
heat,0.25,118,3,0,0.007952942163683474,0.3268034151132139,0.01717732413854642,2.711772529939794,0.18142010686837395,0.5,0.0,0.7071067811865476,0.0,0.3346910940819421,0.0,2.541257047076526,-5.551115123125783e-17,0.3346878078138642,-4.0033717964199767e-13,2.5413483104426207,-1.8510748489575235e-12,no_fit,0.9233610584667876
heat,0.25,118,3,1,0.005095831700600684,0.339839230658371,-0.016499975226601377,2.6735093748810863,-0.07555437146317667,0.5,0.0,0.7071067811865476,0.0,0.3346910940819421,0.0,2.541257047076526,-5.551115123125783e-17,0.3346878078138642,-4.0033717964199767e-13,2.5413483104426207,-1.8510748489575235e-12,no_fit,0.9143144826416764
heat,0.25,118,3,2,0.00010637558489179355,0.46431027255017243,0.02549671774584732,2.5250244889503892,0.3116313772194138,0.5,0.0,0.7071067811865476,0.0,0.3346910940819421,0.0,2.541257047076526,-5.551115123125783e-17,0.3346878078138642,-4.0033717964199767e-13,2.5413483104426207,-1.8510748489575235e-12,no_fit,0.8162788240003939
heat,0.25,118,3,3,0.04311652621254325,0.33451172697600196,0.009410613415737979,2.611520608358319,0.02277407554548272,0.5,0.0,0.7071067811865476,0.0,0.3346910940819421,0.0,2.541257047076526,-5.551115123125783e-17,0.3346878078138642,-4.0033717964199767e-13,2.5413483104426207,-1.8510748489575235e-12,no_fit,0.9703416584411212
heat,0.25,119,0,0,0.13930479809641838,0.335010686550345,0.007160847662951907,2.552003400202973,0.020621813505661446,0.5,0.0,0.7071067811865476,0.0,0.3346910940819421,0.0,2.541257047076526,-5.551115123125783e-17,0.3346878078138642,-4.0033717964199767e-13,2.5413483104426207,-1.8510748489575235e-12,acf_or_spectral,0.9995490633136505
heat,0.25,119,0,1,0.11391761340200901,0.33464010851548975,0.014443141423789718,2.584834261896176,-0.0047908933449311575,0.5,0.0,0.7071067811865476,0.0,0.3346910940819421,0.0,2.541257047076526,-5.551115123125783e-17,0.3346878078138642,-4.0033717964199767e-13,2.5413483104426207,-1.8510748489575235e-12,no_fit,0.9983402947906608
heat,0.25,119,0,2,0.12200508080422878,0.33173035800056583,-0.0035005164676251577,2.6076891330506085,-0.009019994953052668,0.5,0.0,0.7071067811865476,0.0,0.3346910940819421,0.0,2.541257047076526,-5.551115123125783e-17,0.3346878078138642,-4.0033717964199767e-13,2.5413483104426207,-1.8510748489575235e-12,no_fit,0.9991522899924792
heat,0.25,119,0,3,0.13514440413564444,0.33330419693688423,0.014032480092318018,2.5846102481116855,0.07823818090139917,0.5,0.0,0.7071067811865476,0.0,0.3346910940819421,0.0,2.541257047076526,-5.551115123125783e-17,0.3346878078138642,-4.0033717964199767e-13,2.5413483104426207,-1.8510748489575235e-12,no_fit,0.9996366557163778
heat,0.25,119,1,0,0.1369298817589879,0.3335144392670582,-0.0011809506199315849,2.5721489722383772,-0.00978530925074661,0.5,0.0,0.7071067811865476,0.0,0.3346910940819421,0.0,2.541257047076526,-5.551115123125783e-17,0.3346878078138642,-4.0033717964199767e-13,2.5413483104426207,-1.8510748489575235e-12,ungated,0.9997942750463774
heat,0.25,119,1,1,0.13639120012521744,0.3354171356123807,0.02010673093684098,2.5660669032849848,0.029284937925393884,0.5,0.0,0.7071067811865476,0.0,0.3346910940819421,0.0,2.541257047076526,-5.551115123125783e-17,0.3346878078138642,-4.0033717964199767e-13,2.5413483104426207,-1.8510748489575235e-12,ungated,0.9998033939534016
heat,0.25,119,1,2,0.0006373726173478644,0.3357242629273908,-0.017211876963936636,2.9880732680861923,-0.09005366683064908,0.5,0.0,0.7071067811865476,0.0,0.3346910940819421,0.0,2.541257047076526,-5.551115123125783e-17,0.3346878078138642,-4.0033717964199767e-13,2.5413483104426207,-1.8510748489575235e-12,no_fit,0.904872639538424
heat,0.25,119,1,3,0.14553796779364347,0.33372361565616343,0.027012068611353874,2.5579474357070233,0.08917498494578668,0.5,0.0,0.7071067811865476,0.0,0.3346910940819421,0.0,2.541257047076526,-5.551115123125783e-17,0.3346878078138642,-4.0033717964199767e-13,2.5413483104426207,-1.8510748489575235e-12,no_fit,0.9991602539305526
heat,0.25,119,2,0,0.01473487471230328,0.33391199864173815,0.0048810414057723715,2.6279430665502903,0.012880305465024944,0.5,0.0,0.7071067811865476,0.0,0.3346910940819421,0.0,2.541257047076526,-5.551115123125783e-17,0.3346878078138642,-4.0033717964199767e-13,2.5413483104426207,-1.8510748489575235e-12,no_fit,0.9345877330873898
heat,0.25,119,2,1,0.11568114440888166,0.3346028810089165,0.02771586238641121,2.5551033598771324,0.0439723854317311,0.5,0.0,0.7071067811865476,0.0,0.3346910940819421,0.0,2.541257047076526,-5.551115123125783e-17,0.3346878078138642,-4.0033717964199767e-13,2.5413483104426207,-1.8510748489575235e-12,no_fit,0.99407640464696
heat,0.25,119,2,2,1.3836203493156063e-05,0.3491931259750533,-0.04821359819837768,2.7597890397531275,-0.2068246135088494,0.5,0.0,0.7071067811865476,0.0,0.3346910940819421,0.0,2.541257047076526,-5.551115123125783e-17,0.3346878078138642,-4.0033717964199767e-13,2.5413483104426207,-1.8510748489575235e-12,no_fit,0.7161757587446327
heat,0.25,119,2,3,0.07612377218902111,0.3329518906377543,0.004189730613767653,2.597556999002373,-0.001775309914284262,0.5,0.0,0.7071067811865476,0.0,0.3346910940819421,0.0,2.541257047076526,-5.551115123125783e-17,0.3346878078138642,-4.0033717964199767e-13,2.5413483104426207,-1.8510748489575235e-12,no_fit,0.9878223002044896
heat,0.25,119,3,0,0.018029423896223307,0.33135410463630716,0.02866172738333186,2.6693161918483037,0.17218846981161895,0.5,0.0,0.7071067811865476,0.0,0.3346910940819421,0.0,2.541257047076526,-5.551115123125783e-17,0.3346878078138642,-4.0033717964199767e-13,2.5413483104426207,-1.8510748489575235e-12,no_fit,0.9453017512466182
heat,0.25,119,3,1,4.499194255913608e-05,0.3638198557434359,0.022410611074004744,2.840540219175014,0.3796420331663578,0.5,0.0,0.7071067811865476,0.0,0.3346910940819421,0.0,2.541257047076526,-5.551115123125783e-17,0.3346878078138642,-4.0033717964199767e-13,2.5413483104426207,-1.8510748489575235e-12,no_fit,0.7712500000151612
heat,0.25,119,3,2,0.0027964182809228078,0.331527219472049,-0.02687584165162766,2.8519606361271173,-0.13172580855267657,0.5,0.0,0.7071067811865476,0.0,0.3346910940819421,0.0,2.541257047076526,-5.551115123125783e-17,0.3346878078138642,-4.0033717964199767e-13,2.5413483104426207,-1.8510748489575235e-12,no_fit,0.9215511193089384
heat,0.25,119,3,3,0.04860649863258004,0.33549804068725414,0.0031688108681767265,2.5964358288340392,0.006848415642667305,0.5,0.0,0.7071067811865476,0.0,0.3346910940819421,0.0,2.541257047076526,-5.551115123125783e-17,0.3346878078138642,-4.0033717964199767e-13,2.5413483104426207,-1.8510748489575235e-12,no_fit,0.9717378352245384
heat,0.4,100,0,0,0.15831938944756985,0.33424104064670046,-0.003429931500245415,2.571157431603916,-0.05694074766690499,0.19999999999999996,0.0,0.8944271909999159,0.0,0.3345882631413051,0.0,2.5441541355743724,-1.1102230246251565e-16,0.3345857341995955,2.197021212588317e-12,2.5442267644713477,1.514188774365266e-11,no_fit,0.9992809953288556
heat,0.4,100,0,1,0.17929468676447868,0.33511490819185275,-0.001609971378796442,2.561386136941486,0.02133243807362839,0.19999999999999996,0.0,0.8944271909999159,0.0,0.3345882631413051,0.0,2.5441541355743724,-1.1102230246251565e-16,0.3345857341995955,2.197021212588317e-12,2.5442267644713477,1.514188774365266e-11,acf_or_spectral,0.997390276209734
heat,0.4,100,0,2,0.09298922028392553,0.3312392078419732,0.02656617778225575,2.6171714191130335,-0.019075917748273774,0.19999999999999996,0.0,0.8944271909999159,0.0,0.3345882631413051,0.0,2.5441541355743724,-1.1102230246251565e-16,0.3345857341995955,2.197021212588317e-12,2.5442267644713477,1.514188774365266e-11,no_fit,0.9920934677288828
heat,0.4,100,0,3,0.1430167080834508,0.3351330839932652,0.004994345111535895,2.573225897158065,0.016045327735509984,0.19999999999999996,0.0,0.8944271909999159,0.0,0.3345882631413051,0.0,2.5441541355743724,-1.1102230246251565e-16,0.3345857341995955,2.197021212588317e-12,2.5442267644713477,1.514188774365266e-11,ungated,0.9998046362034438
heat,0.4,100,1,0,2.5860149662548793e-05,0.3524211820414743,-0.0170626301184353,2.7949355363258945,-0.19926372855798846,0.19999999999999996,0.0,0.8944271909999159,0.0,0.3345882631413051,0.0,2.5441541355743724,-1.1102230246251565e-16,0.3345857341995955,2.197021212588317e-12,2.5442267644713477,1.514188774365266e-11,no_fit,0.8283002156086068
heat,0.4,100,1,1,0.09178098198026419,0.3378554099394347,0.014961848080019845,2.535695123532826,0.08348913133931979,0.19999999999999996,0.0,0.8944271909999159,0.0,0.3345882631413051,0.0,2.5441541355743724,-1.1102230246251565e-16,0.3345857341995955,2.197021212588317e-12,2.5442267644713477,1.514188774365266e-11,no_fit,0.9918272780011884
heat,0.4,100,1,2,0.1935380194336176,0.33823304233108703,0.004516112895375415,2.5021042190291554,0.03305693869221793,0.19999999999999996,0.0,0.8944271909999159,0.0,0.3345882631413051,0.0,2.5441541355743724,-1.1102230246251565e-16,0.3345857341995955,2.197021212588317e-12,2.5442267644713477,1.514188774365266e-11,no_fit,0.9961438853044746
heat,0.4,100,1,3,0.14767772518098354,0.33554408463539187,0.015478622682177113,2.5711302457016387,0.05459745755363232,0.19999999999999996,0.0,0.8944271909999159,0.0,0.3345882631413051,0.0,2.5441541355743724,-1.1102230246251565e-16,0.3345857341995955,2.197021212588317e-12,2.5442267644713477,1.514188774365266e-11,no_fit,0.9993698509733728
heat,0.4,100,2,0,2.178162930022154e-06,0.33315068431970485,-0.026149337396785346,2.777777630329981,0.07458015056507394,0.19999999999999996,0.0,0.8944271909999159,0.0,0.3345882631413051,0.0,2.5441541355743724,-1.1102230246251565e-16,0.3345857341995955,2.197021212588317e-12,2.5442267644713477,1.514188774365266e-11,no_fit,0.6322861901790787
heat,0.4,100,2,1,0.010494910064153373,0.33140529688350484,-0.03886552111723873,2.6794122211694433,-0.16754344960422957,0.19999999999999996,0.0,0.8944271909999159,0.0,0.3345882631413051,0.0,2.5441541355743724,-1.1102230246251565e-16,0.3345857341995955,2.197021212588317e-12,2.5442267644713477,1.514188774365266e-11,no_fit,0.926378205105214
heat,0.4,100,2,2,0.05038840509951115,0.33857772252215795,-0.00607075070454108,2.5167825622935864,0.013023467816824064,0.19999999999999996,0.0,0.8944271909999159,0.0,0.3345882631413051,0.0,2.5441541355743724,-1.1102230246251565e-16,0.3345857341995955,2.197021212588317e-12,2.5442267644713477,1.514188774365266e-11,no_fit,0.9691079572348548
heat,0.4,100,2,3,0.13684729032684118,0.259998180087205,-0.043199039733545136,3.5646626754155633,-0.11879030749253805,0.19999999999999996,0.0,0.8944271909999159,0.0,0.3345882631413051,0.0,2.5441541355743724,-1.1102230246251565e-16,0.3345857341995955,2.197021212588317e-12,2.5442267644713477,1.514188774365266e-11,no_fit,0.6037166070276241
heat,0.4,100,3,0,0.004355634329840541,0.3352719553444501,-0.014430672902517231,2.7794137132585868,-0.03928211714278296,0.19999999999999996,0.0,0.8944271909999159,0.0,0.3345882631413051,0.0,2.5441541355743724,-1.1102230246251565e-16,0.3345857341995955,2.197021212588317e-12,2.5442267644713477,1.514188774365266e-11,no_fit,0.8972684410929068
heat,0.4,100,3,1,0.013290019240230322,0.33101159587784645,-0.0013815986578300306,2.652617254491855,0.029981562082177837,0.19999999999999996,0.0,0.8944271909999159,0.0,0.3345882631413051,0.0,2.5441541355743724,-1.1102230246251565e-16,0.3345857341995955,2.197021212588317e-12,2.5442267644713477,1.514188774365266e-11,no_fit,0.908671273033944
heat,0.4,100,3,2,0.0376339303329587,0.33749917941690094,-0.013576142765429813,2.63072590470203,-0.02811339023054804,0.19999999999999996,0.0,0.8944271909999159,0.0,0.3345882631413051,0.0,2.5441541355743724,-1.1102230246251565e-16,0.3345857341995955,2.197021212588317e-12,2.5442267644713477,1.514188774365266e-11,no_fit,0.9684596329944
heat,0.4,100,3,3,0.048880011308938265,0.33378170393855017,-0.002152987339522691,2.6073497007123545,0.007876285408957406,0.19999999999999996,0.0,0.8944271909999159,0.0,0.3345882631413051,0.0,2.5441541355743724,-1.1102230246251565e-16,0.3345857341995955,2.197021212588317e-12,2.5442267644713477,1.514188774365266e-11,no_fit,0.965035905633741
heat,0.4,101,0,0,0.13252031430602074,0.33240774029495523,-0.0066254156261885576,2.6033348164471306,-0.02867260760791196,0.19999999999999996,0.0,0.8944271909999159,0.0,0.3345882631413051,0.0,2.5441541355743724,-1.1102230246251565e-16,0.3345857341995955,2.197021212588317e-12,2.5442267644713477,1.514188774365266e-11,ungated,0.9997564985769098
heat,0.4,101,0,1,0.2677015976514667,0.2711476010490547,4.951403134260637e-05,3.6102231498924975,-0.022292277377966796,0.19999999999999996,0.0,0.8944271909999159,0.0,0.3345882631413051,0.0,2.5441541355743724,-1.1102230246251565e-16,0.3345857341995955,2.197021212588317e-12,2.5442267644713477,1.514188774365266e-11,no_fit,0.5655489033587446
heat,0.4,101,0,2,0.13892027735710144,0.33032287749822314,0.007317207360927356,2.59875767736827,0.0012400871864214347,0.19999999999999996,0.0,0.8944271909999159,0.0,0.3345882631413051,0.0,2.5441541355743724,-1.1102230246251565e-16,0.3345857341995955,2.197021212588317e-12,2.5442267644713477,1.514188774365266e-11,ungated,0.9999132042044364
heat,0.4,101,0,3,0.1331953490152955,0.3330709453816487,0.002115199022385985,2.5919501487337984,0.026199004838690476,0.19999999999999996,0.0,0.8944271909999159,0.0,0.3345882631413051,0.0,2.5441541355743724,-1.1102230246251565e-16,0.3345857341995955,2.197021212588317e-12,2.5442267644713477,1.514188774365266e-11,no_fit,0.9993078761340616
heat,0.4,101,1,0,1.4619322769249266e-05,0.33410441732011037,-0.03902004133042958,2.7635246845708155,-0.20048894137043616,0.19999999999999996,0.0,0.8944271909999159,0.0,0.3345882631413051,0.0,2.5441541355743724,-1.1102230246251565e-16,0.3345857341995955,2.197021212588317e-12,2.5442267644713477,1.514188774365266e-11,no_fit,0.7568784260479554
heat,0.4,101,1,1,0.0004792350373463705,0.33755888495535463,0.019172997050376946,2.835498565337657,0.043690115329160895,0.19999999999999996,0.0,0.8944271909999159,0.0,0.3345882631413051,0.0,2.5441541355743724,-1.1102230246251565e-16,0.3345857341995955,2.197021212588317e-12,2.5442267644713477,1.514188774365266e-11,no_fit,0.8939427657689613
heat,0.4,101,1,2,2.806358224916039e-06,0.3227300323553699,-0.01204545648852139,3.0239503582137433,-0.09439580748428966,0.19999999999999996,0.0,0.8944271909999159,0.0,0.3345882631413051,0.0,2.5441541355743724,-1.1102230246251565e-16,0.3345857341995955,2.197021212588317e-12,2.5442267644713477,1.514188774365266e-11,no_fit,0.7167391973002223
heat,0.4,101,1,3,0.014739839360117912,0.33725415135242043,0.01707381873352218,2.569650639428796,0.06161532078978543,0.19999999999999996,0.0,0.8944271909999159,0.0,0.3345882631413051,0.0,2.5441541355743724,-1.1102230246251565e-16,0.3345857341995955,2.197021212588317e-12,2.5442267644713477,1.514188774365266e-11,no_fit,0.9218513243964368
heat,0.4,101,2,0,0.10571620613336563,0.3319451892457901,0.009135007207661427,2.6129161049030993,0.05738129933006508,0.19999999999999996,0.0,0.8944271909999159,0.0,0.3345882631413051,0.0,2.5441541355743724,-1.1102230246251565e-16,0.3345857341995955,2.197021212588317e-12,2.5442267644713477,1.514188774365266e-11,no_fit,0.9976854591800128
heat,0.4,101,2,1,0.12005063705146313,0.3321810237335441,-0.007938859818114862,2.5989680156214905,-0.04576963414228291,0.19999999999999996,0.0,0.8944271909999159,0.0,0.3345882631413051,0.0,2.5441541355743724,-1.1102230246251565e-16,0.3345857341995955,2.197021212588317e-12,2.5442267644713477,1.514188774365266e-11,no_fit,0.999152109002186
heat,0.4,101,2,2,0.001075599851901643,0.33216306096013204,-9.647338287960265e-05,2.774311074147159,-0.0009229089455717876,0.19999999999999996,0.0,0.8944271909999159,0.0,0.3345882631413051,0.0,2.5441541355743724,-1.1102230246251565e-16,0.3345857341995955,2.197021212588317e-12,2.5442267644713477,1.514188774365266e-11,no_fit,0.8469522914565648
heat,0.4,101,2,3,0.06869498919695616,0.3362812388234029,-0.001859494583927718,2.5694081567368015,-0.010107017311648314,0.19999999999999996,0.0,0.8944271909999159,0.0,0.3345882631413051,0.0,2.5441541355743724,-1.1102230246251565e-16,0.3345857341995955,2.197021212588317e-12,2.5442267644713477,1.514188774365266e-11,acf_or_spectral,0.9744287145596524
heat,0.4,101,3,0,0.02965590264648199,0.3293250628370644,0.003671649492698055,2.6421094488377728,0.017605496353757688,0.19999999999999996,0.0,0.8944271909999159,0.0,0.3345882631413051,0.0,2.5441541355743724,-1.1102230246251565e-16,0.3345857341995955,2.197021212588317e-12,2.5442267644713477,1.514188774365266e-11,no_fit,0.9444118585362692
heat,0.4,101,3,1,0.08252414036542177,0.3335529753019319,0.00011012986120569751,2.587419428551558,0.0142817674392266,0.19999999999999996,0.0,0.8944271909999159,0.0,0.3345882631413051,0.0,2.5441541355743724,-1.1102230246251565e-16,0.3345857341995955,2.197021212588317e-12,2.5442267644713477,1.514188774365266e-11,no_fit,0.9898020738160184
heat,0.4,101,3,2,0.031433345982804894,0.33304876422260177,0.0010525446138029957,2.6127947304471824,-0.011053056307248899,0.19999999999999996,0.0,0.8944271909999159,0.0,0.3345882631413051,0.0,2.5441541355743724,-1.1102230246251565e-16,0.3345857341995955,2.197021212588317e-12,2.5442267644713477,1.514188774365266e-11,no_fit,0.9481813912062168
heat,0.4,101,3,3,0.026873743860051036,0.3337986667851936,0.005124378449333252,2.6117605384610036,0.03060478557045493,0.19999999999999996,0.0,0.8944271909999159,0.0,0.3345882631413051,0.0,2.5441541355743724,-1.1102230246251565e-16,0.3345857341995955,2.197021212588317e-12,2.5442267644713477,1.514188774365266e-11,no_fit,0.933214021743802
heat,0.4,102,0,0,0.12627388816326857,0.3331335423988525,-0.005804792324378488,2.582280052742775,-0.021022173047859027,0.19999999999999996,0.0,0.8944271909999159,0.0,0.3345882631413051,0.0,2.5441541355743724,-1.1102230246251565e-16,0.3345857341995955,2.197021212588317e-12,2.5442267644713477,1.514188774365266e-11,no_fit,0.999054521356719
heat,0.4,102,0,1,0.14887716062366962,0.3338397555487504,-0.003176105185510709,2.587965857819278,-0.02742784780422569,0.19999999999999996,0.0,0.8944271909999159,0.0,0.3345882631413051,0.0,2.5441541355743724,-1.1102230246251565e-16,0.3345857341995955,2.197021212588317e-12,2.5442267644713477,1.514188774365266e-11,ungated,0.9997851084060684
heat,0.4,102,0,2,0.13911681436002254,0.33240381398902535,0.0021013781804399287,2.581695260223259,0.01922208924938984,0.19999999999999996,0.0,0.8944271909999159,0.0,0.3345882631413051,0.0,2.5441541355743724,-1.1102230246251565e-16,0.3345857341995955,2.197021212588317e-12,2.5442267644713477,1.514188774365266e-11,no_fit,0.999644285462087
heat,0.4,102,0,3,0.1294307103380561,0.3319919486708391,-0.01121319583996126,2.5957381024090016,-0.012552530338027779,0.19999999999999996,0.0,0.8944271909999159,0.0,0.3345882631413051,0.0,2.5441541355743724,-1.1102230246251565e-16,0.3345857341995955,2.197021212588317e-12,2.5442267644713477,1.514188774365266e-11,ungated,0.9997800822493242
heat,0.4,102,1,0,0.14094169903546572,0.3316050131715751,-0.009717568405900389,2.5920107424810324,-0.02815945474925413,0.19999999999999996,0.0,0.8944271909999159,0.0,0.3345882631413051,0.0,2.5441541355743724,-1.1102230246251565e-16,0.3345857341995955,2.197021212588317e-12,2.5442267644713477,1.514188774365266e-11,ungated,0.9997929438840174
heat,0.4,102,1,1,0.10839458834379911,0.3345776701185488,-0.0033375781841391604,2.5790743045843096,0.012331317913097661,0.19999999999999996,0.0,0.8944271909999159,0.0,0.3345882631413051,0.0,2.5441541355743724,-1.1102230246251565e-16,0.3345857341995955,2.197021212588317e-12,2.5442267644713477,1.514188774365266e-11,no_fit,0.9974560187406414
heat,0.4,102,1,2,0.15246194787323475,0.3332510150019458,0.01207381387695858,2.586046283744567,0.04379803960507683,0.19999999999999996,0.0,0.8944271909999159,0.0,0.3345882631413051,0.0,2.5441541355743724,-1.1102230246251565e-16,0.3345857341995955,2.197021212588317e-12,2.5442267644713477,1.514188774365266e-11,no_fit,0.999537016259774
heat,0.4,102,1,3,0.006347885413561016,0.32900616725314047,0.002778629941466952,2.8253598721369215,0.010555032994518987,0.19999999999999996,0.0,0.8944271909999159,0.0,0.3345882631413051,0.0,2.5441541355743724,-1.1102230246251565e-16,0.3345857341995955,2.197021212588317e-12,2.5442267644713477,1.514188774365266e-11,no_fit,0.9356542567766876
heat,0.4,102,2,0,1.2097686862944101e-05,0.3478573866190247,0.006675612296254887,3.0839990031830866,0.10012365666592205,0.19999999999999996,0.0,0.8944271909999159,0.0,0.3345882631413051,0.0,2.5441541355743724,-1.1102230246251565e-16,0.3345857341995955,2.197021212588317e-12,2.5442267644713477,1.514188774365266e-11,no_fit,0.7548452272765144
heat,0.4,102,2,1,0.004509563324972987,0.3862254725712462,-0.08024889709282476,2.20026103284052,-0.14294277743876677,0.19999999999999996,0.0,0.8944271909999159,0.0,0.3345882631413051,0.0,2.5441541355743724,-1.1102230246251565e-16,0.3345857341995955,2.197021212588317e-12,2.5442267644713477,1.514188774365266e-11,acf_or_spectral,0.9173553209978604
heat,0.4,102,2,2,0.08922846429049969,0.33226127390006227,-0.002551752507556747,2.5884645015146135,-0.030755956992217393,0.19999999999999996,0.0,0.8944271909999159,0.0,0.3345882631413051,0.0,2.5441541355743724,-1.1102230246251565e-16,0.3345857341995955,2.197021212588317e-12,2.5442267644713477,1.514188774365266e-11,no_fit,0.991760587937702
heat,0.4,102,2,3,5.4692980029358296e-06,0.3375786558879607,-0.05206635750063851,2.7892664659796846,-0.2879967832680719,0.19999999999999996,0.0,0.8944271909999159,0.0,0.3345882631413051,0.0,2.5441541355743724,-1.1102230246251565e-16,0.3345857341995955,2.197021212588317e-12,2.5442267644713477,1.514188774365266e-11,no_fit,0.7351492949193199
heat,0.4,102,3,0,0.001119431784900371,0.3165661976562727,-0.014013942134979872,3.1005577854260196,-0.10862507135276522,0.19999999999999996,0.0,0.8944271909999159,0.0,0.3345882631413051,0.0,2.5441541355743724,-1.1102230246251565e-16,0.3345857341995955,2.197021212588317e-12,2.5442267644713477,1.514188774365266e-11,no_fit,0.8917829405749964
heat,0.4,102,3,1,0.022756167454645038,0.3364831527817705,-0.01600287208247948,2.676074918397181,-0.09359167426827486,0.19999999999999996,0.0,0.8944271909999159,0.0,0.3345882631413051,0.0,2.5441541355743724,-1.1102230246251565e-16,0.3345857341995955,2.197021212588317e-12,2.5442267644713477,1.514188774365266e-11,no_fit,0.9599323171481158
heat,0.4,102,3,2,0.013891104143112898,0.33108581241151264,-0.01570022902207148,2.6717868657417587,-0.11931492120641674,0.19999999999999996,0.0,0.8944271909999159,0.0,0.3345882631413051,0.0,2.5441541355743724,-1.1102230246251565e-16,0.3345857341995955,2.197021212588317e-12,2.5442267644713477,1.514188774365266e-11,no_fit,0.9182430153254726
heat,0.4,102,3,3,0.029078863095492125,0.33084943217120555,-0.0026034665101765638,2.6866260054527045,-0.0218631637960518,0.19999999999999996,0.0,0.8944271909999159,0.0,0.3345882631413051,0.0,2.5441541355743724,-1.1102230246251565e-16,0.3345857341995955,2.197021212588317e-12,2.5442267644713477,1.514188774365266e-11,no_fit,0.9642365764426748
heat,0.4,103,0,0,0.15335333719849586,0.3333506582756713,-0.0037101439881421427,2.555835729569144,-0.045632343396127206,0.19999999999999996,0.0,0.8944271909999159,0.0,0.3345882631413051,0.0,2.5441541355743724,-1.1102230246251565e-16,0.3345857341995955,2.197021212588317e-12,2.5442267644713477,1.514188774365266e-11,acf_or_spectral,0.9980143808021594
heat,0.4,103,0,1,0.16024459712207317,0.34243284502876437,0.03674329978029591,2.5044589445331287,-0.05002911578166036,0.19999999999999996,0.0,0.8944271909999159,0.0,0.3345882631413051,0.0,2.5441541355743724,-1.1102230246251565e-16,0.3345857341995955,2.197021212588317e-12,2.5442267644713477,1.514188774365266e-11,no_fit,0.9991435232111596
heat,0.4,103,0,2,0.12729691993445158,0.33199502259108665,0.0005104018637424151,2.602333047205945,-0.01634463111040768,0.19999999999999996,0.0,0.8944271909999159,0.0,0.3345882631413051,0.0,2.5441541355743724,-1.1102230246251565e-16,0.3345857341995955,2.197021212588317e-12,2.5442267644713477,1.514188774365266e-11,ungated,0.999696079876528
heat,0.4,103,0,3,0.13652208354324102,0.33685400196275095,0.00023822890809957207,2.5265517964540916,0.02728317370079064,0.19999999999999996,0.0,0.8944271909999159,0.0,0.3345882631413051,0.0,2.5441541355743724,-1.1102230246251565e-16,0.3345857341995955,2.197021212588317e-12,2.5442267644713477,1.514188774365266e-11,acf_or_spectral,0.9962951049300336
heat,0.4,103,1,0,0.15774543955922127,0.33387322203415976,-0.010495137275298565,2.5762289281008837,-0.03943376878807964,0.19999999999999996,0.0,0.8944271909999159,0.0,0.3345882631413051,0.0,2.5441541355743724,-1.1102230246251565e-16,0.3345857341995955,2.197021212588317e-12,2.5442267644713477,1.514188774365266e-11,no_fit,0.9994614567082996
heat,0.4,103,1,1,0.0070735710323788226,0.32920728272411043,0.009275889020423193,2.702994202075998,0.07555368211085922,0.19999999999999996,0.0,0.8944271909999159,0.0,0.3345882631413051,0.0,2.5441541355743724,-1.1102230246251565e-16,0.3345857341995955,2.197021212588317e-12,2.5442267644713477,1.514188774365266e-11,no_fit,0.9162431794878662
heat,0.4,103,1,2,0.1387586472555995,0.3346676341051419,0.015406581430379492,2.569729884134965,0.031563189507003764,0.19999999999999996,0.0,0.8944271909999159,0.0,0.3345882631413051,0.0,2.5441541355743724,-1.1102230246251565e-16,0.3345857341995955,2.197021212588317e-12,2.5442267644713477,1.514188774365266e-11,no_fit,0.9995711842548396
heat,0.4,103,1,3,0.15303898975253105,0.3340984488908233,-0.001256146498387564,2.5606349102342336,-0.009756252578588864,0.19999999999999996,0.0,0.8944271909999159,0.0,0.3345882631413051,0.0,2.5441541355743724,-1.1102230246251565e-16,0.3345857341995955,2.197021212588317e-12,2.5442267644713477,1.514188774365266e-11,ungated,0.999759684219854
heat,0.4,103,2,0,0.013027417240664363,0.33706255335523716,0.025317616825205898,2.5881795244893153,0.05985187641244111,0.19999999999999996,0.0,0.8944271909999159,0.0,0.3345882631413051,0.0,2.5441541355743724,-1.1102230246251565e-16,0.3345857341995955,2.197021212588317e-12,2.5442267644713477,1.514188774365266e-11,no_fit,0.9367623017092088
heat,0.4,103,2,1,0.0781068867072463,0.3301743137229985,0.016896059908019515,2.683114684280024,0.11137932797133587,0.19999999999999996,0.0,0.8944271909999159,0.0,0.3345882631413051,0.0,2.5441541355743724,-1.1102230246251565e-16,0.3345857341995955,2.197021212588317e-12,2.5442267644713477,1.514188774365266e-11,no_fit,0.9877658672144743
heat,0.4,103,2,2,0.07312291720882058,0.36378753838596484,0.02515721460798803,2.32186414538828,0.05638240357341551,0.19999999999999996,0.0,0.8944271909999159,0.0,0.3345882631413051,0.0,2.5441541355743724,-1.1102230246251565e-16,0.3345857341995955,2.197021212588317e-12,2.5442267644713477,1.514188774365266e-11,acf_or_spectral,0.966049645108039
heat,0.4,103,2,3,0.011897576274350286,0.35056603338389775,-0.026214155139463582,2.5510488551178714,-0.10333435219121923,0.19999999999999996,0.0,0.8944271909999159,0.0,0.3345882631413051,0.0,2.5441541355743724,-1.1102230246251565e-16,0.3345857341995955,2.197021212588317e-12,2.5442267644713477,1.514188774365266e-11,no_fit,0.9168426659748694
heat,0.4,103,3,0,2.719245526350278e-05,0.33909111065384573,-0.03594150085375287,2.759830756889163,-0.41293008762009614,0.19999999999999996,0.0,0.8944271909999159,0.0,0.3345882631413051,0.0,2.5441541355743724,-1.1102230246251565e-16,0.3345857341995955,2.197021212588317e-12,2.5442267644713477,1.514188774365266e-11,no_fit,0.7233425669173784
heat,0.4,103,3,1,0.003376345965079963,0.3424474045371009,-0.013304484069881611,2.665935161136647,-0.06319333676084327,0.19999999999999996,0.0,0.8944271909999159,0.0,0.3345882631413051,0.0,2.5441541355743724,-1.1102230246251565e-16,0.3345857341995955,2.197021212588317e-12,2.5442267644713477,1.514188774365266e-11,no_fit,0.9186862828732992
heat,0.4,103,3,2,0.01803812850266695,0.33373404589874495,-0.0034650484391823056,2.6951432870041407,-0.0805290055762789,0.19999999999999996,0.0,0.8944271909999159,0.0,0.3345882631413051,0.0,2.5441541355743724,-1.1102230246251565e-16,0.3345857341995955,2.197021212588317e-12,2.5442267644713477,1.514188774365266e-11,no_fit,0.9532041716017706
heat,0.4,103,3,3,0.003131263714749366,0.3293595877716329,-0.05388450155384291,2.839519046137522,-0.2910596807666984,0.19999999999999996,0.0,0.8944271909999159,0.0,0.3345882631413051,0.0,2.5441541355743724,-1.1102230246251565e-16,0.3345857341995955,2.197021212588317e-12,2.5442267644713477,1.514188774365266e-11,no_fit,0.926195175344143
heat,0.4,104,0,0,0.1387671222910285,0.33386109914438256,-0.002846438313093375,2.5785426469260226,-0.006203433618682419,0.19999999999999996,0.0,0.8944271909999159,0.0,0.3345882631413051,0.0,2.5441541355743724,-1.1102230246251565e-16,0.3345857341995955,2.197021212588317e-12,2.5442267644713477,1.514188774365266e-11,ungated,0.999894559974945
heat,0.4,104,0,1,0.1309988647699356,0.33181557924113503,0.009395816257494437,2.5941569298268976,0.04280736186304801,0.19999999999999996,0.0,0.8944271909999159,0.0,0.3345882631413051,0.0,2.5441541355743724,-1.1102230246251565e-16,0.3345857341995955,2.197021212588317e-12,2.5442267644713477,1.514188774365266e-11,ungated,0.9998424531939726
heat,0.4,104,0,2,0.14863804914057255,0.33391652058029136,-0.007161473817512574,2.5749971798140483,-0.011619780062380347,0.19999999999999996,0.0,0.8944271909999159,0.0,0.3345882631413051,0.0,2.5441541355743724,-1.1102230246251565e-16,0.3345857341995955,2.197021212588317e-12,2.5442267644713477,1.514188774365266e-11,ungated,0.9998620836580724
heat,0.4,104,0,3,0.13296923600137234,0.3347134825295281,-0.008801497324751122,2.5737998361434595,-0.034672819673915556,0.19999999999999996,0.0,0.8944271909999159,0.0,0.3345882631413051,0.0,2.5441541355743724,-1.1102230246251565e-16,0.3345857341995955,2.197021212588317e-12,2.5442267644713477,1.514188774365266e-11,no_fit,0.9995715060800454
heat,0.4,104,1,0,0.13076999876648188,0.3355679479843357,-0.012427480298419585,2.574984439817611,-0.06695561287510438,0.19999999999999996,0.0,0.8944271909999159,0.0,0.3345882631413051,0.0,2.5441541355743724,-1.1102230246251565e-16,0.3345857341995955,2.197021212588317e-12,2.5442267644713477,1.514188774365266e-11,no_fit,0.9996452787606916
heat,0.4,104,1,1,2.9518126964944713e-07,0.3408279992305843,-0.015716007084703342,2.6826264970730413,0.02867937987395497,0.19999999999999996,0.0,0.8944271909999159,0.0,0.3345882631413051,0.0,2.5441541355743724,-1.1102230246251565e-16,0.3345857341995955,2.197021212588317e-12,2.5442267644713477,1.514188774365266e-11,no_fit,0.7181877101024337
heat,0.4,104,1,2,0.13061362830922008,0.27709830712301453,-0.006555109859409184,3.5641110192809524,0.03501112484573499,0.19999999999999996,0.0,0.8944271909999159,0.0,0.3345882631413051,0.0,2.5441541355743724,-1.1102230246251565e-16,0.3345857341995955,2.197021212588317e-12,2.5442267644713477,1.514188774365266e-11,no_fit,0.5952573697384291
heat,0.4,104,1,3,1.6174907528920812e-06,0.33644886795155415,-0.053569472557885266,2.9484733444432596,-0.3537269504000031,0.19999999999999996,0.0,0.8944271909999159,0.0,0.3345882631413051,0.0,2.5441541355743724,-1.1102230246251565e-16,0.3345857341995955,2.197021212588317e-12,2.5442267644713477,1.514188774365266e-11,no_fit,0.7671001856731505
heat,0.4,104,2,0,0.027226064121350646,0.3344415764260481,-0.009974193456574767,2.5955307481681715,-0.045223478964456,0.19999999999999996,0.0,0.8944271909999159,0.0,0.3345882631413051,0.0,2.5441541355743724,-1.1102230246251565e-16,0.3345857341995955,2.197021212588317e-12,2.5442267644713477,1.514188774365266e-11,no_fit,0.926547500115858
heat,0.4,104,2,1,0.0002105390012729913,0.3362918509124548,-0.0013026879795580936,2.9803634064984585,0.021215207148401305,0.19999999999999996,0.0,0.8944271909999159,0.0,0.3345882631413051,0.0,2.5441541355743724,-1.1102230246251565e-16,0.3345857341995955,2.197021212588317e-12,2.5442267644713477,1.514188774365266e-11,no_fit,0.8552852985753168
heat,0.4,104,2,2,0.12011606711894274,0.3342839582684488,0.0074530104665487505,2.578485103697965,0.025893964615794296,0.19999999999999996,0.0,0.8944271909999159,0.0,0.3345882631413051,0.0,2.5441541355743724,-1.1102230246251565e-16,0.3345857341995955,2.197021212588317e-12,2.5442267644713477,1.514188774365266e-11,no_fit,0.9980184681690616
heat,0.4,104,2,3,0.11683257576078176,0.33349478618179973,-0.009050004926279354,2.6143921100536542,-0.05100321907823141,0.19999999999999996,0.0,0.8944271909999159,0.0,0.3345882631413051,0.0,2.5441541355743724,-1.1102230246251565e-16,0.3345857341995955,2.197021212588317e-12,2.5442267644713477,1.514188774365266e-11,no_fit,0.9985707578189706
heat,0.4,104,3,0,0.0067629735567606986,0.3345703437772223,-0.021599182112290612,2.691871544037129,-0.137469862054534,0.19999999999999996,0.0,0.8944271909999159,0.0,0.3345882631413051,0.0,2.5441541355743724,-1.1102230246251565e-16,0.3345857341995955,2.197021212588317e-12,2.5442267644713477,1.514188774365266e-11,no_fit,0.9122873213677974
heat,0.4,104,3,1,0.006800608593039215,0.3287672126434525,0.010481473276589244,2.7539061322710476,-0.0045463475795988195,0.19999999999999996,0.0,0.8944271909999159,0.0,0.3345882631413051,0.0,2.5441541355743724,-1.1102230246251565e-16,0.3345857341995955,2.197021212588317e-12,2.5442267644713477,1.514188774365266e-11,no_fit,0.9194107041144172
heat,0.4,104,3,2,0.016366834635846317,0.3346470361392482,0.008231654876231374,2.6673748294580117,0.10150744036709458,0.19999999999999996,0.0,0.8944271909999159,0.0,0.3345882631413051,0.0,2.5441541355743724,-1.1102230246251565e-16,0.3345857341995955,2.197021212588317e-12,2.5442267644713477,1.514188774365266e-11,no_fit,0.9403859448826808
heat,0.4,104,3,3,0.04596689390018582,0.33776624680458245,0.0015911776714905032,2.6065163751027534,-0.013023147989204564,0.19999999999999996,0.0,0.8944271909999159,0.0,0.3345882631413051,0.0,2.5441541355743724,-1.1102230246251565e-16,0.3345857341995955,2.197021212588317e-12,2.5442267644713477,1.514188774365266e-11,no_fit,0.9727475134417994
heat,0.4,105,0,0,0.12373947817832232,0.3337494642793475,-0.00030572896768660555,2.590872618628939,0.03129834327973824,0.19999999999999996,0.0,0.8944271909999159,0.0,0.3345882631413051,0.0,2.5441541355743724,-1.1102230246251565e-16,0.3345857341995955,2.197021212588317e-12,2.5442267644713477,1.514188774365266e-11,no_fit,0.99936497319309
heat,0.4,105,0,1,0.12709111906588078,0.3319781937859119,-0.006867296050766047,2.601081344325862,-0.012522642576140552,0.19999999999999996,0.0,0.8944271909999159,0.0,0.3345882631413051,0.0,2.5441541355743724,-1.1102230246251565e-16,0.3345857341995955,2.197021212588317e-12,2.5442267644713477,1.514188774365266e-11,ungated,0.999714924273162
heat,0.4,105,0,2,0.14794566854834557,0.3316043914794487,-0.002035852800976853,2.592787401089533,-0.025571901680780718,0.19999999999999996,0.0,0.8944271909999159,0.0,0.3345882631413051,0.0,2.5441541355743724,-1.1102230246251565e-16,0.3345857341995955,2.197021212588317e-12,2.5442267644713477,1.514188774365266e-11,no_fit,0.9996360472634191
heat,0.4,105,0,3,0.07201707921922207,0.3331218662299104,-0.0027688747948544936,2.594963741164781,-0.004861152690980974,0.19999999999999996,0.0,0.8944271909999159,0.0,0.3345882631413051,0.0,2.5441541355743724,-1.1102230246251565e-16,0.3345857341995955,2.197021212588317e-12,2.5442267644713477,1.514188774365266e-11,no_fit,0.9792977794148924
heat,0.4,105,1,0,0.14021187834441662,0.33841255363982853,-0.012756315736378697,2.4919250010446894,-0.030631752919824062,0.19999999999999996,0.0,0.8944271909999159,0.0,0.3345882631413051,0.0,2.5441541355743724,-1.1102230246251565e-16,0.3345857341995955,2.197021212588317e-12,2.5442267644713477,1.514188774365266e-11,no_fit,0.9973682609649837
heat,0.4,105,1,1,0.26617928594350815,0.33128412611554686,-0.005157402322780087,2.5887699498459296,-0.04304108783135091,0.19999999999999996,0.0,0.8944271909999159,0.0,0.3345882631413051,0.0,2.5441541355743724,-1.1102230246251565e-16,0.3345857341995955,2.197021212588317e-12,2.5442267644713477,1.514188774365266e-11,no_fit,0.9737245865439264
heat,0.4,105,1,2,0.03529315977357328,0.33609533896851984,0.010379280400904104,2.579251134712435,0.03796822369890662,0.19999999999999996,0.0,0.8944271909999159,0.0,0.3345882631413051,0.0,2.5441541355743724,-1.1102230246251565e-16,0.3345857341995955,2.197021212588317e-12,2.5442267644713477,1.514188774365266e-11,no_fit,0.9556288833894124
heat,0.4,105,1,3,2.4728645712457364e-05,0.3655964108253304,-0.0022467112955740186,2.3634806060732787,-0.0795674264415992,0.19999999999999996,0.0,0.8944271909999159,0.0,0.3345882631413051,0.0,2.5441541355743724,-1.1102230246251565e-16,0.3345857341995955,2.197021212588317e-12,2.5442267644713477,1.514188774365266e-11,acf_or_spectral,0.8139762492229554
heat,0.4,105,2,0,0.02103849919512868,0.3316848313070931,0.003019591721336037,2.676214611632811,0.07075095872975001,0.19999999999999996,0.0,0.8944271909999159,0.0,0.3345882631413051,0.0,2.5441541355743724,-1.1102230246251565e-16,0.3345857341995955,2.197021212588317e-12,2.5442267644713477,1.514188774365266e-11,no_fit,0.9528061933988606
heat,0.4,105,2,1,0.07989977346733212,0.3381394987280654,0.026323430472034795,2.5048258472573917,0.12057113408083392,0.19999999999999996,0.0,0.8944271909999159,0.0,0.3345882631413051,0.0,2.5441541355743724,-1.1102230246251565e-16,0.3345857341995955,2.197021212588317e-12,2.5442267644713477,1.514188774365266e-11,no_fit,0.9742335053864956
heat,0.4,105,2,2,0.008297904103528708,0.3315494170874614,0.015500418194729467,2.7237098461998634,0.0674562054015383,0.19999999999999996,0.0,0.8944271909999159,0.0,0.3345882631413051,0.0,2.5441541355743724,-1.1102230246251565e-16,0.3345857341995955,2.197021212588317e-12,2.5442267644713477,1.514188774365266e-11,no_fit,0.9159611048089196
heat,0.4,105,2,3,1.707245871784835e-05,0.34135524112961785,0.054534425036585184,2.8166870238893456,0.5142696221475881,0.19999999999999996,0.0,0.8944271909999159,0.0,0.3345882631413051,0.0,2.5441541355743724,-1.1102230246251565e-16,0.3345857341995955,2.197021212588317e-12,2.5442267644713477,1.514188774365266e-11,no_fit,0.7137719682302608
heat,0.4,105,3,0,0.04133759578689933,0.3395478869477669,-0.00899433290269521,2.5863277925348176,-0.05521761857488733,0.19999999999999996,0.0,0.8944271909999159,0.0,0.3345882631413051,0.0,2.5441541355743724,-1.1102230246251565e-16,0.3345857341995955,2.197021212588317e-12,2.5442267644713477,1.514188774365266e-11,no_fit,0.9675538313020566
heat,0.4,105,3,1,0.0006266325399337802,0.3295646345269323,0.019394092330525813,2.9197733272560096,0.12673940392531013,0.19999999999999996,0.0,0.8944271909999159,0.0,0.3345882631413051,0.0,2.5441541355743724,-1.1102230246251565e-16,0.3345857341995955,2.197021212588317e-12,2.5442267644713477,1.514188774365266e-11,no_fit,0.9051323094655797
heat,0.4,105,3,2,0.02192588523030281,0.33116371564176894,-0.012572020743517796,2.665003250670511,-0.10137057113997772,0.19999999999999996,0.0,0.8944271909999159,0.0,0.3345882631413051,0.0,2.5441541355743724,-1.1102230246251565e-16,0.3345857341995955,2.197021212588317e-12,2.5442267644713477,1.514188774365266e-11,no_fit,0.9450728871603412
heat,0.4,105,3,3,0.003784634609473869,0.32883983077741713,-0.0006190489968230649,2.838284517676434,-0.07736385042170602,0.19999999999999996,0.0,0.8944271909999159,0.0,0.3345882631413051,0.0,2.5441541355743724,-1.1102230246251565e-16,0.3345857341995955,2.197021212588317e-12,2.5442267644713477,1.514188774365266e-11,no_fit,0.9323639081857834
heat,0.4,106,0,0,0.14249607641249895,0.33501872222149337,0.007092709585238173,2.573142697919219,0.02323148459971275,0.19999999999999996,0.0,0.8944271909999159,0.0,0.3345882631413051,0.0,2.5441541355743724,-1.1102230246251565e-16,0.3345857341995955,2.197021212588317e-12,2.5442267644713477,1.514188774365266e-11,ungated,0.9999085593138124
heat,0.4,106,0,1,0.13196658995002508,0.33167969466703456,-0.010021132713440432,2.590586137126484,-0.048981776015586065,0.19999999999999996,0.0,0.8944271909999159,0.0,0.3345882631413051,0.0,2.5441541355743724,-1.1102230246251565e-16,0.3345857341995955,2.197021212588317e-12,2.5442267644713477,1.514188774365266e-11,no_fit,0.9994661645870426
heat,0.4,106,0,2,0.13773625064641237,0.3344462373683654,0.014374341716507262,2.584075747886917,0.008057180570465006,0.19999999999999996,0.0,0.8944271909999159,0.0,0.3345882631413051,0.0,2.5441541355743724,-1.1102230246251565e-16,0.3345857341995955,2.197021212588317e-12,2.5442267644713477,1.514188774365266e-11,ungated,0.9999097838160856
heat,0.4,106,0,3,0.14013314619660378,0.3348708691083268,0.0026467582881976133,2.5412700714794294,0.006101444823516655,0.19999999999999996,0.0,0.8944271909999159,0.0,0.3345882631413051,0.0,2.5441541355743724,-1.1102230246251565e-16,0.3345857341995955,2.197021212588317e-12,2.5442267644713477,1.514188774365266e-11,acf_or_spectral,0.9983200625787032
heat,0.4,106,1,0,0.14725198782980442,0.33371401651178284,-0.008263604932279983,2.573864569893313,-0.04053411517245464,0.19999999999999996,0.0,0.8944271909999159,0.0,0.3345882631413051,0.0,2.5441541355743724,-1.1102230246251565e-16,0.3345857341995955,2.197021212588317e-12,2.5442267644713477,1.514188774365266e-11,ungated,0.9999062571561886
heat,0.4,106,1,1,0.14878819324076176,0.3332999330421517,0.003008009827281199,2.577591356609423,0.03024691283066616,0.19999999999999996,0.0,0.8944271909999159,0.0,0.3345882631413051,0.0,2.5441541355743724,-1.1102230246251565e-16,0.3345857341995955,2.197021212588317e-12,2.5442267644713477,1.514188774365266e-11,ungated,0.999841465149391
heat,0.4,106,1,2,0.15342487394809723,0.33480453407601835,0.0032904629674476355,2.562451618343798,0.015591260205616242,0.19999999999999996,0.0,0.8944271909999159,0.0,0.3345882631413051,0.0,2.5441541355743724,-1.1102230246251565e-16,0.3345857341995955,2.197021212588317e-12,2.5442267644713477,1.514188774365266e-11,ungated,0.9996877047412144
heat,0.4,106,1,3,0.13646533526480198,0.33259802731353205,0.00433528237340862,2.583291826222413,0.04489019060573729,0.19999999999999996,0.0,0.8944271909999159,0.0,0.3345882631413051,0.0,2.5441541355743724,-1.1102230246251565e-16,0.3345857341995955,2.197021212588317e-12,2.5442267644713477,1.514188774365266e-11,no_fit,0.9995703218079596
heat,0.4,106,2,0,0.1224278649315238,0.3352383732773202,-0.002173176641919416,2.5282924719777986,-0.027998632758407915,0.19999999999999996,0.0,0.8944271909999159,0.0,0.3345882631413051,0.0,2.5441541355743724,-1.1102230246251565e-16,0.3345857341995955,2.197021212588317e-12,2.5442267644713477,1.514188774365266e-11,acf_or_spectral,0.996412909144222
heat,0.4,106,2,1,0.032440937822684646,0.39637799458453027,0.0374225131000502,2.180789444421654,-0.06626375976585602,0.19999999999999996,0.0,0.8944271909999159,0.0,0.3345882631413051,0.0,2.5441541355743724,-1.1102230246251565e-16,0.3345857341995955,2.197021212588317e-12,2.5442267644713477,1.514188774365266e-11,acf_or_spectral,0.9431027429190736
heat,0.4,106,2,2,0.017588615184649825,0.3350970740569202,-0.00892053308468435,2.6189681061925474,0.007104858962422633,0.19999999999999996,0.0,0.8944271909999159,0.0,0.3345882631413051,0.0,2.5441541355743724,-1.1102230246251565e-16,0.3345857341995955,2.197021212588317e-12,2.5442267644713477,1.514188774365266e-11,no_fit,0.9437106513398836
heat,0.4,106,2,3,0.1611069869250059,0.3334830796012846,-0.004846237141816752,2.5805540293227898,-0.06915581264313558,0.19999999999999996,0.0,0.8944271909999159,0.0,0.3345882631413051,0.0,2.5441541355743724,-1.1102230246251565e-16,0.3345857341995955,2.197021212588317e-12,2.5442267644713477,1.514188774365266e-11,no_fit,0.998420605820016
heat,0.4,106,3,0,1.842987171585264e-05,0.33533335349018795,0.0635580403605024,2.732947339183507,0.036584345925337325,0.19999999999999996,0.0,0.8944271909999159,0.0,0.3345882631413051,0.0,2.5441541355743724,-1.1102230246251565e-16,0.3345857341995955,2.197021212588317e-12,2.5442267644713477,1.514188774365266e-11,no_fit,0.7222753144467527
heat,0.4,106,3,1,6.862834788989858e-05,0.3454278166625631,0.015494674925478931,2.6929773262405723,-0.0230521507049255,0.19999999999999996,0.0,0.8944271909999159,0.0,0.3345882631413051,0.0,2.5441541355743724,-1.1102230246251565e-16,0.3345857341995955,2.197021212588317e-12,2.5442267644713477,1.514188774365266e-11,no_fit,0.8301562997681105
heat,0.4,106,3,2,0.07256602169945836,0.3426967292550689,0.0031772708965368637,2.5265395896613727,0.007467480933038062,0.19999999999999996,0.0,0.8944271909999159,0.0,0.3345882631413051,0.0,2.5441541355743724,-1.1102230246251565e-16,0.3345857341995955,2.197021212588317e-12,2.5442267644713477,1.514188774365266e-11,no_fit,0.9847398189736328
heat,0.4,106,3,3,0.011125081917271018,0.3488585872494467,-0.030085762367681568,2.569638059318994,-0.2534444293224817,0.19999999999999996,0.0,0.8944271909999159,0.0,0.3345882631413051,0.0,2.5441541355743724,-1.1102230246251565e-16,0.3345857341995955,2.197021212588317e-12,2.5442267644713477,1.514188774365266e-11,no_fit,0.9310451853694824
heat,0.4,107,0,0,0.16469279490411282,0.33917878352822123,-0.031458791880423116,2.505573672693845,-0.1547781748742018,0.19999999999999996,0.0,0.8944271909999159,0.0,0.3345882631413051,0.0,2.5441541355743724,-1.1102230246251565e-16,0.3345857341995955,2.197021212588317e-12,2.5442267644713477,1.514188774365266e-11,no_fit,0.998205134088708
heat,0.4,107,0,1,0.3609302192926407,0.28153264448136883,0.0005997042618732085,3.3591908414589287,-0.0021384978137504174,0.19999999999999996,0.0,0.8944271909999159,0.0,0.3345882631413051,0.0,2.5441541355743724,-1.1102230246251565e-16,0.3345857341995955,2.197021212588317e-12,2.5442267644713477,1.514188774365266e-11,no_fit,0.6221483525760955
heat,0.4,107,0,2,0.11458923947066069,0.33232807683536736,-0.022381714651494806,2.5904102137299536,-0.05525919982986888,0.19999999999999996,0.0,0.8944271909999159,0.0,0.3345882631413051,0.0,2.5441541355743724,-1.1102230246251565e-16,0.3345857341995955,2.197021212588317e-12,2.5442267644713477,1.514188774365266e-11,no_fit,0.997842412257954
heat,0.4,107,0,3,0.12259346712380648,0.33314481785741473,0.013041149303131987,2.592240063955422,0.0541671563777652,0.19999999999999996,0.0,0.8944271909999159,0.0,0.3345882631413051,0.0,2.5441541355743724,-1.1102230246251565e-16,0.3345857341995955,2.197021212588317e-12,2.5442267644713477,1.514188774365266e-11,no_fit,0.9987723188337712
heat,0.4,107,1,0,0.18559367494890466,0.25369197538991756,-0.016805089021481638,3.7630236326832,0.015713750650174996,0.19999999999999996,0.0,0.8944271909999159,0.0,0.3345882631413051,0.0,2.5441541355743724,-1.1102230246251565e-16,0.3345857341995955,2.197021212588317e-12,2.5442267644713477,1.514188774365266e-11,no_fit,0.5274980693982221
heat,0.4,107,1,1,0.10086763557046652,0.3385684273116671,-0.0019400331270551844,2.5814801780783236,-0.020839281191213088,0.19999999999999996,0.0,0.8944271909999159,0.0,0.3345882631413051,0.0,2.5441541355743724,-1.1102230246251565e-16,0.3345857341995955,2.197021212588317e-12,2.5442267644713477,1.514188774365266e-11,no_fit,0.9941943314129456
heat,0.4,107,1,2,0.005562667269259691,0.33597408521101724,-0.030387199048060292,2.692737581931927,-0.053146291852900984,0.19999999999999996,0.0,0.8944271909999159,0.0,0.3345882631413051,0.0,2.5441541355743724,-1.1102230246251565e-16,0.3345857341995955,2.197021212588317e-12,2.5442267644713477,1.514188774365266e-11,no_fit,0.9060185656925968
heat,0.4,107,1,3,0.14422795921564102,0.33492973483223976,0.005629214384724764,2.5452566208300995,0.017678564500815508,0.19999999999999996,0.0,0.8944271909999159,0.0,0.3345882631413051,0.0,2.5441541355743724,-1.1102230246251565e-16,0.3345857341995955,2.197021212588317e-12,2.5442267644713477,1.514188774365266e-11,acf_or_spectral,0.9996241105906346
heat,0.4,107,2,0,0.18384588323533535,0.32942635779493645,-0.005337734286541958,2.586809670883988,-0.052395512056366056,0.19999999999999996,0.0,0.8944271909999159,0.0,0.3345882631413051,0.0,2.5441541355743724,-1.1102230246251565e-16,0.3345857341995955,2.197021212588317e-12,2.5442267644713477,1.514188774365266e-11,no_fit,0.9907112647931904
heat,0.4,107,2,1,0.004538865061476827,0.329855166890527,0.010525331548655713,2.736034155796383,0.023839567120134686,0.19999999999999996,0.0,0.8944271909999159,0.0,0.3345882631413051,0.0,2.5441541355743724,-1.1102230246251565e-16,0.3345857341995955,2.197021212588317e-12,2.5442267644713477,1.514188774365266e-11,no_fit,0.8930258748218782
heat,0.4,107,2,2,0.046509791631251574,0.33890862768956526,-0.006960173974709538,2.5543178294238293,-0.002585878473353398,0.19999999999999996,0.0,0.8944271909999159,0.0,0.3345882631413051,0.0,2.5441541355743724,-1.1102230246251565e-16,0.3345857341995955,2.197021212588317e-12,2.5442267644713477,1.514188774365266e-11,acf_or_spectral,0.956930361972138
heat,0.4,107,2,3,0.13667574524879456,0.33147837181802375,-0.005536347852155017,2.603611870026996,-0.03350560429970967,0.19999999999999996,0.0,0.8944271909999159,0.0,0.3345882631413051,0.0,2.5441541355743724,-1.1102230246251565e-16,0.3345857341995955,2.197021212588317e-12,2.5442267644713477,1.514188774365266e-11,ungated,0.9998629959776186
heat,0.4,107,3,0,0.0034693834313657135,0.344975368457418,-0.019616219082529963,2.6096270051591666,-0.058043535944547364,0.19999999999999996,0.0,0.8944271909999159,0.0,0.3345882631413051,0.0,2.5441541355743724,-1.1102230246251565e-16,0.3345857341995955,2.197021212588317e-12,2.5442267644713477,1.514188774365266e-11,no_fit,0.8949165292856329
heat,0.4,107,3,1,8.633391360035603e-06,0.33093225312690294,-0.03421880541902903,2.886168891866336,-0.17044564332920054,0.19999999999999996,0.0,0.8944271909999159,0.0,0.3345882631413051,0.0,2.5441541355743724,-1.1102230246251565e-16,0.3345857341995955,2.197021212588317e-12,2.5442267644713477,1.514188774365266e-11,no_fit,0.6665515567529692
heat,0.4,107,3,2,0.00042003803901025094,0.3719098409377744,0.013060078168167457,2.762722651884692,0.1725946738733466,0.19999999999999996,0.0,0.8944271909999159,0.0,0.3345882631413051,0.0,2.5441541355743724,-1.1102230246251565e-16,0.3345857341995955,2.197021212588317e-12,2.5442267644713477,1.514188774365266e-11,no_fit,0.8557132018918031
heat,0.4,107,3,3,0.006973919516894966,0.33300763635709896,0.0020468821294397075,2.6613313684636886,-0.018251508990929644,0.19999999999999996,0.0,0.8944271909999159,0.0,0.3345882631413051,0.0,2.5441541355743724,-1.1102230246251565e-16,0.3345857341995955,2.197021212588317e-12,2.5442267644713477,1.514188774365266e-11,no_fit,0.914872002564387
heat,0.4,108,0,0,0.14387761801481247,0.33592335630783193,-0.002453947602224816,2.5523290347506076,-0.020735708337564607,0.19999999999999996,0.0,0.8944271909999159,0.0,0.3345882631413051,0.0,2.5441541355743724,-1.1102230246251565e-16,0.3345857341995955,2.197021212588317e-12,2.5442267644713477,1.514188774365266e-11,ungated,0.999890416478901
heat,0.4,108,0,1,0.14450582303106785,0.33095699879746643,-0.003253627588715709,2.602858949421082,-0.004109126086882076,0.19999999999999996,0.0,0.8944271909999159,0.0,0.3345882631413051,0.0,2.5441541355743724,-1.1102230246251565e-16,0.3345857341995955,2.197021212588317e-12,2.5442267644713477,1.514188774365266e-11,ungated,0.99977010077783
heat,0.4,108,0,2,0.1513973567634821,0.3319868717376005,-0.006374551250406499,2.591231943394927,-0.017988655800874775,0.19999999999999996,0.0,0.8944271909999159,0.0,0.3345882631413051,0.0,2.5441541355743724,-1.1102230246251565e-16,0.3345857341995955,2.197021212588317e-12,2.5442267644713477,1.514188774365266e-11,ungated,0.9997603248978332
heat,0.4,108,0,3,0.14051720965653658,0.33387130088088823,0.025906165517382434,2.5739060325713576,0.1087142260591844,0.19999999999999996,0.0,0.8944271909999159,0.0,0.3345882631413051,0.0,2.5441541355743724,-1.1102230246251565e-16,0.3345857341995955,2.197021212588317e-12,2.5442267644713477,1.514188774365266e-11,ungated,0.9999353299419838
heat,0.4,108,1,0,0.12774489633738995,0.33382228002011355,0.00035583234867983874,2.570517949022466,-0.0011310389459449621,0.19999999999999996,0.0,0.8944271909999159,0.0,0.3345882631413051,0.0,2.5441541355743724,-1.1102230246251565e-16,0.3345857341995955,2.197021212588317e-12,2.5442267644713477,1.514188774365266e-11,acf_or_spectral,0.9988523351935042
heat,0.4,108,1,1,0.15039465948939323,0.33435747422193257,0.00392817469417124,2.567378779416664,-0.01967298072126017,0.19999999999999996,0.0,0.8944271909999159,0.0,0.3345882631413051,0.0,2.5441541355743724,-1.1102230246251565e-16,0.3345857341995955,2.197021212588317e-12,2.5442267644713477,1.514188774365266e-11,ungated,0.9997494321976382
heat,0.4,108,1,2,0.15228078328073025,0.3343117922019726,-0.0014959095098150048,2.570767419272507,-0.007469990596185694,0.19999999999999996,0.0,0.8944271909999159,0.0,0.3345882631413051,0.0,2.5441541355743724,-1.1102230246251565e-16,0.3345857341995955,2.197021212588317e-12,2.5442267644713477,1.514188774365266e-11,ungated,0.9998053292820296
heat,0.4,108,1,3,0.15557157061994076,0.3334149838254856,0.018919377725699116,2.5699114602381585,0.04020009087202814,0.19999999999999996,0.0,0.8944271909999159,0.0,0.3345882631413051,0.0,2.5441541355743724,-1.1102230246251565e-16,0.3345857341995955,2.197021212588317e-12,2.5442267644713477,1.514188774365266e-11,no_fit,0.999622491981424
heat,0.4,108,2,0,0.001405607363267336,0.3894141902084787,0.014026721457485401,2.1429543208994812,0.10300931688842319,0.19999999999999996,0.0,0.8944271909999159,0.0,0.3345882631413051,0.0,2.5441541355743724,-1.1102230246251565e-16,0.3345857341995955,2.197021212588317e-12,2.5442267644713477,1.514188774365266e-11,acf_or_spectral,0.8587887040479346
heat,0.4,108,2,1,0.04061933234333992,0.33531142447863055,0.0064940814344553776,2.5872875129888215,0.019678811783446548,0.19999999999999996,0.0,0.8944271909999159,0.0,0.3345882631413051,0.0,2.5441541355743724,-1.1102230246251565e-16,0.3345857341995955,2.197021212588317e-12,2.5442267644713477,1.514188774365266e-11,no_fit,0.9712750427585934
heat,0.4,108,2,2,0.020142079330980778,0.3487038977433062,-0.030011374669736524,2.463953876976001,-0.1382098792489691,0.19999999999999996,0.0,0.8944271909999159,0.0,0.3345882631413051,0.0,2.5441541355743724,-1.1102230246251565e-16,0.3345857341995955,2.197021212588317e-12,2.5442267644713477,1.514188774365266e-11,no_fit,0.9540640112904448
heat,0.4,108,2,3,0.028615381103008986,0.3411026668055718,0.057277340825401396,2.5807851913820863,0.2057091998555014,0.19999999999999996,0.0,0.8944271909999159,0.0,0.3345882631413051,0.0,2.5441541355743724,-1.1102230246251565e-16,0.3345857341995955,2.197021212588317e-12,2.5442267644713477,1.514188774365266e-11,no_fit,0.9558261934351908
heat,0.4,108,3,0,0.00010023687627835898,0.3477445704763349,0.052810529100337934,2.8401417537177434,0.45295394511563747,0.19999999999999996,0.0,0.8944271909999159,0.0,0.3345882631413051,0.0,2.5441541355743724,-1.1102230246251565e-16,0.3345857341995955,2.197021212588317e-12,2.5442267644713477,1.514188774365266e-11,no_fit,0.8313739227749001
heat,0.4,108,3,1,0.01710877870209515,0.3369623040314889,0.005649652961648768,2.5906973859286095,0.02640851330968441,0.19999999999999996,0.0,0.8944271909999159,0.0,0.3345882631413051,0.0,2.5441541355743724,-1.1102230246251565e-16,0.3345857341995955,2.197021212588317e-12,2.5442267644713477,1.514188774365266e-11,no_fit,0.91944484111644
heat,0.4,108,3,2,0.0765715716406703,0.33576518650275256,0.020007085512438374,2.5659235088185723,0.0711371713909365,0.19999999999999996,0.0,0.8944271909999159,0.0,0.3345882631413051,0.0,2.5441541355743724,-1.1102230246251565e-16,0.3345857341995955,2.197021212588317e-12,2.5442267644713477,1.514188774365266e-11,no_fit,0.9882292115090348
heat,0.4,108,3,3,3.5358201330382144e-05,0.34631172124708337,0.11811388185747954,2.911005682162516,0.45280092639422687,0.19999999999999996,0.0,0.8944271909999159,0.0,0.3345882631413051,0.0,2.5441541355743724,-1.1102230246251565e-16,0.3345857341995955,2.197021212588317e-12,2.5442267644713477,1.514188774365266e-11,no_fit,0.8101145331384118
heat,0.4,109,0,0,0.1293260771781206,0.33270401495227897,-0.01003075863523947,2.5905125876152266,-0.006727221969526909,0.19999999999999996,0.0,0.8944271909999159,0.0,0.3345882631413051,0.0,2.5441541355743724,-1.1102230246251565e-16,0.3345857341995955,2.197021212588317e-12,2.5442267644713477,1.514188774365266e-11,no_fit,0.9996576980720412
heat,0.4,109,0,1,0.14851875230669975,0.33403374033457595,-0.003442335185665841,2.5748889425115036,0.0037940238286638395,0.19999999999999996,0.0,0.8944271909999159,0.0,0.3345882631413051,0.0,2.5441541355743724,-1.1102230246251565e-16,0.3345857341995955,2.197021212588317e-12,2.5442267644713477,1.514188774365266e-11,ungated,0.9998163882283468
heat,0.4,109,0,2,0.11957439687103033,0.33106001358338394,0.004975034640068749,2.621713688305005,0.017285605521732195,0.19999999999999996,0.0,0.8944271909999159,0.0,0.3345882631413051,0.0,2.5441541355743724,-1.1102230246251565e-16,0.3345857341995955,2.197021212588317e-12,2.5442267644713477,1.514188774365266e-11,no_fit,0.9991877630649044
heat,0.4,109,0,3,0.1019731080159545,0.3329264698972788,-0.008585367185220443,2.5892484137730474,0.014170540232187723,0.19999999999999996,0.0,0.8944271909999159,0.0,0.3345882631413051,0.0,2.5441541355743724,-1.1102230246251565e-16,0.3345857341995955,2.197021212588317e-12,2.5442267644713477,1.514188774365266e-11,no_fit,0.9940655767723708
heat,0.4,109,1,0,0.14831452071666718,0.3379684727470421,-0.007626105024587819,2.497141048465438,-0.017734790121668176,0.19999999999999996,0.0,0.8944271909999159,0.0,0.3345882631413051,0.0,2.5441541355743724,-1.1102230246251565e-16,0.3345857341995955,2.197021212588317e-12,2.5442267644713477,1.514188774365266e-11,no_fit,0.9995143006005908
heat,0.4,109,1,1,0.00034474910899007227,0.4178057611122766,0.01245319681798772,2.002661825663575,0.05554829159730723,0.19999999999999996,0.0,0.8944271909999159,0.0,0.3345882631413051,0.0,2.5441541355743724,-1.1102230246251565e-16,0.3345857341995955,2.197021212588317e-12,2.5442267644713477,1.514188774365266e-11,no_fit,0.8521752517318353
heat,0.4,109,1,2,0.029808250721544027,0.3380998558857352,-0.023724014146965993,2.5574581900853954,-0.056627305902633596,0.19999999999999996,0.0,0.8944271909999159,0.0,0.3345882631413051,0.0,2.5441541355743724,-1.1102230246251565e-16,0.3345857341995955,2.197021212588317e-12,2.5442267644713477,1.514188774365266e-11,no_fit,0.96212042566555
heat,0.4,109,1,3,0.016229211469180882,0.33775324809171736,-0.011623515112838831,2.624642179627083,-0.020403325163899477,0.19999999999999996,0.0,0.8944271909999159,0.0,0.3345882631413051,0.0,2.5441541355743724,-1.1102230246251565e-16,0.3345857341995955,2.197021212588317e-12,2.5442267644713477,1.514188774365266e-11,no_fit,0.9471347271601204
heat,0.4,109,2,0,1.9816011445072945e-06,0.32644589481450687,0.08147669030212992,2.979606974094965,0.5324036918253151,0.19999999999999996,0.0,0.8944271909999159,0.0,0.3345882631413051,0.0,2.5441541355743724,-1.1102230246251565e-16,0.3345857341995955,2.197021212588317e-12,2.5442267644713477,1.514188774365266e-11,no_fit,0.6054435902447453
heat,0.4,109,2,1,0.00044939379404240754,0.32825607348540753,0.055885994236340455,3.0184993149979498,0.28896494353844104,0.19999999999999996,0.0,0.8944271909999159,0.0,0.3345882631413051,0.0,2.5441541355743724,-1.1102230246251565e-16,0.3345857341995955,2.197021212588317e-12,2.5442267644713477,1.514188774365266e-11,no_fit,0.9026102774940086
heat,0.4,109,2,2,0.0006679489524685778,0.31954687596669584,-0.35872111689294217,2.5872365403990907,-0.8185840035105911,0.19999999999999996,0.0,0.8944271909999159,0.0,0.3345882631413051,0.0,2.5441541355743724,-1.1102230246251565e-16,0.3345857341995955,2.197021212588317e-12,2.5442267644713477,1.514188774365266e-11,no_fit,0.829904000635736
heat,0.4,109,2,3,0.0002849086176865967,0.3735169452242739,-0.07341173225015336,3.128463923725072,-0.7999839928666618,0.19999999999999996,0.0,0.8944271909999159,0.0,0.3345882631413051,0.0,2.5441541355743724,-1.1102230246251565e-16,0.3345857341995955,2.197021212588317e-12,2.5442267644713477,1.514188774365266e-11,no_fit,0.8580042601193834
heat,0.4,109,3,0,0.0015446842880919576,0.33170370109802494,0.0029788872394954243,2.8532308329535896,-0.008298566773913718,0.19999999999999996,0.0,0.8944271909999159,0.0,0.3345882631413051,0.0,2.5441541355743724,-1.1102230246251565e-16,0.3345857341995955,2.197021212588317e-12,2.5442267644713477,1.514188774365266e-11,no_fit,0.9129666090548468
heat,0.4,109,3,1,0.08732469659298658,0.3352380565264741,-0.011283032735845014,2.5887282668933373,-0.06444603967576978,0.19999999999999996,0.0,0.8944271909999159,0.0,0.3345882631413051,0.0,2.5441541355743724,-1.1102230246251565e-16,0.3345857341995955,2.197021212588317e-12,2.5442267644713477,1.514188774365266e-11,no_fit,0.9895592796708442
heat,0.4,109,3,2,0.03627150715328753,0.32987819070876095,0.007347428795605872,2.6497742569777016,0.06360176529775796,0.19999999999999996,0.0,0.8944271909999159,0.0,0.3345882631413051,0.0,2.5441541355743724,-1.1102230246251565e-16,0.3345857341995955,2.197021212588317e-12,2.5442267644713477,1.514188774365266e-11,no_fit,0.9607437743871308
heat,0.4,109,3,3,0.06600768631324172,0.33673641870258253,-0.003843752531768878,2.580239324434283,-0.009149813707439391,0.19999999999999996,0.0,0.8944271909999159,0.0,0.3345882631413051,0.0,2.5441541355743724,-1.1102230246251565e-16,0.3345857341995955,2.197021212588317e-12,2.5442267644713477,1.514188774365266e-11,no_fit,0.978674675880114
heat,0.4,110,0,0,0.12523642554879189,0.33458359663691617,0.0033602035817665576,2.5700584662858774,0.013131703330520772,0.19999999999999996,0.0,0.8944271909999159,0.0,0.3345882631413051,0.0,2.5441541355743724,-1.1102230246251565e-16,0.3345857341995955,2.197021212588317e-12,2.5442267644713477,1.514188774365266e-11,acf_or_spectral,0.9990267280092509
heat,0.4,110,0,1,0.10289788525551558,0.3342406886404382,-0.011283699852732608,2.5689356813229036,-0.03792673269586794,0.19999999999999996,0.0,0.8944271909999159,0.0,0.3345882631413051,0.0,2.5441541355743724,-1.1102230246251565e-16,0.3345857341995955,2.197021212588317e-12,2.5442267644713477,1.514188774365266e-11,no_fit,0.9951710508067648
heat,0.4,110,0,2,0.13830034621059895,0.33420072257485095,-0.005703020049417592,2.5918127902392247,0.014630300274481478,0.19999999999999996,0.0,0.8944271909999159,0.0,0.3345882631413051,0.0,2.5441541355743724,-1.1102230246251565e-16,0.3345857341995955,2.197021212588317e-12,2.5442267644713477,1.514188774365266e-11,ungated,0.9998742778619364
heat,0.4,110,0,3,0.49876391887664795,0.3092832712869946,0.007600428898757461,2.8550788476105287,-0.004808033585607552,0.19999999999999996,0.0,0.8944271909999159,0.0,0.3345882631413051,0.0,2.5441541355743724,-1.1102230246251565e-16,0.3345857341995955,2.197021212588317e-12,2.5442267644713477,1.514188774365266e-11,no_fit,0.705123786032892
heat,0.4,110,1,0,0.19797644205391407,0.33183634481869473,-0.0053564627133668614,2.5899571891217583,-0.03554293389081847,0.19999999999999996,0.0,0.8944271909999159,0.0,0.3345882631413051,0.0,2.5441541355743724,-1.1102230246251565e-16,0.3345857341995955,2.197021212588317e-12,2.5442267644713477,1.514188774365266e-11,no_fit,0.989583758276404
heat,0.4,110,1,1,8.085915396804921e-05,0.3378045170186742,0.023798650633751178,2.864760625138761,0.05835438000629434,0.19999999999999996,0.0,0.8944271909999159,0.0,0.3345882631413051,0.0,2.5441541355743724,-1.1102230246251565e-16,0.3345857341995955,2.197021212588317e-12,2.5442267644713477,1.514188774365266e-11,no_fit,0.7578782864167102
heat,0.4,110,1,2,0.2288092672242783,0.24884788915032913,-0.0218056143716543,3.7846410786038027,-0.04029867686124544,0.19999999999999996,0.0,0.8944271909999159,0.0,0.3345882631413051,0.0,2.5441541355743724,-1.1102230246251565e-16,0.3345857341995955,2.197021212588317e-12,2.5442267644713477,1.514188774365266e-11,no_fit,0.5085924321177906
heat,0.4,110,1,3,0.11226206086575985,0.33483949428500104,0.013637435017080913,2.5916902457316695,0.03460169020412823,0.19999999999999996,0.0,0.8944271909999159,0.0,0.3345882631413051,0.0,2.5441541355743724,-1.1102230246251565e-16,0.3345857341995955,2.197021212588317e-12,2.5442267644713477,1.514188774365266e-11,no_fit,0.9974012529868828
heat,0.4,110,2,0,0.000643186409433838,0.34492586708021966,0.007451828804152117,2.5891990226567967,0.02862853434535545,0.19999999999999996,0.0,0.8944271909999159,0.0,0.3345882631413051,0.0,2.5441541355743724,-1.1102230246251565e-16,0.3345857341995955,2.197021212588317e-12,2.5442267644713477,1.514188774365266e-11,no_fit,0.8581898547642669
heat,0.4,110,2,1,3.901379201920463e-07,0.3418914539870316,0.007962426261392904,2.8425557673659627,0.08005508438436604,0.19999999999999996,0.0,0.8944271909999159,0.0,0.3345882631413051,0.0,2.5441541355743724,-1.1102230246251565e-16,0.3345857341995955,2.197021212588317e-12,2.5442267644713477,1.514188774365266e-11,no_fit,0.5566336993090728
heat,0.4,110,2,2,0.020014938665553927,0.3331773012851347,0.003637542179170379,2.6251785449498763,0.014989337277735881,0.19999999999999996,0.0,0.8944271909999159,0.0,0.3345882631413051,0.0,2.5441541355743724,-1.1102230246251565e-16,0.3345857341995955,2.197021212588317e-12,2.5442267644713477,1.514188774365266e-11,no_fit,0.9204402348585404
heat,0.4,110,2,3,0.051512579433619976,0.32278455601046074,-0.011317946366154913,2.7720285414737598,-0.05916559122164222,0.19999999999999996,0.0,0.8944271909999159,0.0,0.3345882631413051,0.0,2.5441541355743724,-1.1102230246251565e-16,0.3345857341995955,2.197021212588317e-12,2.5442267644713477,1.514188774365266e-11,no_fit,0.9833374997851284
heat,0.4,110,3,0,0.01059319928754121,0.3313726524999791,-0.0020830031981346714,2.698740081343442,-0.0013428226721613479,0.19999999999999996,0.0,0.8944271909999159,0.0,0.3345882631413051,0.0,2.5441541355743724,-1.1102230246251565e-16,0.3345857341995955,2.197021212588317e-12,2.5442267644713477,1.514188774365266e-11,no_fit,0.928430983263334
heat,0.4,110,3,1,0.008245892997365445,0.32891686600215525,-0.026376599578243377,2.6583783769080065,-0.11789469518664486,0.19999999999999996,0.0,0.8944271909999159,0.0,0.3345882631413051,0.0,2.5441541355743724,-1.1102230246251565e-16,0.3345857341995955,2.197021212588317e-12,2.5442267644713477,1.514188774365266e-11,no_fit,0.8740359731277618
heat,0.4,110,3,2,0.010752626461908221,0.3323852740329933,0.010174252740452085,2.6464400369478356,0.05135898849640674,0.19999999999999996,0.0,0.8944271909999159,0.0,0.3345882631413051,0.0,2.5441541355743724,-1.1102230246251565e-16,0.3345857341995955,2.197021212588317e-12,2.5442267644713477,1.514188774365266e-11,no_fit,0.8825441873913455
heat,0.4,110,3,3,0.143245292827487,0.34789832255965647,-0.008817121723988495,2.4319621828003473,0.018032070303128034,0.19999999999999996,0.0,0.8944271909999159,0.0,0.3345882631413051,0.0,2.5441541355743724,-1.1102230246251565e-16,0.3345857341995955,2.197021212588317e-12,2.5442267644713477,1.514188774365266e-11,no_fit,0.9961170952580484
heat,0.4,111,0,0,0.24309428222477436,0.32969898880302745,0.006431895682758911,2.5853735659882813,0.06843963649169027,0.19999999999999996,0.0,0.8944271909999159,0.0,0.3345882631413051,0.0,2.5441541355743724,-1.1102230246251565e-16,0.3345857341995955,2.197021212588317e-12,2.5442267644713477,1.514188774365266e-11,no_fit,0.9786554044272732
heat,0.4,111,0,1,0.12576427217572927,0.334336649806232,0.002995439893026749,2.5678248199873885,0.028492141258914472,0.19999999999999996,0.0,0.8944271909999159,0.0,0.3345882631413051,0.0,2.5441541355743724,-1.1102230246251565e-16,0.3345857341995955,2.197021212588317e-12,2.5442267644713477,1.514188774365266e-11,acf_or_spectral,0.9985203618646176
heat,0.4,111,0,2,0.12631145678460598,0.3341931824701457,0.005771379220546518,2.57198839549721,0.003856402229503453,0.19999999999999996,0.0,0.8944271909999159,0.0,0.3345882631413051,0.0,2.5441541355743724,-1.1102230246251565e-16,0.3345857341995955,2.197021212588317e-12,2.5442267644713477,1.514188774365266e-11,no_fit,0.9993585472718992
heat,0.4,111,0,3,0.14784378372132778,0.33052626855751316,-0.002937543742393277,2.616426210888261,0.012160844010648653,0.19999999999999996,0.0,0.8944271909999159,0.0,0.3345882631413051,0.0,2.5441541355743724,-1.1102230246251565e-16,0.3345857341995955,2.197021212588317e-12,2.5442267644713477,1.514188774365266e-11,ungated,0.999707800006565
heat,0.4,111,1,0,0.13496677950024605,0.33484013646268507,0.007727886353618804,2.5660882334194013,0.018929022348935287,0.19999999999999996,0.0,0.8944271909999159,0.0,0.3345882631413051,0.0,2.5441541355743724,-1.1102230246251565e-16,0.3345857341995955,2.197021212588317e-12,2.5442267644713477,1.514188774365266e-11,ungated,0.9996839918920232
heat,0.4,111,1,1,0.14999360404908657,0.3391157438792015,0.009041512132744014,2.4965780341047847,0.012441050510595741,0.19999999999999996,0.0,0.8944271909999159,0.0,0.3345882631413051,0.0,2.5441541355743724,-1.1102230246251565e-16,0.3345857341995955,2.197021212588317e-12,2.5442267644713477,1.514188774365266e-11,no_fit,0.9988451461277684
heat,0.4,111,1,2,0.001039191243762616,0.3502316928816264,0.19465244039000565,2.441528174683376,0.2654712216122798,0.19999999999999996,0.0,0.8944271909999159,0.0,0.3345882631413051,0.0,2.5441541355743724,-1.1102230246251565e-16,0.3345857341995955,2.197021212588317e-12,2.5442267644713477,1.514188774365266e-11,no_fit,0.8900624486144431
heat,0.4,111,1,3,0.1356507297605276,0.33104260636693494,0.001744048312635643,2.6062120328491685,0.01770699358455735,0.19999999999999996,0.0,0.8944271909999159,0.0,0.3345882631413051,0.0,2.5441541355743724,-1.1102230246251565e-16,0.3345857341995955,2.197021212588317e-12,2.5442267644713477,1.514188774365266e-11,ungated,0.999762344634476
heat,0.4,111,2,0,0.0036617617297451943,0.33709022830860264,0.017106491841555146,2.7908249374640977,0.08180642269229133,0.19999999999999996,0.0,0.8944271909999159,0.0,0.3345882631413051,0.0,2.5441541355743724,-1.1102230246251565e-16,0.3345857341995955,2.197021212588317e-12,2.5442267644713477,1.514188774365266e-11,no_fit,0.9262658605403912
heat,0.4,111,2,1,0.01385941356420517,0.3336128310381134,-0.009254735405351076,2.668348980993869,-0.06828797625121041,0.19999999999999996,0.0,0.8944271909999159,0.0,0.3345882631413051,0.0,2.5441541355743724,-1.1102230246251565e-16,0.3345857341995955,2.197021212588317e-12,2.5442267644713477,1.514188774365266e-11,no_fit,0.9403279462858232
heat,0.4,111,2,2,2.431768234600895e-05,0.3297656387430773,-0.048430912732511426,2.8714191603043036,-0.35269336042429733,0.19999999999999996,0.0,0.8944271909999159,0.0,0.3345882631413051,0.0,2.5441541355743724,-1.1102230246251565e-16,0.3345857341995955,2.197021212588317e-12,2.5442267644713477,1.514188774365266e-11,no_fit,0.672715776224283
heat,0.4,111,2,3,0.016899539390578866,0.3350054448228773,0.011534422486227039,2.6434628471821413,0.07712551686884006,0.19999999999999996,0.0,0.8944271909999159,0.0,0.3345882631413051,0.0,2.5441541355743724,-1.1102230246251565e-16,0.3345857341995955,2.197021212588317e-12,2.5442267644713477,1.514188774365266e-11,no_fit,0.9441448938950756
heat,0.4,111,3,0,0.002975589915877208,0.34003372609887655,-0.027795864421553896,2.685021414481675,-0.11855894745262913,0.19999999999999996,0.0,0.8944271909999159,0.0,0.3345882631413051,0.0,2.5441541355743724,-1.1102230246251565e-16,0.3345857341995955,2.197021212588317e-12,2.5442267644713477,1.514188774365266e-11,no_fit,0.9242828070114192
heat,0.4,111,3,1,0.07772358786314726,0.33416157642393174,0.0010421085160109574,2.5955606497013752,-0.017696816419786876,0.19999999999999996,0.0,0.8944271909999159,0.0,0.3345882631413051,0.0,2.5441541355743724,-1.1102230246251565e-16,0.3345857341995955,2.197021212588317e-12,2.5442267644713477,1.514188774365266e-11,no_fit,0.989391546943833
heat,0.4,111,3,2,3.23984179431136e-05,0.33933386157870593,0.035295871839861784,2.697406510478915,0.2880908576798742,0.19999999999999996,0.0,0.8944271909999159,0.0,0.3345882631413051,0.0,2.5441541355743724,-1.1102230246251565e-16,0.3345857341995955,2.197021212588317e-12,2.5442267644713477,1.514188774365266e-11,no_fit,0.7351352218252538
heat,0.4,111,3,3,0.004779724375111982,0.3378338590451312,-0.012919920491377001,2.720053863245479,0.022654954699254493,0.19999999999999996,0.0,0.8944271909999159,0.0,0.3345882631413051,0.0,2.5441541355743724,-1.1102230246251565e-16,0.3345857341995955,2.197021212588317e-12,2.5442267644713477,1.514188774365266e-11,no_fit,0.9249351269106928
heat,0.4,112,0,0,0.14377386495471,0.3297511759236962,0.0032913081367120286,2.6622904231823057,0.017739517717299258,0.19999999999999996,0.0,0.8944271909999159,0.0,0.3345882631413051,0.0,2.5441541355743724,-1.1102230246251565e-16,0.3345857341995955,2.197021212588317e-12,2.5442267644713477,1.514188774365266e-11,no_fit,0.9991726838766928
heat,0.4,112,0,1,0.1599215380847454,0.33446798112555554,0.001769477193780271,2.5557219663794233,-0.007369479063741302,0.19999999999999996,0.0,0.8944271909999159,0.0,0.3345882631413051,0.0,2.5441541355743724,-1.1102230246251565e-16,0.3345857341995955,2.197021212588317e-12,2.5442267644713477,1.514188774365266e-11,acf_or_spectral,0.9988677916781896
heat,0.4,112,0,2,0.3759703482501209,0.27083384282930467,0.020984639601972218,3.6056915756677164,-0.00599864990925858,0.19999999999999996,0.0,0.8944271909999159,0.0,0.3345882631413051,0.0,2.5441541355743724,-1.1102230246251565e-16,0.3345857341995955,2.197021212588317e-12,2.5442267644713477,1.514188774365266e-11,no_fit,0.5485895080111962
heat,0.4,112,0,3,0.24302418529987335,0.3315983329352386,0.01912024984343901,2.6024057018962914,-0.006729059529242465,0.19999999999999996,0.0,0.8944271909999159,0.0,0.3345882631413051,0.0,2.5441541355743724,-1.1102230246251565e-16,0.3345857341995955,2.197021212588317e-12,2.5442267644713477,1.514188774365266e-11,no_fit,0.9772226305227596
heat,0.4,112,1,0,0.1375261778011918,0.335937391789154,-0.03195567084690131,2.558799975924347,-0.12049956737634993,0.19999999999999996,0.0,0.8944271909999159,0.0,0.3345882631413051,0.0,2.5441541355743724,-1.1102230246251565e-16,0.3345857341995955,2.197021212588317e-12,2.5442267644713477,1.514188774365266e-11,no_fit,0.9995483717075342
heat,0.4,112,1,1,0.1481723738834262,0.3361234212451471,0.006400172469490837,2.562470552067916,0.04630360836932362,0.19999999999999996,0.0,0.8944271909999159,0.0,0.3345882631413051,0.0,2.5441541355743724,-1.1102230246251565e-16,0.3345857341995955,2.197021212588317e-12,2.5442267644713477,1.514188774365266e-11,no_fit,0.999461980147798
heat,0.4,112,1,2,0.14571110252290964,0.3310650742393087,-0.0015924238892307742,2.682707246561702,-0.02299763885851569,0.19999999999999996,0.0,0.8944271909999159,0.0,0.3345882631413051,0.0,2.5441541355743724,-1.1102230246251565e-16,0.3345857341995955,2.197021212588317e-12,2.5442267644713477,1.514188774365266e-11,no_fit,0.9869456544673298
heat,0.4,112,1,3,0.14206825976725668,0.26297585502496745,-0.027636662012157157,3.6980657018371748,0.08718232767644452,0.19999999999999996,0.0,0.8944271909999159,0.0,0.3345882631413051,0.0,2.5441541355743724,-1.1102230246251565e-16,0.3345857341995955,2.197021212588317e-12,2.5442267644713477,1.514188774365266e-11,no_fit,0.5663309270828946
heat,0.4,112,2,0,0.040705740451812744,0.33270714588527883,-0.009745834942266333,2.6166171110091585,-0.039402293283781975,0.19999999999999996,0.0,0.8944271909999159,0.0,0.3345882631413051,0.0,2.5441541355743724,-1.1102230246251565e-16,0.3345857341995955,2.197021212588317e-12,2.5442267644713477,1.514188774365266e-11,no_fit,0.9578642997014944
heat,0.4,112,2,1,0.03847757796756923,0.3449744473994996,-0.0038674919707596045,2.486741355303448,-0.031551022174829635,0.19999999999999996,0.0,0.8944271909999159,0.0,0.3345882631413051,0.0,2.5441541355743724,-1.1102230246251565e-16,0.3345857341995955,2.197021212588317e-12,2.5442267644713477,1.514188774365266e-11,no_fit,0.9246067031130402
heat,0.4,112,2,2,0.00311996485106647,0.3296258205025353,-0.015345085093097443,2.7737291922726306,-0.08974493899208713,0.19999999999999996,0.0,0.8944271909999159,0.0,0.3345882631413051,0.0,2.5441541355743724,-1.1102230246251565e-16,0.3345857341995955,2.197021212588317e-12,2.5442267644713477,1.514188774365266e-11,no_fit,0.8950381751096405
heat,0.4,112,2,3,0.1198978740721941,0.33642898666522114,0.02059798050710245,2.5372236874465055,0.026723411911890538,0.19999999999999996,0.0,0.8944271909999159,0.0,0.3345882631413051,0.0,2.5441541355743724,-1.1102230246251565e-16,0.3345857341995955,2.197021212588317e-12,2.5442267644713477,1.514188774365266e-11,acf_or_spectral,0.9967006804582884
heat,0.4,112,3,0,0.005192166659981012,0.3528119395037936,0.022085329569217767,2.6147140273398657,0.05745749161015956,0.19999999999999996,0.0,0.8944271909999159,0.0,0.3345882631413051,0.0,2.5441541355743724,-1.1102230246251565e-16,0.3345857341995955,2.197021212588317e-12,2.5442267644713477,1.514188774365266e-11,no_fit,0.9117894093096716
heat,0.4,112,3,1,0.0007030883643892594,0.3422600376483784,0.007922394289993672,2.6212482542949718,0.034487378364097876,0.19999999999999996,0.0,0.8944271909999159,0.0,0.3345882631413051,0.0,2.5441541355743724,-1.1102230246251565e-16,0.3345857341995955,2.197021212588317e-12,2.5442267644713477,1.514188774365266e-11,no_fit,0.9067532877109888
heat,0.4,112,3,2,0.0006289796692726668,0.34635462791274874,-0.24165863548054314,2.6326653339384523,-0.9431553684349099,0.19999999999999996,0.0,0.8944271909999159,0.0,0.3345882631413051,0.0,2.5441541355743724,-1.1102230246251565e-16,0.3345857341995955,2.197021212588317e-12,2.5442267644713477,1.514188774365266e-11,no_fit,0.8335583304321393
heat,0.4,112,3,3,0.00017140122417913517,0.35298657413268925,0.11723499688659854,2.8613823884299956,0.7697160209037746,0.19999999999999996,0.0,0.8944271909999159,0.0,0.3345882631413051,0.0,2.5441541355743724,-1.1102230246251565e-16,0.3345857341995955,2.197021212588317e-12,2.5442267644713477,1.514188774365266e-11,no_fit,0.7572486022802906
heat,0.4,113,0,0,0.21051042526960373,0.26521368357586556,-0.007618897751977333,3.578548152471016,-0.024555448438855043,0.19999999999999996,0.0,0.8944271909999159,0.0,0.3345882631413051,0.0,2.5441541355743724,-1.1102230246251565e-16,0.3345857341995955,2.197021212588317e-12,2.5442267644713477,1.514188774365266e-11,no_fit,0.5710885515877905
heat,0.4,113,0,1,0.11775966268032789,0.3278634260915332,-0.004801105482005972,2.65693884350087,0.0024703528592518453,0.19999999999999996,0.0,0.8944271909999159,0.0,0.3345882631413051,0.0,2.5441541355743724,-1.1102230246251565e-16,0.3345857341995955,2.197021212588317e-12,2.5442267644713477,1.514188774365266e-11,no_fit,0.9989637373519168
heat,0.4,113,0,2,0.12801173608750105,0.33070842376250603,0.0005955659163451339,2.611699070776164,-0.019776429593684863,0.19999999999999996,0.0,0.8944271909999159,0.0,0.3345882631413051,0.0,2.5441541355743724,-1.1102230246251565e-16,0.3345857341995955,2.197021212588317e-12,2.5442267644713477,1.514188774365266e-11,no_fit,0.9996459067804808
heat,0.4,113,0,3,0.13206435460597277,0.33664907336242705,-0.007876810265629298,2.556048823841183,-0.04573150807555776,0.19999999999999996,0.0,0.8944271909999159,0.0,0.3345882631413051,0.0,2.5441541355743724,-1.1102230246251565e-16,0.3345857341995955,2.197021212588317e-12,2.5442267644713477,1.514188774365266e-11,acf_or_spectral,0.999588982708025
heat,0.4,113,1,0,0.1424557827413082,0.3350874825779329,0.0008825521779947226,2.5744609847535,0.0014718679562805703,0.19999999999999996,0.0,0.8944271909999159,0.0,0.3345882631413051,0.0,2.5441541355743724,-1.1102230246251565e-16,0.3345857341995955,2.197021212588317e-12,2.5442267644713477,1.514188774365266e-11,ungated,0.9999425493276184
heat,0.4,113,1,1,0.0845318241044879,0.3343210637622586,-0.008155815388315384,2.582743066358924,-0.02206539047855871,0.19999999999999996,0.0,0.8944271909999159,0.0,0.3345882631413051,0.0,2.5441541355743724,-1.1102230246251565e-16,0.3345857341995955,2.197021212588317e-12,2.5442267644713477,1.514188774365266e-11,no_fit,0.9880531861038554
heat,0.4,113,1,2,0.06159147247672081,0.33136699648056395,0.008666868224420221,2.5995963903753756,0.0350059818542357,0.19999999999999996,0.0,0.8944271909999159,0.0,0.3345882631413051,0.0,2.5441541355743724,-1.1102230246251565e-16,0.3345857341995955,2.197021212588317e-12,2.5442267644713477,1.514188774365266e-11,no_fit,0.9732171939025004
heat,0.4,113,1,3,0.12165610771626234,0.3333394980220365,-0.007157616534846665,2.589911191106269,-0.05292954530597904,0.19999999999999996,0.0,0.8944271909999159,0.0,0.3345882631413051,0.0,2.5441541355743724,-1.1102230246251565e-16,0.3345857341995955,2.197021212588317e-12,2.5442267644713477,1.514188774365266e-11,no_fit,0.9989400748978728
heat,0.4,113,2,0,0.12818238325417042,0.3335608267971356,0.0049294812614348645,2.5943218641376014,0.04457752417328564,0.19999999999999996,0.0,0.8944271909999159,0.0,0.3345882631413051,0.0,2.5441541355743724,-1.1102230246251565e-16,0.3345857341995955,2.197021212588317e-12,2.5442267644713477,1.514188774365266e-11,no_fit,0.9991996926639256
heat,0.4,113,2,1,0.0019032333075301722,0.3383113829495862,-0.007028181905106911,2.720490656007718,0.02535985445342248,0.19999999999999996,0.0,0.8944271909999159,0.0,0.3345882631413051,0.0,2.5441541355743724,-1.1102230246251565e-16,0.3345857341995955,2.197021212588317e-12,2.5442267644713477,1.514188774365266e-11,no_fit,0.9154861568949616
heat,0.4,113,2,2,0.0002991787132486934,0.36492601499008276,-0.028527379058130704,2.5855023031475692,-0.18887390932897702,0.19999999999999996,0.0,0.8944271909999159,0.0,0.3345882631413051,0.0,2.5441541355743724,-1.1102230246251565e-16,0.3345857341995955,2.197021212588317e-12,2.5442267644713477,1.514188774365266e-11,no_fit,0.7680239788790549
heat,0.4,113,2,3,0.054132798220962286,0.3370616202685868,-0.02235713712117546,2.5330929082432303,-0.0927934971891744,0.19999999999999996,0.0,0.8944271909999159,0.0,0.3345882631413051,0.0,2.5441541355743724,-1.1102230246251565e-16,0.3345857341995955,2.197021212588317e-12,2.5442267644713477,1.514188774365266e-11,no_fit,0.9587807474120869
heat,0.4,113,3,0,0.024297024123370647,0.3314288011122567,-0.01887277690025605,2.6751578694864366,-0.1148109312024414,0.19999999999999996,0.0,0.8944271909999159,0.0,0.3345882631413051,0.0,2.5441541355743724,-1.1102230246251565e-16,0.3345857341995955,2.197021212588317e-12,2.5442267644713477,1.514188774365266e-11,no_fit,0.9541159375970474
heat,0.4,113,3,1,9.86953449455541e-06,0.33167157206866227,-0.028562434711424618,2.9602151187881964,-0.004014388640612654,0.19999999999999996,0.0,0.8944271909999159,0.0,0.3345882631413051,0.0,2.5441541355743724,-1.1102230246251565e-16,0.3345857341995955,2.197021212588317e-12,2.5442267644713477,1.514188774365266e-11,no_fit,0.7340038958374616
heat,0.4,113,3,2,0.00013646930710820016,0.32649970236556924,0.14960024195396038,2.7499091141505647,0.563116900219454,0.19999999999999996,0.0,0.8944271909999159,0.0,0.3345882631413051,0.0,2.5441541355743724,-1.1102230246251565e-16,0.3345857341995955,2.197021212588317e-12,2.5442267644713477,1.514188774365266e-11,no_fit,0.738808132538437
heat,0.4,113,3,3,0.009837795863859355,0.33635153357042014,-0.04527676205016221,2.6816078921705584,-0.20521113033564475,0.19999999999999996,0.0,0.8944271909999159,0.0,0.3345882631413051,0.0,2.5441541355743724,-1.1102230246251565e-16,0.3345857341995955,2.197021212588317e-12,2.5442267644713477,1.514188774365266e-11,no_fit,0.9309135751786186
heat,0.4,114,0,0,0.15626549068838358,0.33562082280016414,-0.022194567080135535,2.5297730798691496,-0.08005123441110884,0.19999999999999996,0.0,0.8944271909999159,0.0,0.3345882631413051,0.0,2.5441541355743724,-1.1102230246251565e-16,0.3345857341995955,2.197021212588317e-12,2.5442267644713477,1.514188774365266e-11,no_fit,0.998872152197388
heat,0.4,114,0,1,0.12863725889474154,0.33379045773462623,-0.02628865584686934,2.5646987759376363,-0.1136244485493948,0.19999999999999996,0.0,0.8944271909999159,0.0,0.3345882631413051,0.0,2.5441541355743724,-1.1102230246251565e-16,0.3345857341995955,2.197021212588317e-12,2.5442267644713477,1.514188774365266e-11,no_fit,0.9991648865428396
heat,0.4,114,0,2,0.14814276807010174,0.33622933747249606,-0.0005309134701443943,2.537849721800375,0.012312993525260107,0.19999999999999996,0.0,0.8944271909999159,0.0,0.3345882631413051,0.0,2.5441541355743724,-1.1102230246251565e-16,0.3345857341995955,2.197021212588317e-12,2.5442267644713477,1.514188774365266e-11,acf_or_spectral,0.9995572793684376
heat,0.4,114,0,3,0.13233771547675133,0.33343846992604487,0.01272842464446528,2.5620704925228015,0.055189887100699164,0.19999999999999996,0.0,0.8944271909999159,0.0,0.3345882631413051,0.0,2.5441541355743724,-1.1102230246251565e-16,0.3345857341995955,2.197021212588317e-12,2.5442267644713477,1.514188774365266e-11,no_fit,0.9994500186532826
heat,0.4,114,1,0,0.1360481884330511,0.33390877169345257,-0.02115626962245283,2.5723328288944636,-0.0705775228379012,0.19999999999999996,0.0,0.8944271909999159,0.0,0.3345882631413051,0.0,2.5441541355743724,-1.1102230246251565e-16,0.3345857341995955,2.197021212588317e-12,2.5442267644713477,1.514188774365266e-11,no_fit,0.9995595840130274
heat,0.4,114,1,1,0.13729111291468143,0.33383032141626046,0.015000330967510606,2.5716849202514314,0.04777818381156196,0.19999999999999996,0.0,0.8944271909999159,0.0,0.3345882631413051,0.0,2.5441541355743724,-1.1102230246251565e-16,0.3345857341995955,2.197021212588317e-12,2.5442267644713477,1.514188774365266e-11,ungated,0.999800783285493
heat,0.4,114,1,2,0.1586182862520218,0.3347082549503161,-0.0024649083532113296,2.56559218463314,-0.014572155815109011,0.19999999999999996,0.0,0.8944271909999159,0.0,0.3345882631413051,0.0,2.5441541355743724,-1.1102230246251565e-16,0.3345857341995955,2.197021212588317e-12,2.5442267644713477,1.514188774365266e-11,acf_or_spectral,0.9994779098640424
heat,0.4,114,1,3,0.15130241960287094,0.33496926942705524,0.017367416770539164,2.5598709361027514,0.05850728453725901,0.19999999999999996,0.0,0.8944271909999159,0.0,0.3345882631413051,0.0,2.5441541355743724,-1.1102230246251565e-16,0.3345857341995955,2.197021212588317e-12,2.5442267644713477,1.514188774365266e-11,ungated,0.9997492315424618
heat,0.4,114,2,0,0.0008335682796314359,0.35792133674450466,-0.1474340887270954,2.4335670058209473,-0.2780078291445173,0.19999999999999996,0.0,0.8944271909999159,0.0,0.3345882631413051,0.0,2.5441541355743724,-1.1102230246251565e-16,0.3345857341995955,2.197021212588317e-12,2.5442267644713477,1.514188774365266e-11,no_fit,0.9044563215101707
heat,0.4,114,2,1,0.00029521677788579836,0.32918711484330154,-0.007534458849208646,3.101103323789114,-0.309385747647802,0.19999999999999996,0.0,0.8944271909999159,0.0,0.3345882631413051,0.0,2.5441541355743724,-1.1102230246251565e-16,0.3345857341995955,2.197021212588317e-12,2.5442267644713477,1.514188774365266e-11,no_fit,0.8914707722232534
heat,0.4,114,2,2,0.00039674771687714383,0.356337629403214,0.05876827907619693,2.8410467040573115,0.19985823583814954,0.19999999999999996,0.0,0.8944271909999159,0.0,0.3345882631413051,0.0,2.5441541355743724,-1.1102230246251565e-16,0.3345857341995955,2.197021212588317e-12,2.5442267644713477,1.514188774365266e-11,no_fit,0.826644958855194
heat,0.4,114,2,3,0.0011139363778056577,0.3506272616753885,0.14702389912256403,2.6567419530819274,0.5710936473800321,0.19999999999999996,0.0,0.8944271909999159,0.0,0.3345882631413051,0.0,2.5441541355743724,-1.1102230246251565e-16,0.3345857341995955,2.197021212588317e-12,2.5442267644713477,1.514188774365266e-11,no_fit,0.8776463004324396
heat,0.4,114,3,0,0.0002792167269944912,0.3652155470493227,0.06264536303737218,2.32555922736595,0.18479130096198249,0.19999999999999996,0.0,0.8944271909999159,0.0,0.3345882631413051,0.0,2.5441541355743724,-1.1102230246251565e-16,0.3345857341995955,2.197021212588317e-12,2.5442267644713477,1.514188774365266e-11,acf_or_spectral,0.8205028636738644
heat,0.4,114,3,1,0.010106235858984292,0.33851510757179953,0.008006739965503891,2.5863534299032445,0.009994182249542793,0.19999999999999996,0.0,0.8944271909999159,0.0,0.3345882631413051,0.0,2.5441541355743724,-1.1102230246251565e-16,0.3345857341995955,2.197021212588317e-12,2.5442267644713477,1.514188774365266e-11,no_fit,0.9290015274160786
heat,0.4,114,3,2,0.0005537331780942623,0.3361399787218027,-0.01213955547485196,2.755679081652795,-0.10058000046081383,0.19999999999999996,0.0,0.8944271909999159,0.0,0.3345882631413051,0.0,2.5441541355743724,-1.1102230246251565e-16,0.3345857341995955,2.197021212588317e-12,2.5442267644713477,1.514188774365266e-11,no_fit,0.8982866369343355
heat,0.4,114,3,3,0.027599029475823045,0.33321202528866395,0.003973683966352332,2.6256610321944183,0.004411477540471831,0.19999999999999996,0.0,0.8944271909999159,0.0,0.3345882631413051,0.0,2.5441541355743724,-1.1102230246251565e-16,0.3345857341995955,2.197021212588317e-12,2.5442267644713477,1.514188774365266e-11,no_fit,0.9541679136881686
heat,0.4,115,0,0,0.13385196216404438,0.33436804280864263,0.0013928889148260557,2.562849574174935,0.006969057374126342,0.19999999999999996,0.0,0.8944271909999159,0.0,0.3345882631413051,0.0,2.5441541355743724,-1.1102230246251565e-16,0.3345857341995955,2.197021212588317e-12,2.5442267644713477,1.514188774365266e-11,acf_or_spectral,0.998903925535134
heat,0.4,115,0,1,0.08084069285541773,0.33110919022984986,-0.004832201702917459,2.624274604842289,-0.007945850761352458,0.19999999999999996,0.0,0.8944271909999159,0.0,0.3345882631413051,0.0,2.5441541355743724,-1.1102230246251565e-16,0.3345857341995955,2.197021212588317e-12,2.5442267644713477,1.514188774365266e-11,no_fit,0.990278487521433
heat,0.4,115,0,2,0.14022581465542316,0.3334278713001078,-0.001892632935199432,2.5819664979835832,0.02241048300296533,0.19999999999999996,0.0,0.8944271909999159,0.0,0.3345882631413051,0.0,2.5441541355743724,-1.1102230246251565e-16,0.3345857341995955,2.197021212588317e-12,2.5442267644713477,1.514188774365266e-11,ungated,0.9996997710868668
heat,0.4,115,0,3,0.3124586008489132,0.3324152243509281,-0.005973826902277108,2.5751292458588146,-0.01804196238908823,0.19999999999999996,0.0,0.8944271909999159,0.0,0.3345882631413051,0.0,2.5441541355743724,-1.1102230246251565e-16,0.3345857341995955,2.197021212588317e-12,2.5442267644713477,1.514188774365266e-11,no_fit,0.9349509123736564
heat,0.4,115,1,0,6.553476481485632e-06,0.42095140743458703,-0.13162482688537713,2.511573832802264,-0.0665564662808612,0.19999999999999996,0.0,0.8944271909999159,0.0,0.3345882631413051,0.0,2.5441541355743724,-1.1102230246251565e-16,0.3345857341995955,2.197021212588317e-12,2.5442267644713477,1.514188774365266e-11,no_fit,0.6886295668008731
heat,0.4,115,1,1,0.09224814642220736,0.3355728967586282,-0.010738065895832245,2.6028813606069345,-0.02153607345281272,0.19999999999999996,0.0,0.8944271909999159,0.0,0.3345882631413051,0.0,2.5441541355743724,-1.1102230246251565e-16,0.3345857341995955,2.197021212588317e-12,2.5442267644713477,1.514188774365266e-11,no_fit,0.9947103695038316
heat,0.4,115,1,2,0.13687113637570292,0.27449042112889616,0.05108296990824658,3.5784244260932283,0.013257666877245722,0.19999999999999996,0.0,0.8944271909999159,0.0,0.3345882631413051,0.0,2.5441541355743724,-1.1102230246251565e-16,0.3345857341995955,2.197021212588317e-12,2.5442267644713477,1.514188774365266e-11,no_fit,0.590447387841902
heat,0.4,115,1,3,0.15744225960224867,0.33711113406637233,0.0014890802538499778,2.5116120914714166,0.06072354905423699,0.19999999999999996,0.0,0.8944271909999159,0.0,0.3345882631413051,0.0,2.5441541355743724,-1.1102230246251565e-16,0.3345857341995955,2.197021212588317e-12,2.5442267644713477,1.514188774365266e-11,no_fit,0.99900809740466
heat,0.4,115,2,0,0.04441732307896018,0.33110185729840363,0.006152732352962834,2.667834766565015,0.0342245189846776,0.19999999999999996,0.0,0.8944271909999159,0.0,0.3345882631413051,0.0,2.5441541355743724,-1.1102230246251565e-16,0.3345857341995955,2.197021212588317e-12,2.5442267644713477,1.514188774365266e-11,no_fit,0.9763784930554495
heat,0.4,115,2,1,0.009611476969439536,0.3282669695962347,0.006700966552749848,2.7362281606670744,0.05262858438611295,0.19999999999999996,0.0,0.8944271909999159,0.0,0.3345882631413051,0.0,2.5441541355743724,-1.1102230246251565e-16,0.3345857341995955,2.197021212588317e-12,2.5442267644713477,1.514188774365266e-11,no_fit,0.9231675096514682
heat,0.4,115,2,2,0.1394823743030429,0.3309877183457722,0.005091951490615935,2.6046227142533676,0.02239476843323457,0.19999999999999996,0.0,0.8944271909999159,0.0,0.3345882631413051,0.0,2.5441541355743724,-1.1102230246251565e-16,0.3345857341995955,2.197021212588317e-12,2.5442267644713477,1.514188774365266e-11,ungated,0.9997052442795448
heat,0.4,115,2,3,0.02088955813087523,0.3347769043776537,-0.011833933302540891,2.6455614941555825,-0.04627901732779227,0.19999999999999996,0.0,0.8944271909999159,0.0,0.3345882631413051,0.0,2.5441541355743724,-1.1102230246251565e-16,0.3345857341995955,2.197021212588317e-12,2.5442267644713477,1.514188774365266e-11,no_fit,0.9466448924167332
heat,0.4,115,3,0,0.04247246542945504,0.3372583957530063,0.0053515460408072035,2.543724095733104,0.028046323317592214,0.19999999999999996,0.0,0.8944271909999159,0.0,0.3345882631413051,0.0,2.5441541355743724,-1.1102230246251565e-16,0.3345857341995955,2.197021212588317e-12,2.5442267644713477,1.514188774365266e-11,acf_or_spectral,0.9616624793491648
heat,0.4,115,3,1,0.0072563294670544565,0.33111901183664993,-0.05440277536079191,2.7089691825167117,-0.180172021016279,0.19999999999999996,0.0,0.8944271909999159,0.0,0.3345882631413051,0.0,2.5441541355743724,-1.1102230246251565e-16,0.3345857341995955,2.197021212588317e-12,2.5442267644713477,1.514188774365266e-11,no_fit,0.9211597075025963
heat,0.4,115,3,2,0.0021240098867565393,0.34318498587323615,-0.018975486757926718,2.700115234024192,-0.07987736546995139,0.19999999999999996,0.0,0.8944271909999159,0.0,0.3345882631413051,0.0,2.5441541355743724,-1.1102230246251565e-16,0.3345857341995955,2.197021212588317e-12,2.5442267644713477,1.514188774365266e-11,no_fit,0.9092945097842396
heat,0.4,115,3,3,3.5044029345954186e-05,0.3383135284967259,-0.07913351521206777,2.9176922231692237,-0.3565767290686547,0.19999999999999996,0.0,0.8944271909999159,0.0,0.3345882631413051,0.0,2.5441541355743724,-1.1102230246251565e-16,0.3345857341995955,2.197021212588317e-12,2.5442267644713477,1.514188774365266e-11,no_fit,0.7463718397644332
heat,0.4,116,0,0,0.12461042683571577,0.3324629284426306,0.00046041272094490707,2.5984566002069047,0.0032953803307393947,0.19999999999999996,0.0,0.8944271909999159,0.0,0.3345882631413051,0.0,2.5441541355743724,-1.1102230246251565e-16,0.3345857341995955,2.197021212588317e-12,2.5442267644713477,1.514188774365266e-11,no_fit,0.999044493325218
heat,0.4,116,0,1,0.11833550781011581,0.3309703573728433,0.00041403374329120404,2.621128524870288,-0.009153121917444551,0.19999999999999996,0.0,0.8944271909999159,0.0,0.3345882631413051,0.0,2.5441541355743724,-1.1102230246251565e-16,0.3345857341995955,2.197021212588317e-12,2.5442267644713477,1.514188774365266e-11,no_fit,0.9991419877440176
heat,0.4,116,0,2,0.12901573907583952,0.33375179356214174,0.006098425892437059,2.5735964840846357,0.013303222318667929,0.19999999999999996,0.0,0.8944271909999159,0.0,0.3345882631413051,0.0,2.5441541355743724,-1.1102230246251565e-16,0.3345857341995955,2.197021212588317e-12,2.5442267644713477,1.514188774365266e-11,no_fit,0.9990272612387808
heat,0.4,116,0,3,0.186518806964159,0.3324730374117552,-0.015170815400734316,2.5835469892234486,-0.07459853658588211,0.19999999999999996,0.0,0.8944271909999159,0.0,0.3345882631413051,0.0,2.5441541355743724,-1.1102230246251565e-16,0.3345857341995955,2.197021212588317e-12,2.5442267644713477,1.514188774365266e-11,no_fit,0.994751302265272
heat,0.4,116,1,0,0.14631773252040148,0.3343058141543008,0.01306827326430924,2.5692370257067565,0.06993240404121082,0.19999999999999996,0.0,0.8944271909999159,0.0,0.3345882631413051,0.0,2.5441541355743724,-1.1102230246251565e-16,0.3345857341995955,2.197021212588317e-12,2.5442267644713477,1.514188774365266e-11,ungated,0.999825069205912
heat,0.4,116,1,1,0.108656145632267,0.33244712243863467,0.006804002008019869,2.579950276864955,0.01599510264317111,0.19999999999999996,0.0,0.8944271909999159,0.0,0.3345882631413051,0.0,2.5441541355743724,-1.1102230246251565e-16,0.3345857341995955,2.197021212588317e-12,2.5442267644713477,1.514188774365266e-11,no_fit,0.9953903547582076
heat,0.4,116,1,2,0.13160156458616257,0.33429565487063223,0.015447722971246103,2.564611787468913,0.06644631572320459,0.19999999999999996,0.0,0.8944271909999159,0.0,0.3345882631413051,0.0,2.5441541355743724,-1.1102230246251565e-16,0.3345857341995955,2.197021212588317e-12,2.5442267644713477,1.514188774365266e-11,no_fit,0.9992306682020176
heat,0.4,116,1,3,0.09958628099411726,0.3345783675738635,-0.00836144653750043,2.538029264079826,-0.03878596039809418,0.19999999999999996,0.0,0.8944271909999159,0.0,0.3345882631413051,0.0,2.5441541355743724,-1.1102230246251565e-16,0.3345857341995955,2.197021212588317e-12,2.5442267644713477,1.514188774365266e-11,acf_or_spectral,0.9860447994719932
heat,0.4,116,2,0,0.12344442214816809,0.33743123499727184,-0.0008462191451309598,2.503199202725405,-0.004445570615664585,0.19999999999999996,0.0,0.8944271909999159,0.0,0.3345882631413051,0.0,2.5441541355743724,-1.1102230246251565e-16,0.3345857341995955,2.197021212588317e-12,2.5442267644713477,1.514188774365266e-11,no_fit,0.9911768778819632
heat,0.4,116,2,1,0.022980057052336633,0.38020834814407545,0.011575828164302157,2.237363622492041,0.0610185443017483,0.19999999999999996,0.0,0.8944271909999159,0.0,0.3345882631413051,0.0,2.5441541355743724,-1.1102230246251565e-16,0.3345857341995955,2.197021212588317e-12,2.5442267644713477,1.514188774365266e-11,acf_or_spectral,0.9480528088226622
heat,0.4,116,2,2,0.1318732714280486,0.3365912338422144,-0.003423366859073875,2.5359813862971605,-0.04310029516197378,0.19999999999999996,0.0,0.8944271909999159,0.0,0.3345882631413051,0.0,2.5441541355743724,-1.1102230246251565e-16,0.3345857341995955,2.197021212588317e-12,2.5442267644713477,1.514188774365266e-11,acf_or_spectral,0.9985116009202454
heat,0.4,116,2,3,0.14952961821109056,0.33594163980797453,-0.010435473249200865,2.5409216575712485,-0.03343103432221739,0.19999999999999996,0.0,0.8944271909999159,0.0,0.3345882631413051,0.0,2.5441541355743724,-1.1102230246251565e-16,0.3345857341995955,2.197021212588317e-12,2.5442267644713477,1.514188774365266e-11,acf_or_spectral,0.9996166243951216
heat,0.4,116,3,0,0.05234566796571016,0.33526511252790636,0.02334953752597403,2.6058426774298526,0.0556419573782625,0.19999999999999996,0.0,0.8944271909999159,0.0,0.3345882631413051,0.0,2.5441541355743724,-1.1102230246251565e-16,0.3345857341995955,2.197021212588317e-12,2.5442267644713477,1.514188774365266e-11,no_fit,0.9759409123902943
heat,0.4,116,3,1,6.380391198490543e-06,0.33525111542762875,-0.009512133757431292,2.9466823621231413,-0.07717445553869462,0.19999999999999996,0.0,0.8944271909999159,0.0,0.3345882631413051,0.0,2.5441541355743724,-1.1102230246251565e-16,0.3345857341995955,2.197021212588317e-12,2.5442267644713477,1.514188774365266e-11,no_fit,0.7466041254153852
heat,0.4,116,3,2,0.010839073918759823,0.34362957261662247,-0.0015089276664705066,2.6440515252053167,0.08567793488553832,0.19999999999999996,0.0,0.8944271909999159,0.0,0.3345882631413051,0.0,2.5441541355743724,-1.1102230246251565e-16,0.3345857341995955,2.197021212588317e-12,2.5442267644713477,1.514188774365266e-11,no_fit,0.9450403227417788
heat,0.4,116,3,3,4.014417959297134e-05,0.3494541097194069,0.10122015346888878,2.7290234460166634,0.5824231635012012,0.19999999999999996,0.0,0.8944271909999159,0.0,0.3345882631413051,0.0,2.5441541355743724,-1.1102230246251565e-16,0.3345857341995955,2.197021212588317e-12,2.5442267644713477,1.514188774365266e-11,no_fit,0.8105956619634067
heat,0.4,117,0,0,0.14923069812357426,0.3320294178226109,0.0017843267310777772,2.613492329062533,0.013618552153464414,0.19999999999999996,0.0,0.8944271909999159,0.0,0.3345882631413051,0.0,2.5441541355743724,-1.1102230246251565e-16,0.3345857341995955,2.197021212588317e-12,2.5442267644713477,1.514188774365266e-11,no_fit,0.998161566981966
heat,0.4,117,0,1,0.13850928377360106,0.33371939565944714,-0.014758096007118924,2.575399142937255,-0.04214747622682763,0.19999999999999996,0.0,0.8944271909999159,0.0,0.3345882631413051,0.0,2.5441541355743724,-1.1102230246251565e-16,0.3345857341995955,2.197021212588317e-12,2.5442267644713477,1.514188774365266e-11,no_fit,0.998852592114408
heat,0.4,117,0,2,0.31687583425082266,0.27177803565931546,0.0025175454137136995,3.58988983126457,-0.016932512271226496,0.19999999999999996,0.0,0.8944271909999159,0.0,0.3345882631413051,0.0,2.5441541355743724,-1.1102230246251565e-16,0.3345857341995955,2.197021212588317e-12,2.5442267644713477,1.514188774365266e-11,no_fit,0.5577073542934031
heat,0.4,117,0,3,0.16156848706305027,0.33059195693802845,0.000766909970552495,2.6383561006113547,-0.029369924663788627,0.19999999999999996,0.0,0.8944271909999159,0.0,0.3345882631413051,0.0,2.5441541355743724,-1.1102230246251565e-16,0.3345857341995955,2.197021212588317e-12,2.5442267644713477,1.514188774365266e-11,no_fit,0.9970904989777252
heat,0.4,117,1,0,0.17710647359490395,0.34789299952687563,-0.017097949001375845,2.2891938677665102,-0.09777649314999692,0.19999999999999996,0.0,0.8944271909999159,0.0,0.3345882631413051,0.0,2.5441541355743724,-1.1102230246251565e-16,0.3345857341995955,2.197021212588317e-12,2.5442267644713477,1.514188774365266e-11,acf_or_spectral,0.9782936940877668
heat,0.4,117,1,1,0.28018500842154026,0.2694749715509902,-0.032189083268509465,3.3489836358717118,-0.03147290509698775,0.19999999999999996,0.0,0.8944271909999159,0.0,0.3345882631413051,0.0,2.5441541355743724,-1.1102230246251565e-16,0.3345857341995955,2.197021212588317e-12,2.5442267644713477,1.514188774365266e-11,no_fit,0.6952104935034848
heat,0.4,117,1,2,0.14927908591926098,0.33359856474988747,-0.012319016142484374,2.5374421266233154,-0.0038479180352258835,0.19999999999999996,0.0,0.8944271909999159,0.0,0.3345882631413051,0.0,2.5441541355743724,-1.1102230246251565e-16,0.3345857341995955,2.197021212588317e-12,2.5442267644713477,1.514188774365266e-11,acf_or_spectral,0.9982342605123424
heat,0.4,117,1,3,0.04053885745815933,0.3364572079929937,-0.046390031111318106,2.5173014894703534,-0.269286308074741,0.19999999999999996,0.0,0.8944271909999159,0.0,0.3345882631413051,0.0,2.5441541355743724,-1.1102230246251565e-16,0.3345857341995955,2.197021212588317e-12,2.5442267644713477,1.514188774365266e-11,no_fit,0.9453455298284104
heat,0.4,117,2,0,0.030719446251168847,0.3317164417684136,-0.023774791319401755,2.6244649103791953,-0.1267409397176274,0.19999999999999996,0.0,0.8944271909999159,0.0,0.3345882631413051,0.0,2.5441541355743724,-1.1102230246251565e-16,0.3345857341995955,2.197021212588317e-12,2.5442267644713477,1.514188774365266e-11,no_fit,0.9570995523120251
heat,0.4,117,2,1,0.15005774796009064,0.33742369497536473,-0.010933417867277327,2.506453433334639,-0.04941623581645055,0.19999999999999996,0.0,0.8944271909999159,0.0,0.3345882631413051,0.0,2.5441541355743724,-1.1102230246251565e-16,0.3345857341995955,2.197021212588317e-12,2.5442267644713477,1.514188774365266e-11,no_fit,0.9972156373701532
heat,0.4,117,2,2,0.09466103836894035,0.3331458418129827,0.0143428886702777,2.587708126545977,0.0684628808566769,0.19999999999999996,0.0,0.8944271909999159,0.0,0.3345882631413051,0.0,2.5441541355743724,-1.1102230246251565e-16,0.3345857341995955,2.197021212588317e-12,2.5442267644713477,1.514188774365266e-11,no_fit,0.9945179053605896
heat,0.4,117,2,3,0.04707263922318816,0.3345829512201723,-0.0006462799649051407,2.579169490806177,-0.005211958330488875,0.19999999999999996,0.0,0.8944271909999159,0.0,0.3345882631413051,0.0,2.5441541355743724,-1.1102230246251565e-16,0.3345857341995955,2.197021212588317e-12,2.5442267644713477,1.514188774365266e-11,no_fit,0.9616408116846658
heat,0.4,117,3,0,0.0009180242850561626,0.34893548868411534,-0.0263701729767949,2.6169346653016285,-0.11531406930001431,0.19999999999999996,0.0,0.8944271909999159,0.0,0.3345882631413051,0.0,2.5441541355743724,-1.1102230246251565e-16,0.3345857341995955,2.197021212588317e-12,2.5442267644713477,1.514188774365266e-11,no_fit,0.8822000005293399
heat,0.4,117,3,1,0.004263523413101211,0.32130584746994784,0.004336592307328448,2.7570299774347578,-0.027130989911371528,0.19999999999999996,0.0,0.8944271909999159,0.0,0.3345882631413051,0.0,2.5441541355743724,-1.1102230246251565e-16,0.3345857341995955,2.197021212588317e-12,2.5442267644713477,1.514188774365266e-11,no_fit,0.90316963825444
heat,0.4,117,3,2,0.004325198155129328,0.3303907737623768,-0.02593231499403993,2.676025627670508,-0.1202421715342627,0.19999999999999996,0.0,0.8944271909999159,0.0,0.3345882631413051,0.0,2.5441541355743724,-1.1102230246251565e-16,0.3345857341995955,2.197021212588317e-12,2.5442267644713477,1.514188774365266e-11,no_fit,0.8986250536698961
heat,0.4,117,3,3,1.128522649196384e-05,0.3502962828893514,0.004743545613137081,2.620136562540969,0.015162195372989018,0.19999999999999996,0.0,0.8944271909999159,0.0,0.3345882631413051,0.0,2.5441541355743724,-1.1102230246251565e-16,0.3345857341995955,2.197021212588317e-12,2.5442267644713477,1.514188774365266e-11,no_fit,0.6480880615615391
heat,0.4,118,0,0,0.14083043206483126,0.33170154863666246,0.00366483477555813,2.6103985774390894,0.005757232929621436,0.19999999999999996,0.0,0.8944271909999159,0.0,0.3345882631413051,0.0,2.5441541355743724,-1.1102230246251565e-16,0.3345857341995955,2.197021212588317e-12,2.5442267644713477,1.514188774365266e-11,ungated,0.99984822321445
heat,0.4,118,0,1,0.13104977924376726,0.3356988255911621,0.0026868967551540502,2.5679937679485767,0.007624201064418468,0.19999999999999996,0.0,0.8944271909999159,0.0,0.3345882631413051,0.0,2.5441541355743724,-1.1102230246251565e-16,0.3345857341995955,2.197021212588317e-12,2.5442267644713477,1.514188774365266e-11,acf_or_spectral,0.9994226934923336
heat,0.4,118,0,2,0.47462010011076927,0.3002451581942028,-0.02001636726707033,3.033489641082034,-0.0431430509838544,0.19999999999999996,0.0,0.8944271909999159,0.0,0.3345882631413051,0.0,2.5441541355743724,-1.1102230246251565e-16,0.3345857341995955,2.197021212588317e-12,2.5442267644713477,1.514188774365266e-11,no_fit,0.6913725180164456
heat,0.4,118,0,3,0.15184844844043255,0.33483503176681817,0.007098560146125707,2.5642078499085956,-0.0034097119690677524,0.19999999999999996,0.0,0.8944271909999159,0.0,0.3345882631413051,0.0,2.5441541355743724,-1.1102230246251565e-16,0.3345857341995955,2.197021212588317e-12,2.5442267644713477,1.514188774365266e-11,acf_or_spectral,0.999468391734254
heat,0.4,118,1,0,0.2599311377853155,0.33167652609185805,0.005314219823430177,2.572740409243186,0.04178074718121272,0.19999999999999996,0.0,0.8944271909999159,0.0,0.3345882631413051,0.0,2.5441541355743724,-1.1102230246251565e-16,0.3345857341995955,2.197021212588317e-12,2.5442267644713477,1.514188774365266e-11,no_fit,0.9764720880570494
heat,0.4,118,1,1,2.5448589667576016e-05,0.4153306559350371,0.03735666598665047,2.7747933669652616,0.2772710280283651,0.19999999999999996,0.0,0.8944271909999159,0.0,0.3345882631413051,0.0,2.5441541355743724,-1.1102230246251565e-16,0.3345857341995955,2.197021212588317e-12,2.5442267644713477,1.514188774365266e-11,no_fit,0.870624628870871
heat,0.4,118,1,2,0.18834052421152592,0.3303919805088517,-0.0021415913021670136,2.596530878265559,-0.01402240344265393,0.19999999999999996,0.0,0.8944271909999159,0.0,0.3345882631413051,0.0,2.5441541355743724,-1.1102230246251565e-16,0.3345857341995955,2.197021212588317e-12,2.5442267644713477,1.514188774365266e-11,no_fit,0.9948945111126186
heat,0.4,118,1,3,0.14578843861818314,0.337617968146593,-0.0026084336298063623,2.5389442001719935,-0.004804344656439419,0.19999999999999996,0.0,0.8944271909999159,0.0,0.3345882631413051,0.0,2.5441541355743724,-1.1102230246251565e-16,0.3345857341995955,2.197021212588317e-12,2.5442267644713477,1.514188774365266e-11,acf_or_spectral,0.9994642059678346
heat,0.4,118,2,0,0.10052678734064102,0.3333035483077678,-0.0033250697385768017,2.5734872233620667,0.02327002299133074,0.19999999999999996,0.0,0.8944271909999159,0.0,0.3345882631413051,0.0,2.5441541355743724,-1.1102230246251565e-16,0.3345857341995955,2.197021212588317e-12,2.5442267644713477,1.514188774365266e-11,no_fit,0.9910395516190884
heat,0.4,118,2,1,4.478146195197041e-06,0.32582198418770725,-0.019297591961010097,3.151197655419518,0.24530239959108602,0.19999999999999996,0.0,0.8944271909999159,0.0,0.3345882631413051,0.0,2.5441541355743724,-1.1102230246251565e-16,0.3345857341995955,2.197021212588317e-12,2.5442267644713477,1.514188774365266e-11,no_fit,0.6979185248680867
heat,0.4,118,2,2,0.024108807323500514,0.3474644995206898,0.021607072534645267,2.5104824159274424,0.05826234327349178,0.19999999999999996,0.0,0.8944271909999159,0.0,0.3345882631413051,0.0,2.5441541355743724,-1.1102230246251565e-16,0.3345857341995955,2.197021212588317e-12,2.5442267644713477,1.514188774365266e-11,no_fit,0.9525292003785428
heat,0.4,118,2,3,0.08518906962126493,0.3375825219677183,-0.011001209290650288,2.498888131847902,-0.06379010534555168,0.19999999999999996,0.0,0.8944271909999159,0.0,0.3345882631413051,0.0,2.5441541355743724,-1.1102230246251565e-16,0.3345857341995955,2.197021212588317e-12,2.5442267644713477,1.514188774365266e-11,no_fit,0.980686992130999
heat,0.4,118,3,0,0.02303713164292276,0.33462027449995185,0.0006862099707893193,2.630051958416996,0.02544016762174317,0.19999999999999996,0.0,0.8944271909999159,0.0,0.3345882631413051,0.0,2.5441541355743724,-1.1102230246251565e-16,0.3345857341995955,2.197021212588317e-12,2.5442267644713477,1.514188774365266e-11,no_fit,0.9498982498879576
heat,0.4,118,3,1,0.005798650672659278,0.3280994443946809,0.0037500927138157626,2.774040718893136,0.09660520180373322,0.19999999999999996,0.0,0.8944271909999159,0.0,0.3345882631413051,0.0,2.5441541355743724,-1.1102230246251565e-16,0.3345857341995955,2.197021212588317e-12,2.5442267644713477,1.514188774365266e-11,no_fit,0.9293646792118668
heat,0.4,118,3,2,0.0006093433403293602,0.40019199408092243,0.08056329292554874,2.483984546004492,0.18007726223648618,0.19999999999999996,0.0,0.8944271909999159,0.0,0.3345882631413051,0.0,2.5441541355743724,-1.1102230246251565e-16,0.3345857341995955,2.197021212588317e-12,2.5442267644713477,1.514188774365266e-11,no_fit,0.8661772937767229
heat,0.4,118,3,3,0.06926344567909837,0.33542659586215495,0.008447400918827747,2.5906522699507644,-0.006205061610088547,0.19999999999999996,0.0,0.8944271909999159,0.0,0.3345882631413051,0.0,2.5441541355743724,-1.1102230246251565e-16,0.3345857341995955,2.197021212588317e-12,2.5442267644713477,1.514188774365266e-11,no_fit,0.983625085681504
heat,0.4,119,0,0,0.14736779034137726,0.33612335570552476,-0.004208181035285453,2.549662086686583,-0.02723586494413127,0.19999999999999996,0.0,0.8944271909999159,0.0,0.3345882631413051,0.0,2.5441541355743724,-1.1102230246251565e-16,0.3345857341995955,2.197021212588317e-12,2.5442267644713477,1.514188774365266e-11,ungated,0.9997427145977597
heat,0.4,119,0,1,0.136165133677423,0.3347020374600531,0.00713199422711768,2.557171651121842,0.000997071266451488,0.19999999999999996,0.0,0.8944271909999159,0.0,0.3345882631413051,0.0,2.5441541355743724,-1.1102230246251565e-16,0.3345857341995955,2.197021212588317e-12,2.5442267644713477,1.514188774365266e-11,acf_or_spectral,0.9980692027453704
heat,0.4,119,0,2,0.11939189955592155,0.3328184687868437,-0.010023007018445907,2.59220011831321,-0.033294147006496466,0.19999999999999996,0.0,0.8944271909999159,0.0,0.3345882631413051,0.0,2.5441541355743724,-1.1102230246251565e-16,0.3345857341995955,2.197021212588317e-12,2.5442267644713477,1.514188774365266e-11,no_fit,0.9989713718720667
heat,0.4,119,0,3,0.13367665652185678,0.3323535210570711,0.026563065375421305,2.5885214308855797,0.10577796930469885,0.19999999999999996,0.0,0.8944271909999159,0.0,0.3345882631413051,0.0,2.5441541355743724,-1.1102230246251565e-16,0.3345857341995955,2.197021212588317e-12,2.5442267644713477,1.514188774365266e-11,ungated,0.9997801836718342
heat,0.4,119,1,0,0.14724104572087526,0.33473373842362175,0.00550627299374005,2.5507007884395105,0.014368540485890535,0.19999999999999996,0.0,0.8944271909999159,0.0,0.3345882631413051,0.0,2.5441541355743724,-1.1102230246251565e-16,0.3345857341995955,2.197021212588317e-12,2.5442267644713477,1.514188774365266e-11,ungated,0.9998697920399509
heat,0.4,119,1,1,0.14715236704796553,0.33725280016603726,0.04351664785850867,2.530131954677035,0.13241857303664462,0.19999999999999996,0.0,0.8944271909999159,0.0,0.3345882631413051,0.0,2.5441541355743724,-1.1102230246251565e-16,0.3345857341995955,2.197021212588317e-12,2.5442267644713477,1.514188774365266e-11,no_fit,0.9994462285603568
heat,0.4,119,1,2,0.0005569408458541147,0.4134313261914572,0.01344154358688589,2.3151279024870464,-0.02442141272900289,0.19999999999999996,0.0,0.8944271909999159,0.0,0.3345882631413051,0.0,2.5441541355743724,-1.1102230246251565e-16,0.3345857341995955,2.197021212588317e-12,2.5442267644713477,1.514188774365266e-11,no_fit,0.8897973136466999
heat,0.4,119,1,3,0.16207246854901314,0.3325717996507743,0.014356090313959862,2.5671763297772507,-0.001503447903975219,0.19999999999999996,0.0,0.8944271909999159,0.0,0.3345882631413051,0.0,2.5441541355743724,-1.1102230246251565e-16,0.3345857341995955,2.197021212588317e-12,2.5442267644713477,1.514188774365266e-11,no_fit,0.9989531371255876
heat,0.4,119,2,0,0.1433215904980898,0.33428797828180196,0.007388384959042558,2.5626881391178644,0.018175670831054924,0.19999999999999996,0.0,0.8944271909999159,0.0,0.3345882631413051,0.0,2.5441541355743724,-1.1102230246251565e-16,0.3345857341995955,2.197021212588317e-12,2.5442267644713477,1.514188774365266e-11,ungated,0.9998599750770818
heat,0.4,119,2,1,0.01008240005467087,0.3347543384020127,-0.03450525415421952,2.6213434889332645,-0.09777456382732885,0.19999999999999996,0.0,0.8944271909999159,0.0,0.3345882631413051,0.0,2.5441541355743724,-1.1102230246251565e-16,0.3345857341995955,2.197021212588317e-12,2.5442267644713477,1.514188774365266e-11,no_fit,0.9198975876113974
heat,0.4,119,2,2,3.4159843607994844e-05,0.3449076203022002,-0.09731115140905805,2.693482165323162,-0.5362187588653924,0.19999999999999996,0.0,0.8944271909999159,0.0,0.3345882631413051,0.0,2.5441541355743724,-1.1102230246251565e-16,0.3345857341995955,2.197021212588317e-12,2.5442267644713477,1.514188774365266e-11,no_fit,0.7723973250721298
heat,0.4,119,2,3,0.12291990965604782,0.3438607429304799,-0.010876522199464892,2.390865663866846,-0.014063754032223597,0.19999999999999996,0.0,0.8944271909999159,0.0,0.3345882631413051,0.0,2.5441541355743724,-1.1102230246251565e-16,0.3345857341995955,2.197021212588317e-12,2.5442267644713477,1.514188774365266e-11,no_fit,0.9766184294169582
heat,0.4,119,3,0,0.03424041951075196,0.33445627974688447,-0.00813520045510263,2.588564985390903,0.03915772452231908,0.19999999999999996,0.0,0.8944271909999159,0.0,0.3345882631413051,0.0,2.5441541355743724,-1.1102230246251565e-16,0.3345857341995955,2.197021212588317e-12,2.5442267644713477,1.514188774365266e-11,no_fit,0.9622302772628012
heat,0.4,119,3,1,0.0031367915216833353,0.34152449477102587,0.09320033209323683,2.679433164133398,0.2693282504542427,0.19999999999999996,0.0,0.8944271909999159,0.0,0.3345882631413051,0.0,2.5441541355743724,-1.1102230246251565e-16,0.3345857341995955,2.197021212588317e-12,2.5442267644713477,1.514188774365266e-11,no_fit,0.9113560622753816
heat,0.4,119,3,2,0.0031922771013341844,0.3375980792506055,-0.04674637556581729,2.800654732033525,-0.09105089677692668,0.19999999999999996,0.0,0.8944271909999159,0.0,0.3345882631413051,0.0,2.5441541355743724,-1.1102230246251565e-16,0.3345857341995955,2.197021212588317e-12,2.5442267644713477,1.514188774365266e-11,no_fit,0.9240539638961688
heat,0.4,119,3,3,0.07207029918208718,0.3351146282429193,-0.008037417423685207,2.5722472187107726,-0.05397979188302693,0.19999999999999996,0.0,0.8944271909999159,0.0,0.3345882631413051,0.0,2.5441541355743724,-1.1102230246251565e-16,0.3345857341995955,2.197021212588317e-12,2.5442267644713477,1.514188774365266e-11,no_fit,0.9842661189927632
lf,0.1,300,0,0,0.16206250339746475,0.342590802963634,0.0026457340366529427,2.5021171647594707,-0.00703580751833166,0.0,-0.10000000000000003,1.0,-0.10000000000000003,0.33454300855901165,0.0,2.5454117705214983,-5.551115123125783e-17,0.3345407661759721,0.0010944772337450775,2.5454757040701357,0.007254975304029965,no_fit,0.9978699265522654
lf,0.1,300,0,1,0.1532439924776554,0.32817858084806384,-0.05697200719127775,2.6700698730816144,-0.3214679867360369,0.0,-0.10000000000000003,1.0,-0.10000000000000003,0.33454300855901165,0.0,2.5454117705214983,-5.551115123125783e-17,0.3345407661759721,0.0010944772337450775,2.5454757040701357,0.007254975304029965,no_fit,0.9962714872262504
lf,0.1,300,0,2,0.1643964722752571,0.3347808809449977,-0.009756696169742675,2.5533664928137227,-0.044506232313272276,0.0,-0.10000000000000003,1.0,-0.10000000000000003,0.33454300855901165,0.0,2.5454117705214983,-5.551115123125783e-17,0.3345407661759721,0.0010944772337450775,2.5454757040701357,0.007254975304029965,acf_or_spectral,0.9991477786674317
lf,0.1,300,0,3,0.14094398077577353,0.3307095411404614,-0.01699347709413963,2.6199931334962456,-0.09703870582672103,0.0,-0.10000000000000003,1.0,-0.10000000000000003,0.33454300855901165,0.0,2.5454117705214983,-5.551115123125783e-17,0.3345407661759721,0.0010944772337450775,2.5454757040701357,0.007254975304029965,no_fit,0.999406095053152
lf,0.1,300,1,0,0.16722856648266315,0.33376045301371454,-0.015142070492784121,2.5712008472935497,-0.04598046296490493,0.0,-0.10000000000000003,1.0,-0.10000000000000003,0.33454300855901165,0.0,2.5454117705214983,-5.551115123125783e-17,0.3345407661759721,0.0010944772337450775,2.5454757040701357,0.007254975304029965,no_fit,0.998395751733398
lf,0.1,300,1,1,0.06206607073545456,0.3192781048265641,0.3846029645276588,2.768224407694497,1.8851089971486252,0.0,-0.10000000000000003,1.0,-0.10000000000000003,0.33454300855901165,0.0,2.5454117705214983,-5.551115123125783e-17,0.3345407661759721,0.0010944772337450775,2.5454757040701357,0.007254975304029965,no_fit,0.9617666768102352
lf,0.1,300,1,2,0.15745917335152626,0.33580878578926854,0.00187740103902319,2.5470139504215696,0.04412429134591778,0.0,-0.10000000000000003,1.0,-0.10000000000000003,0.33454300855901165,0.0,2.5454117705214983,-5.551115123125783e-17,0.3345407661759721,0.0010944772337450775,2.5454757040701357,0.007254975304029965,acf_or_spectral,0.9996073175087058
lf,0.1,300,1,3,0.14350236393511295,0.3348236234673618,-0.004405716443430206,2.554802240987832,-0.015972503137726635,0.0,-0.10000000000000003,1.0,-0.10000000000000003,0.33454300855901165,0.0,2.5454117705214983,-5.551115123125783e-17,0.3345407661759721,0.0010944772337450775,2.5454757040701357,0.007254975304029965,ungated,0.9998948669992176
lf,0.1,300,2,0,0.26557554164901376,0.31924847056317895,0.5340547925944948,2.48650838006847,1.8326114302042886,0.0,-0.10000000000000003,1.0,-0.10000000000000003,0.33454300855901165,0.0,2.5454117705214983,-5.551115123125783e-17,0.3345407661759721,0.0010944772337450775,2.5454757040701357,0.007254975304029965,no_fit,0.9357795044058425
lf,0.1,300,2,1,0.14892567065544426,0.3228707403238064,0.415089593632213,2.6171799286352977,1.7421528933831896,0.0,-0.10000000000000003,1.0,-0.10000000000000003,0.33454300855901165,0.0,2.5454117705214983,-5.551115123125783e-17,0.3345407661759721,0.0010944772337450775,2.5454757040701357,0.007254975304029965,no_fit,0.9715318128911304
lf,0.1,300,2,2,0.21114329411648214,0.3202987285399854,0.4859609069146713,2.4196528377524498,1.5914776439264573,0.0,-0.10000000000000003,1.0,-0.10000000000000003,0.33454300855901165,0.0,2.5454117705214983,-5.551115123125783e-17,0.3345407661759721,0.0010944772337450775,2.5454757040701357,0.007254975304029965,no_fit,0.9637274779033266
lf,0.1,300,2,3,0.029491615714505315,0.2930961937194165,0.5053028749198539,2.8310718241898765,1.8853383250888511,0.0,-0.10000000000000003,1.0,-0.10000000000000003,0.33454300855901165,0.0,2.5454117705214983,-5.551115123125783e-17,0.3345407661759721,0.0010944772337450775,2.5454757040701357,0.007254975304029965,no_fit,0.9584075699034972
lf,0.1,300,3,0,0.19626929238438606,0.3330420850633581,0.3510415653723173,2.383228121869074,1.2634227498283832,0.0,-0.10000000000000003,1.0,-0.10000000000000003,0.33454300855901165,0.0,2.5454117705214983,-5.551115123125783e-17,0.3345407661759721,0.0010944772337450775,2.5454757040701357,0.007254975304029965,no_fit,0.9739041234563922
lf,0.1,300,3,1,0.09132003737613559,0.31843774626446253,0.4312544758707253,2.7516889137724125,1.9823243203893774,0.0,-0.10000000000000003,1.0,-0.10000000000000003,0.33454300855901165,0.0,2.5454117705214983,-5.551115123125783e-17,0.3345407661759721,0.0010944772337450775,2.5454757040701357,0.007254975304029965,no_fit,0.9646063508972106
lf,0.1,300,3,2,0.15323301497846842,0.32240934769502116,0.4379154616929769,2.5412846888663414,1.6241465427385537,0.0,-0.10000000000000003,1.0,-0.10000000000000003,0.33454300855901165,0.0,2.5454117705214983,-5.551115123125783e-17,0.3345407661759721,0.0010944772337450775,2.5454757040701357,0.007254975304029965,no_fit,0.9713066715848092
lf,0.1,300,3,3,0.0179982043664495,0.3006471335127067,0.6656539714737697,2.49329799937162,2.000530374823009,0.0,-0.10000000000000003,1.0,-0.10000000000000003,0.33454300855901165,0.0,2.5454117705214983,-5.551115123125783e-17,0.3345407661759721,0.0010944772337450775,2.5454757040701357,0.007254975304029965,no_fit,0.830026760742433
lf,0.1,301,0,0,0.11266494076699018,0.3320966927224959,-0.008843171718829198,2.5750355314856055,-0.10696642795483902,0.0,-0.10000000000000003,1.0,-0.10000000000000003,0.33454300855901165,0.0,2.5454117705214983,-5.551115123125783e-17,0.3345407661759721,0.0010944772337450775,2.5454757040701357,0.007254975304029965,no_fit,0.9971785866717467
lf,0.1,301,0,1,0.01917307253461331,0.33674971467168024,0.09085091984957935,2.6954486416935546,0.6769699007875988,0.0,-0.10000000000000003,1.0,-0.10000000000000003,0.33454300855901165,0.0,2.5454117705214983,-5.551115123125783e-17,0.3345407661759721,0.0010944772337450775,2.5454757040701357,0.007254975304029965,no_fit,0.9446373489062416
lf,0.1,301,0,2,0.1365517321974039,0.3340450289906894,0.005710207081397529,2.5659986100411114,0.007935217818889284,0.0,-0.10000000000000003,1.0,-0.10000000000000003,0.33454300855901165,0.0,2.5454117705214983,-5.551115123125783e-17,0.3345407661759721,0.0010944772337450775,2.5454757040701357,0.007254975304029965,acf_or_spectral,0.9990652768936334
lf,0.1,301,0,3,4.3179844851692906e-05,0.3463447488104267,0.0004041662935827143,2.7361201029591506,-0.14259549594405063,0.0,-0.10000000000000003,1.0,-0.10000000000000003,0.33454300855901165,0.0,2.5454117705214983,-5.551115123125783e-17,0.3345407661759721,0.0010944772337450775,2.5454757040701357,0.007254975304029965,no_fit,0.8381212161631884
lf,0.1,301,1,0,0.130140857771039,0.33094657721335424,-0.06848565047215643,2.616737789707471,-0.3951872623735093,0.0,-0.10000000000000003,1.0,-0.10000000000000003,0.33454300855901165,0.0,2.5454117705214983,-5.551115123125783e-17,0.3345407661759721,0.0010944772337450775,2.5454757040701357,0.007254975304029965,no_fit,0.9979436054116996
lf,0.1,301,1,1,0.0018930130027001724,0.554487134648064,0.34309686367114417,1.6467988386530041,0.26968115719724917,0.0,-0.10000000000000003,1.0,-0.10000000000000003,0.33454300855901165,0.0,2.5454117705214983,-5.551115123125783e-17,0.3345407661759721,0.0010944772337450775,2.5454757040701357,0.007254975304029965,no_fit,0.8756381537904697
lf,0.1,301,1,2,0.30990402933457517,0.11627324487974673,-0.939332546110664,3.7644238471936506,-3.725899029853608,0.0,-0.10000000000000003,1.0,-0.10000000000000003,0.33454300855901165,0.0,2.5454117705214983,-5.551115123125783e-17,0.3345407661759721,0.0010944772337450775,2.5454757040701357,0.007254975304029965,no_fit,0.3586928183978407
lf,0.1,301,1,3,0.1654066825285554,0.3323299093459082,-0.07553690647204125,2.6052264568383197,-0.41385812700365254,0.0,-0.10000000000000003,1.0,-0.10000000000000003,0.33454300855901165,0.0,2.5454117705214983,-5.551115123125783e-17,0.3345407661759721,0.0010944772337450775,2.5454757040701357,0.007254975304029965,no_fit,0.9937303085682716
lf,0.1,301,2,0,0.14744184538722038,0.3342919957193684,0.08057703246582582,2.5497417466432237,0.5034956373793638,0.0,-0.10000000000000003,1.0,-0.10000000000000003,0.33454300855901165,0.0,2.5454117705214983,-5.551115123125783e-17,0.3345407661759721,0.0010944772337450775,2.5454757040701357,0.007254975304029965,no_fit,0.9953169738826662
lf,0.1,301,2,1,1.0666052219221456e-05,0.33947078152794513,-0.015066382991920025,2.8474600818510747,-0.4847203628986324,0.0,-0.10000000000000003,1.0,-0.10000000000000003,0.33454300855901165,0.0,2.5454117705214983,-5.551115123125783e-17,0.3345407661759721,0.0010944772337450775,2.5454757040701357,0.007254975304029965,no_fit,0.6093227939466718
lf,0.1,301,2,2,0.389181783888489,0.34255183212977114,0.32061569468706,2.2637515664111585,1.197017696616438,0.0,-0.10000000000000003,1.0,-0.10000000000000003,0.33454300855901165,0.0,2.5454117705214983,-5.551115123125783e-17,0.3345407661759721,0.0010944772337450775,2.5454757040701357,0.007254975304029965,no_fit,0.9084416662395056
lf,0.1,301,2,3,0.002460460556903854,0.3310565431498242,0.15229339424174632,2.8160968472754524,0.6748289503026947,0.0,-0.10000000000000003,1.0,-0.10000000000000003,0.33454300855901165,0.0,2.5454117705214983,-5.551115123125783e-17,0.3345407661759721,0.0010944772337450775,2.5454757040701357,0.007254975304029965,no_fit,0.9047381838932628
lf,0.1,301,3,0,0.10506294178776443,0.32629364301476854,0.35789948736901345,2.5637622669621005,1.5145091435757831,0.0,-0.10000000000000003,1.0,-0.10000000000000003,0.33454300855901165,0.0,2.5454117705214983,-5.551115123125783e-17,0.3345407661759721,0.0010944772337450775,2.5454757040701357,0.007254975304029965,no_fit,0.9623533275685038
lf,0.1,301,3,1,0.023520407150499523,0.3292809622607764,0.19781769931461,2.696508272290393,1.108508882694137,0.0,-0.10000000000000003,1.0,-0.10000000000000003,0.33454300855901165,0.0,2.5454117705214983,-5.551115123125783e-17,0.3345407661759721,0.0010944772337450775,2.5454757040701357,0.007254975304029965,no_fit,0.9412940396113748
lf,0.1,301,3,2,0.07695475267246366,0.33048628087258314,0.16962045350635643,2.7504581970870943,1.0931906594925653,0.0,-0.10000000000000003,1.0,-0.10000000000000003,0.33454300855901165,0.0,2.5454117705214983,-5.551115123125783e-17,0.3345407661759721,0.0010944772337450775,2.5454757040701357,0.007254975304029965,no_fit,0.9750703602538376
lf,0.1,301,3,3,0.09725287626497447,0.3272250519566619,0.34462313444885845,2.682735506838198,1.6775691245177677,0.0,-0.10000000000000003,1.0,-0.10000000000000003,0.33454300855901165,0.0,2.5454117705214983,-5.551115123125783e-17,0.3345407661759721,0.0010944772337450775,2.5454757040701357,0.007254975304029965,no_fit,0.9712341966568568
lf,0.1,302,0,0,0.1334137013182044,0.3335927385105168,-0.030579503890692455,2.601663529909696,-0.20338455474693257,0.0,-0.10000000000000003,1.0,-0.10000000000000003,0.33454300855901165,0.0,2.5454117705214983,-5.551115123125783e-17,0.3345407661759721,0.0010944772337450775,2.5454757040701357,0.007254975304029965,no_fit,0.998749117519962
lf,0.1,302,0,1,0.3465070928205023,0.1278616917119663,-0.8910527572075971,3.882750783063087,-3.8634415110417817,0.0,-0.10000000000000003,1.0,-0.10000000000000003,0.33454300855901165,0.0,2.5454117705214983,-5.551115123125783e-17,0.3345407661759721,0.0010944772337450775,2.5454757040701357,0.007254975304029965,no_fit,0.3000386775897153
lf,0.1,302,0,2,0.00945431413128972,0.29089792744699455,-0.35602454279942547,3.4350052825125323,-2.6452804630698394,0.0,-0.10000000000000003,1.0,-0.10000000000000003,0.33454300855901165,0.0,2.5454117705214983,-5.551115123125783e-17,0.3345407661759721,0.0010944772337450775,2.5454757040701357,0.007254975304029965,no_fit,0.7207795031109347
lf,0.1,302,0,3,0.2715139426290989,0.2957206578044638,-0.357563811397899,2.875871412213305,-0.3607940382610063,0.0,-0.10000000000000003,1.0,-0.10000000000000003,0.33454300855901165,0.0,2.5454117705214983,-5.551115123125783e-17,0.3345407661759721,0.0010944772337450775,2.5454757040701357,0.007254975304029965,no_fit,0.5742351179680806
lf,0.1,302,1,0,0.18909540834522431,0.12733477049376538,-0.9518736516360652,3.703787195247542,-3.6510238540467417,0.0,-0.10000000000000003,1.0,-0.10000000000000003,0.33454300855901165,0.0,2.5454117705214983,-5.551115123125783e-17,0.3345407661759721,0.0010944772337450775,2.5454757040701357,0.007254975304029965,no_fit,0.4206747238443091
lf,0.1,302,1,1,0.00658750330330804,0.32227051462238543,-0.2313467879505032,3.010798177684117,-1.690810240955738,0.0,-0.10000000000000003,1.0,-0.10000000000000003,0.33454300855901165,0.0,2.5454117705214983,-5.551115123125783e-17,0.3345407661759721,0.0010944772337450775,2.5454757040701357,0.007254975304029965,no_fit,0.8689852349511312
lf,0.1,302,1,2,0.07995680812746286,0.3324717607489756,0.11365139390162142,2.617913124411795,0.6123084747366163,0.0,-0.10000000000000003,1.0,-0.10000000000000003,0.33454300855901165,0.0,2.5454117705214983,-5.551115123125783e-17,0.3345407661759721,0.0010944772337450775,2.5454757040701357,0.007254975304029965,no_fit,0.9848705509273196
lf,0.1,302,1,3,0.10566426627337933,0.33094041396793045,-0.03050113101854675,2.655301475125585,-0.1941312970081427,0.0,-0.10000000000000003,1.0,-0.10000000000000003,0.33454300855901165,0.0,2.5454117705214983,-5.551115123125783e-17,0.3345407661759721,0.0010944772337450775,2.5454757040701357,0.007254975304029965,no_fit,0.9962675582922524
lf,0.1,302,2,0,0.14557266607880592,0.33393663738299567,-0.005526172241693659,2.563436082244843,-0.0506909395111404,0.0,-0.10000000000000003,1.0,-0.10000000000000003,0.33454300855901165,0.0,2.5454117705214983,-5.551115123125783e-17,0.3345407661759721,0.0010944772337450775,2.5454757040701357,0.007254975304029965,no_fit,0.9994436689629383
lf,0.1,302,2,1,0.10500938165932894,0.33424962844796474,0.11300752573422368,2.555139102696923,0.643260183889621,0.0,-0.10000000000000003,1.0,-0.10000000000000003,0.33454300855901165,0.0,2.5454117705214983,-5.551115123125783e-17,0.3345407661759721,0.0010944772337450775,2.5454757040701357,0.007254975304029965,no_fit,0.985219016487635
lf,0.1,302,2,2,0.08802610915154219,0.33233830549133536,-0.02333163608115036,2.6280599026565388,-0.18625773489227887,0.0,-0.10000000000000003,1.0,-0.10000000000000003,0.33454300855901165,0.0,2.5454117705214983,-5.551115123125783e-17,0.3345407661759721,0.0010944772337450775,2.5454757040701357,0.007254975304029965,no_fit,0.9915905378635764
lf,0.1,302,2,3,0.16386271733790636,0.3390905038082302,0.08993580318405343,2.431266948628416,0.4356634409259059,0.0,-0.10000000000000003,1.0,-0.10000000000000003,0.33454300855901165,0.0,2.5454117705214983,-5.551115123125783e-17,0.3345407661759721,0.0010944772337450775,2.5454757040701357,0.007254975304029965,no_fit,0.9692832816269312
lf,0.1,302,3,0,0.049858115846291184,0.3453457719622654,0.07689343513629401,2.5201912630327525,0.45519687898761196,0.0,-0.10000000000000003,1.0,-0.10000000000000003,0.33454300855901165,0.0,2.5454117705214983,-5.551115123125783e-17,0.3345407661759721,0.0010944772337450775,2.5454757040701357,0.007254975304029965,no_fit,0.962320379663452
lf,0.1,302,3,1,0.0025376978155691177,0.3374964662347683,-0.015188292872832162,2.7286928126488457,-0.2881881273587102,0.0,-0.10000000000000003,1.0,-0.10000000000000003,0.33454300855901165,0.0,2.5454117705214983,-5.551115123125783e-17,0.3345407661759721,0.0010944772337450775,2.5454757040701357,0.007254975304029965,no_fit,0.8713600857999187
lf,0.1,302,3,2,0.04354984639212489,0.3243998977690205,0.03635759254699808,2.65919037974266,0.09753213296087004,0.0,-0.10000000000000003,1.0,-0.10000000000000003,0.33454300855901165,0.0,2.5454117705214983,-5.551115123125783e-17,0.3345407661759721,0.0010944772337450775,2.5454757040701357,0.007254975304029965,no_fit,0.9617345364701732
lf,0.1,302,3,3,8.128189307399225e-06,0.3306809859975615,-0.04259167667677478,3.1772782250357117,-0.4987574970521993,0.0,-0.10000000000000003,1.0,-0.10000000000000003,0.33454300855901165,0.0,2.5454117705214983,-5.551115123125783e-17,0.3345407661759721,0.0010944772337450775,2.5454757040701357,0.007254975304029965,no_fit,0.6668362140840356
lf,0.1,303,0,0,0.3253629424725659,0.2152184663474393,-0.6817349153585606,3.681661616345045,-3.5296309333539657,0.0,-0.10000000000000003,1.0,-0.10000000000000003,0.33454300855901165,0.0,2.5454117705214983,-5.551115123125783e-17,0.3345407661759721,0.0010944772337450775,2.5454757040701357,0.007254975304029965,no_fit,0.4525405753447905
lf,0.1,303,0,1,0.1510318759828806,0.3345563316771509,0.014774970935480034,2.5750033726744515,0.13426834047852315,0.0,-0.10000000000000003,1.0,-0.10000000000000003,0.33454300855901165,0.0,2.5454117705214983,-5.551115123125783e-17,0.3345407661759721,0.0010944772337450775,2.5454757040701357,0.007254975304029965,no_fit,0.9979887022023076
lf,0.1,303,0,2,0.17653031274676323,0.33368957823676765,-0.01130636164828458,2.588103651178017,-0.06813099248010962,0.0,-0.10000000000000003,1.0,-0.10000000000000003,0.33454300855901165,0.0,2.5454117705214983,-5.551115123125783e-17,0.3345407661759721,0.0010944772337450775,2.5454757040701357,0.007254975304029965,no_fit,0.997020149497633
lf,0.1,303,0,3,0.16058318689465523,0.33227201514592913,-0.019521605613534224,2.6043406632308854,-0.09777266255838124,0.0,-0.10000000000000003,1.0,-0.10000000000000003,0.33454300855901165,0.0,2.5454117705214983,-5.551115123125783e-17,0.3345407661759721,0.0010944772337450775,2.5454757040701357,0.007254975304029965,no_fit,0.9985119928304887
lf,0.1,303,1,0,0.18537299214949599,0.12232769236388473,-0.8440880418448407,3.760705194143102,-3.6878708655302725,0.0,-0.10000000000000003,1.0,-0.10000000000000003,0.33454300855901165,0.0,2.5454117705214983,-5.551115123125783e-17,0.3345407661759721,0.0010944772337450775,2.5454757040701357,0.007254975304029965,no_fit,0.4151544560836712
lf,0.1,303,1,1,0.1729099154472351,0.3318417505661158,0.058792606834574476,2.573885625577552,0.2993507378797339,0.0,-0.10000000000000003,1.0,-0.10000000000000003,0.33454300855901165,0.0,2.5454117705214983,-5.551115123125783e-17,0.3345407661759721,0.0010944772337450775,2.5454757040701357,0.007254975304029965,no_fit,0.996353772779964
lf,0.1,303,1,2,0.40121197886765003,0.3360406025060885,0.24592075919870737,2.4926817954715466,1.2138435983101705,0.0,-0.10000000000000003,1.0,-0.10000000000000003,0.33454300855901165,0.0,2.5454117705214983,-5.551115123125783e-17,0.3345407661759721,0.0010944772337450775,2.5454757040701357,0.007254975304029965,no_fit,0.8552509891148141
lf,0.1,303,1,3,6.513526250273571e-05,0.39454853768583625,-0.10462481904543046,3.1301021510362728,-0.8971907688063103,0.0,-0.10000000000000003,1.0,-0.10000000000000003,0.33454300855901165,0.0,2.5454117705214983,-5.551115123125783e-17,0.3345407661759721,0.0010944772337450775,2.5454757040701357,0.007254975304029965,no_fit,0.702660162912405
lf,0.1,303,2,0,0.032826861017383635,0.342577113188586,0.04171674899558391,3.325099531696946,-1.4302106766646976,0.0,-0.10000000000000003,1.0,-0.10000000000000003,0.33454300855901165,0.0,2.5454117705214983,-5.551115123125783e-17,0.3345407661759721,0.0010944772337450775,2.5454757040701357,0.007254975304029965,no_fit,0.8537537133092603
lf,0.1,303,2,1,0.4624923299998045,0.3568150977658443,0.03734270799132997,2.063146931148707,0.18222641450299448,0.0,-0.10000000000000003,1.0,-0.10000000000000003,0.33454300855901165,0.0,2.5454117705214983,-5.551115123125783e-17,0.3345407661759721,0.0010944772337450775,2.5454757040701357,0.007254975304029965,acf_or_spectral,0.8999969390387742
lf,0.1,303,2,2,0.011772795871365815,0.3335820799035539,-0.11450187512337652,2.707824996229063,-0.7556135508538221,0.0,-0.10000000000000003,1.0,-0.10000000000000003,0.33454300855901165,0.0,2.5454117705214983,-5.551115123125783e-17,0.3345407661759721,0.0010944772337450775,2.5454757040701357,0.007254975304029965,no_fit,0.915550243455792
lf,0.1,303,2,3,0.10203251044731587,0.2437534723289636,-0.41343467472700934,3.4169870912197173,-2.0875788602694656,0.0,-0.10000000000000003,1.0,-0.10000000000000003,0.33454300855901165,0.0,2.5454117705214983,-5.551115123125783e-17,0.3345407661759721,0.0010944772337450775,2.5454757040701357,0.007254975304029965,no_fit,0.710279305879303
lf,0.1,303,3,0,0.03765015583485365,0.33676555636229827,0.015371410543950418,2.616830483591783,0.06604819600348244,0.0,-0.10000000000000003,1.0,-0.10000000000000003,0.33454300855901165,0.0,2.5454117705214983,-5.551115123125783e-17,0.3345407661759721,0.0010944772337450775,2.5454757040701357,0.007254975304029965,no_fit,0.9619668113924138
lf,0.1,303,3,1,0.023691716603934765,0.33499834969099135,0.10195802946102968,2.7027900417201494,0.6833106370205465,0.0,-0.10000000000000003,1.0,-0.10000000000000003,0.33454300855901165,0.0,2.5454117705214983,-5.551115123125783e-17,0.3345407661759721,0.0010944772337450775,2.5454757040701357,0.007254975304029965,no_fit,0.9413733186740154
lf,0.1,303,3,2,0.0967243043705821,0.33424692417705065,0.0728139496093608,2.5811657553558236,0.44819080009209966,0.0,-0.10000000000000003,1.0,-0.10000000000000003,0.33454300855901165,0.0,2.5454117705214983,-5.551115123125783e-17,0.3345407661759721,0.0010944772337450775,2.5454757040701357,0.007254975304029965,no_fit,0.9859040105293276
lf,0.1,303,3,3,0.02783608390018344,0.3256549791369708,0.03197127333901218,2.639116610708709,0.16301552916158224,0.0,-0.10000000000000003,1.0,-0.10000000000000003,0.33454300855901165,0.0,2.5454117705214983,-5.551115123125783e-17,0.3345407661759721,0.0010944772337450775,2.5454757040701357,0.007254975304029965,no_fit,0.935020768841706
lf,0.1,304,0,0,0.1259751496836543,0.3320939599062821,-0.0370241457707955,2.5994018334655005,-0.18695257325175108,0.0,-0.10000000000000003,1.0,-0.10000000000000003,0.33454300855901165,0.0,2.5454117705214983,-5.551115123125783e-17,0.3345407661759721,0.0010944772337450775,2.5454757040701357,0.007254975304029965,no_fit,0.9991820359926156
lf,0.1,304,0,1,0.13437518756836653,0.33177039638597366,-0.003504318615523705,2.611100506272622,-0.02377955172504309,0.0,-0.10000000000000003,1.0,-0.10000000000000003,0.33454300855901165,0.0,2.5454117705214983,-5.551115123125783e-17,0.3345407661759721,0.0010944772337450775,2.5454757040701357,0.007254975304029965,ungated,0.9998330714377957
lf,0.1,304,0,2,0.15629767440259457,0.3357575793398423,-0.01663246921170355,2.5843177095405117,-0.0259664224316819,0.0,-0.10000000000000003,1.0,-0.10000000000000003,0.33454300855901165,0.0,2.5454117705214983,-5.551115123125783e-17,0.3345407661759721,0.0010944772337450775,2.5454757040701357,0.007254975304029965,no_fit,0.998684483308354
lf,0.1,304,0,3,0.20199006935581565,0.27226278320610575,-0.31472788921925504,3.498481237634994,-2.020590561497802,0.0,-0.10000000000000003,1.0,-0.10000000000000003,0.33454300855901165,0.0,2.5454117705214983,-5.551115123125783e-17,0.3345407661759721,0.0010944772337450775,2.5454757040701357,0.007254975304029965,no_fit,0.5986420281667418
lf,0.1,304,1,0,0.6462298431433737,0.32785759620092036,0.3850596326451114,2.429392624921089,1.5714289744395256,0.0,-0.10000000000000003,1.0,-0.10000000000000003,0.33454300855901165,0.0,2.5454117705214983,-5.551115123125783e-17,0.3345407661759721,0.0010944772337450775,2.5454757040701357,0.007254975304029965,no_fit,0.7413172868105639
lf,0.1,304,1,1,0.16197210550308228,0.3349825059352679,0.03813520463875223,2.59689361436955,0.18602294401239988,0.0,-0.10000000000000003,1.0,-0.10000000000000003,0.33454300855901165,0.0,2.5454117705214983,-5.551115123125783e-17,0.3345407661759721,0.0010944772337450775,2.5454757040701357,0.007254975304029965,no_fit,0.997477536081106
lf,0.1,304,1,2,0.09436029195785522,0.33510683989026097,0.02295113507646139,2.650600469331549,-0.021517353892955893,0.0,-0.10000000000000003,1.0,-0.10000000000000003,0.33454300855901165,0.0,2.5454117705214983,-5.551115123125783e-17,0.3345407661759721,0.0010944772337450775,2.5454757040701357,0.007254975304029965,no_fit,0.9932550252670564
lf,0.1,304,1,3,0.27378655755819636,0.14543582421369344,-0.8793474398455288,3.778180207096635,-3.7332922630307674,0.0,-0.10000000000000003,1.0,-0.10000000000000003,0.33454300855901165,0.0,2.5454117705214983,-5.551115123125783e-17,0.3345407661759721,0.0010944772337450775,2.5454757040701357,0.007254975304029965,no_fit,0.3819084467966355
lf,0.1,304,2,0,0.011895668285433203,0.3439191038058379,0.06115625857935557,2.4403846194147163,0.2507767325806723,0.0,-0.10000000000000003,1.0,-0.10000000000000003,0.33454300855901165,0.0,2.5454117705214983,-5.551115123125783e-17,0.3345407661759721,0.0010944772337450775,2.5454757040701357,0.007254975304029965,no_fit,0.9041787102782344
lf,0.1,304,2,1,0.24078309163451195,0.33334867718596745,0.3040411289960604,2.486946893991798,1.3388485644998318,0.0,-0.10000000000000003,1.0,-0.10000000000000003,0.33454300855901165,0.0,2.5454117705214983,-5.551115123125783e-17,0.3345407661759721,0.0010944772337450775,2.5454757040701357,0.007254975304029965,no_fit,0.96247211643761
lf,0.1,304,2,2,4.875514582636242e-05,0.3475277443111041,0.3097188046661569,2.272946599675736,0.7689239097658411,0.0,-0.10000000000000003,1.0,-0.10000000000000003,0.33454300855901165,0.0,2.5454117705214983,-5.551115123125783e-17,0.3345407661759721,0.0010944772337450775,2.5454757040701357,0.007254975304029965,no_fit,0.6277063044352614
lf,0.1,304,2,3,0.16534128913190216,0.2009262047724542,-0.7495934167293152,3.674077344609224,-3.5458891302929985,0.0,-0.10000000000000003,1.0,-0.10000000000000003,0.33454300855901165,0.0,2.5454117705214983,-5.551115123125783e-17,0.3345407661759721,0.0010944772337450775,2.5454757040701357,0.007254975304029965,no_fit,0.4742142566757985
lf,0.1,304,3,0,0.033325293799862266,0.32350300251567315,0.07024150048986438,2.68178853965847,0.4685124954056965,0.0,-0.10000000000000003,1.0,-0.10000000000000003,0.33454300855901165,0.0,2.5454117705214983,-5.551115123125783e-17,0.3345407661759721,0.0010944772337450775,2.5454757040701357,0.007254975304029965,no_fit,0.948897888303316
lf,0.1,304,3,1,0.0182420932687819,0.32753749680882094,0.10120035986643881,2.7284028968833787,0.6875089168115757,0.0,-0.10000000000000003,1.0,-0.10000000000000003,0.33454300855901165,0.0,2.5454117705214983,-5.551115123125783e-17,0.3345407661759721,0.0010944772337450775,2.5454757040701357,0.007254975304029965,no_fit,0.940412102395391
lf,0.1,304,3,2,0.07832703553140163,0.33480603447887997,0.07218090834354089,2.5958175104703822,0.4461180309186066,0.0,-0.10000000000000003,1.0,-0.10000000000000003,0.33454300855901165,0.0,2.5454117705214983,-5.551115123125783e-17,0.3345407661759721,0.0010944772337450775,2.5454757040701357,0.007254975304029965,no_fit,0.9765372289916888
lf,0.1,304,3,3,0.07418265892192721,0.3328124737891124,0.03744567563927757,2.6093106674692366,0.22136050491542225,0.0,-0.10000000000000003,1.0,-0.10000000000000003,0.33454300855901165,0.0,2.5454117705214983,-5.551115123125783e-17,0.3345407661759721,0.0010944772337450775,2.5454757040701357,0.007254975304029965,no_fit,0.9876175322077106
lf,0.1,305,0,0,0.11815733276307583,0.3316128326046723,0.008498600715083262,2.5878759152396307,-0.014769481030534493,0.0,-0.10000000000000003,1.0,-0.10000000000000003,0.33454300855901165,0.0,2.5454117705214983,-5.551115123125783e-17,0.3345407661759721,0.0010944772337450775,2.5454757040701357,0.007254975304029965,no_fit,0.9986242263760188
lf,0.1,305,0,1,0.15911723859608173,0.3335551655565633,-0.043273976218207444,2.6021090824494437,-0.1451515419585252,0.0,-0.10000000000000003,1.0,-0.10000000000000003,0.33454300855901165,0.0,2.5454117705214983,-5.551115123125783e-17,0.3345407661759721,0.0010944772337450775,2.5454757040701357,0.007254975304029965,no_fit,0.9975321111610606
lf,0.1,305,0,2,0.12929626274853945,0.33413650482835094,0.0043391650731491455,2.5948682819571287,0.10410544691432139,0.0,-0.10000000000000003,1.0,-0.10000000000000003,0.33454300855901165,0.0,2.5454117705214983,-5.551115123125783e-17,0.3345407661759721,0.0010944772337450775,2.5454757040701357,0.007254975304029965,no_fit,0.9992381605734272
lf,0.1,305,0,3,0.35270376969128847,0.286177165787503,-0.3861132849214017,3.3756488209608744,-2.542661114092981,0.0,-0.10000000000000003,1.0,-0.10000000000000003,0.33454300855901165,0.0,2.5454117705214983,-5.551115123125783e-17,0.3345407661759721,0.0010944772337450775,2.5454757040701357,0.007254975304029965,no_fit,0.5476473277228909
lf,0.1,305,1,0,0.14318209327757359,0.3337407226439501,0.0014060696793850376,2.566535422602585,0.016786209800323415,0.0,-0.10000000000000003,1.0,-0.10000000000000003,0.33454300855901165,0.0,2.5454117705214983,-5.551115123125783e-17,0.3345407661759721,0.0010944772337450775,2.5454757040701357,0.007254975304029965,ungated,0.9999443558713202
lf,0.1,305,1,1,0.1600997569039464,0.3347321616541985,-0.04831746824941909,2.55224908216021,-0.2233905539141044,0.0,-0.10000000000000003,1.0,-0.10000000000000003,0.33454300855901165,0.0,2.5454117705214983,-5.551115123125783e-17,0.3345407661759721,0.0010944772337450775,2.5454757040701357,0.007254975304029965,no_fit,0.9989165326802808
lf,0.1,305,1,2,0.06862026965245605,0.33548297923132697,-0.01736113535882061,2.5868753218274616,-0.057106176741976655,0.0,-0.10000000000000003,1.0,-0.10000000000000003,0.33454300855901165,0.0,2.5454117705214983,-5.551115123125783e-17,0.3345407661759721,0.0010944772337450775,2.5454757040701357,0.007254975304029965,no_fit,0.9839861897377232
lf,0.1,305,1,3,0.3139549228371834,0.12869663493202135,-0.9342381639253509,3.769412331767429,-3.730825455512469,0.0,-0.10000000000000003,1.0,-0.10000000000000003,0.33454300855901165,0.0,2.5454117705214983,-5.551115123125783e-17,0.3345407661759721,0.0010944772337450775,2.5454757040701357,0.007254975304029965,no_fit,0.3599359955779002
lf,0.1,305,2,0,0.11035574577545049,0.24938231361650431,-0.706278711836408,3.5035594680381092,-3.3422540339059057,0.0,-0.10000000000000003,1.0,-0.10000000000000003,0.33454300855901165,0.0,2.5454117705214983,-5.551115123125783e-17,0.3345407661759721,0.0010944772337450775,2.5454757040701357,0.007254975304029965,no_fit,0.5489000492957385
lf,0.1,305,2,1,0.17011016048491,0.3373508440595294,0.07292457377963633,2.5038208398773705,0.40683987596816296,0.0,-0.10000000000000003,1.0,-0.10000000000000003,0.33454300855901165,0.0,2.5454117705214983,-5.551115123125783e-17,0.3345407661759721,0.0010944772337450775,2.5454757040701357,0.007254975304029965,no_fit,0.9930881220209008
lf,0.1,305,2,2,0.0004474967463465873,0.3141022338696428,0.34998458661399545,2.8098979498234393,0.7063927735671628,0.0,-0.10000000000000003,1.0,-0.10000000000000003,0.33454300855901165,0.0,2.5454117705214983,-5.551115123125783e-17,0.3345407661759721,0.0010944772337450775,2.5454757040701357,0.007254975304029965,no_fit,0.772740606970778
lf,0.1,305,2,3,0.034612489747814834,0.3275479417596905,0.35176797554592787,2.4716926057360555,1.1712547972418166,0.0,-0.10000000000000003,1.0,-0.10000000000000003,0.33454300855901165,0.0,2.5454117705214983,-5.551115123125783e-17,0.3345407661759721,0.0010944772337450775,2.5454757040701357,0.007254975304029965,no_fit,0.9492849795846782
lf,0.1,305,3,0,0.06997562339529395,0.3378328586769325,0.07683082178395871,2.5731275627173202,0.5494110736508419,0.0,-0.10000000000000003,1.0,-0.10000000000000003,0.33454300855901165,0.0,2.5454117705214983,-5.551115123125783e-17,0.3345407661759721,0.0010944772337450775,2.5454757040701357,0.007254975304029965,no_fit,0.975830511790182
lf,0.1,305,3,1,0.035809287743177265,0.30541373210304457,0.4756699359911352,2.729993579513212,1.8593382693728868,0.0,-0.10000000000000003,1.0,-0.10000000000000003,0.33454300855901165,0.0,2.5454117705214983,-5.551115123125783e-17,0.3345407661759721,0.0010944772337450775,2.5454757040701357,0.007254975304029965,no_fit,0.9515416715757018
lf,0.1,305,3,2,0.07996477629058063,0.3342708184624655,0.31013972742000473,2.472201356268709,1.1945590769397558,0.0,-0.10000000000000003,1.0,-0.10000000000000003,0.33454300855901165,0.0,2.5454117705214983,-5.551115123125783e-17,0.3345407661759721,0.0010944772337450775,2.5454757040701357,0.007254975304029965,no_fit,0.9740345104107704
lf,0.1,305,3,3,0.4341714547481388,0.3483004824346602,0.40635949925815257,2.0261674529596063,1.0890908149024254,0.0,-0.10000000000000003,1.0,-0.10000000000000003,0.33454300855901165,0.0,2.5454117705214983,-5.551115123125783e-17,0.3345407661759721,0.0010944772337450775,2.5454757040701357,0.007254975304029965,no_fit,0.891405167635918
lf,0.1,306,0,0,0.11900084372609854,0.33227891925582603,-0.010854349993419611,2.6082078162804216,-0.055131315043273565,0.0,-0.10000000000000003,1.0,-0.10000000000000003,0.33454300855901165,0.0,2.5454117705214983,-5.551115123125783e-17,0.3345407661759721,0.0010944772337450775,2.5454757040701357,0.007254975304029965,no_fit,0.9989751825351644
lf,0.1,306,0,1,0.11571449413895607,0.3344619820868903,-0.017227219117303457,2.584780751752133,-0.07957917573096757,0.0,-0.10000000000000003,1.0,-0.10000000000000003,0.33454300855901165,0.0,2.5454117705214983,-5.551115123125783e-17,0.3345407661759721,0.0010944772337450775,2.5454757040701357,0.007254975304029965,no_fit,0.9978211929215728
lf,0.1,306,0,2,0.29900339245796204,0.3205297326058518,-0.10432764678920299,2.795218325224735,-0.7606205637777914,0.0,-0.10000000000000003,1.0,-0.10000000000000003,0.33454300855901165,0.0,2.5454117705214983,-5.551115123125783e-17,0.3345407661759721,0.0010944772337450775,2.5454757040701357,0.007254975304029965,no_fit,0.916247505269513
lf,0.1,306,0,3,0.16699251346290112,0.3321787119241108,-0.010669489165220472,2.5933774666078206,-0.038340343123318354,0.0,-0.10000000000000003,1.0,-0.10000000000000003,0.33454300855901165,0.0,2.5454117705214983,-5.551115123125783e-17,0.3345407661759721,0.0010944772337450775,2.5454757040701357,0.007254975304029965,no_fit,0.998467339839776
lf,0.1,306,1,0,0.35798511834582314,0.22475553861722172,-0.5911034255579586,3.685107321733424,-3.4245026249781394,0.0,-0.10000000000000003,1.0,-0.10000000000000003,0.33454300855901165,0.0,2.5454117705214983,-5.551115123125783e-17,0.3345407661759721,0.0010944772337450775,2.5454757040701357,0.007254975304029965,no_fit,0.4627915501082988
lf,0.1,306,1,1,0.16369472444057465,0.32876777870441815,-0.0631899781645285,2.643202510299622,-0.2734687994493038,0.0,-0.10000000000000003,1.0,-0.10000000000000003,0.33454300855901165,0.0,2.5454117705214983,-5.551115123125783e-17,0.3345407661759721,0.0010944772337450775,2.5454757040701357,0.007254975304029965,no_fit,0.9974634057464458
lf,0.1,306,1,2,0.04920712485909462,0.34077116385973555,0.06360456655471279,2.56517068168761,0.13202274528222824,0.0,-0.10000000000000003,1.0,-0.10000000000000003,0.33454300855901165,0.0,2.5454117705214983,-5.551115123125783e-17,0.3345407661759721,0.0010944772337450775,2.5454757040701357,0.007254975304029965,no_fit,0.9558439756990074
lf,0.1,306,1,3,0.20688182581216097,0.31322998415443765,-0.07416534464171594,2.9379360166548945,-0.162674156808587,0.0,-0.10000000000000003,1.0,-0.10000000000000003,0.33454300855901165,0.0,2.5454117705214983,-5.551115123125783e-17,0.3345407661759721,0.0010944772337450775,2.5454757040701357,0.007254975304029965,no_fit,0.933913722709702
lf,0.1,306,2,0,0.14573326302343048,0.21197439846159816,-0.6447427203445778,3.7366379803474175,-3.5400403400333773,0.0,-0.10000000000000003,1.0,-0.10000000000000003,0.33454300855901165,0.0,2.5454117705214983,-5.551115123125783e-17,0.3345407661759721,0.0010944772337450775,2.5454757040701357,0.007254975304029965,no_fit,0.5294000853906016
lf,0.1,306,2,1,0.15361891593784094,0.33772800024416677,0.0812390655364912,2.493592087232958,0.42901019966679615,0.0,-0.10000000000000003,1.0,-0.10000000000000003,0.33454300855901165,0.0,2.5454117705214983,-5.551115123125783e-17,0.3345407661759721,0.0010944772337450775,2.5454757040701357,0.007254975304029965,no_fit,0.9939419346240838
lf,0.1,306,2,2,0.008859862049575895,0.3408170182475561,0.03500715604730662,2.608990460585276,0.3004330474318161,0.0,-0.10000000000000003,1.0,-0.10000000000000003,0.33454300855901165,0.0,2.5454117705214983,-5.551115123125783e-17,0.3345407661759721,0.0010944772337450775,2.5454757040701357,0.007254975304029965,no_fit,0.922675715455446
lf,0.1,306,2,3,0.847699610516429,0.34970578720680107,0.18319187831646844,2.1156272660233624,0.6993184651437441,0.0,-0.10000000000000003,1.0,-0.10000000000000003,0.33454300855901165,0.0,2.5454117705214983,-5.551115123125783e-17,0.3345407661759721,0.0010944772337450775,2.5454757040701357,0.007254975304029965,no_fit,0.6390236567864128
lf,0.1,306,3,0,0.09349249256774783,0.33641796060339635,0.1510083335992729,2.5523547840709906,0.7932042947539133,0.0,-0.10000000000000003,1.0,-0.10000000000000003,0.33454300855901165,0.0,2.5454117705214983,-5.551115123125783e-17,0.3345407661759721,0.0010944772337450775,2.5454757040701357,0.007254975304029965,no_fit,0.9832760100896114
lf,0.1,306,3,1,0.04972004285082221,0.3312073154731377,0.06039790086079842,2.59756865483948,0.38513336787203445,0.0,-0.10000000000000003,1.0,-0.10000000000000003,0.33454300855901165,0.0,2.5454117705214983,-5.551115123125783e-17,0.3345407661759721,0.0010944772337450775,2.5454757040701357,0.007254975304029965,no_fit,0.9680412083754372
lf,0.1,306,3,2,0.02880821470171213,0.331675326097888,0.11370592814701053,2.598306818624284,0.48370335036661194,0.0,-0.10000000000000003,1.0,-0.10000000000000003,0.33454300855901165,0.0,2.5454117705214983,-5.551115123125783e-17,0.3345407661759721,0.0010944772337450775,2.5454757040701357,0.007254975304029965,no_fit,0.9536274958255048
lf,0.1,306,3,3,0.008038964260776993,0.3109344137433764,0.7234498481080758,2.029990715630624,1.3824299694903956,0.0,-0.10000000000000003,1.0,-0.10000000000000003,0.33454300855901165,0.0,2.5454117705214983,-5.551115123125783e-17,0.3345407661759721,0.0010944772337450775,2.5454757040701357,0.007254975304029965,no_fit,0.7301720229634222
lf,0.1,307,0,0,0.1640137154608965,0.3340199583965894,-0.0050411175032601865,2.5757550829571225,-0.01993867571984903,0.0,-0.10000000000000003,1.0,-0.10000000000000003,0.33454300855901165,0.0,2.5454117705214983,-5.551115123125783e-17,0.3345407661759721,0.0010944772337450775,2.5454757040701357,0.007254975304029965,no_fit,0.9971617835814828
lf,0.1,307,0,1,0.16077273525297642,0.33806170363068466,-0.055315859931854165,2.5416447063728067,-0.13883609308572092,0.0,-0.10000000000000003,1.0,-0.10000000000000003,0.33454300855901165,0.0,2.5454117705214983,-5.551115123125783e-17,0.3345407661759721,0.0010944772337450775,2.5454757040701357,0.007254975304029965,no_fit,0.9979429414027876
lf,0.1,307,0,2,0.14655015245079994,0.3372626716033727,0.019279258558857832,2.5634573353314294,0.06868523215880762,0.0,-0.10000000000000003,1.0,-0.10000000000000003,0.33454300855901165,0.0,2.5454117705214983,-5.551115123125783e-17,0.3345407661759721,0.0010944772337450775,2.5454757040701357,0.007254975304029965,no_fit,0.9994575950290664
lf,0.1,307,0,3,0.27352068724576384,0.2434713908695782,-0.5674688334487725,3.553508751291655,-2.982270865253467,0.0,-0.10000000000000003,1.0,-0.10000000000000003,0.33454300855901165,0.0,2.5454117705214983,-5.551115123125783e-17,0.3345407661759721,0.0010944772337450775,2.5454757040701357,0.007254975304029965,no_fit,0.5575898450067855
lf,0.1,307,1,0,0.2988913902081549,0.3386980874548977,0.26892010695320967,2.3613412330668355,1.130163293858343,0.0,-0.10000000000000003,1.0,-0.10000000000000003,0.33454300855901165,0.0,2.5454117705214983,-5.551115123125783e-17,0.3345407661759721,0.0010944772337450775,2.5454757040701357,0.007254975304029965,no_fit,0.9151538454548868
lf,0.1,307,1,1,0.12861925877950853,0.16612609238539244,-0.8976675519939972,3.7030900635425184,-3.644380875650607,0.0,-0.10000000000000003,1.0,-0.10000000000000003,0.33454300855901165,0.0,2.5454117705214983,-5.551115123125783e-17,0.3345407661759721,0.0010944772337450775,2.5454757040701357,0.007254975304029965,no_fit,0.445383475926982
lf,0.1,307,1,2,3.243751585557675e-06,0.32518238274201006,-0.24544254097271084,3.1244407250941224,-2.135269043636187,0.0,-0.10000000000000003,1.0,-0.10000000000000003,0.33454300855901165,0.0,2.5454117705214983,-5.551115123125783e-17,0.3345407661759721,0.0010944772337450775,2.5454757040701357,0.007254975304029965,no_fit,0.592059890254687
lf,0.1,307,1,3,0.21653853828451908,0.05489453821000094,-0.9809758014683787,3.8498149532663994,-3.82764332255028,0.0,-0.10000000000000003,1.0,-0.10000000000000003,0.33454300855901165,0.0,2.5454117705214983,-5.551115123125783e-17,0.3345407661759721,0.0010944772337450775,2.5454757040701357,0.007254975304029965,no_fit,0.3409350464169243
lf,0.1,307,2,0,0.049835688434541225,0.33196644109985085,0.07706611641809656,2.6152441278864718,0.47743145137259835,0.0,-0.10000000000000003,1.0,-0.10000000000000003,0.33454300855901165,0.0,2.5454117705214983,-5.551115123125783e-17,0.3345407661759721,0.0010944772337450775,2.5454757040701357,0.007254975304029965,no_fit,0.9619645545151104
lf,0.1,307,2,1,0.09141029324382544,0.33492443604817906,0.00984257386624603,2.581780839973798,0.020519463596188503,0.0,-0.10000000000000003,1.0,-0.10000000000000003,0.33454300855901165,0.0,2.5454117705214983,-5.551115123125783e-17,0.3345407661759721,0.0010944772337450775,2.5454757040701357,0.007254975304029965,no_fit,0.9901134782256042
lf,0.1,307,2,2,0.03210175014100969,0.33145978117125324,-0.1254177615150922,2.683692611046205,-0.8423520177377976,0.0,-0.10000000000000003,1.0,-0.10000000000000003,0.33454300855901165,0.0,2.5454117705214983,-5.551115123125783e-17,0.3345407661759721,0.0010944772337450775,2.5454757040701357,0.007254975304029965,no_fit,0.9398443637553848
lf,0.1,307,2,3,0.24926118459552526,0.3393872333283479,0.14562728561681354,2.4362776344914763,0.7534790062727001,0.0,-0.10000000000000003,1.0,-0.10000000000000003,0.33454300855901165,0.0,2.5454117705214983,-5.551115123125783e-17,0.3345407661759721,0.0010944772337450775,2.5454757040701357,0.007254975304029965,no_fit,0.9705606692196964
lf,0.1,307,3,0,0.007987340883119032,0.32551232957434095,0.22268602019488004,2.7734433647551042,1.260949817900765,0.0,-0.10000000000000003,1.0,-0.10000000000000003,0.33454300855901165,0.0,2.5454117705214983,-5.551115123125783e-17,0.3345407661759721,0.0010944772337450775,2.5454757040701357,0.007254975304029965,no_fit,0.9188282481031492
lf,0.1,307,3,1,0.04388845292851329,0.3335269422891925,0.06656913605599211,2.6206342783105767,0.5041424360503507,0.0,-0.10000000000000003,1.0,-0.10000000000000003,0.33454300855901165,0.0,2.5454117705214983,-5.551115123125783e-17,0.3345407661759721,0.0010944772337450775,2.5454757040701357,0.007254975304029965,no_fit,0.9607925535683688
lf,0.1,307,3,2,0.07443056907504797,0.3306346932844617,0.1578450847648615,2.6296264088935777,0.9170006612302184,0.0,-0.10000000000000003,1.0,-0.10000000000000003,0.33454300855901165,0.0,2.5454117705214983,-5.551115123125783e-17,0.3345407661759721,0.0010944772337450775,2.5454757040701357,0.007254975304029965,no_fit,0.9713119134628392
lf,0.1,307,3,3,0.00028513462439150317,0.3578783721702135,0.27723477130680463,2.647896629465406,0.9170537315160512,0.0,-0.10000000000000003,1.0,-0.10000000000000003,0.33454300855901165,0.0,2.5454117705214983,-5.551115123125783e-17,0.3345407661759721,0.0010944772337450775,2.5454757040701357,0.007254975304029965,no_fit,0.8385126809805629
lf,0.1,308,0,0,0.1229330999776721,0.33239842220855037,-0.030382772390598604,2.588184873841177,-0.10808648295016221,0.0,-0.10000000000000003,1.0,-0.10000000000000003,0.33454300855901165,0.0,2.5454117705214983,-5.551115123125783e-17,0.3345407661759721,0.0010944772337450775,2.5454757040701357,0.007254975304029965,no_fit,0.9991276994259388
lf,0.1,308,0,1,0.33995746867731214,0.24293860061287842,-0.4330318966058759,3.59039366652194,-1.9461015585982608,0.0,-0.10000000000000003,1.0,-0.10000000000000003,0.33454300855901165,0.0,2.5454117705214983,-5.551115123125783e-17,0.3345407661759721,0.0010944772337450775,2.5454757040701357,0.007254975304029965,no_fit,0.512151937040608
lf,0.1,308,0,2,0.37847794918343425,0.26650758049074114,-0.48276862487409294,3.4653395319503684,-3.047670539979943,0.0,-0.10000000000000003,1.0,-0.10000000000000003,0.33454300855901165,0.0,2.5454117705214983,-5.551115123125783e-17,0.3345407661759721,0.0010944772337450775,2.5454757040701357,0.007254975304029965,no_fit,0.4751622508218358
lf,0.1,308,0,3,0.14901315048336983,0.33431408118884454,-0.021718066965818298,2.5646786577993397,-0.10036934493651356,0.0,-0.10000000000000003,1.0,-0.10000000000000003,0.33454300855901165,0.0,2.5454117705214983,-5.551115123125783e-17,0.3345407661759721,0.0010944772337450775,2.5454757040701357,0.007254975304029965,no_fit,0.9993438332603884
lf,0.1,308,1,0,0.008150341978762299,0.3344165316512367,-0.004973133267924263,2.6359622092399673,-0.0012875494273895116,0.0,-0.10000000000000003,1.0,-0.10000000000000003,0.33454300855901165,0.0,2.5454117705214983,-5.551115123125783e-17,0.3345407661759721,0.0010944772337450775,2.5454757040701357,0.007254975304029965,no_fit,0.9160007665455868
lf,0.1,308,1,1,0.09481746889650822,0.3311010569862245,-0.09402011224534623,2.657016702254042,-0.41788539892580917,0.0,-0.10000000000000003,1.0,-0.10000000000000003,0.33454300855901165,0.0,2.5454117705214983,-5.551115123125783e-17,0.3345407661759721,0.0010944772337450775,2.5454757040701357,0.007254975304029965,no_fit,0.991657192843356
lf,0.1,308,1,2,0.23769430190804997,0.13286303872630129,-0.8934825404799925,3.8865311669061415,-3.869360810972494,0.0,-0.10000000000000003,1.0,-0.10000000000000003,0.33454300855901165,0.0,2.5454117705214983,-5.551115123125783e-17,0.3345407661759721,0.0010944772337450775,2.5454757040701357,0.007254975304029965,no_fit,0.3110693938222284
lf,0.1,308,1,3,1.435671774174807e-05,0.2759515910929222,0.6201702670930155,2.4553750917177712,-0.0936003435410269,0.0,-0.10000000000000003,1.0,-0.10000000000000003,0.33454300855901165,0.0,2.5454117705214983,-5.551115123125783e-17,0.3345407661759721,0.0010944772337450775,2.5454757040701357,0.007254975304029965,no_fit,0.7215918355291904
lf,0.1,308,2,0,0.1207028882636223,0.25522974591579484,-0.6580690891731688,3.492797937166836,-3.2886856584166253,0.0,-0.10000000000000003,1.0,-0.10000000000000003,0.33454300855901165,0.0,2.5454117705214983,-5.551115123125783e-17,0.3345407661759721,0.0010944772337450775,2.5454757040701357,0.007254975304029965,no_fit,0.5280789526657143
lf,0.1,308,2,1,0.13577089132741094,0.33261141403189676,0.17824455582070506,2.6167085664526675,1.029841346018915,0.0,-0.10000000000000003,1.0,-0.10000000000000003,0.33454300855901165,0.0,2.5454117705214983,-5.551115123125783e-17,0.3345407661759721,0.0010944772337450775,2.5454757040701357,0.007254975304029965,no_fit,0.9859656452638506
lf,0.1,308,2,2,0.40701350197196007,0.34809734960267363,0.13725411228573894,2.2111571329492925,0.5665005001288019,0.0,-0.10000000000000003,1.0,-0.10000000000000003,0.33454300855901165,0.0,2.5454117705214983,-5.551115123125783e-17,0.3345407661759721,0.0010944772337450775,2.5454757040701357,0.007254975304029965,acf_or_spectral,0.9211364419358818
lf,0.1,308,2,3,0.00032091059074446093,0.34601821050239734,-0.006738357096156355,2.7993871496501797,-0.27589096179889505,0.0,-0.10000000000000003,1.0,-0.10000000000000003,0.33454300855901165,0.0,2.5454117705214983,-5.551115123125783e-17,0.3345407661759721,0.0010944772337450775,2.5454757040701357,0.007254975304029965,no_fit,0.897626112289875
lf,0.1,308,3,0,0.1080031180754304,0.33694684356607585,0.07192678827915386,2.5900308582806186,0.5259501619699976,0.0,-0.10000000000000003,1.0,-0.10000000000000003,0.33454300855901165,0.0,2.5454117705214983,-5.551115123125783e-17,0.3345407661759721,0.0010944772337450775,2.5454757040701357,0.007254975304029965,no_fit,0.9875495026418498
lf,0.1,308,3,1,0.055645359214395285,0.3307650832195555,0.18371918660011072,2.660426932354602,1.0711542506843594,0.0,-0.10000000000000003,1.0,-0.10000000000000003,0.33454300855901165,0.0,2.5454117705214983,-5.551115123125783e-17,0.3345407661759721,0.0010944772337450775,2.5454757040701357,0.007254975304029965,no_fit,0.9642177723080724
lf,0.1,308,3,2,0.03156262286938727,0.3320876097866269,0.12047210419275536,2.6406998622502433,0.7252396648806809,0.0,-0.10000000000000003,1.0,-0.10000000000000003,0.33454300855901165,0.0,2.5454117705214983,-5.551115123125783e-17,0.3345407661759721,0.0010944772337450775,2.5454757040701357,0.007254975304029965,no_fit,0.9314882353950192
lf,0.1,308,3,3,0.010609787364955992,0.337149788163082,0.0913648952330843,2.6790577269700493,0.5967793653755427,0.0,-0.10000000000000003,1.0,-0.10000000000000003,0.33454300855901165,0.0,2.5454117705214983,-5.551115123125783e-17,0.3345407661759721,0.0010944772337450775,2.5454757040701357,0.007254975304029965,no_fit,0.9240394231511811
lf,0.1,309,0,0,0.11661696992814541,0.33195878433598786,-0.075554880549365,2.6129297619134046,-0.3590808682285833,0.0,-0.10000000000000003,1.0,-0.10000000000000003,0.33454300855901165,0.0,2.5454117705214983,-5.551115123125783e-17,0.3345407661759721,0.0010944772337450775,2.5454757040701357,0.007254975304029965,no_fit,0.9979757127916664
lf,0.1,309,0,1,0.1598182525485754,0.32502035231390214,-0.035972701098954944,2.720726317557197,-0.18377484306238862,0.0,-0.10000000000000003,1.0,-0.10000000000000003,0.33454300855901165,0.0,2.5454117705214983,-5.551115123125783e-17,0.3345407661759721,0.0010944772337450775,2.5454757040701357,0.007254975304029965,no_fit,0.9951420511610454
lf,0.1,309,0,2,0.14065268449485302,0.33395192493457637,-0.00424984930305896,2.5823908132001248,0.019419655080193,0.0,-0.10000000000000003,1.0,-0.10000000000000003,0.33454300855901165,0.0,2.5454117705214983,-5.551115123125783e-17,0.3345407661759721,0.0010944772337450775,2.5454757040701357,0.007254975304029965,ungated,0.9997721250833536
lf,0.1,309,0,3,0.3640123037621379,0.26169308248444784,-0.35573853948528594,3.67299906288572,-3.0763483428845464,0.0,-0.10000000000000003,1.0,-0.10000000000000003,0.33454300855901165,0.0,2.5454117705214983,-5.551115123125783e-17,0.3345407661759721,0.0010944772337450775,2.5454757040701357,0.007254975304029965,no_fit,0.4773144335583915
lf,0.1,309,1,0,0.24396917641388427,0.11680207051006701,-0.9394803675809268,3.79861465587043,-3.7655940661074294,0.0,-0.10000000000000003,1.0,-0.10000000000000003,0.33454300855901165,0.0,2.5454117705214983,-5.551115123125783e-17,0.3345407661759721,0.0010944772337450775,2.5454757040701357,0.007254975304029965,no_fit,0.3615427201062341
lf,0.1,309,1,1,0.09886909369379282,0.3305588660010341,-0.056250524381798284,2.631265263123718,-0.29150335049829246,0.0,-0.10000000000000003,1.0,-0.10000000000000003,0.33454300855901165,0.0,2.5454117705214983,-5.551115123125783e-17,0.3345407661759721,0.0010944772337450775,2.5454757040701357,0.007254975304029965,no_fit,0.9906685626190151
lf,0.1,309,1,2,0.00022882660096001928,0.37383740286817396,0.5088199291800266,1.8883339045906407,0.5583868152653031,0.0,-0.10000000000000003,1.0,-0.10000000000000003,0.33454300855901165,0.0,2.5454117705214983,-5.551115123125783e-17,0.3345407661759721,0.0010944772337450775,2.5454757040701357,0.007254975304029965,no_fit,0.7764192698400388
lf,0.1,309,1,3,0.003898498551279772,0.2401605319235328,0.8165844807452743,2.210737334918879,1.716167929059624,0.0,-0.10000000000000003,1.0,-0.10000000000000003,0.33454300855901165,0.0,2.5454117705214983,-5.551115123125783e-17,0.3345407661759721,0.0010944772337450775,2.5454757040701357,0.007254975304029965,no_fit,0.7829863777332918
lf,0.1,309,2,0,0.16840873658657074,0.3343737786973231,0.01718497323594897,2.561568335776034,0.12286828888596496,0.0,-0.10000000000000003,1.0,-0.10000000000000003,0.33454300855901165,0.0,2.5454117705214983,-5.551115123125783e-17,0.3345407661759721,0.0010944772337450775,2.5454757040701357,0.007254975304029965,no_fit,0.998474497103722
lf,0.1,309,2,1,0.020655478234402835,0.33193506416202634,0.075149399718765,2.6780717861027457,0.45995975735832495,0.0,-0.10000000000000003,1.0,-0.10000000000000003,0.33454300855901165,0.0,2.5454117705214983,-5.551115123125783e-17,0.3345407661759721,0.0010944772337450775,2.5454757040701357,0.007254975304029965,no_fit,0.9411644258652612
lf,0.1,309,2,2,0.3040670361369848,0.33998319818837336,0.17932558511442284,2.4274918829748016,0.8793462861013224,0.0,-0.10000000000000003,1.0,-0.10000000000000003,0.33454300855901165,0.0,2.5454117705214983,-5.551115123125783e-17,0.3345407661759721,0.0010944772337450775,2.5454757040701357,0.007254975304029965,no_fit,0.950832640641563
lf,0.1,309,2,3,0.07664172258228064,0.33291297413894244,0.062367986184981086,2.610210714613064,0.37358773495179565,0.0,-0.10000000000000003,1.0,-0.10000000000000003,0.33454300855901165,0.0,2.5454117705214983,-5.551115123125783e-17,0.3345407661759721,0.0010944772337450775,2.5454757040701357,0.007254975304029965,no_fit,0.9860874543282684
lf,0.1,309,3,0,0.044217492919415236,0.3210722190760538,0.1992764101571324,2.7107474406385377,1.0751100008137424,0.0,-0.10000000000000003,1.0,-0.10000000000000003,0.33454300855901165,0.0,2.5454117705214983,-5.551115123125783e-17,0.3345407661759721,0.0010944772337450775,2.5454757040701357,0.007254975304029965,no_fit,0.9620735917613616
lf,0.1,309,3,1,0.03241523471660912,0.32979180789959056,0.1512838523641025,2.7077997694744855,0.9485899080315202,0.0,-0.10000000000000003,1.0,-0.10000000000000003,0.33454300855901165,0.0,2.5454117705214983,-5.551115123125783e-17,0.3345407661759721,0.0010944772337450775,2.5454757040701357,0.007254975304029965,no_fit,0.949336045481652
lf,0.1,309,3,2,0.04538422939367592,0.3317037693604861,0.1385890669171572,2.6651968229132086,0.8775544939793672,0.0,-0.10000000000000003,1.0,-0.10000000000000003,0.33454300855901165,0.0,2.5454117705214983,-5.551115123125783e-17,0.3345407661759721,0.0010944772337450775,2.5454757040701357,0.007254975304029965,no_fit,0.9569455632553217
lf,0.1,309,3,3,0.029766590567305684,0.3301544946507688,0.10020748278641119,2.692993447240905,0.6511559840265673,0.0,-0.10000000000000003,1.0,-0.10000000000000003,0.33454300855901165,0.0,2.5454117705214983,-5.551115123125783e-17,0.3345407661759721,0.0010944772337450775,2.5454757040701357,0.007254975304029965,no_fit,0.9471803869921116
lf,0.1,310,0,0,0.14823968894779682,0.3305916521503888,-0.08400893845216624,2.632957865743449,-0.385739956374256,0.0,-0.10000000000000003,1.0,-0.10000000000000003,0.33454300855901165,0.0,2.5454117705214983,-5.551115123125783e-17,0.3345407661759721,0.0010944772337450775,2.5454757040701357,0.007254975304029965,no_fit,0.997475799695792
lf,0.1,310,0,1,0.3221533754840493,0.25433161669380033,-0.47036051536663337,3.3373593576241527,-1.4597990995640415,0.0,-0.10000000000000003,1.0,-0.10000000000000003,0.33454300855901165,0.0,2.5454117705214983,-5.551115123125783e-17,0.3345407661759721,0.0010944772337450775,2.5454757040701357,0.007254975304029965,no_fit,0.521999519715118
lf,0.1,310,0,2,0.1545749008655548,0.3355736398070633,0.006482796621930494,2.548801592307098,0.037252987126815185,0.0,-0.10000000000000003,1.0,-0.10000000000000003,0.33454300855901165,0.0,2.5454117705214983,-5.551115123125783e-17,0.3345407661759721,0.0010944772337450775,2.5454757040701357,0.007254975304029965,ungated,0.9997014887002704
lf,0.1,310,0,3,0.3520531746726192,0.16298449340302565,-0.8841862467463358,3.739133095388534,-3.6920361249732223,0.0,-0.10000000000000003,1.0,-0.10000000000000003,0.33454300855901165,0.0,2.5454117705214983,-5.551115123125783e-17,0.3345407661759721,0.0010944772337450775,2.5454757040701357,0.007254975304029965,no_fit,0.3575651513151024
lf,0.1,310,1,0,0.1443298775702715,0.33528776357918144,-0.009873536564596564,2.561887531947125,-0.07407720102206677,0.0,-0.10000000000000003,1.0,-0.10000000000000003,0.33454300855901165,0.0,2.5454117705214983,-5.551115123125783e-17,0.3345407661759721,0.0010944772337450775,2.5454757040701357,0.007254975304029965,ungated,0.9997700165041932
lf,0.1,310,1,1,0.2025915488920873,0.1844878501630414,-0.8020592655776856,3.811411753282384,-3.760045752881463,0.0,-0.10000000000000003,1.0,-0.10000000000000003,0.33454300855901165,0.0,2.5454117705214983,-5.551115123125783e-17,0.3345407661759721,0.0010944772337450775,2.5454757040701357,0.007254975304029965,no_fit,0.4064379083025454
lf,0.1,310,1,2,0.15379294008016586,0.3347751973183632,0.03511534380163066,2.5629155062647113,0.17367642813427697,0.0,-0.10000000000000003,1.0,-0.10000000000000003,0.33454300855901165,0.0,2.5454117705214983,-5.551115123125783e-17,0.3345407661759721,0.0010944772337450775,2.5454757040701357,0.007254975304029965,no_fit,0.999278726409278
lf,0.1,310,1,3,0.3360760137438774,0.3219416003540602,-0.048940126490224084,2.7701659413960056,-0.21425625916161495,0.0,-0.10000000000000003,1.0,-0.10000000000000003,0.33454300855901165,0.0,2.5454117705214983,-5.551115123125783e-17,0.3345407661759721,0.0010944772337450775,2.5454757040701357,0.007254975304029965,no_fit,0.8233483319626307
lf,0.1,310,2,0,0.563296876847744,0.3550247212930869,0.12022655160870462,2.0846180019617546,0.45802311946627144,0.0,-0.10000000000000003,1.0,-0.10000000000000003,0.33454300855901165,0.0,2.5454117705214983,-5.551115123125783e-17,0.3345407661759721,0.0010944772337450775,2.5454757040701357,0.007254975304029965,acf_or_spectral,0.8517508291711673
lf,0.1,310,2,1,0.10596154816448689,0.3408159069651063,0.09591845492900916,2.353917144370894,0.4682469434107455,0.0,-0.10000000000000003,1.0,-0.10000000000000003,0.33454300855901165,0.0,2.5454117705214983,-5.551115123125783e-17,0.3345407661759721,0.0010944772337450775,2.5454757040701357,0.007254975304029965,acf_or_spectral,0.9392621100414904
lf,0.1,310,2,2,0.08613134082406759,0.3342457492086558,0.03170482380210253,2.587755866851566,0.17165516238620893,0.0,-0.10000000000000003,1.0,-0.10000000000000003,0.33454300855901165,0.0,2.5454117705214983,-5.551115123125783e-17,0.3345407661759721,0.0010944772337450775,2.5454757040701357,0.007254975304029965,no_fit,0.9911263799187848
lf,0.1,310,2,3,0.12949148565530777,0.3320234153484095,0.06340435986158709,2.6098980784090737,0.38595082247447676,0.0,-0.10000000000000003,1.0,-0.10000000000000003,0.33454300855901165,0.0,2.5454117705214983,-5.551115123125783e-17,0.3345407661759721,0.0010944772337450775,2.5454757040701357,0.007254975304029965,no_fit,0.9978029645474172
lf,0.1,310,3,0,0.00011077459521402488,0.34775613019650503,0.21677776467169746,2.549707255337905,0.5128506693201431,0.0,-0.10000000000000003,1.0,-0.10000000000000003,0.33454300855901165,0.0,2.5454117705214983,-5.551115123125783e-17,0.3345407661759721,0.0010944772337450775,2.5454757040701357,0.007254975304029965,no_fit,0.7603253643237736
lf,0.1,310,3,1,0.040667944704182446,0.33191500763103143,0.2731251197275427,2.530070559121427,1.13075768234321,0.0,-0.10000000000000003,1.0,-0.10000000000000003,0.33454300855901165,0.0,2.5454117705214983,-5.551115123125783e-17,0.3345407661759721,0.0010944772337450775,2.5454757040701357,0.007254975304029965,no_fit,0.947792703187188
lf,0.1,310,3,2,0.04366035433486104,0.3369380441847061,0.21247264484635434,2.5231508636625297,0.9600477270148878,0.0,-0.10000000000000003,1.0,-0.10000000000000003,0.33454300855901165,0.0,2.5454117705214983,-5.551115123125783e-17,0.3345407661759721,0.0010944772337450775,2.5454757040701357,0.007254975304029965,no_fit,0.9491925428622406
lf,0.1,310,3,3,0.04494472919031978,0.33971787865072495,0.14272390840776578,2.5411115791566146,0.7162386046857485,0.0,-0.10000000000000003,1.0,-0.10000000000000003,0.33454300855901165,0.0,2.5454117705214983,-5.551115123125783e-17,0.3345407661759721,0.0010944772337450775,2.5454757040701357,0.007254975304029965,no_fit,0.9533257940950208
lf,0.1,311,0,0,0.11374408192932606,0.33070443876945094,-0.06170979912471484,2.6347698852715977,-0.3307164086319942,0.0,-0.10000000000000003,1.0,-0.10000000000000003,0.33454300855901165,0.0,2.5454117705214983,-5.551115123125783e-17,0.3345407661759721,0.0010944772337450775,2.5454757040701357,0.007254975304029965,no_fit,0.9978486028537328
lf,0.1,311,0,1,0.1308901458978653,0.3335946726441614,0.027773089951088046,2.557006935075926,0.1257118145504798,0.0,-0.10000000000000003,1.0,-0.10000000000000003,0.33454300855901165,0.0,2.5454117705214983,-5.551115123125783e-17,0.3345407661759721,0.0010944772337450775,2.5454757040701357,0.007254975304029965,no_fit,0.9983761776799348
lf,0.1,311,0,2,0.3130429508164525,0.2788086070082513,-0.25945527027104803,3.3263609240627305,-1.6980627063539186,0.0,-0.10000000000000003,1.0,-0.10000000000000003,0.33454300855901165,0.0,2.5454117705214983,-5.551115123125783e-17,0.3345407661759721,0.0010944772337450775,2.5454757040701357,0.007254975304029965,no_fit,0.616074265273532
lf,0.1,311,0,3,0.13908977713435888,0.3344593978322901,-0.01430034137013761,2.5682456707932646,-0.07573947944455167,0.0,-0.10000000000000003,1.0,-0.10000000000000003,0.33454300855901165,0.0,2.5454117705214983,-5.551115123125783e-17,0.3345407661759721,0.0010944772337450775,2.5454757040701357,0.007254975304029965,no_fit,0.999584454181812
lf,0.1,311,1,0,0.2746624798744506,0.10048851797864358,-0.9563257217607619,3.782680789600452,-3.7481096781976198,0.0,-0.10000000000000003,1.0,-0.10000000000000003,0.33454300855901165,0.0,2.5454117705214983,-5.551115123125783e-17,0.3345407661759721,0.0010944772337450775,2.5454757040701357,0.007254975304029965,no_fit,0.3612723427187596
lf,0.1,311,1,1,8.817259242732689e-06,0.39014462470650685,-0.3351441024792965,3.2288102768334266,-2.1538488783779686,0.0,-0.10000000000000003,1.0,-0.10000000000000003,0.33454300855901165,0.0,2.5454117705214983,-5.551115123125783e-17,0.3345407661759721,0.0010944772337450775,2.5454757040701357,0.007254975304029965,no_fit,0.7716542642625909
lf,0.1,311,1,2,6.34845758895608e-06,0.31375649566146885,0.15350413482761655,3.119484827156381,0.8623233930510634,0.0,-0.10000000000000003,1.0,-0.10000000000000003,0.33454300855901165,0.0,2.5454117705214983,-5.551115123125783e-17,0.3345407661759721,0.0010944772337450775,2.5454757040701357,0.007254975304029965,no_fit,0.7168406838639285
lf,0.1,311,1,3,0.11909007653594017,0.3239741001029138,-0.05587821589001314,2.759212881967837,-0.35610378679003346,0.0,-0.10000000000000003,1.0,-0.10000000000000003,0.33454300855901165,0.0,2.5454117705214983,-5.551115123125783e-17,0.3345407661759721,0.0010944772337450775,2.5454757040701357,0.007254975304029965,no_fit,0.9921623993572029
lf,0.1,311,2,0,0.16456220019608736,0.30962325321625894,-0.36684473181538574,2.9856724184126313,-2.118772629694202,0.0,-0.10000000000000003,1.0,-0.10000000000000003,0.33454300855901165,0.0,2.5454117705214983,-5.551115123125783e-17,0.3345407661759721,0.0010944772337450775,2.5454757040701357,0.007254975304029965,no_fit,0.7603414864082552
lf,0.1,311,2,1,0.02275055251084268,0.330017259677197,0.07615497389138891,2.697613124837697,0.5006797619789711,0.0,-0.10000000000000003,1.0,-0.10000000000000003,0.33454300855901165,0.0,2.5454117705214983,-5.551115123125783e-17,0.3345407661759721,0.0010944772337450775,2.5454757040701357,0.007254975304029965,no_fit,0.9497912442606796
lf,0.1,311,2,2,0.7876312248408794,0.3577599782405541,0.09539739370298901,2.0017909321427054,0.34740997848313926,0.0,-0.10000000000000003,1.0,-0.10000000000000003,0.33454300855901165,0.0,2.5454117705214983,-5.551115123125783e-17,0.3345407661759721,0.0010944772337450775,2.5454757040701357,0.007254975304029965,acf_or_spectral,0.6991734649505201
lf,0.1,311,2,3,0.0391694251447916,0.32997916154160206,0.052123210782747224,2.6269255039089283,0.2937495259505658,0.0,-0.10000000000000003,1.0,-0.10000000000000003,0.33454300855901165,0.0,2.5454117705214983,-5.551115123125783e-17,0.3345407661759721,0.0010944772337450775,2.5454757040701357,0.007254975304029965,no_fit,0.9542486052605644
lf,0.1,311,3,0,0.01638796250335872,0.3276976293409883,0.11630259654917907,2.7356249718036265,0.7823948573236322,0.0,-0.10000000000000003,1.0,-0.10000000000000003,0.33454300855901165,0.0,2.5454117705214983,-5.551115123125783e-17,0.3345407661759721,0.0010944772337450775,2.5454757040701357,0.007254975304029965,no_fit,0.9401437963841768
lf,0.1,311,3,1,0.04877153830602765,0.3343936172849394,0.08358817015744045,2.633282913130197,0.5656162846116038,0.0,-0.10000000000000003,1.0,-0.10000000000000003,0.33454300855901165,0.0,2.5454117705214983,-5.551115123125783e-17,0.3345407661759721,0.0010944772337450775,2.5454757040701357,0.007254975304029965,no_fit,0.9697801105956932
lf,0.1,311,3,2,0.016190588008612394,0.3312763068926009,0.07913344541130907,2.6839179520613228,0.5087847234016327,0.0,-0.10000000000000003,1.0,-0.10000000000000003,0.33454300855901165,0.0,2.5454117705214983,-5.551115123125783e-17,0.3345407661759721,0.0010944772337450775,2.5454757040701357,0.007254975304029965,no_fit,0.9347104334697852
lf,0.1,311,3,3,0.07805221108719707,0.3307184906763211,0.12251737387672718,2.639842281830807,0.7747864854329675,0.0,-0.10000000000000003,1.0,-0.10000000000000003,0.33454300855901165,0.0,2.5454117705214983,-5.551115123125783e-17,0.3345407661759721,0.0010944772337450775,2.5454757040701357,0.007254975304029965,no_fit,0.9770321328704636
lf,0.1,312,0,0,0.135477127507329,0.336028457237481,-0.0022252895545558644,2.557211008710126,-0.046569865818374134,0.0,-0.10000000000000003,1.0,-0.10000000000000003,0.33454300855901165,0.0,2.5454117705214983,-5.551115123125783e-17,0.3345407661759721,0.0010944772337450775,2.5454757040701357,0.007254975304029965,acf_or_spectral,0.9994371058465796
lf,0.1,312,0,1,0.13810347020626068,0.3347327246643098,-0.015400569956996304,2.572250512368775,-0.038199626196338377,0.0,-0.10000000000000003,1.0,-0.10000000000000003,0.33454300855901165,0.0,2.5454117705214983,-5.551115123125783e-17,0.3345407661759721,0.0010944772337450775,2.5454757040701357,0.007254975304029965,no_fit,0.9995974642196204
lf,0.1,312,0,2,0.14632296655327082,0.3350087467356847,0.0013043117665205853,2.5555029986845677,0.022066245543679697,0.0,-0.10000000000000003,1.0,-0.10000000000000003,0.33454300855901165,0.0,2.5454117705214983,-5.551115123125783e-17,0.3345407661759721,0.0010944772337450775,2.5454757040701357,0.007254975304029965,acf_or_spectral,0.999505955296304
lf,0.1,312,0,3,0.28991173271106163,0.11650615649347298,-0.9750917414326317,3.6197455727902588,-3.54317115903473,0.0,-0.10000000000000003,1.0,-0.10000000000000003,0.33454300855901165,0.0,2.5454117705214983,-5.551115123125783e-17,0.3345407661759721,0.0010944772337450775,2.5454757040701357,0.007254975304029965,no_fit,0.4077508662186234
lf,0.1,312,1,0,0.001053568084444123,0.1998561126239543,0.854996076715643,2.9739223993322557,2.6720719802488953,0.0,-0.10000000000000003,1.0,-0.10000000000000003,0.33454300855901165,0.0,2.5454117705214983,-5.551115123125783e-17,0.3345407661759721,0.0010944772337450775,2.5454757040701357,0.007254975304029965,no_fit,0.8258860193866928
lf,0.1,312,1,1,0.16043899208307266,0.3338637384340488,-0.024327063005177278,2.566444254757669,-0.10397312461545838,0.0,-0.10000000000000003,1.0,-0.10000000000000003,0.33454300855901165,0.0,2.5454117705214983,-5.551115123125783e-17,0.3345407661759721,0.0010944772337450775,2.5454757040701357,0.007254975304029965,no_fit,0.9993198440354872
lf,0.1,312,1,2,0.15501591563224792,0.33375003124879266,-0.010747069499492739,2.565826208001313,-0.033909349874295225,0.0,-0.10000000000000003,1.0,-0.10000000000000003,0.33454300855901165,0.0,2.5454117705214983,-5.551115123125783e-17,0.3345407661759721,0.0010944772337450775,2.5454757040701357,0.007254975304029965,acf_or_spectral,0.9995618191273096
lf,0.1,312,1,3,0.12905571004375815,0.2991226291941505,0.5360327524508813,2.7210164080993264,2.072053261125266,0.0,-0.10000000000000003,1.0,-0.10000000000000003,0.33454300855901165,0.0,2.5454117705214983,-5.551115123125783e-17,0.3345407661759721,0.0010944772337450775,2.5454757040701357,0.007254975304029965,no_fit,0.9656377789101116
lf,0.1,312,2,0,0.03041673569532577,0.2531359544194378,0.7890526057816115,2.5780647973034085,2.156031149264999,0.0,-0.10000000000000003,1.0,-0.10000000000000003,0.33454300855901165,0.0,2.5454117705214983,-5.551115123125783e-17,0.3345407661759721,0.0010944772337450775,2.5454757040701357,0.007254975304029965,no_fit,0.8835622846593046
lf,0.1,312,2,1,0.2594705387018621,0.33601189812566135,0.24667024001658344,2.4703282440355365,1.1709123248334408,0.0,-0.10000000000000003,1.0,-0.10000000000000003,0.33454300855901165,0.0,2.5454117705214983,-5.551115123125783e-17,0.3345407661759721,0.0010944772337450775,2.5454757040701357,0.007254975304029965,no_fit,0.9566500758394616
lf,0.1,312,2,2,0.09103280492126942,0.33646150970897387,0.030469669349325892,2.5360542863513555,0.1725372760528771,0.0,-0.10000000000000003,1.0,-0.10000000000000003,0.33454300855901165,0.0,2.5454117705214983,-5.551115123125783e-17,0.3345407661759721,0.0010944772337450775,2.5454757040701357,0.007254975304029965,no_fit,0.989878410390538
lf,0.1,312,2,3,0.16894630866590887,0.3130778442540178,0.5261102762493858,2.6327056250958414,2.0073261972863756,0.0,-0.10000000000000003,1.0,-0.10000000000000003,0.33454300855901165,0.0,2.5454117705214983,-5.551115123125783e-17,0.3345407661759721,0.0010944772337450775,2.5454757040701357,0.007254975304029965,no_fit,0.9570706618309852
lf,0.1,312,3,0,0.2016193101881072,0.31431505016660477,0.5539074936977542,2.544073728074721,1.9171344658851466,0.0,-0.10000000000000003,1.0,-0.10000000000000003,0.33454300855901165,0.0,2.5454117705214983,-5.551115123125783e-17,0.3345407661759721,0.0010944772337450775,2.5454757040701357,0.007254975304029965,no_fit,0.9572295718451052
lf,0.1,312,3,1,0.08294148254208267,0.31449704363438585,0.4579567117927658,2.7669259462794247,2.014241625913728,0.0,-0.10000000000000003,1.0,-0.10000000000000003,0.33454300855901165,0.0,2.5454117705214983,-5.551115123125783e-17,0.3345407661759721,0.0010944772337450775,2.5454757040701357,0.007254975304029965,no_fit,0.9688894095610724
lf,0.1,312,3,2,0.056775587843731046,0.3408045321271423,0.11592074982859922,2.5286970573353806,0.6386679415141875,0.0,-0.10000000000000003,1.0,-0.10000000000000003,0.33454300855901165,0.0,2.5454117705214983,-5.551115123125783e-17,0.3345407661759721,0.0010944772337450775,2.5454757040701357,0.007254975304029965,no_fit,0.9545140129379024
lf,0.1,312,3,3,0.15449609537608922,0.30828394473408943,0.5335129028736143,2.6811461929350706,2.0599457504151535,0.0,-0.10000000000000003,1.0,-0.10000000000000003,0.33454300855901165,0.0,2.5454117705214983,-5.551115123125783e-17,0.3345407661759721,0.0010944772337450775,2.5454757040701357,0.007254975304029965,no_fit,0.9613434722526067
lf,0.1,313,0,0,0.2758729769848287,0.26398060524990463,-0.5142858846378764,3.5181186711416497,-2.963520015447088,0.0,-0.10000000000000003,1.0,-0.10000000000000003,0.33454300855901165,0.0,2.5454117705214983,-5.551115123125783e-17,0.3345407661759721,0.0010944772337450775,2.5454757040701357,0.007254975304029965,no_fit,0.5640479611993746
lf,0.1,313,0,1,0.15367786586284637,0.32735742711999055,0.02783097393796728,2.6302309400571664,0.041949040869872056,0.0,-0.10000000000000003,1.0,-0.10000000000000003,0.33454300855901165,0.0,2.5454117705214983,-5.551115123125783e-17,0.3345407661759721,0.0010944772337450775,2.5454757040701357,0.007254975304029965,no_fit,0.9965261369705578
lf,0.1,313,0,2,0.3312118120957166,0.29177354654871807,-0.5100178419431672,3.1023489854086903,-2.5694403859385706,0.0,-0.10000000000000003,1.0,-0.10000000000000003,0.33454300855901165,0.0,2.5454117705214983,-5.551115123125783e-17,0.3345407661759721,0.0010944772337450775,2.5454757040701357,0.007254975304029965,no_fit,0.6423184297467391
lf,0.1,313,0,3,0.19086113572120667,0.3327450244502079,-0.045922053643575385,2.6065950428399987,-0.22467083120128134,0.0,-0.10000000000000003,1.0,-0.10000000000000003,0.33454300855901165,0.0,2.5454117705214983,-5.551115123125783e-17,0.3345407661759721,0.0010944772337450775,2.5454757040701357,0.007254975304029965,no_fit,0.9931554639690546
lf,0.1,313,1,0,0.04956115549430251,0.3201331368438835,-0.2242932640769859,3.0275937137881264,-1.6614107501790982,0.0,-0.10000000000000003,1.0,-0.10000000000000003,0.33454300855901165,0.0,2.5454117705214983,-5.551115123125783e-17,0.3345407661759721,0.0010944772337450775,2.5454757040701357,0.007254975304029965,no_fit,0.9206009786991474
lf,0.1,313,1,1,0.04045369056984782,0.3427743047611639,-0.011032367021676035,2.689438575783322,-0.2574410403137367,0.0,-0.10000000000000003,1.0,-0.10000000000000003,0.33454300855901165,0.0,2.5454117705214983,-5.551115123125783e-17,0.3345407661759721,0.0010944772337450775,2.5454757040701357,0.007254975304029965,no_fit,0.9286234330505412
lf,0.1,313,1,2,0.07716928701847792,0.2702423452675308,-0.21689223486461617,3.467141140337209,0.6389408869726849,0.0,-0.10000000000000003,1.0,-0.10000000000000003,0.33454300855901165,0.0,2.5454117705214983,-5.551115123125783e-17,0.3345407661759721,0.0010944772337450775,2.5454757040701357,0.007254975304029965,no_fit,0.5911201461513858
lf,0.1,313,1,3,0.2332196910319908,0.1412511786785918,-0.9196899769503336,3.7649049100068885,-3.722387624130194,0.0,-0.10000000000000003,1.0,-0.10000000000000003,0.33454300855901165,0.0,2.5454117705214983,-5.551115123125783e-17,0.3345407661759721,0.0010944772337450775,2.5454757040701357,0.007254975304029965,no_fit,0.377962989627279
lf,0.1,313,2,0,0.12724024429917336,0.3271890057683114,-0.05063847280163277,2.6926046980871154,-0.3296118318787094,0.0,-0.10000000000000003,1.0,-0.10000000000000003,0.33454300855901165,0.0,2.5454117705214983,-5.551115123125783e-17,0.3345407661759721,0.0010944772337450775,2.5454757040701357,0.007254975304029965,no_fit,0.9968486375096638
lf,0.1,313,2,1,0.1550473179668188,0.3380435746436553,0.019195961793822696,2.5666519641105476,0.11727709845682494,0.0,-0.10000000000000003,1.0,-0.10000000000000003,0.33454300855901165,0.0,2.5454117705214983,-5.551115123125783e-17,0.3345407661759721,0.0010944772337450775,2.5454757040701357,0.007254975304029965,no_fit,0.99909784326842
lf,0.1,313,2,2,0.2975407368503511,0.34912823960438427,0.25608457905170273,2.187662665989966,0.9320885276287462,0.0,-0.10000000000000003,1.0,-0.10000000000000003,0.33454300855901165,0.0,2.5454117705214983,-5.551115123125783e-17,0.3345407661759721,0.0010944772337450775,2.5454757040701357,0.007254975304029965,no_fit,0.9463162166431802
lf,0.1,313,2,3,0.08674642397090793,0.33519784468656627,0.08926784663813517,2.4695543426820232,0.4504986826019897,0.0,-0.10000000000000003,1.0,-0.10000000000000003,0.33454300855901165,0.0,2.5454117705214983,-5.551115123125783e-17,0.3345407661759721,0.0010944772337450775,2.5454757040701357,0.007254975304029965,no_fit,0.9595020022527808
lf,0.1,313,3,0,0.0935584562830627,0.33216438343472965,0.2087687490870981,2.566742885783188,1.0369754700806566,0.0,-0.10000000000000003,1.0,-0.10000000000000003,0.33454300855901165,0.0,2.5454117705214983,-5.551115123125783e-17,0.3345407661759721,0.0010944772337450775,2.5454757040701357,0.007254975304029965,no_fit,0.9749207816727624
lf,0.1,313,3,1,0.01797446038108319,0.3404562695579876,0.11125896748967885,2.5657375504720896,0.562553974046499,0.0,-0.10000000000000003,1.0,-0.10000000000000003,0.33454300855901165,0.0,2.5454117705214983,-5.551115123125783e-17,0.3345407661759721,0.0010944772337450775,2.5454757040701357,0.007254975304029965,no_fit,0.9131384482741652
lf,0.1,313,3,2,0.0001297985145356506,0.3538472186619824,0.10641689261358968,2.350233044902685,0.3550217602951494,0.0,-0.10000000000000003,1.0,-0.10000000000000003,0.33454300855901165,0.0,2.5454117705214983,-5.551115123125783e-17,0.3345407661759721,0.0010944772337450775,2.5454757040701357,0.007254975304029965,acf_or_spectral,0.6325625398228883
lf,0.1,313,3,3,0.027920911612454802,0.33197254549875926,0.43691607247244063,2.421395599190869,1.2951663499473456,0.0,-0.10000000000000003,1.0,-0.10000000000000003,0.33454300855901165,0.0,2.5454117705214983,-5.551115123125783e-17,0.3345407661759721,0.0010944772337450775,2.5454757040701357,0.007254975304029965,no_fit,0.926255181619379
lf,0.1,314,0,0,0.20265613868832588,0.3319916271752399,0.004866101157414385,2.586441931153239,0.04800207786409477,0.0,-0.10000000000000003,1.0,-0.10000000000000003,0.33454300855901165,0.0,2.5454117705214983,-5.551115123125783e-17,0.3345407661759721,0.0010944772337450775,2.5454757040701357,0.007254975304029965,no_fit,0.9911796474328884
lf,0.1,314,0,1,0.14601318631321192,0.33403794787101365,0.012236990999073423,2.5582712378796666,0.07137368166372016,0.0,-0.10000000000000003,1.0,-0.10000000000000003,0.33454300855901165,0.0,2.5454117705214983,-5.551115123125783e-17,0.3345407661759721,0.0010944772337450775,2.5454757040701357,0.007254975304029965,ungated,0.9997231341688104
lf,0.1,314,0,2,0.32085119460111855,0.17092279466550447,-0.9543393148264856,3.6253189696721684,-3.5474329348927855,0.0,-0.10000000000000003,1.0,-0.10000000000000003,0.33454300855901165,0.0,2.5454117705214983,-5.551115123125783e-17,0.3345407661759721,0.0010944772337450775,2.5454757040701357,0.007254975304029965,no_fit,0.39863567107428
lf,0.1,314,0,3,0.13175731804221869,0.3313112909517796,-0.015184319095067835,2.58106293179557,-0.06061394194947389,0.0,-0.10000000000000003,1.0,-0.10000000000000003,0.33454300855901165,0.0,2.5454117705214983,-5.551115123125783e-17,0.3345407661759721,0.0010944772337450775,2.5454757040701357,0.007254975304029965,no_fit,0.9986546715643974
lf,0.1,314,1,0,0.01519095341063803,0.22334441317280443,0.8306645421109932,2.7131810329785537,2.342369352259405,0.0,-0.10000000000000003,1.0,-0.10000000000000003,0.33454300855901165,0.0,2.5454117705214983,-5.551115123125783e-17,0.3345407661759721,0.0010944772337450775,2.5454757040701357,0.007254975304029965,no_fit,0.9074338329205972
lf,0.1,314,1,1,0.1349961580708623,0.34538710798571637,0.04855374464352141,2.5058561226342926,0.2901799291224034,0.0,-0.10000000000000003,1.0,-0.10000000000000003,0.33454300855901165,0.0,2.5454117705214983,-5.551115123125783e-17,0.3345407661759721,0.0010944772337450775,2.5454757040701357,0.007254975304029965,no_fit,0.9984867171159
lf,0.1,314,1,2,0.15452820248901844,0.33398293658517453,-0.014660570403407139,2.5609779461228137,-0.0495550976976758,0.0,-0.10000000000000003,1.0,-0.10000000000000003,0.33454300855901165,0.0,2.5454117705214983,-5.551115123125783e-17,0.3345407661759721,0.0010944772337450775,2.5454757040701357,0.007254975304029965,ungated,0.9997418802835838
lf,0.1,314,1,3,0.14867377560585737,0.33750869784513043,0.054634681392248315,2.514656120419714,0.26770596920389206,0.0,-0.10000000000000003,1.0,-0.10000000000000003,0.33454300855901165,0.0,2.5454117705214983,-5.551115123125783e-17,0.3345407661759721,0.0010944772337450775,2.5454757040701357,0.007254975304029965,no_fit,0.99841541007542
lf,0.1,314,2,0,0.02062127703175065,0.18857444153985972,0.8518514970737918,2.98488553372575,2.7134873685745746,0.0,-0.10000000000000003,1.0,-0.10000000000000003,0.33454300855901165,0.0,2.5454117705214983,-5.551115123125783e-17,0.3345407661759721,0.0010944772337450775,2.5454757040701357,0.007254975304029965,no_fit,0.8720726121085028
lf,0.1,314,2,1,0.2783954233163968,0.3200486238149085,0.523094245170856,2.4004208951794355,1.6928224572085817,0.0,-0.10000000000000003,1.0,-0.10000000000000003,0.33454300855901165,0.0,2.5454117705214983,-5.551115123125783e-17,0.3345407661759721,0.0010944772337450775,2.5454757040701357,0.007254975304029965,no_fit,0.9352368241798608
lf,0.1,314,2,2,0.05480503989383578,0.328187466524171,0.39376814490264805,2.4871445494935704,1.440878940838985,0.0,-0.10000000000000003,1.0,-0.10000000000000003,0.33454300855901165,0.0,2.5454117705214983,-5.551115123125783e-17,0.3345407661759721,0.0010944772337450775,2.5454757040701357,0.007254975304029965,no_fit,0.9521082551949184
lf,0.1,314,2,3,0.07070461311377585,0.3028528666271205,0.5058545702276165,2.8206898480136915,2.181251952155101,0.0,-0.10000000000000003,1.0,-0.10000000000000003,0.33454300855901165,0.0,2.5454117705214983,-5.551115123125783e-17,0.3345407661759721,0.0010944772337450775,2.5454757040701357,0.007254975304029965,no_fit,0.9557571710960332
lf,0.1,314,3,0,0.04028177703730762,0.32150519424534924,0.33743071942717445,2.725798778019192,1.653051540725517,0.0,-0.10000000000000003,1.0,-0.10000000000000003,0.33454300855901165,0.0,2.5454117705214983,-5.551115123125783e-17,0.3345407661759721,0.0010944772337450775,2.5454757040701357,0.007254975304029965,no_fit,0.9567780154941776
lf,0.1,314,3,1,0.09044706216081977,0.2962884810203682,0.5638971721032919,2.8760125159268286,2.3353550080141394,0.0,-0.10000000000000003,1.0,-0.10000000000000003,0.33454300855901165,0.0,2.5454117705214983,-5.551115123125783e-17,0.3345407661759721,0.0010944772337450775,2.5454757040701357,0.007254975304029965,no_fit,0.9657596347614276
lf,0.1,314,3,2,0.1439267131499946,0.3327316543151337,0.2400401948457835,2.572163635925865,1.2202098617989074,0.0,-0.10000000000000003,1.0,-0.10000000000000003,0.33454300855901165,0.0,2.5454117705214983,-5.551115123125783e-17,0.3345407661759721,0.0010944772337450775,2.5454757040701357,0.007254975304029965,no_fit,0.9778131307401045
lf,0.1,314,3,3,0.2785481826867908,0.3274446737913106,0.47196562646174695,2.4107271840954714,1.6520564903904575,0.0,-0.10000000000000003,1.0,-0.10000000000000003,0.33454300855901165,0.0,2.5454117705214983,-5.551115123125783e-17,0.3345407661759721,0.0010944772337450775,2.5454757040701357,0.007254975304029965,no_fit,0.9435335271891246
lf,0.1,315,0,0,0.30333958519622684,0.2719890215452694,-0.16768208014192945,3.657038017621117,-1.3411291577698474,0.0,-0.10000000000000003,1.0,-0.10000000000000003,0.33454300855901165,0.0,2.5454117705214983,-5.551115123125783e-17,0.3345407661759721,0.0010944772337450775,2.5454757040701357,0.007254975304029965,no_fit,0.5408458563059219
lf,0.1,315,0,1,0.18294026516377926,0.32739431210097864,-0.04279209917458729,2.6480331441604448,-0.263162523128905,0.0,-0.10000000000000003,1.0,-0.10000000000000003,0.33454300855901165,0.0,2.5454117705214983,-5.551115123125783e-17,0.3345407661759721,0.0010944772337450775,2.5454757040701357,0.007254975304029965,no_fit,0.9924418658906182
lf,0.1,315,0,2,0.2112518511712551,0.3226546398694408,-0.025726320764916936,2.743729286316434,-0.16749821765157763,0.0,-0.10000000000000003,1.0,-0.10000000000000003,0.33454300855901165,0.0,2.5454117705214983,-5.551115123125783e-17,0.3345407661759721,0.0010944772337450775,2.5454757040701357,0.007254975304029965,no_fit,0.981902516698607
lf,0.1,315,0,3,0.1361120780929923,0.33166602515516735,0.017797084467428708,2.587436386966727,0.05945234155901924,0.0,-0.10000000000000003,1.0,-0.10000000000000003,0.33454300855901165,0.0,2.5454117705214983,-5.551115123125783e-17,0.3345407661759721,0.0010944772337450775,2.5454757040701357,0.007254975304029965,no_fit,0.999576522455212
lf,0.1,315,1,0,0.004455152502714554,0.2432487757193938,0.8971445413356038,1.7723594575941386,1.4645113493446755,0.0,-0.10000000000000003,1.0,-0.10000000000000003,0.33454300855901165,0.0,2.5454117705214983,-5.551115123125783e-17,0.3345407661759721,0.0010944772337450775,2.5454757040701357,0.007254975304029965,no_fit,0.6710908002089941
lf,0.1,315,1,1,0.6732232859358191,0.31796550342995455,0.5900559692491982,2.2432600383310692,1.6116515582535837,0.0,-0.10000000000000003,1.0,-0.10000000000000003,0.33454300855901165,0.0,2.5454117705214983,-5.551115123125783e-17,0.3345407661759721,0.0010944772337450775,2.5454757040701357,0.007254975304029965,no_fit,0.7201494943599809
lf,0.1,315,1,2,0.2798559129823843,0.11680922231338256,-0.9367431293658189,3.7815634885467335,-3.7448338106870174,0.0,-0.10000000000000003,1.0,-0.10000000000000003,0.33454300855901165,0.0,2.5454117705214983,-5.551115123125783e-17,0.3345407661759721,0.0010944772337450775,2.5454757040701357,0.007254975304029965,no_fit,0.3818125206340735
lf,0.1,315,1,3,0.003927873389329761,0.3282710408241123,0.0741712196608744,2.7551572124868238,0.49794158598849014,0.0,-0.10000000000000003,1.0,-0.10000000000000003,0.33454300855901165,0.0,2.5454117705214983,-5.551115123125783e-17,0.3345407661759721,0.0010944772337450775,2.5454757040701357,0.007254975304029965,no_fit,0.8974047448009276
lf,0.1,315,2,0,0.196547232568264,0.3302228637631934,0.26025531870153307,2.604705099714402,1.3654771245759543,0.0,-0.10000000000000003,1.0,-0.10000000000000003,0.33454300855901165,0.0,2.5454117705214983,-5.551115123125783e-17,0.3345407661759721,0.0010944772337450775,2.5454757040701357,0.007254975304029965,no_fit,0.9597824387416766
lf,0.1,315,2,1,0.055693435948342085,0.3328800113987799,0.05198768157183432,2.601469012969554,0.3122232861045018,0.0,-0.10000000000000003,1.0,-0.10000000000000003,0.33454300855901165,0.0,2.5454117705214983,-5.551115123125783e-17,0.3345407661759721,0.0010944772337450775,2.5454757040701357,0.007254975304029965,no_fit,0.970586674243378
lf,0.1,315,2,2,0.18061334360390902,0.3251443968822627,-0.10962875236749618,2.686575988332124,-0.7253550818799203,0.0,-0.10000000000000003,1.0,-0.10000000000000003,0.33454300855901165,0.0,2.5454117705214983,-5.551115123125783e-17,0.3345407661759721,0.0010944772337450775,2.5454757040701357,0.007254975304029965,no_fit,0.969016068146509
lf,0.1,315,2,3,0.07638623239472508,0.33046669643222376,0.14899268119534922,2.6423607061761527,0.9065943335083839,0.0,-0.10000000000000003,1.0,-0.10000000000000003,0.33454300855901165,0.0,2.5454117705214983,-5.551115123125783e-17,0.3345407661759721,0.0010944772337450775,2.5454757040701357,0.007254975304029965,no_fit,0.969764116545322
lf,0.1,315,3,0,0.0334188217530027,0.32117972226718483,0.19812710148154744,2.774158460971427,1.2366577406780133,0.0,-0.10000000000000003,1.0,-0.10000000000000003,0.33454300855901165,0.0,2.5454117705214983,-5.551115123125783e-17,0.3345407661759721,0.0010944772337450775,2.5454757040701357,0.007254975304029965,no_fit,0.9494362203122182
lf,0.1,315,3,1,0.011226771923247725,0.34103955534233005,0.13038094012343565,2.701598858717292,0.7340872838055663,0.0,-0.10000000000000003,1.0,-0.10000000000000003,0.33454300855901165,0.0,2.5454117705214983,-5.551115123125783e-17,0.3345407661759721,0.0010944772337450775,2.5454757040701357,0.007254975304029965,no_fit,0.9300145922586064
lf,0.1,315,3,2,0.08084377320483327,0.33232357274203356,0.12893250843462703,2.6242167452792597,0.7930774201617238,0.0,-0.10000000000000003,1.0,-0.10000000000000003,0.33454300855901165,0.0,2.5454117705214983,-5.551115123125783e-17,0.3345407661759721,0.0010944772337450775,2.5454757040701357,0.007254975304029965,no_fit,0.97894678872591
lf,0.1,315,3,3,0.026232221629470587,0.33106078692485924,0.11340280032938484,2.6778049646568927,0.7107408221149325,0.0,-0.10000000000000003,1.0,-0.10000000000000003,0.33454300855901165,0.0,2.5454117705214983,-5.551115123125783e-17,0.3345407661759721,0.0010944772337450775,2.5454757040701357,0.007254975304029965,no_fit,0.9494122296871422
lf,0.1,316,0,0,0.21015247516334057,0.3319443128029961,0.07492434809965277,2.6012441804018422,0.4200758572912784,0.0,-0.10000000000000003,1.0,-0.10000000000000003,0.33454300855901165,0.0,2.5454117705214983,-5.551115123125783e-17,0.3345407661759721,0.0010944772337450775,2.5454757040701357,0.007254975304029965,no_fit,0.9834404352154056
lf,0.1,316,0,1,0.4131695256801322,0.1169405372952701,-0.921325050945357,3.7939777610813494,-3.758445229969637,0.0,-0.10000000000000003,1.0,-0.10000000000000003,0.33454300855901165,0.0,2.5454117705214983,-5.551115123125783e-17,0.3345407661759721,0.0010944772337450775,2.5454757040701357,0.007254975304029965,no_fit,0.3387061883187838
lf,0.1,316,0,2,0.1982181016355753,0.33219557785149595,-0.05845632765265816,2.575949577621306,-0.29890312341670244,0.0,-0.10000000000000003,1.0,-0.10000000000000003,0.33454300855901165,0.0,2.5454117705214983,-5.551115123125783e-17,0.3345407661759721,0.0010944772337450775,2.5454757040701357,0.007254975304029965,no_fit,0.9934181492134172
lf,0.1,316,0,3,0.18451729335356504,0.26278314572866157,0.6487526958153356,3.3560738694689665,3.10385257206313,0.0,-0.10000000000000003,1.0,-0.10000000000000003,0.33454300855901165,0.0,2.5454117705214983,-5.551115123125783e-17,0.3345407661759721,0.0010944772337450775,2.5454757040701357,0.007254975304029965,no_fit,0.5761258894236306
lf,0.1,316,1,0,3.1390765116157127e-06,0.36807508351212875,0.18626614445013528,2.5093849739577783,-0.30244298240642187,0.0,-0.10000000000000003,1.0,-0.10000000000000003,0.33454300855901165,0.0,2.5454117705214983,-5.551115123125783e-17,0.3345407661759721,0.0010944772337450775,2.5454757040701357,0.007254975304029965,no_fit,0.6878830569897019
lf,0.1,316,1,1,0.003056631605431903,0.28050635329358775,-0.5529596216827678,3.3477247303757016,-2.959007337436736,0.0,-0.10000000000000003,1.0,-0.10000000000000003,0.33454300855901165,0.0,2.5454117705214983,-5.551115123125783e-17,0.3345407661759721,0.0010944772337450775,2.5454757040701357,0.007254975304029965,no_fit,0.8942024070225807
lf,0.1,316,1,2,0.19037567292355106,0.12198196332452588,-0.9429238077838821,3.7958846530654795,-3.761597775194591,0.0,-0.10000000000000003,1.0,-0.10000000000000003,0.33454300855901165,0.0,2.5454117705214983,-5.551115123125783e-17,0.3345407661759721,0.0010944772337450775,2.5454757040701357,0.007254975304029965,no_fit,0.374789523511307
lf,0.1,316,1,3,0.1757473754696548,0.31029798826936694,0.5368691493296501,2.6298847736229765,2.0043657715798844,0.0,-0.10000000000000003,1.0,-0.10000000000000003,0.33454300855901165,0.0,2.5454117705214983,-5.551115123125783e-17,0.3345407661759721,0.0010944772337450775,2.5454757040701357,0.007254975304029965,no_fit,0.9256097240627312
lf,0.1,316,2,0,0.07088491460308433,0.33178084317231693,0.08168562889753761,2.6096703210301078,0.4995403194610424,0.0,-0.10000000000000003,1.0,-0.10000000000000003,0.33454300855901165,0.0,2.5454117705214983,-5.551115123125783e-17,0.3345407661759721,0.0010944772337450775,2.5454757040701357,0.007254975304029965,no_fit,0.977592487744262
lf,0.1,316,2,1,0.15229242946952581,0.3352909213422451,0.04900296970772598,2.541845485597624,0.29925374726603027,0.0,-0.10000000000000003,1.0,-0.10000000000000003,0.33454300855901165,0.0,2.5454117705214983,-5.551115123125783e-17,0.3345407661759721,0.0010944772337450775,2.5454757040701357,0.007254975304029965,no_fit,0.99609382923418
lf,0.1,316,2,2,0.14699595049023628,0.3327829307918251,0.026448762195950378,2.5926924528467645,0.16955845223862537,0.0,-0.10000000000000003,1.0,-0.10000000000000003,0.33454300855901165,0.0,2.5454117705214983,-5.551115123125783e-17,0.3345407661759721,0.0010944772337450775,2.5454757040701357,0.007254975304029965,no_fit,0.9983336191403868
lf,0.1,316,2,3,0.10529249347746372,0.3330967142107597,-0.011834877324859999,2.592342482012036,-0.08713322490538683,0.0,-0.10000000000000003,1.0,-0.10000000000000003,0.33454300855901165,0.0,2.5454117705214983,-5.551115123125783e-17,0.3345407661759721,0.0010944772337450775,2.5454757040701357,0.007254975304029965,no_fit,0.9951869135572284
lf,0.1,316,3,0,0.050183895975351334,0.33496177641586716,0.03669391199591194,2.5965360787258733,0.2527537300674768,0.0,-0.10000000000000003,1.0,-0.10000000000000003,0.33454300855901165,0.0,2.5454117705214983,-5.551115123125783e-17,0.3345407661759721,0.0010944772337450775,2.5454757040701357,0.007254975304029965,no_fit,0.9642974498474718
lf,0.1,316,3,1,0.10413291119039059,0.3442778862840543,0.10162895790393367,2.4283767309938464,0.44761419857224083,0.0,-0.10000000000000003,1.0,-0.10000000000000003,0.33454300855901165,0.0,2.5454117705214983,-5.551115123125783e-17,0.3345407661759721,0.0010944772337450775,2.5454757040701357,0.007254975304029965,no_fit,0.9801853068065
lf,0.1,316,3,2,0.03806306212209165,0.33319193852248025,0.06351522747319019,2.611086997441314,0.37169281915388985,0.0,-0.10000000000000003,1.0,-0.10000000000000003,0.33454300855901165,0.0,2.5454117705214983,-5.551115123125783e-17,0.3345407661759721,0.0010944772337450775,2.5454757040701357,0.007254975304029965,no_fit,0.9512928257599698
lf,0.1,316,3,3,0.007994881714694202,0.33735570015951566,0.056914506234474666,2.670408463463778,0.3724444875262741,0.0,-0.10000000000000003,1.0,-0.10000000000000003,0.33454300855901165,0.0,2.5454117705214983,-5.551115123125783e-17,0.3345407661759721,0.0010944772337450775,2.5454757040701357,0.007254975304029965,no_fit,0.9153593708649056
lf,0.1,317,0,0,0.0010521509393583983,0.5131189570791738,-0.008262696663287803,2.979580944390161,-1.3507093497386051,0.0,-0.10000000000000003,1.0,-0.10000000000000003,0.33454300855901165,0.0,2.5454117705214983,-5.551115123125783e-17,0.3345407661759721,0.0010944772337450775,2.5454757040701357,0.007254975304029965,no_fit,0.7715110980528099
lf,0.1,317,0,1,0.3625764830649132,0.17300990328877253,-0.7292568079856508,3.7919236354849266,-3.692702113058638,0.0,-0.10000000000000003,1.0,-0.10000000000000003,0.33454300855901165,0.0,2.5454117705214983,-5.551115123125783e-17,0.3345407661759721,0.0010944772337450775,2.5454757040701357,0.007254975304029965,no_fit,0.4241846646999962
lf,0.1,317,0,2,0.3308187708389596,0.11533610005436563,-0.9136742575760101,3.8414836759865456,-3.8125765417262842,0.0,-0.10000000000000003,1.0,-0.10000000000000003,0.33454300855901165,0.0,2.5454117705214983,-5.551115123125783e-17,0.3345407661759721,0.0010944772337450775,2.5454757040701357,0.007254975304029965,no_fit,0.3287789253851794
lf,0.1,317,0,3,0.17010321095585823,0.32907963139083884,0.03181663791136217,2.6518836093671303,0.2575084699479103,0.0,-0.10000000000000003,1.0,-0.10000000000000003,0.33454300855901165,0.0,2.5454117705214983,-5.551115123125783e-17,0.3345407661759721,0.0010944772337450775,2.5454757040701357,0.007254975304029965,no_fit,0.993354579908122
lf,0.1,317,1,0,0.00802268268307671,0.31882691032348387,-0.2752170650251893,2.992204589243793,-1.8732940873050339,0.0,-0.10000000000000003,1.0,-0.10000000000000003,0.33454300855901165,0.0,2.5454117705214983,-5.551115123125783e-17,0.3345407661759721,0.0010944772337450775,2.5454757040701357,0.007254975304029965,no_fit,0.8959563197722015
lf,0.1,317,1,1,0.07261206023395061,0.32307924969335666,-0.062110612121027094,2.7777906091675604,-0.40261928292736004,0.0,-0.10000000000000003,1.0,-0.10000000000000003,0.33454300855901165,0.0,2.5454117705214983,-5.551115123125783e-17,0.3345407661759721,0.0010944772337450775,2.5454757040701357,0.007254975304029965,no_fit,0.9792436785384028
lf,0.1,317,1,2,0.1984626092016697,0.3334602322153731,0.06218149824286152,2.5501250137441094,0.3595608986762705,0.0,-0.10000000000000003,1.0,-0.10000000000000003,0.33454300855901165,0.0,2.5454117705214983,-5.551115123125783e-17,0.3345407661759721,0.0010944772337450775,2.5454757040701357,0.007254975304029965,no_fit,0.9874165737478668
lf,0.1,317,1,3,0.08373256828321018,0.11074500331229692,-0.9385524332731159,3.8646877743096026,-3.842943639836896,0.0,-0.10000000000000003,1.0,-0.10000000000000003,0.33454300855901165,0.0,2.5454117705214983,-5.551115123125783e-17,0.3345407661759721,0.0010944772337450775,2.5454757040701357,0.007254975304029965,no_fit,0.3747066917045697
lf,0.1,317,2,0,0.147805729880929,0.33700649202272426,0.08147167987487575,2.5031526732184712,0.45402645108136774,0.0,-0.10000000000000003,1.0,-0.10000000000000003,0.33454300855901165,0.0,2.5454117705214983,-5.551115123125783e-17,0.3345407661759721,0.0010944772337450775,2.5454757040701357,0.007254975304029965,no_fit,0.9886850531703464
lf,0.1,317,2,1,0.1779766082763672,0.33407964179696564,-0.014289791512756934,2.5791703025733588,-0.08262323038012664,0.0,-0.10000000000000003,1.0,-0.10000000000000003,0.33454300855901165,0.0,2.5454117705214983,-5.551115123125783e-17,0.3345407661759721,0.0010944772337450775,2.5454757040701357,0.007254975304029965,no_fit,0.9955487250227854
lf,0.1,317,2,2,0.12582653295248747,0.33334413344285757,-0.0005234574997504038,2.585786645078582,0.0029321222850537954,0.0,-0.10000000000000003,1.0,-0.10000000000000003,0.33454300855901165,0.0,2.5454117705214983,-5.551115123125783e-17,0.3345407661759721,0.0010944772337450775,2.5454757040701357,0.007254975304029965,no_fit,0.9993362594412224
lf,0.1,317,2,3,0.13467739708721638,0.3335155134841191,0.02276384087970808,2.5764131638810914,0.1505756352758562,0.0,-0.10000000000000003,1.0,-0.10000000000000003,0.33454300855901165,0.0,2.5454117705214983,-5.551115123125783e-17,0.3345407661759721,0.0010944772337450775,2.5454757040701357,0.007254975304029965,no_fit,0.9978325988481124
lf,0.1,317,3,0,2.1494319639714377e-05,0.33883306535984437,0.024198375717447467,2.9472770975697555,-0.12609839731393324,0.0,-0.10000000000000003,1.0,-0.10000000000000003,0.33454300855901165,0.0,2.5454117705214983,-5.551115123125783e-17,0.3345407661759721,0.0010944772337450775,2.5454757040701357,0.007254975304029965,no_fit,0.5344001249549241
lf,0.1,317,3,1,0.03696025745011866,0.3347202823505474,0.049444518107272864,2.601736259306728,0.28324003279336285,0.0,-0.10000000000000003,1.0,-0.10000000000000003,0.33454300855901165,0.0,2.5454117705214983,-5.551115123125783e-17,0.3345407661759721,0.0010944772337450775,2.5454757040701357,0.007254975304029965,no_fit,0.9519692309877124
lf,0.1,317,3,2,0.05765428161248565,0.33739857773849125,0.05706199784181603,2.581176438147759,0.3560409072081736,0.0,-0.10000000000000003,1.0,-0.10000000000000003,0.33454300855901165,0.0,2.5454117705214983,-5.551115123125783e-17,0.3345407661759721,0.0010944772337450775,2.5454757040701357,0.007254975304029965,no_fit,0.9644836986576284
lf,0.1,317,3,3,0.10880971141159534,0.3326909199360695,0.07947135958020705,2.567833025948324,0.4168690928455834,0.0,-0.10000000000000003,1.0,-0.10000000000000003,0.33454300855901165,0.0,2.5454117705214983,-5.551115123125783e-17,0.3345407661759721,0.0010944772337450775,2.5454757040701357,0.007254975304029965,no_fit,0.990870720691422
lf,0.1,318,0,0,0.11873889807611704,0.3248024742812866,-0.02153196275838107,2.69734258485906,-0.03905626170002496,0.0,-0.10000000000000003,1.0,-0.10000000000000003,0.33454300855901165,0.0,2.5454117705214983,-5.551115123125783e-17,0.3345407661759721,0.0010944772337450775,2.5454757040701357,0.007254975304029965,no_fit,0.9984581966087566
lf,0.1,318,0,1,0.13619948457926512,0.3347248806816273,0.02418807071816153,2.5913499083300966,0.2428740920348349,0.0,-0.10000000000000003,1.0,-0.10000000000000003,0.33454300855901165,0.0,2.5454117705214983,-5.551115123125783e-17,0.3345407661759721,0.0010944772337450775,2.5454757040701357,0.007254975304029965,no_fit,0.99690031970521
lf,0.1,318,0,2,0.23365255445241928,0.18289648337465794,-0.7881778719903509,3.658257469063111,-3.5242276967921082,0.0,-0.10000000000000003,1.0,-0.10000000000000003,0.33454300855901165,0.0,2.5454117705214983,-5.551115123125783e-17,0.3345407661759721,0.0010944772337450775,2.5454757040701357,0.007254975304029965,no_fit,0.5715323688238438
lf,0.1,318,0,3,0.28491109935566783,0.281586359102211,-0.5659196052565096,3.545845745021966,-3.262831316641692,0.0,-0.10000000000000003,1.0,-0.10000000000000003,0.33454300855901165,0.0,2.5454117705214983,-5.551115123125783e-17,0.3345407661759721,0.0010944772337450775,2.5454757040701357,0.007254975304029965,no_fit,0.5416058906152125
lf,0.1,318,1,0,0.15039264596998692,0.3350886970613328,-0.0459904760651238,2.5365165043321394,-0.14764898846177332,0.0,-0.10000000000000003,1.0,-0.10000000000000003,0.33454300855901165,0.0,2.5454117705214983,-5.551115123125783e-17,0.3345407661759721,0.0010944772337450775,2.5454757040701357,0.007254975304029965,no_fit,0.9996469283593128
lf,0.1,318,1,1,0.20813903352245688,0.3377638798357624,0.29560819450590065,2.342828825394685,1.082205615398713,0.0,-0.10000000000000003,1.0,-0.10000000000000003,0.33454300855901165,0.0,2.5454117705214983,-5.551115123125783e-17,0.3345407661759721,0.0010944772337450775,2.5454757040701357,0.007254975304029965,no_fit,0.9742976473566138
lf,0.1,318,1,2,0.142813915386796,0.3342336147884061,-0.006980675851859058,2.557567930073052,-0.04001514255992006,0.0,-0.10000000000000003,1.0,-0.10000000000000003,0.33454300855901165,0.0,2.5454117705214983,-5.551115123125783e-17,0.3345407661759721,0.0010944772337450775,2.5454757040701357,0.007254975304029965,ungated,0.9999153309098728
lf,0.1,318,1,3,0.18412114307284355,0.33953451580941557,-0.11553802591247166,2.5910230164557944,-0.6800947606237642,0.0,-0.10000000000000003,1.0,-0.10000000000000003,0.33454300855901165,0.0,2.5454117705214983,-5.551115123125783e-17,0.3345407661759721,0.0010944772337450775,2.5454757040701357,0.007254975304029965,no_fit,0.9893222292834734
lf,0.1,318,2,0,0.0801384449005127,0.33489938899628163,-0.020744724858807476,2.551011785742405,-0.059936140293789575,0.0,-0.10000000000000003,1.0,-0.10000000000000003,0.33454300855901165,0.0,2.5454117705214983,-5.551115123125783e-17,0.3345407661759721,0.0010944772337450775,2.5454757040701357,0.007254975304029965,no_fit,0.9858524997601724
lf,0.1,318,2,1,0.0022414963441406144,0.26995302094959284,0.6154015678171664,3.3241386299891347,2.9082224530888583,0.0,-0.10000000000000003,1.0,-0.10000000000000003,0.33454300855901165,0.0,2.5454117705214983,-5.551115123125783e-17,0.3345407661759721,0.0010944772337450775,2.5454757040701357,0.007254975304029965,no_fit,0.8835469575444135
lf,0.1,318,2,2,0.4045007829554379,0.3460928313684276,0.3016992169285386,2.199607937972228,1.0553494168931001,0.0,-0.10000000000000003,1.0,-0.10000000000000003,0.33454300855901165,0.0,2.5454117705214983,-5.551115123125783e-17,0.3345407661759721,0.0010944772337450775,2.5454757040701357,0.007254975304029965,no_fit,0.9186500811513292
lf,0.1,318,2,3,0.13390995521331206,0.3021336988349155,0.5850150130505856,2.6636527329293958,2.1087421079762487,0.0,-0.10000000000000003,1.0,-0.10000000000000003,0.33454300855901165,0.0,2.5454117705214983,-5.551115123125783e-17,0.3345407661759721,0.0010944772337450775,2.5454757040701357,0.007254975304029965,no_fit,0.9575854977670336
lf,0.1,318,3,0,0.1276084512937814,0.32705421965547415,0.33950863712867246,2.6711127993925423,1.6716988053395152,0.0,-0.10000000000000003,1.0,-0.10000000000000003,0.33454300855901165,0.0,2.5454117705214983,-5.551115123125783e-17,0.3345407661759721,0.0010944772337450775,2.5454757040701357,0.007254975304029965,no_fit,0.971296403991581
lf,0.1,318,3,1,0.07193726894911379,0.28335983539970366,0.6073891611748113,3.050468076030679,2.6336361287710766,0.0,-0.10000000000000003,1.0,-0.10000000000000003,0.33454300855901165,0.0,2.5454117705214983,-5.551115123125783e-17,0.3345407661759721,0.0010944772337450775,2.5454757040701357,0.007254975304029965,no_fit,0.9616787765728372
lf,0.1,318,3,2,0.07306006678845733,0.3176192738440391,0.4654300859238731,2.479664035065415,1.5853721493359914,0.0,-0.10000000000000003,1.0,-0.10000000000000003,0.33454300855901165,0.0,2.5454117705214983,-5.551115123125783e-17,0.3345407661759721,0.0010944772337450775,2.5454757040701357,0.007254975304029965,no_fit,0.9487153492112532
lf,0.1,318,3,3,0.14433362032286823,0.29753094829031357,0.5647048846771217,2.7413922635886507,2.170583615577687,0.0,-0.10000000000000003,1.0,-0.10000000000000003,0.33454300855901165,0.0,2.5454117705214983,-5.551115123125783e-17,0.3345407661759721,0.0010944772337450775,2.5454757040701357,0.007254975304029965,no_fit,0.9575174434438332
lf,0.1,319,0,0,0.21702469512820244,0.3320252496800991,-0.021649383524598192,2.5905941959361565,-0.13124999324116993,0.0,-0.10000000000000003,1.0,-0.10000000000000003,0.33454300855901165,0.0,2.5454117705214983,-5.551115123125783e-17,0.3345407661759721,0.0010944772337450775,2.5454757040701357,0.007254975304029965,no_fit,0.9869009986187142
lf,0.1,319,0,1,0.14623795822262764,0.3329052044872352,-0.009696496745326261,2.578923598751268,-0.0566896272984036,0.0,-0.10000000000000003,1.0,-0.10000000000000003,0.33454300855901165,0.0,2.5454117705214983,-5.551115123125783e-17,0.3345407661759721,0.0010944772337450775,2.5454757040701357,0.007254975304029965,ungated,0.9998229554689946
lf,0.1,319,0,2,0.13795330002903938,0.33376341601384935,-0.014339132276181995,2.5748574876707946,-0.07459474361285967,0.0,-0.10000000000000003,1.0,-0.10000000000000003,0.33454300855901165,0.0,2.5454117705214983,-5.551115123125783e-17,0.3345407661759721,0.0010944772337450775,2.5454757040701357,0.007254975304029965,ungated,0.9998316829983992
lf,0.1,319,0,3,0.21603206731379032,0.3320601586570296,0.008352791577077764,2.6056576453213243,0.03196228137850421,0.0,-0.10000000000000003,1.0,-0.10000000000000003,0.33454300855901165,0.0,2.5454117705214983,-5.551115123125783e-17,0.3345407661759721,0.0010944772337450775,2.5454757040701357,0.007254975304029965,no_fit,0.983759810130318
lf,0.1,319,1,0,0.37185134924948215,0.28706071187447135,-0.28815526884412407,3.1569210416357794,-0.8945909216562671,0.0,-0.10000000000000003,1.0,-0.10000000000000003,0.33454300855901165,0.0,2.5454117705214983,-5.551115123125783e-17,0.3345407661759721,0.0010944772337450775,2.5454757040701357,0.007254975304029965,no_fit,0.6586806374729491
lf,0.1,319,1,1,0.01777290739119053,0.3620724050481861,0.02355158063085656,2.4690420786314506,-0.11825552018354685,0.0,-0.10000000000000003,1.0,-0.10000000000000003,0.33454300855901165,0.0,2.5454117705214983,-5.551115123125783e-17,0.3345407661759721,0.0010944772337450775,2.5454757040701357,0.007254975304029965,no_fit,0.9236478757052966
lf,0.1,319,1,2,0.369647322302626,0.16803716115876666,-0.8481857407209825,3.7765812987722165,-3.7318389215932894,0.0,-0.10000000000000003,1.0,-0.10000000000000003,0.33454300855901165,0.0,2.5454117705214983,-5.551115123125783e-17,0.3345407661759721,0.0010944772337450775,2.5454757040701357,0.007254975304029965,no_fit,0.3411630069552178
lf,0.1,319,1,3,0.25975107587873936,0.3286733616753556,0.0348175668538962,2.6458602414462717,0.22009873348040465,0.0,-0.10000000000000003,1.0,-0.10000000000000003,0.33454300855901165,0.0,2.5454117705214983,-5.551115123125783e-17,0.3345407661759721,0.0010944772337450775,2.5454757040701357,0.007254975304029965,no_fit,0.9712720179493696
lf,0.1,319,2,0,0.04488916927948594,0.32925239951307694,0.08206180763860244,2.643007112569654,0.5132858196501434,0.0,-0.10000000000000003,1.0,-0.10000000000000003,0.33454300855901165,0.0,2.5454117705214983,-5.551115123125783e-17,0.3345407661759721,0.0010944772337450775,2.5454757040701357,0.007254975304029965,no_fit,0.9590968532792442
lf,0.1,319,2,1,0.07161632808856666,0.3327004910532931,0.20326056935225414,2.5519241473847334,0.984586546106617,0.0,-0.10000000000000003,1.0,-0.10000000000000003,0.33454300855901165,0.0,2.5454117705214983,-5.551115123125783e-17,0.3345407661759721,0.0010944772337450775,2.5454757040701357,0.007254975304029965,no_fit,0.9707623870921436
lf,0.1,319,2,2,0.12989958963589743,0.2371520494251219,-0.6221131573540455,3.7695737424091993,-3.5931760345924726,0.0,-0.10000000000000003,1.0,-0.10000000000000003,0.33454300855901165,0.0,2.5454117705214983,-5.551115123125783e-17,0.3345407661759721,0.0010944772337450775,2.5454757040701357,0.007254975304029965,no_fit,0.4831214183210104
lf,0.1,319,2,3,0.37943221302703023,0.3386678557547871,0.3395728242378702,2.342337342081197,1.2977015995934624,0.0,-0.10000000000000003,1.0,-0.10000000000000003,0.33454300855901165,0.0,2.5454117705214983,-5.551115123125783e-17,0.3345407661759721,0.0010944772337450775,2.5454757040701357,0.007254975304029965,no_fit,0.9154626884174618
lf,0.1,319,3,0,0.05215323716402054,0.3210551798312834,0.34011704307877133,2.6878667481299785,1.4721024995896363,0.0,-0.10000000000000003,1.0,-0.10000000000000003,0.33454300855901165,0.0,2.5454117705214983,-5.551115123125783e-17,0.3345407661759721,0.0010944772337450775,2.5454757040701357,0.007254975304029965,no_fit,0.9500269714955238
lf,0.1,319,3,1,0.016657702493830584,0.33000151177444376,0.7057252892197386,1.7422646349592152,1.0464537560445109,0.0,-0.10000000000000003,1.0,-0.10000000000000003,0.33454300855901165,0.0,2.5454117705214983,-5.551115123125783e-17,0.3345407661759721,0.0010944772337450775,2.5454757040701357,0.007254975304029965,no_fit,0.7817637448576501
lf,0.1,319,3,2,0.07332384865731001,0.33201408396413473,0.13936680731737494,2.589268757092402,0.7763450017447409,0.0,-0.10000000000000003,1.0,-0.10000000000000003,0.33454300855901165,0.0,2.5454117705214983,-5.551115123125783e-17,0.3345407661759721,0.0010944772337450775,2.5454757040701357,0.007254975304029965,no_fit,0.9734717316218078
lf,0.1,319,3,3,0.04024242516607046,0.3363944508329213,0.0817725837797667,2.5917121231588784,0.4449917640544806,0.0,-0.10000000000000003,1.0,-0.10000000000000003,0.33454300855901165,0.0,2.5454117705214983,-5.551115123125783e-17,0.3345407661759721,0.0010944772337450775,2.5454757040701357,0.007254975304029965,no_fit,0.958282587992304
lf,0.25,300,0,0,0.16272796876728535,0.3352251924193453,-0.040380196009551346,2.5868082797135843,-0.28051391768589873,0.0,-0.25,1.0,-0.25,0.3345507346859457,0.0,2.545195572014743,0.0,0.33454813385174687,0.0027533126535160476,2.5452686531111888,0.01823697819039971,no_fit,0.9969265822751108
lf,0.25,300,0,1,0.038476162822917104,0.3273474479781493,0.029817208439675485,2.7120669935787713,0.17491541090226015,0.0,-0.25,1.0,-0.25,0.3345507346859457,0.0,2.545195572014743,0.0,0.33454813385174687,0.0027533126535160476,2.5452686531111888,0.01823697819039971,no_fit,0.973590007154447
lf,0.25,300,0,2,0.14197122305631638,0.334583654915115,-0.019633537020848246,2.5666816334222236,-0.10111185063491018,0.0,-0.25,1.0,-0.25,0.3345507346859457,0.0,2.545195572014743,0.0,0.33454813385174687,0.0027533126535160476,2.5452686531111888,0.01823697819039971,ungated,0.9998853993433006
lf,0.25,300,0,3,0.20575125887989998,0.3315753389373439,-0.07931001058200018,2.5880444486645744,-0.41043237491570167,0.0,-0.25,1.0,-0.25,0.3345507346859457,0.0,2.545195572014743,0.0,0.33454813385174687,0.0027533126535160476,2.5452686531111888,0.01823697819039971,no_fit,0.9919901416805256
lf,0.25,300,1,0,0.504677720152884,0.0899515228399131,-0.9806643575167939,3.6735906054213703,-3.622886607545634,0.0,-0.25,1.0,-0.25,0.3345507346859457,0.0,2.545195572014743,0.0,0.33454813385174687,0.0027533126535160476,2.5452686531111888,0.01823697819039971,no_fit,0.3631431767668551
lf,0.25,300,1,1,0.17604722268879414,0.34215205903260687,0.02006092393081176,2.4781190632554395,-0.03484429760204444,0.0,-0.25,1.0,-0.25,0.3345507346859457,0.0,2.545195572014743,0.0,0.33454813385174687,0.0027533126535160476,2.5452686531111888,0.01823697819039971,no_fit,0.998184989443278
lf,0.25,300,1,2,0.3559425612911582,0.26913662698597784,0.6905313848886635,2.7716200752579288,2.3538753876127427,0.0,-0.25,1.0,-0.25,0.3345507346859457,0.0,2.545195572014743,0.0,0.33454813385174687,0.0027533126535160476,2.5452686531111888,0.01823697819039971,no_fit,0.8866339405193437
lf,0.25,300,1,3,0.1561816018074751,0.3332111032056621,-0.0006923213688630585,2.5847607763354636,0.044743788679410035,0.0,-0.25,1.0,-0.25,0.3345507346859457,0.0,2.545195572014743,0.0,0.33454813385174687,0.0027533126535160476,2.5452686531111888,0.01823697819039971,no_fit,0.998753732164982
lf,0.25,300,2,0,0.12160768266767263,0.3361735674459744,0.08715974876264804,2.528164645418992,0.48144263627897954,0.0,-0.25,1.0,-0.25,0.3345507346859457,0.0,2.545195572014743,0.0,0.33454813385174687,0.0027533126535160476,2.5452686531111888,0.01823697819039971,no_fit,0.9961897222807417
lf,0.25,300,2,1,0.05539764082641341,0.28390125682767764,0.628728044605372,3.0131436291486784,2.5951920384163594,0.0,-0.25,1.0,-0.25,0.3345507346859457,0.0,2.545195572014743,0.0,0.33454813385174687,0.0027533126535160476,2.5452686531111888,0.01823697819039971,no_fit,0.956105384673394
lf,0.25,300,2,2,0.18451227381592616,0.29008839785307433,0.6538717901561272,2.6012384160970736,2.099247571480899,0.0,-0.25,1.0,-0.25,0.3345507346859457,0.0,2.545195572014743,0.0,0.33454813385174687,0.0027533126535160476,2.5452686531111888,0.01823697819039971,no_fit,0.9442250479535984
lf,0.25,300,2,3,0.4298532884567976,0.28486546790679607,0.6917603144607637,2.5840376871603694,2.141235091851753,0.0,-0.25,1.0,-0.25,0.3345507346859457,0.0,2.545195572014743,0.0,0.33454813385174687,0.0027533126535160476,2.5452686531111888,0.01823697819039971,no_fit,0.8601271541390888
lf,0.25,300,3,0,0.1450044324155897,0.2930571168498387,0.6027099727329974,2.8947038317917966,2.426048790706976,0.0,-0.25,1.0,-0.25,0.3345507346859457,0.0,2.545195572014743,0.0,0.33454813385174687,0.0027533126535160476,2.5452686531111888,0.01823697819039971,no_fit,0.9526829570493878
lf,0.25,300,3,1,0.26596724306000397,0.2943831436816655,0.6281989355801495,2.7862761346861005,2.3303428708620104,0.0,-0.25,1.0,-0.25,0.3345507346859457,0.0,2.545195572014743,0.0,0.33454813385174687,0.0027533126535160476,2.5452686531111888,0.01823697819039971,no_fit,0.9172870884193862
lf,0.25,300,3,2,0.09264020738191903,0.3032268970551462,0.5110556721653869,2.992823517096259,2.421562094035618,0.0,-0.25,1.0,-0.25,0.3345507346859457,0.0,2.545195572014743,0.0,0.33454813385174687,0.0027533126535160476,2.5452686531111888,0.01823697819039971,no_fit,0.9678888247298428
lf,0.25,300,3,3,0.09773189871339127,0.2994339984520626,0.5269823488263669,2.9162467811027533,2.3338467961663394,0.0,-0.25,1.0,-0.25,0.3345507346859457,0.0,2.545195572014743,0.0,0.33454813385174687,0.0027533126535160476,2.5452686531111888,0.01823697819039971,no_fit,0.965929834859642
lf,0.25,301,0,0,0.13994737155735493,0.3320235902906526,-0.012695071189619874,2.6075603545076285,-0.08477347433819732,0.0,-0.25,1.0,-0.25,0.3345507346859457,0.0,2.545195572014743,0.0,0.33454813385174687,0.0027533126535160476,2.5452686531111888,0.01823697819039971,ungated,0.999678995861455
lf,0.25,301,0,1,0.3392902687191963,0.2982656532690047,0.41861724785105237,3.1061133396160145,2.4116991186674372,0.0,-0.25,1.0,-0.25,0.3345507346859457,0.0,2.545195572014743,0.0,0.33454813385174687,0.0027533126535160476,2.5452686531111888,0.01823697819039971,no_fit,0.6326773071132602
lf,0.25,301,0,2,0.16788465902209282,0.33153943127312935,0.004848916496673552,2.604127324458106,0.06347634851355888,0.0,-0.25,1.0,-0.25,0.3345507346859457,0.0,2.545195572014743,0.0,0.33454813385174687,0.0027533126535160476,2.5452686531111888,0.01823697819039971,no_fit,0.9982762461993894
lf,0.25,301,0,3,0.5887302776932302,0.07583250365733266,-0.9685404192769316,3.7327480685745575,-3.694913640716824,0.0,-0.25,1.0,-0.25,0.3345507346859457,0.0,2.545195572014743,0.0,0.33454813385174687,0.0027533126535160476,2.5452686531111888,0.01823697819039971,no_fit,0.3160621050744328
lf,0.25,301,1,0,0.17207609303295612,0.33491531442421163,-0.06102677316880989,2.542464794291518,-0.3455901226647008,0.0,-0.25,1.0,-0.25,0.3345507346859457,0.0,2.545195572014743,0.0,0.33454813385174687,0.0027533126535160476,2.5452686531111888,0.01823697819039971,no_fit,0.9979818335739036
lf,0.25,301,1,1,0.046522748831193894,0.23224695151927058,0.7788423466342101,2.7621218929426967,2.3102271846523266,0.0,-0.25,1.0,-0.25,0.3345507346859457,0.0,2.545195572014743,0.0,0.33454813385174687,0.0027533126535160476,2.5452686531111888,0.01823697819039971,no_fit,0.7786121595408749
lf,0.25,301,1,2,0.5062057078485793,0.0567187660686144,-0.9683395712301913,3.8036375816041383,-3.776244519375657,0.0,-0.25,1.0,-0.25,0.3345507346859457,0.0,2.545195572014743,0.0,0.33454813385174687,0.0027533126535160476,2.5452686531111888,0.01823697819039971,no_fit,0.3065056932972354
lf,0.25,301,1,3,0.8859732367600373,0.20742578723217353,0.9078850786324388,2.56979561179366,2.3171432887412635,0.0,-0.25,1.0,-0.25,0.3345507346859457,0.0,2.545195572014743,0.0,0.33454813385174687,0.0027533126535160476,2.5452686531111888,0.01823697819039971,no_fit,0.4779853801974703
lf,0.25,301,2,0,0.20486870594322681,0.33107363688667696,0.29809404136764545,2.5409267374238476,1.3520458390892998,0.0,-0.25,1.0,-0.25,0.3345507346859457,0.0,2.545195572014743,0.0,0.33454813385174687,0.0027533126535160476,2.5452686531111888,0.01823697819039971,no_fit,0.9703284117614638
lf,0.25,301,2,1,0.6435152951162308,0.2878238228197822,0.6967711261852403,2.1676393473718187,1.642083731878695,0.0,-0.25,1.0,-0.25,0.3345507346859457,0.0,2.545195572014743,0.0,0.33454813385174687,0.0027533126535160476,2.5452686531111888,0.01823697819039971,no_fit,0.7306657546375063
lf,0.25,301,2,2,0.17899394064443186,0.25365569385103914,-0.5903345101853036,3.560803925838221,-3.333148015871789,0.0,-0.25,1.0,-0.25,0.3345507346859457,0.0,2.545195572014743,0.0,0.33454813385174687,0.0027533126535160476,2.5452686531111888,0.01823697819039971,no_fit,0.6331738334299067
lf,0.25,301,2,3,0.13812422927003354,0.30863606566294305,0.46740107514744544,2.892966928730444,2.2278840790566807,0.0,-0.25,1.0,-0.25,0.3345507346859457,0.0,2.545195572014743,0.0,0.33454813385174687,0.0027533126535160476,2.5452686531111888,0.01823697819039971,no_fit,0.9552252708731436
lf,0.25,301,3,0,0.1279028644785285,0.3270957489065152,0.2789038893337128,2.6140892665972375,1.294799215099787,0.0,-0.25,1.0,-0.25,0.3345507346859457,0.0,2.545195572014743,0.0,0.33454813385174687,0.0027533126535160476,2.5452686531111888,0.01823697819039971,no_fit,0.9819703387879004
lf,0.25,301,3,1,0.36816637648735195,0.2881496331315917,0.6285916773292488,2.7258744508211854,2.224561281607513,0.0,-0.25,1.0,-0.25,0.3345507346859457,0.0,2.545195572014743,0.0,0.33454813385174687,0.0027533126535160476,2.5452686531111888,0.01823697819039971,no_fit,0.886023529440598
lf,0.25,301,3,2,0.11216765781864524,0.3321058037080659,0.14778008994046268,2.589670256312644,0.7840857801787643,0.0,-0.25,1.0,-0.25,0.3345507346859457,0.0,2.545195572014743,0.0,0.33454813385174687,0.0027533126535160476,2.5452686531111888,0.01823697819039971,no_fit,0.9886725042268668
lf,0.25,301,3,3,0.21478878427296877,0.3281822971646533,0.3309986278717223,2.5198239986419577,1.4078535431439783,0.0,-0.25,1.0,-0.25,0.3345507346859457,0.0,2.545195572014743,0.0,0.33454813385174687,0.0027533126535160476,2.5452686531111888,0.01823697819039971,no_fit,0.9650724877949536
lf,0.25,302,0,0,0.16360593866556883,0.3346626022889538,-0.09340010755565349,2.6124493651460816,-0.6165259446263782,0.0,-0.25,1.0,-0.25,0.3345507346859457,0.0,2.545195572014743,0.0,0.33454813385174687,0.0027533126535160476,2.5452686531111888,0.01823697819039971,no_fit,0.9791798780166469
lf,0.25,302,0,1,0.8954559317143318,0.05150611257438804,-0.9937746564934825,3.8280332386988234,-3.807071816755914,0.0,-0.25,1.0,-0.25,0.3345507346859457,0.0,2.545195572014743,0.0,0.33454813385174687,0.0027533126535160476,2.5452686531111888,0.01823697819039971,no_fit,0.1893492734297587
lf,0.25,302,0,2,0.16578157525509596,0.3279058935357232,-0.027948628088651048,2.6912117149313555,-0.5509801487091961,0.0,-0.25,1.0,-0.25,0.3345507346859457,0.0,2.545195572014743,0.0,0.33454813385174687,0.0027533126535160476,2.5452686531111888,0.01823697819039971,no_fit,0.9948052419199124
lf,0.25,302,0,3,0.04372001119259039,0.18491865098878998,0.8772378429012265,3.663699979802017,3.592094758859526,0.0,-0.25,1.0,-0.25,0.3345507346859457,0.0,2.545195572014743,0.0,0.33454813385174687,0.0027533126535160476,2.5452686531111888,0.01823697819039971,no_fit,0.6382665616892326
lf,0.25,302,1,0,0.13447887264192104,0.33745256821502323,-0.023575688799060558,2.563911416257656,-0.0799466174832626,0.0,-0.25,1.0,-0.25,0.3345507346859457,0.0,2.545195572014743,0.0,0.33454813385174687,0.0027533126535160476,2.5452686531111888,0.01823697819039971,no_fit,0.999145029500439
lf,0.25,302,1,1,0.23694154154509306,0.3276504641495711,-0.18867049318833273,2.6527391000524037,-1.0578494874986129,0.0,-0.25,1.0,-0.25,0.3345507346859457,0.0,2.545195572014743,0.0,0.33454813385174687,0.0027533126535160476,2.5452686531111888,0.01823697819039971,no_fit,0.9605950999848034
lf,0.25,302,1,2,0.33245349806031754,0.09996196559739703,-0.9668246654378442,3.7367849541227836,-3.6946163729419332,0.0,-0.25,1.0,-0.25,0.3345507346859457,0.0,2.545195572014743,0.0,0.33454813385174687,0.0027533126535160476,2.5452686531111888,0.01823697819039971,no_fit,0.373864429601113
lf,0.25,302,1,3,0.21453293575905263,0.30874025218879586,0.49011258952005726,2.851290281980206,2.2323311995533794,0.0,-0.25,1.0,-0.25,0.3345507346859457,0.0,2.545195572014743,0.0,0.33454813385174687,0.0027533126535160476,2.5452686531111888,0.01823697819039971,no_fit,0.91138050566283
lf,0.25,302,2,0,0.33652660017833114,0.3404545002320135,0.36120856467529855,2.224257841404549,1.1624022343742721,0.0,-0.25,1.0,-0.25,0.3345507346859457,0.0,2.545195572014743,0.0,0.33454813385174687,0.0027533126535160476,2.5452686531111888,0.01823697819039971,no_fit,0.9387689262876082
lf,0.25,302,2,1,0.269978764699772,0.330123865214464,0.39527654327677564,2.439744285429661,1.5293624332954037,0.0,-0.25,1.0,-0.25,0.3345507346859457,0.0,2.545195572014743,0.0,0.33454813385174687,0.0027533126535160476,2.5452686531111888,0.01823697819039971,no_fit,0.941214337343924
lf,0.25,302,2,2,0.13470344338566065,0.3316124655056145,0.07264355261380091,2.582077501201136,0.2660833966223557,0.0,-0.25,1.0,-0.25,0.3345507346859457,0.0,2.545195572014743,0.0,0.33454813385174687,0.0027533126535160476,2.5452686531111888,0.01823697819039971,no_fit,0.9928819838553608
lf,0.25,302,2,3,0.1400916464626789,0.33037284728653016,0.05093382464875182,2.6372521355501037,0.3256118874959065,0.0,-0.25,1.0,-0.25,0.3345507346859457,0.0,2.545195572014743,0.0,0.33454813385174687,0.0027533126535160476,2.5452686531111888,0.01823697819039971,no_fit,0.9961724355026216
lf,0.25,302,3,0,0.2087661640252918,0.3198713904981865,0.5053613775755269,2.3782458597518095,1.5860994716668142,0.0,-0.25,1.0,-0.25,0.3345507346859457,0.0,2.545195572014743,0.0,0.33454813385174687,0.0027533126535160476,2.5452686531111888,0.01823697819039971,no_fit,0.9503398684064912
lf,0.25,302,3,1,0.1125243790447712,0.3298350706589962,0.2974380229000849,2.554133998359135,1.2980851678730514,0.0,-0.25,1.0,-0.25,0.3345507346859457,0.0,2.545195572014743,0.0,0.33454813385174687,0.0027533126535160476,2.5452686531111888,0.01823697819039971,no_fit,0.9763343731168568
lf,0.25,302,3,2,0.08544930256903172,0.3165585056268963,0.022547513910925184,2.6887895709708247,-0.024531749094745925,0.0,-0.25,1.0,-0.25,0.3345507346859457,0.0,2.545195572014743,0.0,0.33454813385174687,0.0027533126535160476,2.5452686531111888,0.01823697819039971,no_fit,0.9899546346534662
lf,0.25,302,3,3,0.6390749549027532,0.304018357849365,0.6786179831364756,2.205770006350103,1.689972703575716,0.0,-0.25,1.0,-0.25,0.3345507346859457,0.0,2.545195572014743,0.0,0.33454813385174687,0.0027533126535160476,2.5452686531111888,0.01823697819039971,no_fit,0.7314240403051991
lf,0.25,303,0,0,0.8284009312491989,0.025026864228203757,-0.996081047965411,3.633067995032997,-3.5891743949224253,0.0,-0.25,1.0,-0.25,0.3345507346859457,0.0,2.545195572014743,0.0,0.33454813385174687,0.0027533126535160476,2.5452686531111888,0.01823697819039971,no_fit,0.277189471062817
lf,0.25,303,0,1,0.11065162532031536,0.3198418393535697,-0.025173983005242304,2.851662560046425,0.010014756343248998,0.0,-0.25,1.0,-0.25,0.3345507346859457,0.0,2.545195572014743,0.0,0.33454813385174687,0.0027533126535160476,2.5452686531111888,0.01823697819039971,no_fit,0.9696314349596687
lf,0.25,303,0,2,0.13513950817286968,0.3249163632381269,-0.06776806807557814,2.698776208183743,-0.31071863837690644,0.0,-0.25,1.0,-0.25,0.3345507346859457,0.0,2.545195572014743,0.0,0.33454813385174687,0.0027533126535160476,2.5452686531111888,0.01823697819039971,no_fit,0.9964096732148572
lf,0.25,303,0,3,0.1433931840583682,0.3255860584574469,-0.17538263891749065,2.706402310934872,-1.0646031504659055,0.0,-0.25,1.0,-0.25,0.3345507346859457,0.0,2.545195572014743,0.0,0.33454813385174687,0.0027533126535160476,2.5452686531111888,0.01823697819039971,no_fit,0.9612798630360144
lf,0.25,303,1,0,0.6019226907932307,0.05354998625424887,-0.9819279794027623,3.7479364576784087,-3.713164482576405,0.0,-0.25,1.0,-0.25,0.3345507346859457,0.0,2.545195572014743,0.0,0.33454813385174687,0.0027533126535160476,2.5452686531111888,0.01823697819039971,no_fit,0.3103958734613375
lf,0.25,303,1,1,0.15516353491693735,0.3298826112258882,-0.18087185358415422,2.6277432560239578,-0.9290726384267434,0.0,-0.25,1.0,-0.25,0.3345507346859457,0.0,2.545195572014743,0.0,0.33454813385174687,0.0027533126535160476,2.5452686531111888,0.01823697819039971,no_fit,0.9913513892776428
lf,0.25,303,1,2,0.0181514153664466,0.3281683151645727,-0.043908431167232496,3.419418842822996,-1.930973601640448,0.0,-0.25,1.0,-0.25,0.3345507346859457,0.0,2.545195572014743,0.0,0.33454813385174687,0.0027533126535160476,2.5452686531111888,0.01823697819039971,no_fit,0.8273010194237523
lf,0.25,303,1,3,0.11919560469686985,0.33282488020774154,0.01968577742674886,2.6138505832591292,0.05869122975726604,0.0,-0.25,1.0,-0.25,0.3345507346859457,0.0,2.545195572014743,0.0,0.33454813385174687,0.0027533126535160476,2.5452686531111888,0.01823697819039971,no_fit,0.9982762845143954
lf,0.25,303,2,0,0.07703345063055167,0.2061839208293089,-0.5246397940520126,3.8145680788522642,-3.5432697982849772,0.0,-0.25,1.0,-0.25,0.3345507346859457,0.0,2.545195572014743,0.0,0.33454813385174687,0.0027533126535160476,2.5452686531111888,0.01823697819039971,no_fit,0.6108363816168573
lf,0.25,303,2,1,0.10631167853716761,0.29334522204953567,0.5221746578535186,3.2184913829119637,2.793097135948517,0.0,-0.25,1.0,-0.25,0.3345507346859457,0.0,2.545195572014743,0.0,0.33454813385174687,0.0027533126535160476,2.5452686531111888,0.01823697819039971,no_fit,0.780808766590554
lf,0.25,303,2,2,0.608124628663063,0.343520208791282,0.32482583813685956,2.2220795494697643,1.1575228440300722,0.0,-0.25,1.0,-0.25,0.3345507346859457,0.0,2.545195572014743,0.0,0.33454813385174687,0.0027533126535160476,2.5452686531111888,0.01823697819039971,no_fit,0.8059422593385206
lf,0.25,303,2,3,0.10500147141283378,0.26384440025282657,-0.5819617144210498,3.4612733257713373,-3.1731873900426617,0.0,-0.25,1.0,-0.25,0.3345507346859457,0.0,2.545195572014743,0.0,0.33454813385174687,0.0027533126535160476,2.5452686531111888,0.01823697819039971,no_fit,0.6946019504823916
lf,0.25,303,3,0,0.09505585953593254,0.3304503934353303,0.14160560916507753,2.642733549465081,0.8762157345856854,0.0,-0.25,1.0,-0.25,0.3345507346859457,0.0,2.545195572014743,0.0,0.33454813385174687,0.0027533126535160476,2.5452686531111888,0.01823697819039971,no_fit,0.970035884339466
lf,0.25,303,3,1,0.0600732727907598,0.3312227663093296,0.05089613543119795,2.629530397202545,0.3436235098807642,0.0,-0.25,1.0,-0.25,0.3345507346859457,0.0,2.545195572014743,0.0,0.33454813385174687,0.0027533126535160476,2.5452686531111888,0.01823697819039971,no_fit,0.975208183046729
lf,0.25,303,3,2,0.154281091876328,0.3342718844798366,0.12193481625433583,2.5710153751572373,0.7176665432538174,0.0,-0.25,1.0,-0.25,0.3345507346859457,0.0,2.545195572014743,0.0,0.33454813385174687,0.0027533126535160476,2.5452686531111888,0.01823697819039971,no_fit,0.9841502208919968
lf,0.25,303,3,3,0.16770493146032095,0.33409945632077903,0.10247084836804357,2.5732703426091526,0.6136573278750883,0.0,-0.25,1.0,-0.25,0.3345507346859457,0.0,2.545195572014743,0.0,0.33454813385174687,0.0027533126535160476,2.5452686531111888,0.01823697819039971,no_fit,0.9875953997852136
lf,0.25,304,0,0,0.784481084546492,0.06625415329048272,-0.9877396682818149,3.6989363894311227,-3.6589800886837223,0.0,-0.25,1.0,-0.25,0.3345507346859457,0.0,2.545195572014743,0.0,0.33454813385174687,0.0027533126535160476,2.5452686531111888,0.01823697819039971,no_fit,0.283009367122749
lf,0.25,304,0,1,0.1340928366407752,0.3330073504381367,-0.08271728831803733,2.6058877173976662,-0.41446749877641903,0.0,-0.25,1.0,-0.25,0.3345507346859457,0.0,2.545195572014743,0.0,0.33454813385174687,0.0027533126535160476,2.5452686531111888,0.01823697819039971,no_fit,0.9983980903565294
lf,0.25,304,0,2,0.35041009448468685,0.3018417557632009,0.39305129141230644,2.996851936548159,2.1632053268925944,0.0,-0.25,1.0,-0.25,0.3345507346859457,0.0,2.545195572014743,0.0,0.33454813385174687,0.0027533126535160476,2.5452686531111888,0.01823697819039971,no_fit,0.6893351006317582
lf,0.25,304,0,3,0.8178410449546387,0.024168885378311022,-0.9953973698667231,3.767927706028165,-3.739218495142983,0.0,-0.25,1.0,-0.25,0.3345507346859457,0.0,2.545195572014743,0.0,0.33454813385174687,0.0027533126535160476,2.5452686531111888,0.01823697819039971,no_fit,0.2420069110406856
lf,0.25,304,1,0,0.1375073455274105,0.31404027670028445,0.23813222287600083,2.585082112784416,0.6020806680305107,0.0,-0.25,1.0,-0.25,0.3345507346859457,0.0,2.545195572014743,0.0,0.33454813385174687,0.0027533126535160476,2.5452686531111888,0.01823697819039971,no_fit,0.9971089470978296
lf,0.25,304,1,1,0.23232104815542698,0.33115305266302064,0.07226722193973151,2.6566446515939077,0.5138468385200815,0.0,-0.25,1.0,-0.25,0.3345507346859457,0.0,2.545195572014743,0.0,0.33454813385174687,0.0027533126535160476,2.5452686531111888,0.01823697819039971,no_fit,0.90690680849173
lf,0.25,304,1,2,0.10448591411113739,0.32775716424006485,0.1474759768606047,2.78684601740399,1.0431844755032529,0.0,-0.25,1.0,-0.25,0.3345507346859457,0.0,2.545195572014743,0.0,0.33454813385174687,0.0027533126535160476,2.5452686531111888,0.01823697819039971,no_fit,0.9702266839170144
lf,0.25,304,1,3,0.5150119373168138,0.07191144138382484,-0.9641812377366947,3.8106218964833554,-3.7841920967957763,0.0,-0.25,1.0,-0.25,0.3345507346859457,0.0,2.545195572014743,0.0,0.33454813385174687,0.0027533126535160476,2.5452686531111888,0.01823697819039971,no_fit,0.3017469528851495
lf,0.25,304,2,0,0.08892762055620551,0.30077107183805984,-0.2330542992428232,3.2299496368730045,-1.5590621663770032,0.0,-0.25,1.0,-0.25,0.3345507346859457,0.0,2.545195572014743,0.0,0.33454813385174687,0.0027533126535160476,2.5452686531111888,0.01823697819039971,no_fit,0.926504412433266
lf,0.25,304,2,1,0.28848576289601624,0.31665131388880774,0.4670079186269855,2.653866770496791,1.9127049448519378,0.0,-0.25,1.0,-0.25,0.3345507346859457,0.0,2.545195572014743,0.0,0.33454813385174687,0.0027533126535160476,2.5452686531111888,0.01823697819039971,no_fit,0.9193808668169448
lf,0.25,304,2,2,0.5259214906254783,0.27038518771211717,0.76305063734802,2.1879801286261236,1.7574324580131369,0.0,-0.25,1.0,-0.25,0.3345507346859457,0.0,2.545195572014743,0.0,0.33454813385174687,0.0027533126535160476,2.5452686531111888,0.01823697819039971,no_fit,0.7657731119275943
lf,0.25,304,2,3,0.1943840117455693,0.1934421407860267,-0.8183412245353076,3.711516706119638,-3.637560385699253,0.0,-0.25,1.0,-0.25,0.3345507346859457,0.0,2.545195572014743,0.0,0.33454813385174687,0.0027533126535160476,2.5452686531111888,0.01823697819039971,no_fit,0.4869173714343374
lf,0.25,304,3,0,0.12899207510054111,0.33169172239214784,0.14180125241812758,2.60307415689895,0.7785280872305189,0.0,-0.25,1.0,-0.25,0.3345507346859457,0.0,2.545195572014743,0.0,0.33454813385174687,0.0027533126535160476,2.5452686531111888,0.01823697819039971,no_fit,0.9891263077025652
lf,0.25,304,3,1,0.2376587321050465,0.31558987609863803,0.44634424576710013,2.577801952944952,1.6971964758285187,0.0,-0.25,1.0,-0.25,0.3345507346859457,0.0,2.545195572014743,0.0,0.33454813385174687,0.0027533126535160476,2.5452686531111888,0.01823697819039971,no_fit,0.9557493318013548
lf,0.25,304,3,2,0.038525848649442196,0.32765916858494626,0.13706259873116536,2.6267407283894797,0.6002110508145236,0.0,-0.25,1.0,-0.25,0.3345507346859457,0.0,2.545195572014743,0.0,0.33454813385174687,0.0027533126535160476,2.5452686531111888,0.01823697819039971,no_fit,0.9514818873645862
lf,0.25,304,3,3,0.11977013060823083,0.334119220368537,0.1692574487780664,2.5337830912569985,0.8072371873176024,0.0,-0.25,1.0,-0.25,0.3345507346859457,0.0,2.545195572014743,0.0,0.33454813385174687,0.0027533126535160476,2.5452686531111888,0.01823697819039971,no_fit,0.987406748558848
lf,0.25,305,0,0,0.8381260391770411,0.0506849242632137,-0.981970358144876,3.696113466794881,-3.659397082069555,0.0,-0.25,1.0,-0.25,0.3345507346859457,0.0,2.545195572014743,0.0,0.33454813385174687,0.0027533126535160476,2.5452686531111888,0.01823697819039971,no_fit,0.2570308131626344
lf,0.25,305,0,1,0.15045293234288692,0.33008763464890684,0.014784524761052091,2.6320303707797232,0.17444679433999166,0.0,-0.25,1.0,-0.25,0.3345507346859457,0.0,2.545195572014743,0.0,0.33454813385174687,0.0027533126535160476,2.5452686531111888,0.01823697819039971,no_fit,0.997910104114068
lf,0.25,305,0,2,0.14996540546417236,0.3342644437841496,-0.10106787096453598,2.558067266354162,-0.47735912595657715,0.0,-0.25,1.0,-0.25,0.3345507346859457,0.0,2.545195572014743,0.0,0.33454813385174687,0.0027533126535160476,2.5452686531111888,0.01823697819039971,no_fit,0.9985834030775468
lf,0.25,305,0,3,0.16521151550114155,0.3314750232383304,-0.06812491662752386,2.5932227235619547,-0.2681055739976266,0.0,-0.25,1.0,-0.25,0.3345507346859457,0.0,2.545195572014743,0.0,0.33454813385174687,0.0027533126535160476,2.5452686531111888,0.01823697819039971,no_fit,0.99827675762917
lf,0.25,305,1,0,0.18413658067584038,0.3325721036715638,-0.04347532304628989,2.563336348966003,-0.2596019299441842,0.0,-0.25,1.0,-0.25,0.3345507346859457,0.0,2.545195572014743,0.0,0.33454813385174687,0.0027533126535160476,2.5452686531111888,0.01823697819039971,no_fit,0.9961764134676718
lf,0.25,305,1,1,0.15095901768654585,0.32900838116467723,-0.14262163534691996,2.654313327525324,-0.7144074756866068,0.0,-0.25,1.0,-0.25,0.3345507346859457,0.0,2.545195572014743,0.0,0.33454813385174687,0.0027533126535160476,2.5452686531111888,0.01823697819039971,no_fit,0.995969524718838
lf,0.25,305,1,2,0.04897166881710291,0.2931688167359336,0.39660233378757304,3.4910426030451394,3.1561663993175433,0.0,-0.25,1.0,-0.25,0.3345507346859457,0.0,2.545195572014743,0.0,0.33454813385174687,0.0027533126535160476,2.5452686531111888,0.01823697819039971,no_fit,0.5964305999509416
lf,0.25,305,1,3,0.6782666616258624,0.043648560072881835,-0.9813301746892269,3.8190010554171514,-3.795337095971197,0.0,-0.25,1.0,-0.25,0.3345507346859457,0.0,2.545195572014743,0.0,0.33454813385174687,0.0027533126535160476,2.5452686531111888,0.01823697819039971,no_fit,0.2614683515699235
lf,0.25,305,2,0,0.19982246193103492,0.19690903370313748,-0.814182261827761,3.6691694229201133,-3.5871816840461164,0.0,-0.25,1.0,-0.25,0.3345507346859457,0.0,2.545195572014743,0.0,0.33454813385174687,0.0027533126535160476,2.5452686531111888,0.01823697819039971,no_fit,0.4808423402576068
lf,0.25,305,2,1,0.189461262896657,0.3343598823825244,-0.03073797146273563,2.5832771058683326,-0.1980195375092556,0.0,-0.25,1.0,-0.25,0.3345507346859457,0.0,2.545195572014743,0.0,0.33454813385174687,0.0027533126535160476,2.5452686531111888,0.01823697819039971,no_fit,0.9942467566700864
lf,0.25,305,2,2,0.3424603189341724,0.32566896695277153,0.4057565821184654,2.543192603276716,1.6635339912672749,0.0,-0.25,1.0,-0.25,0.3345507346859457,0.0,2.545195572014743,0.0,0.33454813385174687,0.0027533126535160476,2.5452686531111888,0.01823697819039971,no_fit,0.9134689812781358
lf,0.25,305,2,3,0.3994827854912728,0.29912653149547164,0.6337400845449765,2.344194769629122,1.781018085968635,0.0,-0.25,1.0,-0.25,0.3345507346859457,0.0,2.545195572014743,0.0,0.33454813385174687,0.0027533126535160476,2.5452686531111888,0.01823697819039971,no_fit,0.8698278031079245
lf,0.25,305,3,0,0.08776701893657446,0.3268370179927329,0.07519264410061252,2.657688083743585,0.4765335932310657,0.0,-0.25,1.0,-0.25,0.3345507346859457,0.0,2.545195572014743,0.0,0.33454813385174687,0.0027533126535160476,2.5452686531111888,0.01823697819039971,no_fit,0.9906532104017798
lf,0.25,305,3,1,0.18154934514313936,0.3261393777862967,0.3141735194228993,2.622862800656231,1.458698608589821,0.0,-0.25,1.0,-0.25,0.3345507346859457,0.0,2.545195572014743,0.0,0.33454813385174687,0.0027533126535160476,2.5452686531111888,0.01823697819039971,no_fit,0.9773866215027994
lf,0.25,305,3,2,0.11829261714592576,0.331750288963592,0.16691208048010817,2.6069754467775423,0.8685904302223416,0.0,-0.25,1.0,-0.25,0.3345507346859457,0.0,2.545195572014743,0.0,0.33454813385174687,0.0027533126535160476,2.5452686531111888,0.01823697819039971,no_fit,0.9903980001835946
lf,0.25,305,3,3,0.0784110794775188,0.33350808485680117,0.1374873040705945,2.607369597717641,0.7766460818230267,0.0,-0.25,1.0,-0.25,0.3345507346859457,0.0,2.545195572014743,0.0,0.33454813385174687,0.0027533126535160476,2.5452686531111888,0.01823697819039971,no_fit,0.9743679311271604
lf,0.25,306,0,0,0.884183898327791,0.04107974867417797,-0.984617257778951,3.7109521026461425,-3.677497882984384,0.0,-0.25,1.0,-0.25,0.3345507346859457,0.0,2.545195572014743,0.0,0.33454813385174687,0.0027533126535160476,2.5452686531111888,0.01823697819039971,no_fit,0.2331058951968966
lf,0.25,306,0,1,0.1348437163978815,0.32771432442430104,0.05634405115794154,2.6690993204851567,0.34352350617842,0.0,-0.25,1.0,-0.25,0.3345507346859457,0.0,2.545195572014743,0.0,0.33454813385174687,0.0027533126535160476,2.5452686531111888,0.01823697819039971,no_fit,0.997383538397056
lf,0.25,306,0,2,0.0688332548015751,0.310441444707317,-0.45842156627786035,3.006929933016702,-2.417571432570185,0.0,-0.25,1.0,-0.25,0.3345507346859457,0.0,2.545195572014743,0.0,0.33454813385174687,0.0027533126535160476,2.5452686531111888,0.01823697819039971,no_fit,0.7767107298517749
lf,0.25,306,0,3,0.13242768310010433,0.3297570612647496,-0.009316138203024328,2.6182910847319247,-0.08433107132550738,0.0,-0.25,1.0,-0.25,0.3345507346859457,0.0,2.545195572014743,0.0,0.33454813385174687,0.0027533126535160476,2.5452686531111888,0.01823697819039971,no_fit,0.9992495952399852
lf,0.25,306,1,0,0.812752964772546,0.04256746384306262,-0.9414878181735619,3.8371898609692656,-3.816714397391498,0.0,-0.25,1.0,-0.25,0.3345507346859457,0.0,2.545195572014743,0.0,0.33454813385174687,0.0027533126535160476,2.5452686531111888,0.01823697819039971,no_fit,0.217276704753609
lf,0.25,306,1,1,0.15553594380617142,0.32869382809615694,-0.07850379204679461,2.584571495665522,-0.37540853158275417,0.0,-0.25,1.0,-0.25,0.3345507346859457,0.0,2.545195572014743,0.0,0.33454813385174687,0.0027533126535160476,2.5452686531111888,0.01823697819039971,no_fit,0.998530087098042
lf,0.25,306,1,2,0.012552558502648026,0.18315601013995797,-0.4519674021436352,3.6449289480064753,1.3106709936308154,0.0,-0.25,1.0,-0.25,0.3345507346859457,0.0,2.545195572014743,0.0,0.33454813385174687,0.0027533126535160476,2.5452686531111888,0.01823697819039971,no_fit,0.6001132195784109
lf,0.25,306,1,3,0.004075852511959965,0.2191195920213205,0.8802096682105492,2.1436387763329274,1.5458135206023613,0.0,-0.25,1.0,-0.25,0.3345507346859457,0.0,2.545195572014743,0.0,0.33454813385174687,0.0027533126535160476,2.5452686531111888,0.01823697819039971,no_fit,0.6603466171339178
lf,0.25,306,2,0,0.1799901839112863,0.2675546218777094,-0.6400888851298732,3.3087861749724743,-3.0240941393598066,0.0,-0.25,1.0,-0.25,0.3345507346859457,0.0,2.545195572014743,0.0,0.33454813385174687,0.0027533126535160476,2.5452686531111888,0.01823697819039971,no_fit,0.6371720384239263
lf,0.25,306,2,1,0.17241480760276318,0.33366185656531516,-0.022584347794692722,2.5672622520862594,-0.12773976674317727,0.0,-0.25,1.0,-0.25,0.3345507346859457,0.0,2.545195572014743,0.0,0.33454813385174687,0.0027533126535160476,2.5452686531111888,0.01823697819039971,no_fit,0.9969060992115186
lf,0.25,306,2,2,0.5027365144342184,0.3281185413136131,0.42521427431835956,2.4914514444618625,1.6803645195968882,0.0,-0.25,1.0,-0.25,0.3345507346859457,0.0,2.545195572014743,0.0,0.33454813385174687,0.0027533126535160476,2.5452686531111888,0.01823697819039971,no_fit,0.8250726826038485
lf,0.25,306,2,3,0.15632257610559464,0.3214090587666083,-0.020329237688370232,2.664398272559716,-0.1079768632590768,0.0,-0.25,1.0,-0.25,0.3345507346859457,0.0,2.545195572014743,0.0,0.33454813385174687,0.0027533126535160476,2.5452686531111888,0.01823697819039971,no_fit,0.9959127395860649
lf,0.25,306,3,0,0.08503353269770741,0.3289353137741774,0.15798154361151592,2.6630302454068304,0.9609291582382582,0.0,-0.25,1.0,-0.25,0.3345507346859457,0.0,2.545195572014743,0.0,0.33454813385174687,0.0027533126535160476,2.5452686531111888,0.01823697819039971,no_fit,0.9699810501146944
lf,0.25,306,3,1,0.06388764455914497,0.3252399764856352,0.05078821210071076,2.633828898789672,0.3020852496680848,0.0,-0.25,1.0,-0.25,0.3345507346859457,0.0,2.545195572014743,0.0,0.33454813385174687,0.0027533126535160476,2.5452686531111888,0.01823697819039971,no_fit,0.9731489619409746
lf,0.25,306,3,2,0.09807895496487617,0.3314622766121893,0.08750187580872132,2.6199158718804765,0.5321287302060035,0.0,-0.25,1.0,-0.25,0.3345507346859457,0.0,2.545195572014743,0.0,0.33454813385174687,0.0027533126535160476,2.5452686531111888,0.01823697819039971,no_fit,0.9896092138335012
lf,0.25,306,3,3,0.1534307412803173,0.3374487200285393,0.1157936825870118,2.560069442061198,0.6647063543122679,0.0,-0.25,1.0,-0.25,0.3345507346859457,0.0,2.545195572014743,0.0,0.33454813385174687,0.0027533126535160476,2.5452686531111888,0.01823697819039971,no_fit,0.991572240321694
lf,0.25,307,0,0,0.22857610136270523,0.3306535742375767,-0.07131770156743258,2.596073004560706,-0.36313095960049496,0.0,-0.25,1.0,-0.25,0.3345507346859457,0.0,2.545195572014743,0.0,0.33454813385174687,0.0027533126535160476,2.5452686531111888,0.01823697819039971,no_fit,0.9816240924081356
lf,0.25,307,0,1,0.14521798584610224,0.334261175645426,0.01882294436520651,2.586144653799359,-0.025501610132329766,0.0,-0.25,1.0,-0.25,0.3345507346859457,0.0,2.545195572014743,0.0,0.33454813385174687,0.0027533126535160476,2.5452686531111888,0.01823697819039971,ungated,0.999737100146256
lf,0.25,307,0,2,0.16261718980967999,0.33258869864267854,0.046027867529861904,2.5982016334437064,0.13798432402732702,0.0,-0.25,1.0,-0.25,0.3345507346859457,0.0,2.545195572014743,0.0,0.33454813385174687,0.0027533126535160476,2.5452686531111888,0.01823697819039971,no_fit,0.9984092831081552
lf,0.25,307,0,3,0.860243326752073,0.0235348520429593,-0.9936203024121186,3.637056522377273,-3.5951857471000173,0.0,-0.25,1.0,-0.25,0.3345507346859457,0.0,2.545195572014743,0.0,0.33454813385174687,0.0027533126535160476,2.5452686531111888,0.01823697819039971,no_fit,0.2622804084003335
lf,0.25,307,1,0,0.14627103507518768,0.3264977005997634,0.12901195907015567,2.7191500996757667,0.594263930174592,0.0,-0.25,1.0,-0.25,0.3345507346859457,0.0,2.545195572014743,0.0,0.33454813385174687,0.0027533126535160476,2.5452686531111888,0.01823697819039971,no_fit,0.972133676479551
lf,0.25,307,1,1,0.13656716234982014,0.3280986421921261,0.11432062770597598,2.6833618105563177,0.6197072524387528,0.0,-0.25,1.0,-0.25,0.3345507346859457,0.0,2.545195572014743,0.0,0.33454813385174687,0.0027533126535160476,2.5452686531111888,0.01823697819039971,no_fit,0.995274487218537
lf,0.25,307,1,2,0.3533018013695255,0.2857835685016988,0.6295405635509457,2.9815466922657228,2.5830407277585845,0.0,-0.25,1.0,-0.25,0.3345507346859457,0.0,2.545195572014743,0.0,0.33454813385174687,0.0027533126535160476,2.5452686531111888,0.01823697819039971,no_fit,0.7776953339091226
lf,0.25,307,1,3,0.5544139093304921,0.05362385275611225,-0.9649600266361361,3.8119850815798957,-3.7863368613661694,0.0,-0.25,1.0,-0.25,0.3345507346859457,0.0,2.545195572014743,0.0,0.33454813385174687,0.0027533126535160476,2.5452686531111888,0.01823697819039971,no_fit,0.2912789653363132
lf,0.25,307,2,0,0.514462670776993,0.3367637367404382,0.35520383760971364,2.336518260757846,1.3419784918878719,0.0,-0.25,1.0,-0.25,0.3345507346859457,0.0,2.545195572014743,0.0,0.33454813385174687,0.0027533126535160476,2.5452686531111888,0.01823697819039971,no_fit,0.8358557328015337
lf,0.25,307,2,1,0.08047855971381068,0.32632147226590585,0.28771630745955085,2.736304743908948,1.6014319363991114,0.0,-0.25,1.0,-0.25,0.3345507346859457,0.0,2.545195572014743,0.0,0.33454813385174687,0.0027533126535160476,2.5452686531111888,0.01823697819039971,no_fit,0.9548981455744788
lf,0.25,307,2,2,0.12326374696567655,0.3331235383829982,0.18379338004861018,2.592816954319341,0.9861795205845063,0.0,-0.25,1.0,-0.25,0.3345507346859457,0.0,2.545195572014743,0.0,0.33454813385174687,0.0027533126535160476,2.5452686531111888,0.01823697819039971,no_fit,0.9855584594096072
lf,0.25,307,2,3,0.004412641811226692,0.20946976995242944,0.8128517260902497,3.92803367259398,3.9151109398245367,0.0,-0.25,1.0,-0.25,0.3345507346859457,0.0,2.545195572014743,0.0,0.33454813385174687,0.0027533126535160476,2.5452686531111888,0.01823697819039971,no_fit,0.5555287662544234
lf,0.25,307,3,0,0.05580568639561534,0.3276382136222905,0.073911258952514,2.634530458968127,0.4801673496239822,0.0,-0.25,1.0,-0.25,0.3345507346859457,0.0,2.545195572014743,0.0,0.33454813385174687,0.0027533126535160476,2.5452686531111888,0.01823697819039971,no_fit,0.960961365528529
lf,0.25,307,3,1,0.15052893105894327,0.33032339312843156,0.08776559468450665,2.6035350371728336,0.5364508218313434,0.0,-0.25,1.0,-0.25,0.3345507346859457,0.0,2.545195572014743,0.0,0.33454813385174687,0.0027533126535160476,2.5452686531111888,0.01823697819039971,no_fit,0.9827722232376296
lf,0.25,307,3,2,0.09054587595164776,0.3325103111461896,0.026101650233925053,2.598989182808931,0.18058062538233022,0.0,-0.25,1.0,-0.25,0.3345507346859457,0.0,2.545195572014743,0.0,0.33454813385174687,0.0027533126535160476,2.5452686531111888,0.01823697819039971,no_fit,0.991864484826715
lf,0.25,307,3,3,0.13923557847738266,0.33661414355076724,0.10642127826692363,2.569346270955161,0.5955035543619361,0.0,-0.25,1.0,-0.25,0.3345507346859457,0.0,2.545195572014743,0.0,0.33454813385174687,0.0027533126535160476,2.5452686531111888,0.01823697819039971,no_fit,0.9932439622012073
lf,0.25,308,0,0,0.1385773830115795,0.33469965109350613,0.005372942528182252,2.5834951187698554,-0.025519432831180244,0.0,-0.25,1.0,-0.25,0.3345507346859457,0.0,2.545195572014743,0.0,0.33454813385174687,0.0027533126535160476,2.5452686531111888,0.01823697819039971,ungated,0.9998497731051644
lf,0.25,308,0,1,0.12012910936027765,0.33076415566335404,0.033886001252523654,2.6376405649480312,0.20228708874289192,0.0,-0.25,1.0,-0.25,0.3345507346859457,0.0,2.545195572014743,0.0,0.33454813385174687,0.0027533126535160476,2.5452686531111888,0.01823697819039971,no_fit,0.9984326164713322
lf,0.25,308,0,2,0.8257779781815202,0.04204213742893325,-0.9885863710248296,3.6142294913325963,-3.5671230245723407,0.0,-0.25,1.0,-0.25,0.3345507346859457,0.0,2.545195572014743,0.0,0.33454813385174687,0.0027533126535160476,2.5452686531111888,0.01823697819039971,no_fit,0.2831548501495534
lf,0.25,308,0,3,0.35834900953341275,0.2636099442802908,0.6766195690307896,3.155113097775765,2.85604229480293,0.0,-0.25,1.0,-0.25,0.3345507346859457,0.0,2.545195572014743,0.0,0.33454813385174687,0.0027533126535160476,2.5452686531111888,0.01823697819039971,no_fit,0.7033788510821053
lf,0.25,308,1,0,0.13765697367489338,0.3304297484383443,-0.05417959411203703,2.6353286624183974,-0.2932740063886914,0.0,-0.25,1.0,-0.25,0.3345507346859457,0.0,2.545195572014743,0.0,0.33454813385174687,0.0027533126535160476,2.5452686531111888,0.01823697819039971,no_fit,0.9979356004491416
lf,0.25,308,1,1,0.011126319208415225,0.2628966134406707,-0.6265214690714219,3.1757590207045943,0.14642259144534053,0.0,-0.25,1.0,-0.25,0.3345507346859457,0.0,2.545195572014743,0.0,0.33454813385174687,0.0027533126535160476,2.5452686531111888,0.01823697819039971,no_fit,0.6087788862282402
lf,0.25,308,1,2,0.7698095853689644,0.055644537887881824,-0.9792571205695138,3.777137684037397,-3.7492022240925804,0.0,-0.25,1.0,-0.25,0.3345507346859457,0.0,2.545195572014743,0.0,0.33454813385174687,0.0027533126535160476,2.5452686531111888,0.01823697819039971,no_fit,0.2519475979654804
lf,0.25,308,1,3,0.05377531656995416,0.2569226636893366,0.6483096159631511,2.435010982745481,1.3436418445246343,0.0,-0.25,1.0,-0.25,0.3345507346859457,0.0,2.545195572014743,0.0,0.33454813385174687,0.0027533126535160476,2.5452686531111888,0.01823697819039971,no_fit,0.9102358095863295
lf,0.25,308,2,0,0.1509086973965168,0.3342922002253003,-0.01634695632450588,2.561559891309409,-0.07811033012340773,0.0,-0.25,1.0,-0.25,0.3345507346859457,0.0,2.545195572014743,0.0,0.33454813385174687,0.0027533126535160476,2.5452686531111888,0.01823697819039971,no_fit,0.9994625545969832
lf,0.25,308,2,1,0.13242326211184263,0.3326183385155535,0.04229441877611247,2.6136188635623165,0.3037592835899159,0.0,-0.25,1.0,-0.25,0.3345507346859457,0.0,2.545195572014743,0.0,0.33454813385174687,0.0027533126535160476,2.5452686531111888,0.01823697819039971,no_fit,0.9972013713184616
lf,0.25,308,2,2,0.261264510852925,0.1450239008003646,-0.8488546968909257,3.883856829693929,-3.8653885045768606,0.0,-0.25,1.0,-0.25,0.3345507346859457,0.0,2.545195572014743,0.0,0.33454813385174687,0.0027533126535160476,2.5452686531111888,0.01823697819039971,no_fit,0.3178481838083921
lf,0.25,308,2,3,0.3042711615562439,0.3246884149799759,0.4010742097237981,2.582615935569153,1.681294679560878,0.0,-0.25,1.0,-0.25,0.3345507346859457,0.0,2.545195572014743,0.0,0.33454813385174687,0.0027533126535160476,2.5452686531111888,0.01823697819039971,no_fit,0.9372883926646364
lf,0.25,308,3,0,0.09526063874363899,0.3384413382818429,0.010535543961640987,2.5726073764024457,0.13306439676023163,0.0,-0.25,1.0,-0.25,0.3345507346859457,0.0,2.545195572014743,0.0,0.33454813385174687,0.0027533126535160476,2.5452686531111888,0.01823697819039971,no_fit,0.9914822065291534
lf,0.25,308,3,1,0.09115820936858654,0.3320123740104318,0.044915765528863894,2.6008525742645485,0.28639791168775786,0.0,-0.25,1.0,-0.25,0.3345507346859457,0.0,2.545195572014743,0.0,0.33454813385174687,0.0027533126535160476,2.5452686531111888,0.01823697819039971,no_fit,0.9888510380742368
lf,0.25,308,3,2,0.026921135606244206,0.3256378162429836,0.08288488777909203,2.660207075946155,0.5271528710945745,0.0,-0.25,1.0,-0.25,0.3345507346859457,0.0,2.545195572014743,0.0,0.33454813385174687,0.0027533126535160476,2.5452686531111888,0.01823697819039971,no_fit,0.9219926868974972
lf,0.25,308,3,3,0.1370328888297081,0.33291377898338476,0.0869185095895073,2.5895734259029535,0.5145675203943313,0.0,-0.25,1.0,-0.25,0.3345507346859457,0.0,2.545195572014743,0.0,0.33454813385174687,0.0027533126535160476,2.5452686531111888,0.01823697819039971,no_fit,0.9936813757561148
lf,0.25,309,0,0,0.18594832718372345,0.33125362017917753,-0.032903520749520125,2.5955254828566776,-0.157166593435689,0.0,-0.25,1.0,-0.25,0.3345507346859457,0.0,2.545195572014743,0.0,0.33454813385174687,0.0027533126535160476,2.5452686531111888,0.01823697819039971,no_fit,0.9946312121896594
lf,0.25,309,0,1,0.1285731913521886,0.32866840696441607,0.023742693146272347,2.6721941065848904,0.1369259235487098,0.0,-0.25,1.0,-0.25,0.3345507346859457,0.0,2.545195572014743,0.0,0.33454813385174687,0.0027533126535160476,2.5452686531111888,0.01823697819039971,no_fit,0.9990588646720792
lf,0.25,309,0,2,0.3257023165933788,0.30307619567106653,0.4686419254122955,2.9576480604461377,2.323369163867814,0.0,-0.25,1.0,-0.25,0.3345507346859457,0.0,2.545195572014743,0.0,0.33454813385174687,0.0027533126535160476,2.5452686531111888,0.01823697819039971,no_fit,0.7920357730960239
lf,0.25,309,0,3,0.8441508018154309,0.0538001010680348,-0.9823423965235177,3.6403467841280874,-3.5965357407754284,0.0,-0.25,1.0,-0.25,0.3345507346859457,0.0,2.545195572014743,0.0,0.33454813385174687,0.0027533126535160476,2.5452686531111888,0.01823697819039971,no_fit,0.2731852137563677
lf,0.25,309,1,0,0.7602973467798941,0.030351969913791292,-0.9881217091602352,3.7933288708357957,-3.7673057266082055,0.0,-0.25,1.0,-0.25,0.3345507346859457,0.0,2.545195572014743,0.0,0.33454813385174687,0.0027533126535160476,2.5452686531111888,0.01823697819039971,no_fit,0.2496659021262517
lf,0.25,309,1,1,0.20810343697667122,0.3350213211127451,0.03509482274088503,2.540493964803574,0.2719024521367624,0.0,-0.25,1.0,-0.25,0.3345507346859457,0.0,2.545195572014743,0.0,0.33454813385174687,0.0027533126535160476,2.5452686531111888,0.01823697819039971,no_fit,0.9874298369885894
lf,0.25,309,1,2,0.010905124912824249,0.31893039982303734,0.02783918353181014,3.592504963172132,3.2300085654053916,0.0,-0.25,1.0,-0.25,0.3345507346859457,0.0,2.545195572014743,0.0,0.33454813385174687,0.0027533126535160476,2.5452686531111888,0.01823697819039971,no_fit,0.6455985271855031
lf,0.25,309,1,3,0.08029075223021209,0.27441880043940037,0.6942940451801339,2.1805221205220713,1.5106256049164881,0.0,-0.25,1.0,-0.25,0.3345507346859457,0.0,2.545195572014743,0.0,0.33454813385174687,0.0027533126535160476,2.5452686531111888,0.01823697819039971,no_fit,0.8488000869491873
lf,0.25,309,2,0,0.21712150016082887,0.10919709473501837,-0.9238021940470738,3.8027614241501664,-3.7686471229696146,0.0,-0.25,1.0,-0.25,0.3345507346859457,0.0,2.545195572014743,0.0,0.33454813385174687,0.0027533126535160476,2.5452686531111888,0.01823697819039971,no_fit,0.3775272770323817
lf,0.25,309,2,1,0.13596733356826007,0.3087172558664815,0.4338366355224001,3.0361059498419305,2.382841352638076,0.0,-0.25,1.0,-0.25,0.3345507346859457,0.0,2.545195572014743,0.0,0.33454813385174687,0.0027533126535160476,2.5452686531111888,0.01823697819039971,no_fit,0.8770610748224575
lf,0.25,309,2,2,0.3227835400030017,0.336512431748085,0.26203501046998107,2.437615912553159,1.1354340125505349,0.0,-0.25,1.0,-0.25,0.3345507346859457,0.0,2.545195572014743,0.0,0.33454813385174687,0.0027533126535160476,2.5452686531111888,0.01823697819039971,no_fit,0.9505659824835896
lf,0.25,309,2,3,0.14652940817177296,0.33521353719829844,-0.0017686642960968305,2.566300571793621,0.07321899139970045,0.0,-0.25,1.0,-0.25,0.3345507346859457,0.0,2.545195572014743,0.0,0.33454813385174687,0.0027533126535160476,2.5452686531111888,0.01823697819039971,no_fit,0.9994745607521698
lf,0.25,309,3,0,0.12582156527787447,0.3318196965568221,0.0963398048009561,2.5930649853285184,0.5403933121271459,0.0,-0.25,1.0,-0.25,0.3345507346859457,0.0,2.545195572014743,0.0,0.33454813385174687,0.0027533126535160476,2.5452686531111888,0.01823697819039971,no_fit,0.995224753493985
lf,0.25,309,3,1,0.13236526306718588,0.32973664253088464,0.13552357282662136,2.6440379491338377,0.8268046213236852,0.0,-0.25,1.0,-0.25,0.3345507346859457,0.0,2.545195572014743,0.0,0.33454813385174687,0.0027533126535160476,2.5452686531111888,0.01823697819039971,no_fit,0.9853293388315528
lf,0.25,309,3,2,0.11499429121613503,0.33763246522557294,0.07840787468846541,2.5653889905857237,0.48926904394100845,0.0,-0.25,1.0,-0.25,0.3345507346859457,0.0,2.545195572014743,0.0,0.33454813385174687,0.0027533126535160476,2.5452686531111888,0.01823697819039971,no_fit,0.9941543089419006
lf,0.25,309,3,3,0.04443469224497676,0.33061679701416924,0.07292904463727931,2.627716807129839,0.44044368862674543,0.0,-0.25,1.0,-0.25,0.3345507346859457,0.0,2.545195572014743,0.0,0.33454813385174687,0.0027533126535160476,2.5452686531111888,0.01823697819039971,no_fit,0.95418522432089
lf,0.25,310,0,0,0.14518335089087486,0.33227298181917514,0.016578944982779193,2.589868819369157,0.09127621065997066,0.0,-0.25,1.0,-0.25,0.3345507346859457,0.0,2.545195572014743,0.0,0.33454813385174687,0.0027533126535160476,2.5452686531111888,0.01823697819039971,no_fit,0.9991053277177392
lf,0.25,310,0,1,0.7744183216964302,0.09880069355324565,-0.9410412063332836,3.668683623031229,-3.6217588869414974,0.0,-0.25,1.0,-0.25,0.3345507346859457,0.0,2.545195572014743,0.0,0.33454813385174687,0.0027533126535160476,2.5452686531111888,0.01823697819039971,no_fit,0.3142201842769211
lf,0.25,310,0,2,0.2646967442560708,0.20035730394779774,0.790559014908191,3.40223544950851,3.2548300831318775,0.0,-0.25,1.0,-0.25,0.3345507346859457,0.0,2.545195572014743,0.0,0.33454813385174687,0.0027533126535160476,2.5452686531111888,0.01823697819039971,no_fit,0.7785759324541589
lf,0.25,310,0,3,0.8282653559607844,0.03296066599115548,-0.993132562575136,3.6692259807951255,-3.6293408237260842,0.0,-0.25,1.0,-0.25,0.3345507346859457,0.0,2.545195572014743,0.0,0.33454813385174687,0.0027533126535160476,2.5452686531111888,0.01823697819039971,no_fit,0.2670906331369735
lf,0.25,310,1,0,0.836695285863243,0.3031339823103908,0.6726479817020983,2.3172269260607434,1.8156635971077377,0.0,-0.25,1.0,-0.25,0.3345507346859457,0.0,2.545195572014743,0.0,0.33454813385174687,0.0027533126535160476,2.5452686531111888,0.01823697819039971,no_fit,0.5867921932196812
lf,0.25,310,1,1,0.6843070038539096,0.03507889754689167,-0.989488242451445,3.7966131055710055,-3.770044655456953,0.0,-0.25,1.0,-0.25,0.3345507346859457,0.0,2.545195572014743,0.0,0.33454813385174687,0.0027533126535160476,2.5452686531111888,0.01823697819039971,no_fit,0.2671020696526296
lf,0.25,310,1,2,0.08074415940791368,0.2817639932074323,-0.3625234421555436,3.2227932188093327,-1.341110735389626,0.0,-0.25,1.0,-0.25,0.3345507346859457,0.0,2.545195572014743,0.0,0.33454813385174687,0.0027533126535160476,2.5452686531111888,0.01823697819039971,no_fit,0.639683610204532
lf,0.25,310,1,3,0.14699095487594604,0.33621297212728507,0.0325365594549883,2.5501729586713062,0.2028508068309503,0.0,-0.25,1.0,-0.25,0.3345507346859457,0.0,2.545195572014743,0.0,0.33454813385174687,0.0027533126535160476,2.5452686531111888,0.01823697819039971,no_fit,0.9992183892708452
lf,0.25,310,2,0,0.4539651176892221,0.3168052424849111,0.49024770207539003,2.6151770318256027,1.9176765207581643,0.0,-0.25,1.0,-0.25,0.3345507346859457,0.0,2.545195572014743,0.0,0.33454813385174687,0.0027533126535160476,2.5452686531111888,0.01823697819039971,no_fit,0.8449588686620658
lf,0.25,310,2,1,0.25311878142565547,0.13860425474220933,-0.8838032103832275,3.7982662852456475,-3.7622143482002546,0.0,-0.25,1.0,-0.25,0.3345507346859457,0.0,2.545195572014743,0.0,0.33454813385174687,0.0027533126535160476,2.5452686531111888,0.01823697819039971,no_fit,0.3718050238120255
lf,0.25,310,2,2,0.20238584792241454,0.329817917695526,0.25742386214365415,2.599849106513385,1.3013211976093184,0.0,-0.25,1.0,-0.25,0.3345507346859457,0.0,2.545195572014743,0.0,0.33454813385174687,0.0027533126535160476,2.5452686531111888,0.01823697819039971,no_fit,0.970319380681436
lf,0.25,310,2,3,0.14128986280411482,0.33535437458324047,0.010884024691747842,2.570706891031474,0.07331045683661097,0.0,-0.25,1.0,-0.25,0.3345507346859457,0.0,2.545195572014743,0.0,0.33454813385174687,0.0027533126535160476,2.5452686531111888,0.01823697819039971,ungated,0.9997951203404865
lf,0.25,310,3,0,0.09106924990192056,0.3274912789172055,0.22030814798722406,2.690112894290664,1.2399192615319166,0.0,-0.25,1.0,-0.25,0.3345507346859457,0.0,2.545195572014743,0.0,0.33454813385174687,0.0027533126535160476,2.5452686531111888,0.01823697819039971,no_fit,0.9807314519488152
lf,0.25,310,3,1,0.5151827875524759,0.34649580022125537,0.22394447164813241,2.260793114400469,0.8521348714538297,0.0,-0.25,1.0,-0.25,0.3345507346859457,0.0,2.545195572014743,0.0,0.33454813385174687,0.0027533126535160476,2.5452686531111888,0.01823697819039971,no_fit,0.873721125808597
lf,0.25,310,3,2,0.13774598622694612,0.3302697997828866,0.26058340608479386,2.641652155927519,1.3645810300669,0.0,-0.25,1.0,-0.25,0.3345507346859457,0.0,2.545195572014743,0.0,0.33454813385174687,0.0027533126535160476,2.5452686531111888,0.01823697819039971,no_fit,0.9735325331074768
lf,0.25,310,3,3,0.044564048293977976,0.3341796685047754,0.1009382865217964,2.5989948976636548,0.5974146756604832,0.0,-0.25,1.0,-0.25,0.3345507346859457,0.0,2.545195572014743,0.0,0.33454813385174687,0.0027533126535160476,2.5452686531111888,0.01823697819039971,no_fit,0.9453862645903294
lf,0.25,311,0,0,0.7597962195563355,0.0508951788825156,-0.978391642033827,3.654866975224572,-3.6096540720420682,0.0,-0.25,1.0,-0.25,0.3345507346859457,0.0,2.545195572014743,0.0,0.33454813385174687,0.0027533126535160476,2.5452686531111888,0.01823697819039971,no_fit,0.2954872869486216
lf,0.25,311,0,1,0.14739493187516928,0.3330659356660182,0.20589927949659145,2.583421537670062,0.9638890001480628,0.0,-0.25,1.0,-0.25,0.3345507346859457,0.0,2.545195572014743,0.0,0.33454813385174687,0.0027533126535160476,2.5452686531111888,0.01823697819039971,no_fit,0.9894579367303298
lf,0.25,311,0,2,0.14421165036037564,0.32403210773061786,0.27928059275349415,2.7341047191200762,1.5254094177734128,0.0,-0.25,1.0,-0.25,0.3345507346859457,0.0,2.545195572014743,0.0,0.33454813385174687,0.0027533126535160476,2.5452686531111888,0.01823697819039971,no_fit,0.9719016030939394
lf,0.25,311,0,3,0.16805564798414707,0.3354807243347714,-0.029500052453410433,2.5628298074727964,-0.14511009902233646,0.0,-0.25,1.0,-0.25,0.3345507346859457,0.0,2.545195572014743,0.0,0.33454813385174687,0.0027533126535160476,2.5452686531111888,0.01823697819039971,no_fit,0.9982404033665276
lf,0.25,311,1,0,0.7729011247840494,0.04324199786521802,-0.9841105094842617,3.811525440649142,-3.7877253991890907,0.0,-0.25,1.0,-0.25,0.3345507346859457,0.0,2.545195572014743,0.0,0.33454813385174687,0.0027533126535160476,2.5452686531111888,0.01823697819039971,no_fit,0.2393331187941961
lf,0.25,311,1,1,0.7409406005754136,0.25779110030187163,0.7965272897175978,2.517035613713371,2.161006316064927,0.0,-0.25,1.0,-0.25,0.3345507346859457,0.0,2.545195572014743,0.0,0.33454813385174687,0.0027533126535160476,2.5452686531111888,0.01823697819039971,no_fit,0.633264778195198
lf,0.25,311,1,2,0.00023136516119848238,0.15979635428204392,-0.40369662474140433,2.7471469643079742,-1.2683930930339926,0.0,-0.25,1.0,-0.25,0.3345507346859457,0.0,2.545195572014743,0.0,0.33454813385174687,0.0027533126535160476,2.5452686531111888,0.01823697819039971,no_fit,0.4888812605890787
lf,0.25,311,1,3,0.1313939606770873,0.3309519184567815,-0.01020490690295767,2.612541423772131,-0.026539540064698552,0.0,-0.25,1.0,-0.25,0.3345507346859457,0.0,2.545195572014743,0.0,0.33454813385174687,0.0027533126535160476,2.5452686531111888,0.01823697819039971,no_fit,0.999506132495952
lf,0.25,311,2,0,0.0036992800486501665,0.22175085497470737,0.7755853553481984,3.917637002017778,3.8994096160648244,0.0,-0.25,1.0,-0.25,0.3345507346859457,0.0,2.545195572014743,0.0,0.33454813385174687,0.0027533126535160476,2.5452686531111888,0.01823697819039971,no_fit,0.4472683580434501
lf,0.25,311,2,1,0.18589966581203043,0.3216331342463959,0.3784931773252492,2.7319167738924937,1.8617891343755044,0.0,-0.25,1.0,-0.25,0.3345507346859457,0.0,2.545195572014743,0.0,0.33454813385174687,0.0027533126535160476,2.5452686531111888,0.01823697819039971,no_fit,0.9391544638677038
lf,0.25,311,2,2,0.30123854568228126,0.3348112347326487,0.3057900637815708,2.4604899158611047,1.341728553524172,0.0,-0.25,1.0,-0.25,0.3345507346859457,0.0,2.545195572014743,0.0,0.33454813385174687,0.0027533126535160476,2.5452686531111888,0.01823697819039971,no_fit,0.9307637120606996
lf,0.25,311,2,3,0.09685997711494565,0.3286164784793243,0.20476059896345336,2.6866977773109797,1.169795808534937,0.0,-0.25,1.0,-0.25,0.3345507346859457,0.0,2.545195572014743,0.0,0.33454813385174687,0.0027533126535160476,2.5452686531111888,0.01823697819039971,no_fit,0.9811691666153584
lf,0.25,311,3,0,0.19385391287505627,0.3367856556468656,0.15043801248398145,2.5426313555566646,0.8124428084117067,0.0,-0.25,1.0,-0.25,0.3345507346859457,0.0,2.545195572014743,0.0,0.33454813385174687,0.0027533126535160476,2.5452686531111888,0.01823697819039971,no_fit,0.9832988386205463
lf,0.25,311,3,1,0.12095195753499866,0.332902672645962,0.13941327188909403,2.604898551382194,0.818253901151453,0.0,-0.25,1.0,-0.25,0.3345507346859457,0.0,2.545195572014743,0.0,0.33454813385174687,0.0027533126535160476,2.5452686531111888,0.01823697819039971,no_fit,0.9853491073952216
lf,0.25,311,3,2,0.07674603583291173,0.3309147562010381,0.14807898276252585,2.6506406109405685,0.9187774625794222,0.0,-0.25,1.0,-0.25,0.3345507346859457,0.0,2.545195572014743,0.0,0.33454813385174687,0.0027533126535160476,2.5452686531111888,0.01823697819039971,no_fit,0.9691857371959496
lf,0.25,311,3,3,0.046037324238568544,0.32850101934508613,0.07842085232605552,2.655941562608551,0.4996011456135764,0.0,-0.25,1.0,-0.25,0.3345507346859457,0.0,2.545195572014743,0.0,0.33454813385174687,0.0027533126535160476,2.5452686531111888,0.01823697819039971,no_fit,0.9623466644310898
lf,0.25,312,0,0,7.118846269804635e-05,0.3936431893738449,0.11301448475795746,2.21466903598132,0.1639759498038535,0.0,-0.25,1.0,-0.25,0.3345507346859457,0.0,2.545195572014743,0.0,0.33454813385174687,0.0027533126535160476,2.5452686531111888,0.01823697819039971,no_fit,0.8472086310196172
lf,0.25,312,0,1,0.08678871393203735,0.33066505171754057,-0.03674657806250829,2.619287982453771,-0.19294588724260386,0.0,-0.25,1.0,-0.25,0.3345507346859457,0.0,2.545195572014743,0.0,0.33454813385174687,0.0027533126535160476,2.5452686531111888,0.01823697819039971,no_fit,0.9917737824736932
lf,0.25,312,0,2,0.16226288862526417,0.3379332583071744,-0.02712769069533537,2.5095079135181844,-0.13883275664795258,0.0,-0.25,1.0,-0.25,0.3345507346859457,0.0,2.545195572014743,0.0,0.33454813385174687,0.0027533126535160476,2.5452686531111888,0.01823697819039971,no_fit,0.9979591524049714
lf,0.25,312,0,3,0.16194051690399647,0.33165937706293414,-0.0778884164378061,2.641838612256727,-0.47069777761056364,0.0,-0.25,1.0,-0.25,0.3345507346859457,0.0,2.545195572014743,0.0,0.33454813385174687,0.0027533126535160476,2.5452686531111888,0.01823697819039971,no_fit,0.9924498874324424
lf,0.25,312,1,0,0.4162222082959488,0.2438299071257106,0.8137346703569052,2.747556093438333,2.452533430388287,0.0,-0.25,1.0,-0.25,0.3345507346859457,0.0,2.545195572014743,0.0,0.33454813385174687,0.0027533126535160476,2.5452686531111888,0.01823697819039971,no_fit,0.8320774961630516
lf,0.25,312,1,1,0.4857996551809549,0.06657038114631955,-0.9829015670140951,3.7313798076099127,-3.6920381751794493,0.0,-0.25,1.0,-0.25,0.3345507346859457,0.0,2.545195572014743,0.0,0.33454813385174687,0.0027533126535160476,2.5452686531111888,0.01823697819039971,no_fit,0.3392808084015031
lf,0.25,312,1,2,0.13670601602643728,0.3335959546993501,0.003366209348168132,2.576985692756509,0.028472200805130132,0.0,-0.25,1.0,-0.25,0.3345507346859457,0.0,2.545195572014743,0.0,0.33454813385174687,0.0027533126535160476,2.5452686531111888,0.01823697819039971,ungated,0.9998067827491208
lf,0.25,312,1,3,0.370574520304217,0.19856692157107558,0.896602860670863,2.8740212747020313,2.6551860432546497,0.0,-0.25,1.0,-0.25,0.3345507346859457,0.0,2.545195572014743,0.0,0.33454813385174687,0.0027533126535160476,2.5452686531111888,0.01823697819039971,no_fit,0.6791603221263679
lf,0.25,312,2,0,0.7365595353767276,0.2676786704569757,0.7717361635694532,2.3840447146549457,1.991672260198602,0.0,-0.25,1.0,-0.25,0.3345507346859457,0.0,2.545195572014743,0.0,0.33454813385174687,0.0027533126535160476,2.5452686531111888,0.01823697819039971,no_fit,0.6608290593261392
lf,0.25,312,2,1,0.0723088183440268,0.3249895276806861,0.2883425183847376,2.740179297957649,1.5896659725639168,0.0,-0.25,1.0,-0.25,0.3345507346859457,0.0,2.545195572014743,0.0,0.33454813385174687,0.0027533126535160476,2.5452686531111888,0.01823697819039971,no_fit,0.966394636480184
lf,0.25,312,2,2,0.13581443019211292,0.3327201143106631,0.03706877625681864,2.5734714472703795,0.23751623761189733,0.0,-0.25,1.0,-0.25,0.3345507346859457,0.0,2.545195572014743,0.0,0.33454813385174687,0.0027533126535160476,2.5452686531111888,0.01823697819039971,no_fit,0.998872555727074
lf,0.25,312,2,3,0.18004323163768277,0.2567420602198674,0.7508406903504822,3.071735531787403,2.7949934392230285,0.0,-0.25,1.0,-0.25,0.3345507346859457,0.0,2.545195572014743,0.0,0.33454813385174687,0.0027533126535160476,2.5452686531111888,0.01823697819039971,no_fit,0.9193272650121636
lf,0.25,312,3,0,0.16816664862562902,0.26091144692362844,0.7219903021248782,3.113907079479393,2.8218811209737327,0.0,-0.25,1.0,-0.25,0.3345507346859457,0.0,2.545195572014743,0.0,0.33454813385174687,0.0027533126535160476,2.5452686531111888,0.01823697819039971,no_fit,0.9318795842553688
lf,0.25,312,3,1,0.07076103991130367,0.3098144528788814,0.48228518610979026,2.8579846089976715,2.2051071110142937,0.0,-0.25,1.0,-0.25,0.3345507346859457,0.0,2.545195572014743,0.0,0.33454813385174687,0.0027533126535160476,2.5452686531111888,0.01823697819039971,no_fit,0.9592077393001748
lf,0.25,312,3,2,0.06630905298516154,0.32010209385723176,0.32606110664463855,2.823718787370184,1.7676588062326075,0.0,-0.25,1.0,-0.25,0.3345507346859457,0.0,2.545195572014743,0.0,0.33454813385174687,0.0027533126535160476,2.5452686531111888,0.01823697819039971,no_fit,0.9718457032145592
lf,0.25,312,3,3,0.16021373675903305,0.26568501773393277,0.7063364563975232,3.084934959911903,2.776602665665073,0.0,-0.25,1.0,-0.25,0.3345507346859457,0.0,2.545195572014743,0.0,0.33454813385174687,0.0027533126535160476,2.5452686531111888,0.01823697819039971,no_fit,0.934181853943708
lf,0.25,313,0,0,0.13766745384782553,0.3310976271143994,-0.002907421566450779,2.6237205489357454,-0.057696761024505494,0.0,-0.25,1.0,-0.25,0.3345507346859457,0.0,2.545195572014743,0.0,0.33454813385174687,0.0027533126535160476,2.5452686531111888,0.01823697819039971,no_fit,0.9984678799001876
lf,0.25,313,0,1,0.00011357532054034891,0.4233683859431636,-0.3200243260157919,3.520900665864595,-3.159249952246533,0.0,-0.25,1.0,-0.25,0.3345507346859457,0.0,2.545195572014743,0.0,0.33454813385174687,0.0027533126535160476,2.5452686531111888,0.01823697819039971,no_fit,0.8169864371772012
lf,0.25,313,0,2,0.13287396542727947,0.3332833923976096,-0.009364281631059004,2.6115239957407024,-0.07977156243900796,0.0,-0.25,1.0,-0.25,0.3345507346859457,0.0,2.545195572014743,0.0,0.33454813385174687,0.0027533126535160476,2.5452686531111888,0.01823697819039971,no_fit,0.9996609751476992
lf,0.25,313,0,3,0.7784254615390296,0.03141303645098015,-0.9947665556114051,3.70446286395579,-3.6673837974022527,0.0,-0.25,1.0,-0.25,0.3345507346859457,0.0,2.545195572014743,0.0,0.33454813385174687,0.0027533126535160476,2.5452686531111888,0.01823697819039971,no_fit,0.2757582243244871
lf,0.25,313,1,0,0.9174738398287445,0.287933449134621,0.7869809178799249,2.0907902785414696,1.6833962853569346,0.0,-0.25,1.0,-0.25,0.3345507346859457,0.0,2.545195572014743,0.0,0.33454813385174687,0.0027533126535160476,2.5452686531111888,0.01823697819039971,no_fit,0.4917692719656056
lf,0.25,313,1,1,0.1184133356437087,0.32758009249991576,0.31253629092494384,2.5342544200580406,1.1626483692667615,0.0,-0.25,1.0,-0.25,0.3345507346859457,0.0,2.545195572014743,0.0,0.33454813385174687,0.0027533126535160476,2.5452686531111888,0.01823697819039971,no_fit,0.9627449747663704
lf,0.25,313,1,2,0.0063912796294971486,0.2213967868692345,0.7171943842521831,3.8257001130357398,3.781832686215846,0.0,-0.25,1.0,-0.25,0.3345507346859457,0.0,2.545195572014743,0.0,0.33454813385174687,0.0027533126535160476,2.5452686531111888,0.01823697819039971,no_fit,0.6246305793217581
lf,0.25,313,1,3,0.5787327271513683,0.030383099944789597,-0.9931550985506992,3.7777292865696745,-3.7476157999188864,0.0,-0.25,1.0,-0.25,0.3345507346859457,0.0,2.545195572014743,0.0,0.33454813385174687,0.0027533126535160476,2.5452686531111888,0.01823697819039971,no_fit,0.2998776456303801
lf,0.25,313,2,0,0.1662127859890461,0.3347861184777059,0.11844444152068129,2.5443557784331303,0.6412533460876982,0.0,-0.25,1.0,-0.25,0.3345507346859457,0.0,2.545195572014743,0.0,0.33454813385174687,0.0027533126535160476,2.5452686531111888,0.01823697819039971,no_fit,0.9911336696256406
lf,0.25,313,2,1,0.17994992807507515,0.3349758530858805,0.01249609185701096,2.549696741553781,0.06097119547252927,0.0,-0.25,1.0,-0.25,0.3345507346859457,0.0,2.545195572014743,0.0,0.33454813385174687,0.0027533126535160476,2.5452686531111888,0.01823697819039971,no_fit,0.9977421024281916
lf,0.25,313,2,2,0.31123211374506354,0.32402748821231436,0.38076933070724456,2.6558172845616808,1.7805845249056143,0.0,-0.25,1.0,-0.25,0.3345507346859457,0.0,2.545195572014743,0.0,0.33454813385174687,0.0027533126535160476,2.5452686531111888,0.01823697819039971,no_fit,0.9003188501150398
lf,0.25,313,2,3,0.12441138038411736,0.32429084864837676,0.25910046144701837,2.744306596319995,1.4764942603045412,0.0,-0.25,1.0,-0.25,0.3345507346859457,0.0,2.545195572014743,0.0,0.33454813385174687,0.0027533126535160476,2.5452686531111888,0.01823697819039971,no_fit,0.972169970816141
lf,0.25,313,3,0,0.13062793668359518,0.3362534112856701,0.10429182612278871,2.5753982294595716,0.6247285384950975,0.0,-0.25,1.0,-0.25,0.3345507346859457,0.0,2.545195572014743,0.0,0.33454813385174687,0.0027533126535160476,2.5452686531111888,0.01823697819039971,no_fit,0.9924787565323536
lf,0.25,313,3,1,0.034659143537282944,0.3313128742657581,0.09431669384929926,2.603059788018023,0.5368704496136664,0.0,-0.25,1.0,-0.25,0.3345507346859457,0.0,2.545195572014743,0.0,0.33454813385174687,0.0027533126535160476,2.5452686531111888,0.01823697819039971,no_fit,0.9306195754405016
lf,0.25,313,3,2,0.15397766418755054,0.3309719592787378,0.18490962326956778,2.6123542606739294,1.0051695356389556,0.0,-0.25,1.0,-0.25,0.3345507346859457,0.0,2.545195572014743,0.0,0.33454813385174687,0.0027533126535160476,2.5452686531111888,0.01823697819039971,no_fit,0.9871953821863144
lf,0.25,313,3,3,0.11554927239194512,0.3318066695326663,0.1734421485494241,2.6278340812075434,0.988556754169749,0.0,-0.25,1.0,-0.25,0.3345507346859457,0.0,2.545195572014743,0.0,0.33454813385174687,0.0027533126535160476,2.5452686531111888,0.01823697819039971,no_fit,0.9871077933245496
lf,0.25,314,0,0,0.13441957253962755,0.335721621793493,0.056200245450062754,2.5870839887471275,0.4343252850996222,0.0,-0.25,1.0,-0.25,0.3345507346859457,0.0,2.545195572014743,0.0,0.33454813385174687,0.0027533126535160476,2.5452686531111888,0.01823697819039971,no_fit,0.9909390813059564
lf,0.25,314,0,1,0.15099352784454823,0.3336158126120664,0.004018302410083246,2.573937729881435,-0.006262493749848441,0.0,-0.25,1.0,-0.25,0.3345507346859457,0.0,2.545195572014743,0.0,0.33454813385174687,0.0027533126535160476,2.5452686531111888,0.01823697819039971,ungated,0.9998135289563184
lf,0.25,314,0,2,0.1982059245929122,0.3343860003366078,-0.10959299055087919,2.6184873849804458,-0.781502006529015,0.0,-0.25,1.0,-0.25,0.3345507346859457,0.0,2.545195572014743,0.0,0.33454813385174687,0.0027533126535160476,2.5452686531111888,0.01823697819039971,no_fit,0.9813624275338436
lf,0.25,314,0,3,0.05092688789591193,0.321129571170312,0.0769565581743317,2.729744152941142,0.283023238795999,0.0,-0.25,1.0,-0.25,0.3345507346859457,0.0,2.545195572014743,0.0,0.33454813385174687,0.0027533126535160476,2.5452686531111888,0.01823697819039971,no_fit,0.9828841509097136
lf,0.25,314,1,0,0.2217189846560359,0.2418003040154718,0.7749063046829904,3.010556933514462,2.7368669758985833,0.0,-0.25,1.0,-0.25,0.3345507346859457,0.0,2.545195572014743,0.0,0.33454813385174687,0.0027533126535160476,2.5452686531111888,0.01823697819039971,no_fit,0.9205779167519652
lf,0.25,314,1,1,0.17716175504028797,0.33394778371383516,-0.010513635750259325,2.5530119720593802,-0.05070112765771134,0.0,-0.25,1.0,-0.25,0.3345507346859457,0.0,2.545195572014743,0.0,0.33454813385174687,0.0027533126535160476,2.5452686531111888,0.01823697819039971,acf,0.998198025949274
lf,0.25,314,1,2,0.16093591321259737,0.33631286081556744,0.07231336429263847,2.5102988099420873,0.32646499924906064,0.0,-0.25,1.0,-0.25,0.3345507346859457,0.0,2.545195572014743,0.0,0.33454813385174687,0.0027533126535160476,2.5452686531111888,0.01823697819039971,no_fit,0.9980740491281024
lf,0.25,314,1,3,0.07724122349463869,0.2125455683852292,0.8145068657527028,3.174448035358122,2.9672160153160863,0.0,-0.25,1.0,-0.25,0.3345507346859457,0.0,2.545195572014743,0.0,0.33454813385174687,0.0027533126535160476,2.5452686531111888,0.01823697819039971,no_fit,0.91298908749117
lf,0.25,314,2,0,0.2651892066351138,0.26335842638755114,0.7460036510098015,2.9033591422198795,2.5742514885007606,0.0,-0.25,1.0,-0.25,0.3345507346859457,0.0,2.545195572014743,0.0,0.33454813385174687,0.0027533126535160476,2.5452686531111888,0.01823697819039971,no_fit,0.912101213291334
lf,0.25,314,2,1,0.2081663275603205,0.2679803514031756,0.7261272940661447,2.8523119003782895,2.4950531498922985,0.0,-0.25,1.0,-0.25,0.3345507346859457,0.0,2.545195572014743,0.0,0.33454813385174687,0.0027533126535160476,2.5452686531111888,0.01823697819039971,no_fit,0.9340651589001054
lf,0.25,314,2,2,0.18475562520325184,0.3367191037056322,0.010769556826917846,2.4978976156833186,0.04889315316623749,0.0,-0.25,1.0,-0.25,0.3345507346859457,0.0,2.545195572014743,0.0,0.33454813385174687,0.0027533126535160476,2.5452686531111888,0.01823697819039971,no_fit,0.9976221955482584
lf,0.25,314,2,3,0.05577499303035438,0.28524343971923893,0.6160051958623748,2.9647936358371325,2.5084975274509658,0.0,-0.25,1.0,-0.25,0.3345507346859457,0.0,2.545195572014743,0.0,0.33454813385174687,0.0027533126535160476,2.5452686531111888,0.01823697819039971,no_fit,0.9552420300392264
lf,0.25,314,3,0,0.10223021754063666,0.317190525792706,0.41660585200464567,2.7032193242293197,1.8252536128523755,0.0,-0.25,1.0,-0.25,0.3345507346859457,0.0,2.545195572014743,0.0,0.33454813385174687,0.0027533126535160476,2.5452686531111888,0.01823697819039971,no_fit,0.9704135882423174
lf,0.25,314,3,1,0.1541312364861369,0.333745163584249,0.18806422539616066,2.559501597457672,0.8843908948162885,0.0,-0.25,1.0,-0.25,0.3345507346859457,0.0,2.545195572014743,0.0,0.33454813385174687,0.0027533126535160476,2.5452686531111888,0.01823697819039971,no_fit,0.9939505453781986
lf,0.25,314,3,2,0.15434248140081763,0.32308645240757067,0.378671162881098,2.673599305174508,1.7446737904899732,0.0,-0.25,1.0,-0.25,0.3345507346859457,0.0,2.545195572014743,0.0,0.33454813385174687,0.0027533126535160476,2.5452686531111888,0.01823697819039971,no_fit,0.968965537596957
lf,0.25,314,3,3,0.17639371380209923,0.3315842611352092,0.22498894319631235,2.58078642570054,1.0886222602010753,0.0,-0.25,1.0,-0.25,0.3345507346859457,0.0,2.545195572014743,0.0,0.33454813385174687,0.0027533126535160476,2.5452686531111888,0.01823697819039971,no_fit,0.9829526732691553
lf,0.25,315,0,0,0.869622108980252,0.034462652029341526,-0.993479455309563,3.56201953548147,-3.5105553214793344,0.0,-0.25,1.0,-0.25,0.3345507346859457,0.0,2.545195572014743,0.0,0.33454813385174687,0.0027533126535160476,2.5452686531111888,0.01823697819039971,no_fit,0.2789258499707943
lf,0.25,315,0,1,0.13148655276745558,0.33089466385265304,0.01172961138350569,2.631333071247449,0.09761786456832122,0.0,-0.25,1.0,-0.25,0.3345507346859457,0.0,2.545195572014743,0.0,0.33454813385174687,0.0027533126535160476,2.5452686531111888,0.01823697819039971,no_fit,0.9994750273919132
lf,0.25,315,0,2,0.13824357744306326,0.3320623624139507,-0.07293674120582118,2.5947444701912983,-0.4303097811717385,0.0,-0.25,1.0,-0.25,0.3345507346859457,0.0,2.545195572014743,0.0,0.33454813385174687,0.0027533126535160476,2.5452686531111888,0.01823697819039971,no_fit,0.9881380863015524
lf,0.25,315,0,3,0.13994424790143967,0.33378162212097034,-0.022087111055571332,2.5848004209744455,-0.08858722454279011,0.0,-0.25,1.0,-0.25,0.3345507346859457,0.0,2.545195572014743,0.0,0.33454813385174687,0.0027533126535160476,2.5452686531111888,0.01823697819039971,ungated,0.9999020697674456
lf,0.25,315,1,0,0.017935645635589026,0.2885074258966425,-0.2901023053475839,3.6647079077936375,3.183875878155072,0.0,-0.25,1.0,-0.25,0.3345507346859457,0.0,2.545195572014743,0.0,0.33454813385174687,0.0027533126535160476,2.5452686531111888,0.01823697819039971,no_fit,0.7136383584757593
lf,0.25,315,1,1,0.280309378169477,0.3127095405959614,0.44625393380548734,2.8459247041209554,2.1470615215793996,0.0,-0.25,1.0,-0.25,0.3345507346859457,0.0,2.545195572014743,0.0,0.33454813385174687,0.0027533126535160476,2.5452686531111888,0.01823697819039971,no_fit,0.8828189094210634
lf,0.25,315,1,2,0.7320506885854812,0.03375028658518168,-0.9899736808907378,3.782720126198281,-3.755081359912402,0.0,-0.25,1.0,-0.25,0.3345507346859457,0.0,2.545195572014743,0.0,0.33454813385174687,0.0027533126535160476,2.5452686531111888,0.01823697819039971,no_fit,0.2601851867831595
lf,0.25,315,1,3,0.12595322588458657,0.3124999990705298,0.3292000519757053,2.8032663113188088,1.6015538462224983,0.0,-0.25,1.0,-0.25,0.3345507346859457,0.0,2.545195572014743,0.0,0.33454813385174687,0.0027533126535160476,2.5452686531111888,0.01823697819039971,no_fit,0.9854053461901242
lf,0.25,315,2,0,0.43107471289113164,0.33287524625750353,0.39100283426078036,2.3977288751512105,1.4681239127093362,0.0,-0.25,1.0,-0.25,0.3345507346859457,0.0,2.545195572014743,0.0,0.33454813385174687,0.0027533126535160476,2.5452686531111888,0.01823697819039971,no_fit,0.891701977432994
lf,0.25,315,2,1,0.19661414017900825,0.3024224950497245,0.47823856439090506,3.0088939980104095,2.4088154866744467,0.0,-0.25,1.0,-0.25,0.3345507346859457,0.0,2.545195572014743,0.0,0.33454813385174687,0.0027533126535160476,2.5452686531111888,0.01823697819039971,no_fit,0.8840983577183491
lf,0.25,315,2,2,0.23053710459953436,0.12572117641599953,-0.8967440505933808,3.8302065829137457,-3.798896576037497,0.0,-0.25,1.0,-0.25,0.3345507346859457,0.0,2.545195572014743,0.0,0.33454813385174687,0.0027533126535160476,2.5452686531111888,0.01823697819039971,no_fit,0.3777699404292482
lf,0.25,315,2,3,0.1537551423534751,0.3332977650349656,0.04075075611566583,2.559301672996971,0.20480590351177558,0.0,-0.25,1.0,-0.25,0.3345507346859457,0.0,2.545195572014743,0.0,0.33454813385174687,0.0027533126535160476,2.5452686531111888,0.01823697819039971,no_fit,0.9986751624685009
lf,0.25,315,3,0,0.09200651152059436,0.3334062329004522,0.09112458218431868,2.61728906147656,0.5635829429997179,0.0,-0.25,1.0,-0.25,0.3345507346859457,0.0,2.545195572014743,0.0,0.33454813385174687,0.0027533126535160476,2.5452686531111888,0.01823697819039971,no_fit,0.989042309910776
lf,0.25,315,3,1,0.05156171880662441,0.33313080050767446,0.06554206054010295,2.6034481323248344,0.3849399340444746,0.0,-0.25,1.0,-0.25,0.3345507346859457,0.0,2.545195572014743,0.0,0.33454813385174687,0.0027533126535160476,2.5452686531111888,0.01823697819039971,no_fit,0.9542217229593514
lf,0.25,315,3,2,0.08454963192343712,0.3333335025761292,0.05014067887872213,2.6089086419395007,0.34911279324892497,0.0,-0.25,1.0,-0.25,0.3345507346859457,0.0,2.545195572014743,0.0,0.33454813385174687,0.0027533126535160476,2.5452686531111888,0.01823697819039971,no_fit,0.9873042866424376
lf,0.25,315,3,3,0.15282102301716805,0.3333073574874898,0.08646583123592066,2.5878211036826735,0.5258938241842951,0.0,-0.25,1.0,-0.25,0.3345507346859457,0.0,2.545195572014743,0.0,0.33454813385174687,0.0027533126535160476,2.5452686531111888,0.01823697819039971,no_fit,0.98762543237331
lf,0.25,316,0,0,0.15302575659006834,0.32900067195852284,-0.14611908599197093,2.6952455383725655,-0.9897275916999776,0.0,-0.25,1.0,-0.25,0.3345507346859457,0.0,2.545195572014743,0.0,0.33454813385174687,0.0027533126535160476,2.5452686531111888,0.01823697819039971,no_fit,0.9252210989467716
lf,0.25,316,0,1,0.9013846039366804,0.019877170611135503,-0.9958175791247525,3.60954144345223,-3.566934310284894,0.0,-0.25,1.0,-0.25,0.3345507346859457,0.0,2.545195572014743,0.0,0.33454813385174687,0.0027533126535160476,2.5452686531111888,0.01823697819039971,no_fit,0.2500190446023503
lf,0.25,316,0,2,0.006476000615293742,0.23465469389291818,0.14789114924792005,3.785749337680289,3.475997805819242,0.0,-0.25,1.0,-0.25,0.3345507346859457,0.0,2.545195572014743,0.0,0.33454813385174687,0.0027533126535160476,2.5452686531111888,0.01823697819039971,no_fit,0.7195758354155349
lf,0.25,316,0,3,0.1307708127424121,0.33405103172259154,-0.02121219182112538,2.6001705104423922,-0.10104493002771348,0.0,-0.25,1.0,-0.25,0.3345507346859457,0.0,2.545195572014743,0.0,0.33454813385174687,0.0027533126535160476,2.5452686531111888,0.01823697819039971,no_fit,0.9992302471733367
lf,0.25,316,1,0,0.16735503543168306,0.335859002072428,-0.056279604296676826,2.5471498989475254,-0.3187620470407424,0.0,-0.25,1.0,-0.25,0.3345507346859457,0.0,2.545195572014743,0.0,0.33454813385174687,0.0027533126535160476,2.5452686531111888,0.01823697819039971,no_fit,0.9975310648472075
lf,0.25,316,1,1,0.5106652146571466,0.04403826365454985,-0.9885200535403741,3.788397308722074,-3.7591437005623187,0.0,-0.25,1.0,-0.25,0.3345507346859457,0.0,2.545195572014743,0.0,0.33454813385174687,0.0027533126535160476,2.5452686531111888,0.01823697819039971,no_fit,0.3069490670988065
lf,0.25,316,1,2,0.1612129481509328,0.33010195408630977,-0.09332214465085958,2.6304962215601253,-0.531245999988966,0.0,-0.25,1.0,-0.25,0.3345507346859457,0.0,2.545195572014743,0.0,0.33454813385174687,0.0027533126535160476,2.5452686531111888,0.01823697819039971,no_fit,0.9931571256241416
lf,0.25,316,1,3,0.015429009258582482,0.1752051712188396,0.8516484236061619,3.8008724036163923,3.7606127901156388,0.0,-0.25,1.0,-0.25,0.3345507346859457,0.0,2.545195572014743,0.0,0.33454813385174687,0.0027533126535160476,2.5452686531111888,0.01823697819039971,no_fit,0.5326686277019582
lf,0.25,316,2,0,0.21448940690606833,0.3368631070664516,0.12777973821037303,2.5325538237552454,0.740801755151696,0.0,-0.25,1.0,-0.25,0.3345507346859457,0.0,2.545195572014743,0.0,0.33454813385174687,0.0027533126535160476,2.5452686531111888,0.01823697819039971,no_fit,0.975081336860428
lf,0.25,316,2,1,0.2552537336014211,0.3286516687007466,0.3081835631117833,2.6246254736557457,1.52110477344474,0.0,-0.25,1.0,-0.25,0.3345507346859457,0.0,2.545195572014743,0.0,0.33454813385174687,0.0027533126535160476,2.5452686531111888,0.01823697819039971,no_fit,0.943376997906441
lf,0.25,316,2,2,0.12923171650618315,0.3294248056528342,0.21031932863528857,2.645383831014813,1.1823789032431828,0.0,-0.25,1.0,-0.25,0.3345507346859457,0.0,2.545195572014743,0.0,0.33454813385174687,0.0027533126535160476,2.5452686531111888,0.01823697819039971,no_fit,0.9796444681863256
lf,0.25,316,2,3,0.22725177742540836,0.33165447299903433,0.2508601375344076,2.5609594715143795,1.2598635551176243,0.0,-0.25,1.0,-0.25,0.3345507346859457,0.0,2.545195572014743,0.0,0.33454813385174687,0.0027533126535160476,2.5452686531111888,0.01823697819039971,no_fit,0.9619714773564
lf,0.25,316,3,0,0.06944519886747003,0.3370742546693793,0.029589826221615746,2.5788533479909455,0.18359918887930132,0.0,-0.25,1.0,-0.25,0.3345507346859457,0.0,2.545195572014743,0.0,0.33454813385174687,0.0027533126535160476,2.5452686531111888,0.01823697819039971,no_fit,0.9700203641206728
lf,0.25,316,3,1,0.16059209685772657,0.335524758812512,0.057070662165377053,2.55748477911301,0.3230085964666075,0.0,-0.25,1.0,-0.25,0.3345507346859457,0.0,2.545195572014743,0.0,0.33454813385174687,0.0027533126535160476,2.5452686531111888,0.01823697819039971,no_fit,0.997501129139732
lf,0.25,316,3,2,0.05046438006684184,0.33002824973357714,0.07112415880772928,2.624864248651447,0.459872694677253,0.0,-0.25,1.0,-0.25,0.3345507346859457,0.0,2.545195572014743,0.0,0.33454813385174687,0.0027533126535160476,2.5452686531111888,0.01823697819039971,no_fit,0.9498694990987172
lf,0.25,316,3,3,0.10846736468374729,0.33452326066672394,0.04816173256244557,2.5890156215515394,0.3040729691063515,0.0,-0.25,1.0,-0.25,0.3345507346859457,0.0,2.545195572014743,0.0,0.33454813385174687,0.0027533126535160476,2.5452686531111888,0.01823697819039971,no_fit,0.9904017804781576
lf,0.25,317,0,0,0.10947930101610837,0.22607788725045466,0.5943744036930771,3.6003532834587704,3.482049444880704,0.0,-0.25,1.0,-0.25,0.3345507346859457,0.0,2.545195572014743,0.0,0.33454813385174687,0.0027533126535160476,2.5452686531111888,0.01823697819039971,no_fit,0.8018723062903909
lf,0.25,317,0,1,0.8833650603791057,0.03445451769999515,-0.9917909986247371,3.589121807778989,-3.5426849240124834,0.0,-0.25,1.0,-0.25,0.3345507346859457,0.0,2.545195572014743,0.0,0.33454813385174687,0.0027533126535160476,2.5452686531111888,0.01823697819039971,no_fit,0.2761692051802094
lf,0.25,317,0,2,0.9204690727304696,0.015077588980973264,-0.9977143305633873,3.576491117160805,-3.532014327069984,0.0,-0.25,1.0,-0.25,0.3345507346859457,0.0,2.545195572014743,0.0,0.33454813385174687,0.0027533126535160476,2.5452686531111888,0.01823697819039971,no_fit,0.2466336582913283
lf,0.25,317,0,3,0.13345384038984776,0.333778694284956,-0.06988993822487215,2.62339990590635,-0.5423559598777262,0.0,-0.25,1.0,-0.25,0.3345507346859457,0.0,2.545195572014743,0.0,0.33454813385174687,0.0027533126535160476,2.5452686531111888,0.01823697819039971,no_fit,0.9915739648908508
lf,0.25,317,1,0,0.005378610739512624,0.19562724196802617,0.8157405390305704,3.824894740989467,3.787267079815025,0.0,-0.25,1.0,-0.25,0.3345507346859457,0.0,2.545195572014743,0.0,0.33454813385174687,0.0027533126535160476,2.5452686531111888,0.01823697819039971,no_fit,0.5423054465978123
lf,0.25,317,1,1,0.11925421468913555,0.3355676405859606,0.12942351007540168,2.6040771437203603,0.5474264862590301,0.0,-0.25,1.0,-0.25,0.3345507346859457,0.0,2.545195572014743,0.0,0.33454813385174687,0.0027533126535160476,2.5452686531111888,0.01823697819039971,no_fit,0.992339979921918
lf,0.25,317,1,2,0.7662389777147522,0.02356955448200961,-0.988356970329009,3.7727091265957564,-3.7442431516366566,0.0,-0.25,1.0,-0.25,0.3345507346859457,0.0,2.545195572014743,0.0,0.33454813385174687,0.0027533126535160476,2.5452686531111888,0.01823697819039971,no_fit,0.2545115636789377
lf,0.25,317,1,3,0.3205795126039277,0.07062034166614,-0.9501298487590057,3.7966946579311185,-3.765772165583714,0.0,-0.25,1.0,-0.25,0.3345507346859457,0.0,2.545195572014743,0.0,0.33454813385174687,0.0027533126535160476,2.5452686531111888,0.01823697819039971,no_fit,0.3476145902078109
lf,0.25,317,2,0,0.2086119819432497,0.33164378526889565,0.2204602325210081,2.6154544498613403,1.223258570343026,0.0,-0.25,1.0,-0.25,0.3345507346859457,0.0,2.545195572014743,0.0,0.33454813385174687,0.0027533126535160476,2.5452686531111888,0.01823697819039971,no_fit,0.9586814317896136
lf,0.25,317,2,1,0.14841628540307283,0.3336475763150112,0.020554298908961207,2.5773915815157813,0.13248740328336645,0.0,-0.25,1.0,-0.25,0.3345507346859457,0.0,2.545195572014743,0.0,0.33454813385174687,0.0027533126535160476,2.5452686531111888,0.01823697819039971,no_fit,0.9982352944547664
lf,0.25,317,2,2,0.15777705889195204,0.32942164468617396,-0.04589681556988311,2.6194299255729905,-0.2846481255408456,0.0,-0.25,1.0,-0.25,0.3345507346859457,0.0,2.545195572014743,0.0,0.33454813385174687,0.0027533126535160476,2.5452686531111888,0.01823697819039971,no_fit,0.992119792956163
lf,0.25,317,2,3,0.10698174964636564,0.3339330249694913,0.05255640544061129,2.5892930330008497,0.3403295541331707,0.0,-0.25,1.0,-0.25,0.3345507346859457,0.0,2.545195572014743,0.0,0.33454813385174687,0.0027533126535160476,2.5452686531111888,0.01823697819039971,no_fit,0.991015776813368
lf,0.25,317,3,0,0.19764766097068787,0.33539876640891075,0.14718426436105334,2.559548716469137,0.7876602421533319,0.0,-0.25,1.0,-0.25,0.3345507346859457,0.0,2.545195572014743,0.0,0.33454813385174687,0.0027533126535160476,2.5452686531111888,0.01823697819039971,no_fit,0.9782168247855576
lf,0.25,317,3,1,0.06014340976253152,0.3311197513188742,0.053890293773775425,2.6158654550687848,0.33318238008784795,0.0,-0.25,1.0,-0.25,0.3345507346859457,0.0,2.545195572014743,0.0,0.33454813385174687,0.0027533126535160476,2.5452686531111888,0.01823697819039971,no_fit,0.9662202323941864
lf,0.25,317,3,2,0.11649324558675289,0.3325396050735102,0.05022180798186368,2.6032615172141353,0.3118757788286832,0.0,-0.25,1.0,-0.25,0.3345507346859457,0.0,2.545195572014743,0.0,0.33454813385174687,0.0027533126535160476,2.5452686531111888,0.01823697819039971,no_fit,0.9967873445623748
lf,0.25,317,3,3,0.05314079625532031,0.3228929628519542,0.11344895975181646,2.6684767858463188,0.7017087979686044,0.0,-0.25,1.0,-0.25,0.3345507346859457,0.0,2.545195572014743,0.0,0.33454813385174687,0.0027533126535160476,2.5452686531111888,0.01823697819039971,no_fit,0.962676978643028
lf,0.25,318,0,0,0.1398531375452876,0.33120227449957185,-0.02255879877431643,2.621957874510354,-0.09595286123146146,0.0,-0.25,1.0,-0.25,0.3345507346859457,0.0,2.545195572014743,0.0,0.33454813385174687,0.0027533126535160476,2.5452686531111888,0.01823697819039971,no_fit,0.999619030064767
lf,0.25,318,0,1,0.15182913094758987,0.3415609295884672,0.026104233302728236,2.480571548759605,-0.01956164003218941,0.0,-0.25,1.0,-0.25,0.3345507346859457,0.0,2.545195572014743,0.0,0.33454813385174687,0.0027533126535160476,2.5452686531111888,0.01823697819039971,no_fit,0.9984885834897266
lf,0.25,318,0,2,0.7539268284700107,0.034420798085861376,-0.9940903916991781,3.7321775997134448,-3.698246239438445,0.0,-0.25,1.0,-0.25,0.3345507346859457,0.0,2.545195572014743,0.0,0.33454813385174687,0.0027533126535160476,2.5452686531111888,0.01823697819039971,no_fit,0.2718408026293957
lf,0.25,318,0,3,0.27876606839708984,0.29370171271612905,0.4988711902118733,3.116096965753496,2.575459806686435,0.0,-0.25,1.0,-0.25,0.3345507346859457,0.0,2.545195572014743,0.0,0.33454813385174687,0.0027533126535160476,2.5452686531111888,0.01823697819039971,no_fit,0.6580446718465456
lf,0.25,318,1,0,0.10062396060675383,0.321432635432045,0.008948595317551409,2.8558650945710857,0.05823520948449268,0.0,-0.25,1.0,-0.25,0.3345507346859457,0.0,2.545195572014743,0.0,0.33454813385174687,0.0027533126535160476,2.5452686531111888,0.01823697819039971,no_fit,0.9767703396882382
lf,0.25,318,1,1,0.6145655873697251,0.2639639693637254,0.7604937069539623,2.325181313928323,1.9023614372305988,0.0,-0.25,1.0,-0.25,0.3345507346859457,0.0,2.545195572014743,0.0,0.33454813385174687,0.0027533126535160476,2.5452686531111888,0.01823697819039971,no_fit,0.7077329995319841
lf,0.25,318,1,2,0.19839770905673504,0.33381203115569225,-0.05637180860789387,2.6039560185139607,-0.21469769985734938,0.0,-0.25,1.0,-0.25,0.3345507346859457,0.0,2.545195572014743,0.0,0.33454813385174687,0.0027533126535160476,2.5452686531111888,0.01823697819039971,no_fit,0.989494591797487
lf,0.25,318,1,3,0.37134893223296217,0.07989034945974909,-0.9687483615917735,3.793226778332785,-3.762162646888998,0.0,-0.25,1.0,-0.25,0.3345507346859457,0.0,2.545195572014743,0.0,0.33454813385174687,0.0027533126535160476,2.5452686531111888,0.01823697819039971,no_fit,0.3430772432756681
lf,0.25,318,2,0,0.12371919490396976,0.32606680304224217,0.03413304202930991,2.759882458885182,0.27207326777127006,0.0,-0.25,1.0,-0.25,0.3345507346859457,0.0,2.545195572014743,0.0,0.33454813385174687,0.0027533126535160476,2.5452686531111888,0.01823697819039971,no_fit,0.9939297275393963
lf,0.25,318,2,1,0.3211974482983351,0.3114031657559752,0.5025646939785713,2.641889072069922,1.9387046439330953,0.0,-0.25,1.0,-0.25,0.3345507346859457,0.0,2.545195572014743,0.0,0.33454813385174687,0.0027533126535160476,2.5452686531111888,0.01823697819039971,no_fit,0.915728559586041
lf,0.25,318,2,2,0.11039174813777208,0.32874846989365814,0.10261155094378512,2.659890658953988,0.4293174691371092,0.0,-0.25,1.0,-0.25,0.3345507346859457,0.0,2.545195572014743,0.0,0.33454813385174687,0.0027533126535160476,2.5452686531111888,0.01823697819039971,no_fit,0.9934139635866214
lf,0.25,318,2,3,0.13180377008393407,0.33329262236607865,0.1891023588013776,2.546321263914134,0.9604174390590553,0.0,-0.25,1.0,-0.25,0.3345507346859457,0.0,2.545195572014743,0.0,0.33454813385174687,0.0027533126535160476,2.5452686531111888,0.01823697819039971,no_fit,0.986323249465586
lf,0.25,318,3,0,0.1159503455273807,0.3239305211571903,0.29558248918014546,2.6408874845630033,1.368047897998161,0.0,-0.25,1.0,-0.25,0.3345507346859457,0.0,2.545195572014743,0.0,0.33454813385174687,0.0027533126535160476,2.5452686531111888,0.01823697819039971,no_fit,0.9808402592186825
lf,0.25,318,3,1,0.23802172089926898,0.31551212221552893,0.4790362310630603,2.531452194012842,1.7113221901306856,0.0,-0.25,1.0,-0.25,0.3345507346859457,0.0,2.545195572014743,0.0,0.33454813385174687,0.0027533126535160476,2.5452686531111888,0.01823697819039971,no_fit,0.9585757053503248
lf,0.25,318,3,2,0.06392347859218717,0.2987941483976068,0.4644593939810437,2.719973313279745,1.7965336838472512,0.0,-0.25,1.0,-0.25,0.3345507346859457,0.0,2.545195572014743,0.0,0.33454813385174687,0.0027533126535160476,2.5452686531111888,0.01823697819039971,no_fit,0.94581673928399
lf,0.25,318,3,3,0.596733552403748,0.29577557121677717,0.6764296417598331,2.315981270626769,1.805169250572652,0.0,-0.25,1.0,-0.25,0.3345507346859457,0.0,2.545195572014743,0.0,0.33454813385174687,0.0027533126535160476,2.5452686531111888,0.01823697819039971,no_fit,0.7740423865625914
lf,0.25,319,0,0,0.13300431426614523,0.3322177460553968,-0.002324373742538594,2.603838818158889,-0.04681222299522597,0.0,-0.25,1.0,-0.25,0.3345507346859457,0.0,2.545195572014743,0.0,0.33454813385174687,0.0027533126535160476,2.5452686531111888,0.01823697819039971,ungated,0.9997416575532584
lf,0.25,319,0,1,0.8608948964258758,0.033553920776744794,-0.9932637419711525,3.563059591720155,-3.511414941602044,0.0,-0.25,1.0,-0.25,0.3345507346859457,0.0,2.545195572014743,0.0,0.33454813385174687,0.0027533126535160476,2.5452686531111888,0.01823697819039971,no_fit,0.282193586215488
lf,0.25,319,0,2,0.18482372537255287,0.32509224035525336,0.21335555509743903,2.6823196232632176,1.1689332994794677,0.0,-0.25,1.0,-0.25,0.3345507346859457,0.0,2.545195572014743,0.0,0.33454813385174687,0.0027533126535160476,2.5452686531111888,0.01823697819039971,no_fit,0.9687124158590305
lf,0.25,319,0,3,0.12938326690346003,0.33261928255655915,0.04537294254513892,2.6032526824074282,0.21309025117829505,0.0,-0.25,1.0,-0.25,0.3345507346859457,0.0,2.545195572014743,0.0,0.33454813385174687,0.0027533126535160476,2.5452686531111888,0.01823697819039971,no_fit,0.9990954672566204
lf,0.25,319,1,0,0.6634315533858626,0.06749263542683741,-0.965664675968145,3.7769698521783956,-3.7469913302964386,0.0,-0.25,1.0,-0.25,0.3345507346859457,0.0,2.545195572014743,0.0,0.33454813385174687,0.0027533126535160476,2.5452686531111888,0.01823697819039971,no_fit,0.3041178347234365
lf,0.25,319,1,1,0.038209251390071586,0.25375450120993964,-0.15899271850167215,3.617444160036279,2.6396598770009945,0.0,-0.25,1.0,-0.25,0.3345507346859457,0.0,2.545195572014743,0.0,0.33454813385174687,0.0027533126535160476,2.5452686531111888,0.01823697819039971,no_fit,0.7496951254101473
lf,0.25,319,1,2,0.8253693782770872,0.031217047722415604,-0.9397339470783457,3.7412085088281994,-3.709930530511801,0.0,-0.25,1.0,-0.25,0.3345507346859457,0.0,2.545195572014743,0.0,0.33454813385174687,0.0027533126535160476,2.5452686531111888,0.01823697819039971,no_fit,0.2464909731813307
lf,0.25,319,1,3,0.18987643718719482,0.3316509270861077,-0.050525466308214945,2.592485174365198,-0.19274205934019312,0.0,-0.25,1.0,-0.25,0.3345507346859457,0.0,2.545195572014743,0.0,0.33454813385174687,0.0027533126535160476,2.5452686531111888,0.01823697819039971,no_fit,0.992132060647154
lf,0.25,319,2,0,0.14112845994532108,0.3304851312085995,0.09469421482175149,2.6496632552504993,0.574119033338254,0.0,-0.25,1.0,-0.25,0.3345507346859457,0.0,2.545195572014743,0.0,0.33454813385174687,0.0027533126535160476,2.5452686531111888,0.01823697819039971,no_fit,0.9944604818583866
lf,0.25,319,2,1,0.36238348530605435,0.32861025032227537,0.355082813701217,2.537755117748276,1.5234841408230124,0.0,-0.25,1.0,-0.25,0.3345507346859457,0.0,2.545195572014743,0.0,0.33454813385174687,0.0027533126535160476,2.5452686531111888,0.01823697819039971,no_fit,0.9190785683778744
lf,0.25,319,2,2,0.26245647409086814,0.1415006243901761,-0.8379674164829055,3.821262052874649,-3.790373315380438,0.0,-0.25,1.0,-0.25,0.3345507346859457,0.0,2.545195572014743,0.0,0.33454813385174687,0.0027533126535160476,2.5452686531111888,0.01823697819039971,no_fit,0.3629774156363809
lf,0.25,319,2,3,0.16233868151903152,0.33505848416517486,0.07931198838140428,2.5541687738184056,0.4429372922578457,0.0,-0.25,1.0,-0.25,0.3345507346859457,0.0,2.545195572014743,0.0,0.33454813385174687,0.0027533126535160476,2.5452686531111888,0.01823697819039971,no_fit,0.9968079335096974
lf,0.25,319,3,0,0.06507291551679373,0.33414626177054224,0.06819320651770942,2.60038034245999,0.41217720338121755,0.0,-0.25,1.0,-0.25,0.3345507346859457,0.0,2.545195572014743,0.0,0.33454813385174687,0.0027533126535160476,2.5452686531111888,0.01823697819039971,no_fit,0.96878888089555
lf,0.25,319,3,1,0.1297434139996767,0.33285768747528344,0.09399624368282297,2.595896803992675,0.5597107850762318,0.0,-0.25,1.0,-0.25,0.3345507346859457,0.0,2.545195572014743,0.0,0.33454813385174687,0.0027533126535160476,2.5452686531111888,0.01823697819039971,no_fit,0.9923394934909668
lf,0.25,319,3,2,0.08555501140654087,0.3317784503740217,0.04841095682386834,2.596803388630074,0.2914530365400835,0.0,-0.25,1.0,-0.25,0.3345507346859457,0.0,2.545195572014743,0.0,0.33454813385174687,0.0027533126535160476,2.5452686531111888,0.01823697819039971,no_fit,0.985249243121977
lf,0.25,319,3,3,0.13099436927586794,0.3418612250297443,0.05658593109112817,2.546765997176911,0.3863442676085459,0.0,-0.25,1.0,-0.25,0.3345507346859457,0.0,2.545195572014743,0.0,0.33454813385174687,0.0027533126535160476,2.5452686531111888,0.01823697819039971,no_fit,0.9951483142506088
lf,0.4,300,0,0,0.33723599659606407,0.2559429668529037,-0.8434279726340715,3.4976001365601173,-3.368629200216777,0.0,-0.39999999999999997,1.0,-0.39999999999999997,0.33456759471911074,1.2105189363789416e-16,2.544723420736387,-5.551115123125783e-17,0.33456423101796817,0.004465147866931696,2.5448159772598973,0.029527315409069665,no_fit,0.445496345028442
lf,0.4,300,0,1,0.07403681799769402,0.32766041650177724,-0.029900325318750077,2.697228495900929,-0.18388161415252524,0.0,-0.39999999999999997,1.0,-0.39999999999999997,0.33456759471911074,1.2105189363789416e-16,2.544723420736387,-5.551115123125783e-17,0.33456423101796817,0.004465147866931696,2.5448159772598973,0.029527315409069665,no_fit,0.992013624064809
lf,0.4,300,0,2,0.0709631908684969,0.3250509822180072,0.017703294996712988,2.6798575355999654,-0.015377136003702718,0.0,-0.39999999999999997,1.0,-0.39999999999999997,0.33456759471911074,1.2105189363789416e-16,2.544723420736387,-5.551115123125783e-17,0.33456423101796817,0.004465147866931696,2.5448159772598973,0.029527315409069665,no_fit,0.990922790482909
lf,0.4,300,0,3,0.23059294559061527,0.3410981766250236,-0.007368857092224149,2.51405627300837,-0.0973639816493953,0.0,-0.39999999999999997,1.0,-0.39999999999999997,0.33456759471911074,1.2105189363789416e-16,2.544723420736387,-5.551115123125783e-17,0.33456423101796817,0.004465147866931696,2.5448159772598973,0.029527315409069665,no_fit,0.9899235937136792
lf,0.4,300,1,0,0.20895634032785892,0.335697157546752,-0.028999350612454854,2.52167399699961,-0.16630324274675035,0.0,-0.39999999999999997,1.0,-0.39999999999999997,0.33456759471911074,1.2105189363789416e-16,2.544723420736387,-5.551115123125783e-17,0.33456423101796817,0.004465147866931696,2.5448159772598973,0.029527315409069665,no_fit,0.9939628535429416
lf,0.4,300,1,1,0.38336415909725474,0.22010960515350603,0.8385854049611122,3.0871626569172745,2.873099101615976,0.0,-0.39999999999999997,1.0,-0.39999999999999997,0.33456759471911074,1.2105189363789416e-16,2.544723420736387,-5.551115123125783e-17,0.33456423101796817,0.004465147866931696,2.5448159772598973,0.029527315409069665,no_fit,0.826729662127735
lf,0.4,300,1,2,0.2288259460910922,0.238845211903314,0.7885522124594014,3.019166735714278,2.7567554395363167,0.0,-0.39999999999999997,1.0,-0.39999999999999997,0.33456759471911074,1.2105189363789416e-16,2.544723420736387,-5.551115123125783e-17,0.33456423101796817,0.004465147866931696,2.5448159772598973,0.029527315409069665,no_fit,0.9093506035804186
lf,0.4,300,1,3,0.07363451449782588,0.2652740884201928,0.7040818283826089,2.9051536058965897,2.538447077342001,0.0,-0.39999999999999997,1.0,-0.39999999999999997,0.33456759471911074,1.2105189363789416e-16,2.544723420736387,-5.551115123125783e-17,0.33456423101796817,0.004465147866931696,2.5448159772598973,0.029527315409069665,no_fit,0.9282405118950768
lf,0.4,300,2,0,0.11625882936641574,0.3280436101405487,0.30583001492027545,2.621941838709248,1.4048211648991273,0.0,-0.39999999999999997,1.0,-0.39999999999999997,0.33456759471911074,1.2105189363789416e-16,2.544723420736387,-5.551115123125783e-17,0.33456423101796817,0.004465147866931696,2.5448159772598973,0.029527315409069665,no_fit,0.9871274497796404
lf,0.4,300,2,1,0.11130528137437068,0.2638263941799961,0.7245775094265203,2.9735353888185263,2.640211973801634,0.0,-0.39999999999999997,1.0,-0.39999999999999997,0.33456759471911074,1.2105189363789416e-16,2.544723420736387,-5.551115123125783e-17,0.33456423101796817,0.004465147866931696,2.5448159772598973,0.029527315409069665,no_fit,0.9465486546783036
lf,0.4,300,2,2,0.08301581029081717,0.25619289134975254,0.7317684450009588,3.1226689136472983,2.837950989215606,0.0,-0.39999999999999997,1.0,-0.39999999999999997,0.33456759471911074,1.2105189363789416e-16,2.544723420736387,-5.551115123125783e-17,0.33456423101796817,0.004465147866931696,2.5448159772598973,0.029527315409069665,no_fit,0.953209767210585
lf,0.4,300,2,3,0.5347835426800884,0.22751795474254732,0.844595903379282,2.9509915605397996,2.7061402532336802,0.0,-0.39999999999999997,1.0,-0.39999999999999997,0.33456759471911074,1.2105189363789416e-16,2.544723420736387,-5.551115123125783e-17,0.33456423101796817,0.004465147866931696,2.5448159772598973,0.029527315409069665,no_fit,0.736888880315663
lf,0.4,300,3,0,0.14740451285615563,0.3046664138367334,0.48462968663157635,2.8775607478724727,2.192161545553385,0.0,-0.39999999999999997,1.0,-0.39999999999999997,0.33456759471911074,1.2105189363789416e-16,2.544723420736387,-5.551115123125783e-17,0.33456423101796817,0.004465147866931696,2.5448159772598973,0.029527315409069665,no_fit,0.9618097147988246
lf,0.4,300,3,1,0.15690088015981019,0.2921996385339924,0.5862929655299831,2.965253323015452,2.4838151661288,0.0,-0.39999999999999997,1.0,-0.39999999999999997,0.33456759471911074,1.2105189363789416e-16,2.544723420736387,-5.551115123125783e-17,0.33456423101796817,0.004465147866931696,2.5448159772598973,0.029527315409069665,no_fit,0.9443862528922052
lf,0.4,300,3,2,0.16265942994505167,0.3299257555322915,0.1649553357517373,2.614965921567462,0.8151884643986842,0.0,-0.39999999999999997,1.0,-0.39999999999999997,0.33456759471911074,1.2105189363789416e-16,2.544723420736387,-5.551115123125783e-17,0.33456423101796817,0.004465147866931696,2.5448159772598973,0.029527315409069665,no_fit,0.99403279628767
lf,0.4,300,3,3,0.10067548416554928,0.3282963208745738,0.21406934069110378,2.683042898898645,1.1680809272733028,0.0,-0.39999999999999997,1.0,-0.39999999999999997,0.33456759471911074,1.2105189363789416e-16,2.544723420736387,-5.551115123125783e-17,0.33456423101796817,0.004465147866931696,2.5448159772598973,0.029527315409069665,no_fit,0.9882322644088548
lf,0.4,301,0,0,0.13635517563670874,0.3251679174372169,-0.010202213673835336,2.7146615281955224,-0.046125737572139336,0.0,-0.39999999999999997,1.0,-0.39999999999999997,0.33456759471911074,1.2105189363789416e-16,2.544723420736387,-5.551115123125783e-17,0.33456423101796817,0.004465147866931696,2.5448159772598973,0.029527315409069665,no_fit,0.9893137346793736
lf,0.4,301,0,1,0.26845408976078033,0.32490115443385875,0.13755693029557228,2.709945512987608,0.8749017451439023,0.0,-0.39999999999999997,1.0,-0.39999999999999997,0.33456759471911074,1.2105189363789416e-16,2.544723420736387,-5.551115123125783e-17,0.33456423101796817,0.004465147866931696,2.5448159772598973,0.029527315409069665,no_fit,0.9178077180361756
lf,0.4,301,0,2,0.15626770444214344,0.32836912129766554,-0.06075724765236144,2.657728301603469,-0.18331078447095883,0.0,-0.39999999999999997,1.0,-0.39999999999999997,0.33456759471911074,1.2105189363789416e-16,2.544723420736387,-5.551115123125783e-17,0.33456423101796817,0.004465147866931696,2.5448159772598973,0.029527315409069665,no_fit,0.9977794783689814
lf,0.4,301,0,3,0.8965785596119531,0.06267959630099558,-0.9765599041508404,3.488977478833536,-3.4293972123254486,0.0,-0.39999999999999997,1.0,-0.39999999999999997,0.33456759471911074,1.2105189363789416e-16,2.544723420736387,-5.551115123125783e-17,0.33456423101796817,0.004465147866931696,2.5448159772598973,0.029527315409069665,no_fit,0.2857999548772035
lf,0.4,301,1,0,0.1485419748350978,0.3313855222329073,0.034952987475438624,2.6194860160454927,0.13762646725635558,0.0,-0.39999999999999997,1.0,-0.39999999999999997,0.33456759471911074,1.2105189363789416e-16,2.544723420736387,-5.551115123125783e-17,0.33456423101796817,0.004465147866931696,2.5448159772598973,0.029527315409069665,no_fit,0.99820701163179
lf,0.4,301,1,1,0.9265680609823903,0.16927883080066558,0.9563861960601454,2.2076173855998786,1.9853486901545843,0.0,-0.39999999999999997,1.0,-0.39999999999999997,0.33456759471911074,1.2105189363789416e-16,2.544723420736387,-5.551115123125783e-17,0.33456423101796817,0.004465147866931696,2.5448159772598973,0.029527315409069665,no_fit,0.4209334077384526
lf,0.4,301,1,2,0.8288077595331629,0.03199306723032212,-0.9920778084907784,3.6123632597424224,-3.5655484324193036,0.0,-0.39999999999999997,1.0,-0.39999999999999997,0.33456759471911074,1.2105189363789416e-16,2.544723420736387,-5.551115123125783e-17,0.33456423101796817,0.004465147866931696,2.5448159772598973,0.029527315409069665,no_fit,0.2834717504664313
lf,0.4,301,1,3,0.17644697994182934,0.21944921698564757,0.8020713833154102,3.46823817224135,3.329123173898764,0.0,-0.39999999999999997,1.0,-0.39999999999999997,0.33456759471911074,1.2105189363789416e-16,2.544723420736387,-5.551115123125783e-17,0.33456423101796817,0.004465147866931696,2.5448159772598973,0.029527315409069665,no_fit,0.6904346916665277
lf,0.4,301,2,0,0.5846189168514684,0.28737265703326054,0.6649076162719271,2.7109883233305108,2.265130481282245,0.0,-0.39999999999999997,1.0,-0.39999999999999997,0.33456759471911074,1.2105189363789416e-16,2.544723420736387,-5.551115123125783e-17,0.33456423101796817,0.004465147866931696,2.5448159772598973,0.029527315409069665,no_fit,0.7433260104884771
lf,0.4,301,2,1,0.010601721529383212,0.2544155942791018,0.46610916603822955,3.7650614222006995,3.6238747866987597,0.0,-0.39999999999999997,1.0,-0.39999999999999997,0.33456759471911074,1.2105189363789416e-16,2.544723420736387,-5.551115123125783e-17,0.33456423101796817,0.004465147866931696,2.5448159772598973,0.029527315409069665,no_fit,0.5636541915463399
lf,0.4,301,2,2,0.543815236942919,0.07053690689674465,-0.9680819328099506,3.7507865752377927,-3.7151615245428866,0.0,-0.39999999999999997,1.0,-0.39999999999999997,0.33456759471911074,1.2105189363789416e-16,2.544723420736387,-5.551115123125783e-17,0.33456423101796817,0.004465147866931696,2.5448159772598973,0.029527315409069665,no_fit,0.3295211673003368
lf,0.4,301,2,3,0.3703753729350865,0.3304236978438128,0.36578202832839574,2.475073474814091,1.4897044225514353,0.0,-0.39999999999999997,1.0,-0.39999999999999997,0.33456759471911074,1.2105189363789416e-16,2.544723420736387,-5.551115123125783e-17,0.33456423101796817,0.004465147866931696,2.5448159772598973,0.029527315409069665,no_fit,0.9119395384194612
lf,0.4,301,3,0,0.2993629537522793,0.3323158003703252,0.23747490711710184,2.561421350184621,1.1932435982688872,0.0,-0.39999999999999997,1.0,-0.39999999999999997,0.33456759471911074,1.2105189363789416e-16,2.544723420736387,-5.551115123125783e-17,0.33456423101796817,0.004465147866931696,2.5448159772598973,0.029527315409069665,no_fit,0.9433331817615656
lf,0.4,301,3,1,0.07425631396472454,0.32754347534020994,0.1439477109278116,2.697343961540382,0.9126224302856152,0.0,-0.39999999999999997,1.0,-0.39999999999999997,0.33456759471911074,1.2105189363789416e-16,2.544723420736387,-5.551115123125783e-17,0.33456423101796817,0.004465147866931696,2.5448159772598973,0.029527315409069665,no_fit,0.9823077915148472
lf,0.4,301,3,2,0.04104966018348932,0.32971630888575665,0.04409783069737976,2.626851649415663,0.30694343367568255,0.0,-0.39999999999999997,1.0,-0.39999999999999997,0.33456759471911074,1.2105189363789416e-16,2.544723420736387,-5.551115123125783e-17,0.33456423101796817,0.004465147866931696,2.5448159772598973,0.029527315409069665,no_fit,0.9490300390168134
lf,0.4,301,3,3,0.30271882843226194,0.3332623386191274,0.21649832294926685,2.5751940101909168,1.1685071941824652,0.0,-0.39999999999999997,1.0,-0.39999999999999997,0.33456759471911074,1.2105189363789416e-16,2.544723420736387,-5.551115123125783e-17,0.33456423101796817,0.004465147866931696,2.5448159772598973,0.029527315409069665,no_fit,0.9327367190200816
lf,0.4,302,0,0,0.17963631823658943,0.33598814582161607,0.00638174155548543,2.5269785649001544,0.04766800944248961,0.0,-0.39999999999999997,1.0,-0.39999999999999997,0.33456759471911074,1.2105189363789416e-16,2.544723420736387,-5.551115123125783e-17,0.33456423101796817,0.004465147866931696,2.5448159772598973,0.029527315409069665,no_fit,0.9978793976015728
lf,0.4,302,0,1,0.48035542168025414,0.04611039708346086,-0.992279873071401,3.759513257530411,-3.7253531419276333,0.0,-0.39999999999999997,1.0,-0.39999999999999997,0.33456759471911074,1.2105189363789416e-16,2.544723420736387,-5.551115123125783e-17,0.33456423101796817,0.004465147866931696,2.5448159772598973,0.029527315409069665,no_fit,0.3284121018485569
lf,0.4,302,0,2,0.12674102745950222,0.3380805848743106,0.02447609907113166,2.642072810400308,-0.05754463562766288,0.0,-0.39999999999999997,1.0,-0.39999999999999997,0.33456759471911074,1.2105189363789416e-16,2.544723420736387,-5.551115123125783e-17,0.33456423101796817,0.004465147866931696,2.5448159772598973,0.029527315409069665,no_fit,0.9966264948537537
lf,0.4,302,0,3,0.6346654979879531,0.19189420900257428,0.9194215422798367,3.1808034644611514,3.017899768653543,0.0,-0.39999999999999997,1.0,-0.39999999999999997,0.33456759471911074,1.2105189363789416e-16,2.544723420736387,-5.551115123125783e-17,0.33456423101796817,0.004465147866931696,2.5448159772598973,0.029527315409069665,no_fit,0.552294142816146
lf,0.4,302,1,0,0.18697610311210155,0.3357966503437103,-0.01624195102677971,2.5312716172321488,-0.08837618557448773,0.0,-0.39999999999999997,1.0,-0.39999999999999997,0.33456759471911074,1.2105189363789416e-16,2.544723420736387,-5.551115123125783e-17,0.33456423101796817,0.004465147866931696,2.5448159772598973,0.029527315409069665,no_fit,0.9966917928963936
lf,0.4,302,1,1,0.14411285147070885,0.31755893520861717,-0.1624283333142749,2.8619414638497576,-1.1574034744061903,0.0,-0.39999999999999997,1.0,-0.39999999999999997,0.33456759471911074,1.2105189363789416e-16,2.544723420736387,-5.551115123125783e-17,0.33456423101796817,0.004465147866931696,2.5448159772598973,0.029527315409069665,no_fit,0.9590700520015576
lf,0.4,302,1,2,0.8935305812192382,0.24039806357278543,0.8657958654715102,2.293947533460715,1.9789921771804155,0.0,-0.39999999999999997,1.0,-0.39999999999999997,0.33456759471911074,1.2105189363789416e-16,2.544723420736387,-5.551115123125783e-17,0.33456423101796817,0.004465147866931696,2.5448159772598973,0.029527315409069665,no_fit,0.5027089642064491
lf,0.4,302,1,3,0.08789161965250969,0.2822608696098481,0.6812010368620344,2.655699509727434,2.201113929924147,0.0,-0.39999999999999997,1.0,-0.39999999999999997,0.33456759471911074,1.2105189363789416e-16,2.544723420736387,-5.551115123125783e-17,0.33456423101796817,0.004465147866931696,2.5448159772598973,0.029527315409069665,no_fit,0.9342950181866808
lf,0.4,302,2,0,0.33941787912044674,0.2536649414723804,0.7748420754371778,2.917176348234314,2.6154895924540718,0.0,-0.39999999999999997,1.0,-0.39999999999999997,0.33456759471911074,1.2105189363789416e-16,2.544723420736387,-5.551115123125783e-17,0.33456423101796817,0.004465147866931696,2.5448159772598973,0.029527315409069665,no_fit,0.8786204636579914
lf,0.4,302,2,1,0.433086343400646,0.23272538149194152,0.8461034203247173,2.592413893072202,2.2916794483003122,0.0,-0.39999999999999997,1.0,-0.39999999999999997,0.33456759471911074,1.2105189363789416e-16,2.544723420736387,-5.551115123125783e-17,0.33456423101796817,0.004465147866931696,2.5448159772598973,0.029527315409069665,no_fit,0.7946805978122072
lf,0.4,302,2,2,0.15890007227426395,0.29126508418082997,0.6412510004159538,2.7690404289513912,2.304950132733829,0.0,-0.39999999999999997,1.0,-0.39999999999999997,0.33456759471911074,1.2105189363789416e-16,2.544723420736387,-5.551115123125783e-17,0.33456423101796817,0.004465147866931696,2.5448159772598973,0.029527315409069665,no_fit,0.9498562205000524
lf,0.4,302,2,3,0.12973299494478852,0.27959519429420276,0.6746660479511403,2.864225993073457,2.4542264184782807,0.0,-0.39999999999999997,1.0,-0.39999999999999997,0.33456759471911074,1.2105189363789416e-16,2.544723420736387,-5.551115123125783e-17,0.33456423101796817,0.004465147866931696,2.5448159772598973,0.029527315409069665,no_fit,0.9567982001272788
lf,0.4,302,3,0,0.08064027305226773,0.2832789010683315,0.5949859420453106,3.2218290963797895,2.8240773062046554,0.0,-0.39999999999999997,1.0,-0.39999999999999997,0.33456759471911074,1.2105189363789416e-16,2.544723420736387,-5.551115123125783e-17,0.33456423101796817,0.004465147866931696,2.5448159772598973,0.029527315409069665,no_fit,0.9549228034941344
lf,0.4,302,3,1,0.1847449780907482,0.27357714813650663,0.6849965404245943,2.9643033844304614,2.5930025896550295,0.0,-0.39999999999999997,1.0,-0.39999999999999997,0.33456759471911074,1.2105189363789416e-16,2.544723420736387,-5.551115123125783e-17,0.33456423101796817,0.004465147866931696,2.5448159772598973,0.029527315409069665,no_fit,0.9424981656024038
lf,0.4,302,3,2,0.09467341657727957,0.3130042851523095,0.3708193370799729,2.868920755866431,1.8811885575661957,0.0,-0.39999999999999997,1.0,-0.39999999999999997,0.33456759471911074,1.2105189363789416e-16,2.544723420736387,-5.551115123125783e-17,0.33456423101796817,0.004465147866931696,2.5448159772598973,0.029527315409069665,no_fit,0.9745807276787318
lf,0.4,302,3,3,0.5079848855966702,0.22152564615767223,0.8349561266905979,3.1746246495698216,2.972940277084378,0.0,-0.39999999999999997,1.0,-0.39999999999999997,0.33456759471911074,1.2105189363789416e-16,2.544723420736387,-5.551115123125783e-17,0.33456423101796817,0.004465147866931696,2.5448159772598973,0.029527315409069665,no_fit,0.6547654847971497
lf,0.4,303,0,0,0.8815715680504042,0.02774283627845786,-0.9978426225117165,3.4230743197969664,-3.3565155402389313,0.0,-0.39999999999999997,1.0,-0.39999999999999997,0.33456759471911074,1.2105189363789416e-16,2.544723420736387,-5.551115123125783e-17,0.33456423101796817,0.004465147866931696,2.5448159772598973,0.029527315409069665,no_fit,0.3023197114131206
lf,0.4,303,0,1,0.1478438340127468,0.33501634994885204,-0.030009298132145666,2.588226538033184,-0.12344853204212103,0.0,-0.39999999999999997,1.0,-0.39999999999999997,0.33456759471911074,1.2105189363789416e-16,2.544723420736387,-5.551115123125783e-17,0.33456423101796817,0.004465147866931696,2.5448159772598973,0.029527315409069665,no_fit,0.9985204454317697
lf,0.4,303,0,2,0.14465166255831718,0.3346295837174742,-0.05178096300697861,2.5621878397172404,-0.21441466678736487,0.0,-0.39999999999999997,1.0,-0.39999999999999997,0.33456759471911074,1.2105189363789416e-16,2.544723420736387,-5.551115123125783e-17,0.33456423101796817,0.004465147866931696,2.5448159772598973,0.029527315409069665,no_fit,0.9996730972425556
lf,0.4,303,0,3,0.5804103709888295,0.19667689687073234,0.8741048468002159,3.2285375853112073,3.0593873616844167,0.0,-0.39999999999999997,1.0,-0.39999999999999997,0.33456759471911074,1.2105189363789416e-16,2.544723420736387,-5.551115123125783e-17,0.33456423101796817,0.004465147866931696,2.5448159772598973,0.029527315409069665,no_fit,0.5293182297387232
lf,0.4,303,1,0,0.6340549654297547,0.06897237188375031,-0.9619164685436812,3.7419290987542824,-3.707104222235017,0.0,-0.39999999999999997,1.0,-0.39999999999999997,0.33456759471911074,1.2105189363789416e-16,2.544723420736387,-5.551115123125783e-17,0.33456423101796817,0.004465147866931696,2.5448159772598973,0.029527315409069665,no_fit,0.3177461656142125
lf,0.4,303,1,1,0.12808004766702652,0.33163012721484636,0.058063507507454114,2.6631449792716713,0.4757075562110553,0.0,-0.39999999999999997,1.0,-0.39999999999999997,0.33456759471911074,1.2105189363789416e-16,2.544723420736387,-5.551115123125783e-17,0.33456423101796817,0.004465147866931696,2.5448159772598973,0.029527315409069665,no_fit,0.9905678595507356
lf,0.4,303,1,2,0.038113251061986375,0.19836777002163947,0.8223252254075102,3.6901103872204386,3.615910437078715,0.0,-0.39999999999999997,1.0,-0.39999999999999997,0.33456759471911074,1.2105189363789416e-16,2.544723420736387,-5.551115123125783e-17,0.33456423101796817,0.004465147866931696,2.5448159772598973,0.029527315409069665,no_fit,0.644667450491274
lf,0.4,303,1,3,0.1939589250832796,0.33614736797213157,-0.062137310204967384,2.457621410058327,-0.32584659664678794,0.0,-0.39999999999999997,1.0,-0.39999999999999997,0.33456759471911074,1.2105189363789416e-16,2.544723420736387,-5.551115123125783e-17,0.33456423101796817,0.004465147866931696,2.5448159772598973,0.029527315409069665,no_fit,0.9933475137591978
lf,0.4,303,2,0,0.044783306497265585,0.2081684547476759,-0.6263250934298059,3.7658933553156633,-3.140259980451202,0.0,-0.39999999999999997,1.0,-0.39999999999999997,0.33456759471911074,1.2105189363789416e-16,2.544723420736387,-5.551115123125783e-17,0.33456423101796817,0.004465147866931696,2.5448159772598973,0.029527315409069665,no_fit,0.7116978755339138
lf,0.4,303,2,1,0.9941128465748079,0.15141436327417046,0.970105304120823,2.139766033198067,1.9332426412749393,0.0,-0.39999999999999997,1.0,-0.39999999999999997,0.33456759471911074,1.2105189363789416e-16,2.544723420736387,-5.551115123125783e-17,0.33456423101796817,0.004465147866931696,2.5448159772598973,0.029527315409069665,no_fit,0.3292141493821726
lf,0.4,303,2,2,0.26232247753068805,0.3228955491484004,0.4546109125241254,2.557671872248891,1.772373829656074,0.0,-0.39999999999999997,1.0,-0.39999999999999997,0.33456759471911074,1.2105189363789416e-16,2.544723420736387,-5.551115123125783e-17,0.33456423101796817,0.004465147866931696,2.5448159772598973,0.029527315409069665,no_fit,0.9417561949724024
lf,0.4,303,2,3,0.12999639427289367,0.33291892729283196,0.17004438448658135,2.508294165214952,0.8823072319873645,0.0,-0.39999999999999997,1.0,-0.39999999999999997,0.33456759471911074,1.2105189363789416e-16,2.544723420736387,-5.551115123125783e-17,0.33456423101796817,0.004465147866931696,2.5448159772598973,0.029527315409069665,no_fit,0.9810571292415786
lf,0.4,303,3,0,0.05733814020641148,0.32620695218738877,0.1591004429523522,2.6845451025668434,0.9685809990461633,0.0,-0.39999999999999997,1.0,-0.39999999999999997,0.33456759471911074,1.2105189363789416e-16,2.544723420736387,-5.551115123125783e-17,0.33456423101796817,0.004465147866931696,2.5448159772598973,0.029527315409069665,no_fit,0.9655430429329552
lf,0.4,303,3,1,0.3562979702837765,0.303080130250805,0.5186026469575492,2.8873516462980624,2.2942058016224696,0.0,-0.39999999999999997,1.0,-0.39999999999999997,0.33456759471911074,1.2105189363789416e-16,2.544723420736387,-5.551115123125783e-17,0.33456423101796817,0.004465147866931696,2.5448159772598973,0.029527315409069665,no_fit,0.8318289160709584
lf,0.4,303,3,2,0.29645106103271246,0.3222228986523101,0.31851854965699816,2.722957927509315,1.6501800656823067,0.0,-0.39999999999999997,1.0,-0.39999999999999997,0.33456759471911074,1.2105189363789416e-16,2.544723420736387,-5.551115123125783e-17,0.33456423101796817,0.004465147866931696,2.5448159772598973,0.029527315409069665,no_fit,0.893014836580125
lf,0.4,303,3,3,0.15932203736156225,0.3251577894826537,0.2750130013632696,2.6965691099945173,1.4568677073843168,0.0,-0.39999999999999997,1.0,-0.39999999999999997,0.33456759471911074,1.2105189363789416e-16,2.544723420736387,-5.551115123125783e-17,0.33456423101796817,0.004465147866931696,2.5448159772598973,0.029527315409069665,no_fit,0.9740406620098804
lf,0.4,304,0,0,0.2176737495465204,0.2707944305837066,-0.5671360740885564,3.342014122424685,-3.028212086168716,0.0,-0.39999999999999997,1.0,-0.39999999999999997,0.33456759471911074,1.2105189363789416e-16,2.544723420736387,-5.551115123125783e-17,0.33456423101796817,0.004465147866931696,2.5448159772598973,0.029527315409069665,no_fit,0.5576440585858657
lf,0.4,304,0,1,0.14141472149640322,0.3339889700724649,-0.019290116520278167,2.575538275496842,-0.10529893656338923,0.0,-0.39999999999999997,1.0,-0.39999999999999997,0.33456759471911074,1.2105189363789416e-16,2.544723420736387,-5.551115123125783e-17,0.33456423101796817,0.004465147866931696,2.5448159772598973,0.029527315409069665,ungated,0.999703407957102
lf,0.4,304,0,2,0.3474554307758808,0.2829642936747716,0.3799045616907933,3.2065278203544474,2.25120191404343,0.0,-0.39999999999999997,1.0,-0.39999999999999997,0.33456759471911074,1.2105189363789416e-16,2.544723420736387,-5.551115123125783e-17,0.33456423101796817,0.004465147866931696,2.5448159772598973,0.029527315409069665,no_fit,0.5968578755451236
lf,0.4,304,0,3,0.6519536224124636,0.041633226186652605,-0.9909917092555868,3.7188262695292664,-3.6810316497875313,0.0,-0.39999999999999997,1.0,-0.39999999999999997,0.33456759471911074,1.2105189363789416e-16,2.544723420736387,-5.551115123125783e-17,0.33456423101796817,0.004465147866931696,2.5448159772598973,0.029527315409069665,no_fit,0.3048626477505525
lf,0.4,304,1,0,0.8188695710341563,0.1906299987122987,0.9103315087183075,2.9859380757680154,2.790620209576235,0.0,-0.39999999999999997,1.0,-0.39999999999999997,0.33456759471911074,1.2105189363789416e-16,2.544723420736387,-5.551115123125783e-17,0.33456423101796817,0.004465147866931696,2.5448159772598973,0.029527315409069665,no_fit,0.4602873720675806
lf,0.4,304,1,1,0.19592265412211418,0.33810363604481536,-0.04054221513586608,2.4884385392067356,-0.19104492806181966,0.0,-0.39999999999999997,1.0,-0.39999999999999997,0.33456759471911074,1.2105189363789416e-16,2.544723420736387,-5.551115123125783e-17,0.33456423101796817,0.004465147866931696,2.5448159772598973,0.029527315409069665,no_fit,0.9961969854202548
lf,0.4,304,1,2,0.42588943243026733,0.3256655506980641,-0.1790940813658407,2.720798706919722,-1.4025512258932136,0.0,-0.39999999999999997,1.0,-0.39999999999999997,0.33456759471911074,1.2105189363789416e-16,2.544723420736387,-5.551115123125783e-17,0.33456423101796817,0.004465147866931696,2.5448159772598973,0.029527315409069665,no_fit,0.6581911529121589
lf,0.4,304,1,3,0.5116862818317429,0.06037432319397395,-0.968173288434591,3.7263665072782817,-3.6864548994923965,0.0,-0.39999999999999997,1.0,-0.39999999999999997,0.33456759471911074,1.2105189363789416e-16,2.544723420736387,-5.551115123125783e-17,0.33456423101796817,0.004465147866931696,2.5448159772598973,0.029527315409069665,no_fit,0.3365442650774713
lf,0.4,304,2,0,0.08106870530173182,0.3271929718620922,0.21443432689926703,2.718820467267819,1.3185853476999938,0.0,-0.39999999999999997,1.0,-0.39999999999999997,0.33456759471911074,1.2105189363789416e-16,2.544723420736387,-5.551115123125783e-17,0.33456423101796817,0.004465147866931696,2.5448159772598973,0.029527315409069665,no_fit,0.9739421064938754
lf,0.4,304,2,1,0.546513109758962,0.2426288431700898,0.8046098253467338,2.762462146482103,2.4553272241686006,0.0,-0.39999999999999997,1.0,-0.39999999999999997,0.33456759471911074,1.2105189363789416e-16,2.544723420736387,-5.551115123125783e-17,0.33456423101796817,0.004465147866931696,2.5448159772598973,0.029527315409069665,no_fit,0.7693005661335265
lf,0.4,304,2,2,0.897390015568817,0.2588507240270423,0.8461352584311259,2.0614318068209285,1.7132313653379747,0.0,-0.39999999999999997,1.0,-0.39999999999999997,0.33456759471911074,1.2105189363789416e-16,2.544723420736387,-5.551115123125783e-17,0.33456423101796817,0.004465147866931696,2.5448159772598973,0.029527315409069665,no_fit,0.4927994896339792
lf,0.4,304,2,3,0.25824857235420495,0.2439107224212418,0.7800128105158991,2.8624898949159223,2.5522064856612303,0.0,-0.39999999999999997,1.0,-0.39999999999999997,0.33456759471911074,1.2105189363789416e-16,2.544723420736387,-5.551115123125783e-17,0.33456423101796817,0.004465147866931696,2.5448159772598973,0.029527315409069665,no_fit,0.872702516894955
lf,0.4,304,3,0,0.1031956896185875,0.3215235256769415,0.29573659378450334,2.7688699820531713,1.594037451813776,0.0,-0.39999999999999997,1.0,-0.39999999999999997,0.33456759471911074,1.2105189363789416e-16,2.544723420736387,-5.551115123125783e-17,0.33456423101796817,0.004465147866931696,2.5448159772598973,0.029527315409069665,no_fit,0.9728089104567202
lf,0.4,304,3,1,0.690519490337465,0.23751240150375313,0.7988677649299527,2.9891436686995747,2.7227515459559886,0.0,-0.39999999999999997,1.0,-0.39999999999999997,0.33456759471911074,1.2105189363789416e-16,2.544723420736387,-5.551115123125783e-17,0.33456423101796817,0.004465147866931696,2.5448159772598973,0.029527315409069665,no_fit,0.5734772002599106
lf,0.4,304,3,2,0.2511102871503681,0.2605654346833096,0.6922925069437075,3.1118906026892175,2.769822859698504,0.0,-0.39999999999999997,1.0,-0.39999999999999997,0.33456759471911074,1.2105189363789416e-16,2.544723420736387,-5.551115123125783e-17,0.33456423101796817,0.004465147866931696,2.5448159772598973,0.029527315409069665,no_fit,0.8937249596204407
lf,0.4,304,3,3,0.2416964692529291,0.29347549400522505,0.5580889700376895,2.9322665967764197,2.378626803392277,0.0,-0.39999999999999997,1.0,-0.39999999999999997,0.33456759471911074,1.2105189363789416e-16,2.544723420736387,-5.551115123125783e-17,0.33456423101796817,0.004465147866931696,2.5448159772598973,0.029527315409069665,no_fit,0.9274694378847887
lf,0.4,305,0,0,0.4008745983010158,0.22757832476272527,0.8084631033773723,3.351461633773815,3.183045673052411,0.0,-0.39999999999999997,1.0,-0.39999999999999997,0.33456759471911074,1.2105189363789416e-16,2.544723420736387,-5.551115123125783e-17,0.33456423101796817,0.004465147866931696,2.5448159772598973,0.029527315409069665,no_fit,0.5065581013745022
lf,0.4,305,0,1,0.14956355653703213,0.3302833104664533,-0.045705222546139006,2.5908579684734057,-0.237192922271173,0.0,-0.39999999999999997,1.0,-0.39999999999999997,0.33456759471911074,1.2105189363789416e-16,2.544723420736387,-5.551115123125783e-17,0.33456423101796817,0.004465147866931696,2.5448159772598973,0.029527315409069665,no_fit,0.9988136614696363
lf,0.4,305,0,2,0.7920950104541016,0.02848833225734996,-0.9970244998375599,3.6687073550184253,-3.6279017665905853,0.0,-0.39999999999999997,1.0,-0.39999999999999997,0.33456759471911074,1.2105189363789416e-16,2.544723420736387,-5.551115123125783e-17,0.33456423101796817,0.004465147866931696,2.5448159772598973,0.029527315409069665,no_fit,0.2798636560021615
lf,0.4,305,0,3,0.15203699003905058,0.33328665616600756,-0.048937912057466997,2.5710663030453205,-0.26777722732172543,0.0,-0.39999999999999997,1.0,-0.39999999999999997,0.33456759471911074,1.2105189363789416e-16,2.544723420736387,-5.551115123125783e-17,0.33456423101796817,0.004465147866931696,2.5448159772598973,0.029527315409069665,no_fit,0.9992824768824858
lf,0.4,305,1,0,0.13629915285855532,0.3320271085018599,-0.07337892347359945,2.6153505928066214,-0.36390159375428094,0.0,-0.39999999999999997,1.0,-0.39999999999999997,0.33456759471911074,1.2105189363789416e-16,2.544723420736387,-5.551115123125783e-17,0.33456423101796817,0.004465147866931696,2.5448159772598973,0.029527315409069665,no_fit,0.9987269574307742
lf,0.4,305,1,1,0.6568776679813482,0.06112626791243204,-0.9836983611081096,3.704014681834755,-3.6635729654933478,0.0,-0.39999999999999997,1.0,-0.39999999999999997,0.33456759471911074,1.2105189363789416e-16,2.544723420736387,-5.551115123125783e-17,0.33456423101796817,0.004465147866931696,2.5448159772598973,0.029527315409069665,no_fit,0.3117404562219364
lf,0.4,305,1,2,0.8475072500004899,0.21712270394688568,0.8621958275999145,2.7879642659539567,2.5273106953914897,0.0,-0.39999999999999997,1.0,-0.39999999999999997,0.33456759471911074,1.2105189363789416e-16,2.544723420736387,-5.551115123125783e-17,0.33456423101796817,0.004465147866931696,2.5448159772598973,0.029527315409069665,no_fit,0.4879632523749799
lf,0.4,305,1,3,0.21069045923650265,0.33415172986191954,-0.1864468808683243,2.5402908096401413,-0.8265672152412398,0.0,-0.39999999999999997,1.0,-0.39999999999999997,0.33456759471911074,1.2105189363789416e-16,2.544723420736387,-5.551115123125783e-17,0.33456423101796817,0.004465147866931696,2.5448159772598973,0.029527315409069665,no_fit,0.9894992770081086
lf,0.4,305,2,0,0.2928755802931846,0.1533674957138623,-0.9054722517797106,3.6749165771980907,-3.6125692485713867,0.0,-0.39999999999999997,1.0,-0.39999999999999997,0.33456759471911074,1.2105189363789416e-16,2.544723420736387,-5.551115123125783e-17,0.33456423101796817,0.004465147866931696,2.5448159772598973,0.029527315409069665,no_fit,0.4620816786169849
lf,0.4,305,2,1,0.15523065719753504,0.32988165886850324,-0.07333715363803095,2.6686370790569085,-0.34650545136978755,0.0,-0.39999999999999997,1.0,-0.39999999999999997,0.33456759471911074,1.2105189363789416e-16,2.544723420736387,-5.551115123125783e-17,0.33456423101796817,0.004465147866931696,2.5448159772598973,0.029527315409069665,no_fit,0.9962890302195716
lf,0.4,305,2,2,0.5288558667525649,0.2831159567041299,0.6945406935249673,2.4918926259443017,2.0259229494959694,0.0,-0.39999999999999997,1.0,-0.39999999999999997,0.33456759471911074,1.2105189363789416e-16,2.544723420736387,-5.551115123125783e-17,0.33456423101796817,0.004465147866931696,2.5448159772598973,0.029527315409069665,no_fit,0.8118841649122427
lf,0.4,305,2,3,0.18142168130725622,0.31430704073216476,0.4198197714089587,2.7989073465802536,1.9669674053004722,0.0,-0.39999999999999997,1.0,-0.39999999999999997,0.33456759471911074,1.2105189363789416e-16,2.544723420736387,-5.551115123125783e-17,0.33456423101796817,0.004465147866931696,2.5448159772598973,0.029527315409069665,no_fit,0.9602187798442748
lf,0.4,305,3,0,0.09975203033536673,0.3243800934841968,0.13644271205609396,2.784927243033504,0.9398877872036492,0.0,-0.39999999999999997,1.0,-0.39999999999999997,0.33456759471911074,1.2105189363789416e-16,2.544723420736387,-5.551115123125783e-17,0.33456423101796817,0.004465147866931696,2.5448159772598973,0.029527315409069665,no_fit,0.9807739743736368
lf,0.4,305,3,1,0.9728169292284292,0.22368424120018524,0.8885577916174967,2.308445836313996,2.022888246934557,0.0,-0.39999999999999997,1.0,-0.39999999999999997,0.33456759471911074,1.2105189363789416e-16,2.544723420736387,-5.551115123125783e-17,0.33456423101796817,0.004465147866931696,2.5448159772598973,0.029527315409069665,no_fit,0.3966568769936257
lf,0.4,305,3,2,0.3133659742306918,0.24479218147616572,0.741391442739818,3.082918951174441,2.7926577259209697,0.0,-0.39999999999999997,1.0,-0.39999999999999997,0.33456759471911074,1.2105189363789416e-16,2.544723420736387,-5.551115123125783e-17,0.33456423101796817,0.004465147866931696,2.5448159772598973,0.029527315409069665,no_fit,0.8609018947952805
lf,0.4,305,3,3,0.13749716710299253,0.3216828048217981,0.2939030352415468,2.7828477756574794,1.6267857352227608,0.0,-0.39999999999999997,1.0,-0.39999999999999997,0.33456759471911074,1.2105189363789416e-16,2.544723420736387,-5.551115123125783e-17,0.33456423101796817,0.004465147866931696,2.5448159772598973,0.029527315409069665,no_fit,0.9738733823164571
lf,0.4,306,0,0,1.7192600864746055e-05,0.39190342298081915,-0.234264112102938,3.4361349688792897,-2.8293851725916923,0.0,-0.39999999999999997,1.0,-0.39999999999999997,0.33456759471911074,1.2105189363789416e-16,2.544723420736387,-5.551115123125783e-17,0.33456423101796817,0.004465147866931696,2.5448159772598973,0.029527315409069665,no_fit,0.8219784536153361
lf,0.4,306,0,1,0.34277155503514223,0.26109965378253164,0.7060176365426923,3.2411258028727485,2.986797555818577,0.0,-0.39999999999999997,1.0,-0.39999999999999997,0.33456759471911074,1.2105189363789416e-16,2.544723420736387,-5.551115123125783e-17,0.33456423101796817,0.004465147866931696,2.5448159772598973,0.029527315409069665,no_fit,0.5904812425941689
lf,0.4,306,0,2,0.13965349178761244,0.3328983330440737,-0.08920263300329336,2.593220167465276,-0.4339983992855836,0.0,-0.39999999999999997,1.0,-0.39999999999999997,0.33456759471911074,1.2105189363789416e-16,2.544723420736387,-5.551115123125783e-17,0.33456423101796817,0.004465147866931696,2.5448159772598973,0.029527315409069665,no_fit,0.9981379546978736
lf,0.4,306,0,3,0.8213880268573943,0.027905845079042545,-0.9965020386295427,3.653539085457082,-3.612028276493082,0.0,-0.39999999999999997,1.0,-0.39999999999999997,0.33456759471911074,1.2105189363789416e-16,2.544723420736387,-5.551115123125783e-17,0.33456423101796817,0.004465147866931696,2.5448159772598973,0.029527315409069665,no_fit,0.2739515865633746
lf,0.4,306,1,0,0.27970161801204085,0.2930135321108752,-0.4704469217129653,3.1373637186212093,-2.5379650494040713,0.0,-0.39999999999999997,1.0,-0.39999999999999997,0.33456759471911074,1.2105189363789416e-16,2.544723420736387,-5.551115123125783e-17,0.33456423101796817,0.004465147866931696,2.5448159772598973,0.029527315409069665,no_fit,0.7435803757723456
lf,0.4,306,1,1,0.12348853331059217,0.3266380308877557,-0.08156405693635146,2.7111577701785756,-0.4557533676489567,0.0,-0.39999999999999997,1.0,-0.39999999999999997,0.33456759471911074,1.2105189363789416e-16,2.544723420736387,-5.551115123125783e-17,0.33456423101796817,0.004465147866931696,2.5448159772598973,0.029527315409069665,no_fit,0.9948838429647168
lf,0.4,306,1,2,0.9443001872859895,0.20209775671692506,0.9119706997483373,2.564797208797389,2.3155776596981186,0.0,-0.39999999999999997,1.0,-0.39999999999999997,0.33456759471911074,1.2105189363789416e-16,2.544723420736387,-5.551115123125783e-17,0.33456423101796817,0.004465147866931696,2.5448159772598973,0.029527315409069665,no_fit,0.4124136427579455
lf,0.4,306,1,3,0.7733936229284808,0.02660129424937412,-0.9946131624536648,3.6839430626642473,-3.6445087476122673,0.0,-0.39999999999999997,1.0,-0.39999999999999997,0.33456759471911074,1.2105189363789416e-16,2.544723420736387,-5.551115123125783e-17,0.33456423101796817,0.004465147866931696,2.5448159772598973,0.029527315409069665,no_fit,0.2823512987784315
lf,0.4,306,2,0,0.12011743709445,0.3312792834561355,0.09247127713975055,2.6269181356495976,0.528033609211873,0.0,-0.39999999999999997,1.0,-0.39999999999999997,0.33456759471911074,1.2105189363789416e-16,2.544723420736387,-5.551115123125783e-17,0.33456423101796817,0.004465147866931696,2.5448159772598973,0.029527315409069665,no_fit,0.9959037831449512
lf,0.4,306,2,1,0.05435736081562936,0.30050096142545446,0.39664853418377205,3.292977525109301,2.6513331527223403,0.0,-0.39999999999999997,1.0,-0.39999999999999997,0.33456759471911074,1.2105189363789416e-16,2.544723420736387,-5.551115123125783e-17,0.33456423101796817,0.004465147866931696,2.5448159772598973,0.029527315409069665,no_fit,0.7560991983010988
lf,0.4,306,2,2,0.9533725200381014,0.22457363634320138,0.8878838178715722,2.4195077850745332,2.134522674553793,0.0,-0.39999999999999997,1.0,-0.39999999999999997,0.33456759471911074,1.2105189363789416e-16,2.544723420736387,-5.551115123125783e-17,0.33456423101796817,0.004465147866931696,2.5448159772598973,0.029527315409069665,no_fit,0.4201326874865261
lf,0.4,306,2,3,0.3843067359748602,0.10372952162774914,-0.9148981861061554,3.813750275906427,-3.784885179584335,0.0,-0.39999999999999997,1.0,-0.39999999999999997,0.33456759471911074,1.2105189363789416e-16,2.544723420736387,-5.551115123125783e-17,0.33456423101796817,0.004465147866931696,2.5448159772598973,0.029527315409069665,no_fit,0.3487521841403242
lf,0.4,306,3,0,0.7147164130583405,0.3016558893857267,0.6062884829730398,2.69768783853156,2.208529501160774,0.0,-0.39999999999999997,1.0,-0.39999999999999997,0.33456759471911074,1.2105189363789416e-16,2.544723420736387,-5.551115123125783e-17,0.33456423101796817,0.004465147866931696,2.5448159772598973,0.029527315409069665,no_fit,0.5878984213038111
lf,0.4,306,3,1,0.07234893506392837,0.32762501380796794,0.14309540958451758,2.6614495476141387,0.8665453354968397,0.0,-0.39999999999999997,1.0,-0.39999999999999997,0.33456759471911074,1.2105189363789416e-16,2.544723420736387,-5.551115123125783e-17,0.33456423101796817,0.004465147866931696,2.5448159772598973,0.029527315409069665,no_fit,0.9788523082412052
lf,0.4,306,3,2,0.1654692767187953,0.323997442305099,0.25297405117857324,2.7344580160419385,1.4318924657058958,0.0,-0.39999999999999997,1.0,-0.39999999999999997,0.33456759471911074,1.2105189363789416e-16,2.544723420736387,-5.551115123125783e-17,0.33456423101796817,0.004465147866931696,2.5448159772598973,0.029527315409069665,no_fit,0.9643408410842962
lf,0.4,306,3,3,0.08881994266994298,0.3235428749008686,0.2544221551402922,2.783526428684837,1.4945607258453077,0.0,-0.39999999999999997,1.0,-0.39999999999999997,0.33456759471911074,1.2105189363789416e-16,2.544723420736387,-5.551115123125783e-17,0.33456423101796817,0.004465147866931696,2.5448159772598973,0.029527315409069665,no_fit,0.9759289071552936
lf,0.4,307,0,0,0.3471388793366259,0.1376336953450124,0.9418783181003807,3.4000654458877153,3.289246316891342,0.0,-0.39999999999999997,1.0,-0.39999999999999997,0.33456759471911074,1.2105189363789416e-16,2.544723420736387,-5.551115123125783e-17,0.33456423101796817,0.004465147866931696,2.5448159772598973,0.029527315409069665,no_fit,0.7247153183940094
lf,0.4,307,0,1,0.14251788798719645,0.33674959523581155,-0.0367860973066825,2.5515580848416493,-0.05485434025198238,0.0,-0.39999999999999997,1.0,-0.39999999999999997,0.33456759471911074,1.2105189363789416e-16,2.544723420736387,-5.551115123125783e-17,0.33456423101796817,0.004465147866931696,2.5448159772598973,0.029527315409069665,no_fit,0.9996457822582816
lf,0.4,307,0,2,0.12227719277143478,0.33276007166930865,0.0025923634597035203,2.6167828090932215,0.06139545333540258,0.0,-0.39999999999999997,1.0,-0.39999999999999997,0.33456759471911074,1.2105189363789416e-16,2.544723420736387,-5.551115123125783e-17,0.33456423101796817,0.004465147866931696,2.5448159772598973,0.029527315409069665,no_fit,0.997906541292952
lf,0.4,307,0,3,0.9356617525346445,0.01546031108876702,-0.9983291092728696,3.416925886230436,-3.3580355672876743,0.0,-0.39999999999999997,1.0,-0.39999999999999997,0.33456759471911074,1.2105189363789416e-16,2.544723420736387,-5.551115123125783e-17,0.33456423101796817,0.004465147866931696,2.5448159772598973,0.029527315409069665,no_fit,0.2682822983072733
lf,0.4,307,1,0,0.0040619487190269865,0.2880068646964642,0.3984791616595991,3.643662069637309,3.370480766545103,0.0,-0.39999999999999997,1.0,-0.39999999999999997,0.33456759471911074,1.2105189363789416e-16,2.544723420736387,-5.551115123125783e-17,0.33456423101796817,0.004465147866931696,2.5448159772598973,0.029527315409069665,no_fit,0.616730935887289
lf,0.4,307,1,1,0.169582343660295,0.33443758819385444,-0.05033118315452152,2.5725068539564937,-0.3046477697787916,0.0,-0.39999999999999997,1.0,-0.39999999999999997,0.33456759471911074,1.2105189363789416e-16,2.544723420736387,-5.551115123125783e-17,0.33456423101796817,0.004465147866931696,2.5448159772598973,0.029527315409069665,no_fit,0.9966062646134122
lf,0.4,307,1,2,0.9776696074186475,0.18036641608442058,0.948682973510469,2.242187864013041,2.0090845790305463,0.0,-0.39999999999999997,1.0,-0.39999999999999997,0.33456759471911074,1.2105189363789416e-16,2.544723420736387,-5.551115123125783e-17,0.33456423101796817,0.004465147866931696,2.5448159772598973,0.029527315409069665,no_fit,0.3698017520332513
lf,0.4,307,1,3,0.7478805490039235,0.04238112913245177,-0.988093798938955,3.714130477137952,-3.677613633519528,0.0,-0.39999999999999997,1.0,-0.39999999999999997,0.33456759471911074,1.2105189363789416e-16,2.544723420736387,-5.551115123125783e-17,0.33456423101796817,0.004465147866931696,2.5448159772598973,0.029527315409069665,no_fit,0.2822246979029527
lf,0.4,307,2,0,0.19373615039512515,0.32451359077875286,0.35426225673619777,2.6841395698113764,1.7072347677403283,0.0,-0.39999999999999997,1.0,-0.39999999999999997,0.33456759471911074,1.2105189363789416e-16,2.544723420736387,-5.551115123125783e-17,0.33456423101796817,0.004465147866931696,2.5448159772598973,0.029527315409069665,no_fit,0.957792568343001
lf,0.4,307,2,1,0.09199578990228474,0.3155867842447302,0.34127739980858735,2.9341347612841298,1.9826244812798874,0.0,-0.39999999999999997,1.0,-0.39999999999999997,0.33456759471911074,1.2105189363789416e-16,2.544723420736387,-5.551115123125783e-17,0.33456423101796817,0.004465147866931696,2.5448159772598973,0.029527315409069665,no_fit,0.9395751919752716
lf,0.4,307,2,2,0.26328745166028966,0.09498653608904242,-0.9127282707487339,3.743378573122372,-3.699400473412754,0.0,-0.39999999999999997,1.0,-0.39999999999999997,0.33456759471911074,1.2105189363789416e-16,2.544723420736387,-5.551115123125783e-17,0.33456423101796817,0.004465147866931696,2.5448159772598973,0.029527315409069665,no_fit,0.3920528441244298
lf,0.4,307,2,3,0.9156608403682185,0.20597109968678454,0.9007305011214255,2.70581737050225,2.462162651309427,0.0,-0.39999999999999997,1.0,-0.39999999999999997,0.33456759471911074,1.2105189363789416e-16,2.544723420736387,-5.551115123125783e-17,0.33456423101796817,0.004465147866931696,2.5448159772598973,0.029527315409069665,no_fit,0.4250913758331786
lf,0.4,307,3,0,0.1299338680692017,0.323612292789244,0.2308022340208049,2.69000134937428,1.2368919685466901,0.0,-0.39999999999999997,1.0,-0.39999999999999997,0.33456759471911074,1.2105189363789416e-16,2.544723420736387,-5.551115123125783e-17,0.33456423101796817,0.004465147866931696,2.5448159772598973,0.029527315409069665,no_fit,0.986137237766152
lf,0.4,307,3,1,0.10510811442509294,0.3272751855749028,0.12805105915717108,2.660400041235159,0.8378636086981773,0.0,-0.39999999999999997,1.0,-0.39999999999999997,0.33456759471911074,1.2105189363789416e-16,2.544723420736387,-5.551115123125783e-17,0.33456423101796817,0.004465147866931696,2.5448159772598973,0.029527315409069665,no_fit,0.9864141221962658
lf,0.4,307,3,2,0.0626798146404326,0.3297597830585874,0.10539672882358198,2.6247688510010234,0.6481028254483338,0.0,-0.39999999999999997,1.0,-0.39999999999999997,0.33456759471911074,1.2105189363789416e-16,2.544723420736387,-5.551115123125783e-17,0.33456423101796817,0.004465147866931696,2.5448159772598973,0.029527315409069665,no_fit,0.9641097629607012
lf,0.4,307,3,3,0.7504250104539096,0.31800465427065217,0.5131072525170906,2.454822248856231,1.7620025047584744,0.0,-0.39999999999999997,1.0,-0.39999999999999997,0.33456759471911074,1.2105189363789416e-16,2.544723420736387,-5.551115123125783e-17,0.33456423101796817,0.004465147866931696,2.5448159772598973,0.029527315409069665,no_fit,0.658091815681029
lf,0.4,308,0,0,0.13170477282255888,0.3326448072247518,0.005316768693579365,2.6008082009937423,0.08827601912962024,0.0,-0.39999999999999997,1.0,-0.39999999999999997,0.33456759471911074,1.2105189363789416e-16,2.544723420736387,-5.551115123125783e-17,0.33456423101796817,0.004465147866931696,2.5448159772598973,0.029527315409069665,no_fit,0.9995254252802942
lf,0.4,308,0,1,0.15856118500232697,0.33196469029690795,0.0109145935067518,2.5886537365271662,0.04152089995349045,0.0,-0.39999999999999997,1.0,-0.39999999999999997,0.33456759471911074,1.2105189363789416e-16,2.544723420736387,-5.551115123125783e-17,0.33456423101796817,0.004465147866931696,2.5448159772598973,0.029527315409069665,no_fit,0.9992713017588116
lf,0.4,308,0,2,0.8391156401826265,0.06673348839375082,-0.9824345494014076,3.539451990975239,-3.4811994168977596,0.0,-0.39999999999999997,1.0,-0.39999999999999997,0.33456759471911074,1.2105189363789416e-16,2.544723420736387,-5.551115123125783e-17,0.33456423101796817,0.004465147866931696,2.5448159772598973,0.029527315409069665,no_fit,0.3011550103028196
lf,0.4,308,0,3,0.45718703290913254,0.23489078181479942,0.7615894250581534,3.293501548980297,3.085909039553945,0.0,-0.39999999999999997,1.0,-0.39999999999999997,0.33456759471911074,1.2105189363789416e-16,2.544723420736387,-5.551115123125783e-17,0.33456423101796817,0.004465147866931696,2.5448159772598973,0.029527315409069665,no_fit,0.5264406207203519
lf,0.4,308,1,0,0.06770345475524664,0.31709623411080823,0.17685052715547597,2.995100995213973,1.2802102565957143,0.0,-0.39999999999999997,1.0,-0.39999999999999997,0.33456759471911074,1.2105189363789416e-16,2.544723420736387,-5.551115123125783e-17,0.33456423101796817,0.004465147866931696,2.5448159772598973,0.029527315409069665,no_fit,0.9263296207903766
lf,0.4,308,1,1,0.14846360217779875,0.3334515667556389,0.03384512343469833,2.58948205530779,0.09016208289361449,0.0,-0.39999999999999997,1.0,-0.39999999999999997,0.33456759471911074,1.2105189363789416e-16,2.544723420736387,-5.551115123125783e-17,0.33456423101796817,0.004465147866931696,2.5448159772598973,0.029527315409069665,no_fit,0.9995081919162102
lf,0.4,308,1,2,0.7571049410947239,0.03400462653868866,-0.9922101805799961,3.6624713539448495,-3.619407694976293,0.0,-0.39999999999999997,1.0,-0.39999999999999997,0.33456759471911074,1.2105189363789416e-16,2.544723420736387,-5.551115123125783e-17,0.33456423101796817,0.004465147866931696,2.5448159772598973,0.029527315409069665,no_fit,0.2947378175276142
lf,0.4,308,1,3,0.7988570096858894,0.17954908570907044,0.9392950739516241,2.4984925279010466,2.2732018957637274,0.0,-0.39999999999999997,1.0,-0.39999999999999997,0.33456759471911074,1.2105189363789416e-16,2.544723420736387,-5.551115123125783e-17,0.33456423101796817,0.004465147866931696,2.5448159772598973,0.029527315409069665,no_fit,0.5259345788023232
lf,0.4,308,2,0,0.14604360610246658,0.3326555940441998,-0.014213462812930216,2.6259763885871643,-0.0402209565005297,0.0,-0.39999999999999997,1.0,-0.39999999999999997,0.33456759471911074,1.2105189363789416e-16,2.544723420736387,-5.551115123125783e-17,0.33456423101796817,0.004465147866931696,2.5448159772598973,0.029527315409069665,no_fit,0.9978023553733724
lf,0.4,308,2,1,0.06681030441541225,0.2921130400984268,0.5038426250297406,3.2857778838924023,2.863398319220283,0.0,-0.39999999999999997,1.0,-0.39999999999999997,0.33456759471911074,1.2105189363789416e-16,2.544723420736387,-5.551115123125783e-17,0.33456423101796817,0.004465147866931696,2.5448159772598973,0.029527315409069665,no_fit,0.8141016825612409
lf,0.4,308,2,2,0.3450570911008981,0.18150796434779395,-0.879332373383911,3.63883112640468,-3.5617424204351833,0.0,-0.39999999999999997,1.0,-0.39999999999999997,0.33456759471911074,1.2105189363789416e-16,2.544723420736387,-5.551115123125783e-17,0.33456423101796817,0.004465147866931696,2.5448159772598973,0.029527315409069665,no_fit,0.5035453348485769
lf,0.4,308,2,3,0.8121932856738567,0.26390305111046275,0.7834510863545209,2.5543736277955857,2.1993953842448315,0.0,-0.39999999999999997,1.0,-0.39999999999999997,0.33456759471911074,1.2105189363789416e-16,2.544723420736387,-5.551115123125783e-17,0.33456423101796817,0.004465147866931696,2.5448159772598973,0.029527315409069665,no_fit,0.5751567550766763
lf,0.4,308,3,0,0.057862166315317154,0.3334730361690043,0.0653978462011508,2.6159934828971934,0.45487524768615395,0.0,-0.39999999999999997,1.0,-0.39999999999999997,0.33456759471911074,1.2105189363789416e-16,2.544723420736387,-5.551115123125783e-17,0.33456423101796817,0.004465147866931696,2.5448159772598973,0.029527315409069665,no_fit,0.9675832110948204
lf,0.4,308,3,1,0.12297713244333863,0.32153120955681813,0.27194664993827666,2.753849044850168,1.5349249622046544,0.0,-0.39999999999999997,1.0,-0.39999999999999997,0.33456759471911074,1.2105189363789416e-16,2.544723420736387,-5.551115123125783e-17,0.33456423101796817,0.004465147866931696,2.5448159772598973,0.029527315409069665,no_fit,0.9669702348261188
lf,0.4,308,3,2,0.10248133074492216,0.3278039317301585,0.1797489433825404,2.680100468797455,1.0824298381190998,0.0,-0.39999999999999997,1.0,-0.39999999999999997,0.33456759471911074,1.2105189363789416e-16,2.544723420736387,-5.551115123125783e-17,0.33456423101796817,0.004465147866931696,2.5448159772598973,0.029527315409069665,no_fit,0.9800386307645248
lf,0.4,308,3,3,0.19014579569920897,0.3202606795707944,0.3186330443191251,2.7638750196049733,1.6952791703837027,0.0,-0.39999999999999997,1.0,-0.39999999999999997,0.33456759471911074,1.2105189363789416e-16,2.544723420736387,-5.551115123125783e-17,0.33456423101796817,0.004465147866931696,2.5448159772598973,0.029527315409069665,no_fit,0.9462676001069792
lf,0.4,309,0,0,0.12835621181875467,0.3286950239260496,0.009683738473903556,2.668959879470583,0.0787803519645599,0.0,-0.39999999999999997,1.0,-0.39999999999999997,0.33456759471911074,1.2105189363789416e-16,2.544723420736387,-5.551115123125783e-17,0.33456423101796817,0.004465147866931696,2.5448159772598973,0.029527315409069665,no_fit,0.9987592120097848
lf,0.4,309,0,1,0.4441494134880486,0.20740282954807532,0.8501599090253962,3.3581975593471913,3.2098719022558804,0.0,-0.39999999999999997,1.0,-0.39999999999999997,0.33456759471911074,1.2105189363789416e-16,2.544723420736387,-5.551115123125783e-17,0.33456423101796817,0.004465147866931696,2.5448159772598973,0.029527315409069665,no_fit,0.5396290547322523
lf,0.4,309,0,2,0.1676918026059866,0.33168737740719834,-0.009137657783024604,2.591245132877089,0.02222383133602368,0.0,-0.39999999999999997,1.0,-0.39999999999999997,0.33456759471911074,1.2105189363789416e-16,2.544723420736387,-5.551115123125783e-17,0.33456423101796817,0.004465147866931696,2.5448159772598973,0.029527315409069665,no_fit,0.997315373656572
lf,0.4,309,0,3,0.86685475799095,0.07026405992867346,-0.9821917890823593,3.457028163192908,-3.388638148756338,0.0,-0.39999999999999997,1.0,-0.39999999999999997,0.33456759471911074,1.2105189363789416e-16,2.544723420736387,-5.551115123125783e-17,0.33456423101796817,0.004465147866931696,2.5448159772598973,0.029527315409069665,no_fit,0.3072462640732537
lf,0.4,309,1,0,0.8270452789680007,0.03712956819006272,-0.9950991595974817,3.58583760931969,-3.5351519344789906,0.0,-0.39999999999999997,1.0,-0.39999999999999997,0.33456759471911074,1.2105189363789416e-16,2.544723420736387,-5.551115123125783e-17,0.33456423101796817,0.004465147866931696,2.5448159772598973,0.029527315409069665,no_fit,0.2918640008038566
lf,0.4,309,1,1,0.6956847968685906,0.23442104689285073,0.8271268944200683,2.6709739096734295,2.3845066024136288,0.0,-0.39999999999999997,1.0,-0.39999999999999997,0.33456759471911074,1.2105189363789416e-16,2.544723420736387,-5.551115123125783e-17,0.33456423101796817,0.004465147866931696,2.5448159772598973,0.029527315409069665,no_fit,0.6414766615290748
lf,0.4,309,1,2,0.4679074582963949,0.16769235953359696,0.9411557705652882,2.64294706353608,2.4311794574274708,0.0,-0.39999999999999997,1.0,-0.39999999999999997,0.33456759471911074,1.2105189363789416e-16,2.544723420736387,-5.551115123125783e-17,0.33456423101796817,0.004465147866931696,2.5448159772598973,0.029527315409069665,no_fit,0.6923592021299683
lf,0.4,309,1,3,0.10012143105268478,0.32792883565481185,0.08396441696966055,2.7330316508647483,0.46385026169306576,0.0,-0.39999999999999997,1.0,-0.39999999999999997,0.33456759471911074,1.2105189363789416e-16,2.544723420736387,-5.551115123125783e-17,0.33456423101796817,0.004465147866931696,2.5448159772598973,0.029527315409069665,no_fit,0.9921644847214276
lf,0.4,309,2,0,0.29323250713514426,0.1216120583634026,-0.8382092836651783,3.8367452246070557,-3.8097521505175176,0.0,-0.39999999999999997,1.0,-0.39999999999999997,0.33456759471911074,1.2105189363789416e-16,2.544723420736387,-5.551115123125783e-17,0.33456423101796817,0.004465147866931696,2.5448159772598973,0.029527315409069665,no_fit,0.344939130515063
lf,0.4,309,2,1,0.19866191950859502,0.2685319856539599,0.6634151405626849,3.2891477106756106,3.0234853626576292,0.0,-0.39999999999999997,1.0,-0.39999999999999997,0.33456759471911074,1.2105189363789416e-16,2.544723420736387,-5.551115123125783e-17,0.33456423101796817,0.004465147866931696,2.5448159772598973,0.029527315409069665,no_fit,0.7202882512942373
lf,0.4,309,2,2,0.19824957562377676,0.28520283048022066,0.5840068740675926,3.154402870462771,2.7729284976223365,0.0,-0.39999999999999997,1.0,-0.39999999999999997,0.33456759471911074,1.2105189363789416e-16,2.544723420736387,-5.551115123125783e-17,0.33456423101796817,0.004465147866931696,2.5448159772598973,0.029527315409069665,no_fit,0.8068366550389026
lf,0.4,309,2,3,0.1419545253738761,0.33174629390421073,0.14142914891907218,2.6152425001172666,0.7683789043470095,0.0,-0.39999999999999997,1.0,-0.39999999999999997,0.33456759471911074,1.2105189363789416e-16,2.544723420736387,-5.551115123125783e-17,0.33456423101796817,0.004465147866931696,2.5448159772598973,0.029527315409069665,no_fit,0.9952982973251178
lf,0.4,309,3,0,0.4944309080019593,0.3297160432409421,0.32363047017362506,2.5231513845299567,1.4602641827827059,0.0,-0.39999999999999997,1.0,-0.39999999999999997,0.33456759471911074,1.2105189363789416e-16,2.544723420736387,-5.551115123125783e-17,0.33456423101796817,0.004465147866931696,2.5448159772598973,0.029527315409069665,no_fit,0.8385009381870391
lf,0.4,309,3,1,0.19497728161513805,0.3249118832199295,0.290969946619528,2.7239947468500896,1.573997805701201,0.0,-0.39999999999999997,1.0,-0.39999999999999997,0.33456759471911074,1.2105189363789416e-16,2.544723420736387,-5.551115123125783e-17,0.33456423101796817,0.004465147866931696,2.5448159772598973,0.029527315409069665,no_fit,0.9534788453841826
lf,0.4,309,3,2,0.05718265939503908,0.33070134254092415,0.1222238458692072,2.6477910953589037,0.749481407908574,0.0,-0.39999999999999997,1.0,-0.39999999999999997,0.33456759471911074,1.2105189363789416e-16,2.544723420736387,-5.551115123125783e-17,0.33456423101796817,0.004465147866931696,2.5448159772598973,0.029527315409069665,no_fit,0.9687166216222294
lf,0.4,309,3,3,0.09741849219426513,0.3264414260872817,0.21607374532335022,2.7191778818215027,1.2661632963276017,0.0,-0.39999999999999997,1.0,-0.39999999999999997,0.33456759471911074,1.2105189363789416e-16,2.544723420736387,-5.551115123125783e-17,0.33456423101796817,0.004465147866931696,2.5448159772598973,0.029527315409069665,no_fit,0.979766113591812
lf,0.4,310,0,0,0.480076297026244,0.2447761272464814,0.799141435306293,3.2176521514788226,3.007205795808103,0.0,-0.39999999999999997,1.0,-0.39999999999999997,0.33456759471911074,1.2105189363789416e-16,2.544723420736387,-5.551115123125783e-17,0.33456423101796817,0.004465147866931696,2.5448159772598973,0.029527315409069665,no_fit,0.5651638068781996
lf,0.4,310,0,1,0.8247920677209777,0.05389794736952443,-0.9895796714956708,3.579535100221315,-3.5268628631850722,0.0,-0.39999999999999997,1.0,-0.39999999999999997,0.33456759471911074,1.2105189363789416e-16,2.544723420736387,-5.551115123125783e-17,0.33456423101796817,0.004465147866931696,2.5448159772598973,0.029527315409069665,no_fit,0.2956530214479964
lf,0.4,310,0,2,0.11904397699981928,0.3342644496709237,-0.0015799988645234884,2.620271294311323,-0.10982661369852603,0.0,-0.39999999999999997,1.0,-0.39999999999999997,0.33456759471911074,1.2105189363789416e-16,2.544723420736387,-5.551115123125783e-17,0.33456423101796817,0.004465147866931696,2.5448159772598973,0.029527315409069665,no_fit,0.9979253655392144
lf,0.4,310,0,3,0.1209709020331502,0.33110150589354,0.014755035255446516,2.6224334803645046,-0.059102273784361115,0.0,-0.39999999999999997,1.0,-0.39999999999999997,0.33456759471911074,1.2105189363789416e-16,2.544723420736387,-5.551115123125783e-17,0.33456423101796817,0.004465147866931696,2.5448159772598973,0.029527315409069665,no_fit,0.9984285730858914
lf,0.4,310,1,0,0.8414271516521694,0.17492125249716622,0.9421861864495888,2.41555730766451,2.18867054672175,0.0,-0.39999999999999997,1.0,-0.39999999999999997,0.33456759471911074,1.2105189363789416e-16,2.544723420736387,-5.551115123125783e-17,0.33456423101796817,0.004465147866931696,2.5448159772598973,0.029527315409069665,no_fit,0.4979706256369576
lf,0.4,310,1,1,0.7898241186022403,0.03726168575172883,-0.9949013598233534,3.605290066288243,-3.5555032047231783,0.0,-0.39999999999999997,1.0,-0.39999999999999997,0.33456759471911074,1.2105189363789416e-16,2.544723420736387,-5.551115123125783e-17,0.33456423101796817,0.004465147866931696,2.5448159772598973,0.029527315409069665,no_fit,0.2998165801620243
lf,0.4,310,1,2,0.02530058813863434,0.2891044538151673,0.3351764914115485,3.473137953400511,2.9049230387858227,0.0,-0.39999999999999997,1.0,-0.39999999999999997,0.33456759471911074,1.2105189363789416e-16,2.544723420736387,-5.551115123125783e-17,0.33456423101796817,0.004465147866931696,2.5448159772598973,0.029527315409069665,no_fit,0.6394426904725985
lf,0.4,310,1,3,0.15319709293544292,0.3363511140733834,0.011296445048138995,2.542580225883371,-0.19953783030525962,0.0,-0.39999999999999997,1.0,-0.39999999999999997,0.33456759471911074,1.2105189363789416e-16,2.544723420736387,-5.551115123125783e-17,0.33456423101796817,0.004465147866931696,2.5448159772598973,0.029527315409069665,no_fit,0.994267031680084
lf,0.4,310,2,0,0.11371375760063529,0.3182339043081003,0.3043943358881641,2.9059300581033853,1.8480567617069288,0.0,-0.39999999999999997,1.0,-0.39999999999999997,0.33456759471911074,1.2105189363789416e-16,2.544723420736387,-5.551115123125783e-17,0.33456423101796817,0.004465147866931696,2.5448159772598973,0.029527315409069665,no_fit,0.928269065649381
lf,0.4,310,2,1,0.3432986078059912,0.10033171487504895,-0.9420194598547904,3.782364971603887,-3.747692990480247,0.0,-0.39999999999999997,1.0,-0.39999999999999997,0.33456759471911074,1.2105189363789416e-16,2.544723420736387,-5.551115123125783e-17,0.33456423101796817,0.004465147866931696,2.5448159772598973,0.029527315409069665,no_fit,0.3828592508355301
lf,0.4,310,2,2,0.8712034573254641,0.2709096260234578,0.7704313597560164,2.5100848765211934,2.136787996350781,0.0,-0.39999999999999997,1.0,-0.39999999999999997,0.33456759471911074,1.2105189363789416e-16,2.544723420736387,-5.551115123125783e-17,0.33456423101796817,0.004465147866931696,2.5448159772598973,0.029527315409069665,no_fit,0.5188947577447228
lf,0.4,310,2,3,0.15605728328227997,0.32991712399110723,0.00522644659439862,2.663919815417727,0.0865946343809556,0.0,-0.39999999999999997,1.0,-0.39999999999999997,0.33456759471911074,1.2105189363789416e-16,2.544723420736387,-5.551115123125783e-17,0.33456423101796817,0.004465147866931696,2.5448159772598973,0.029527315409069665,no_fit,0.9894619210298168
lf,0.4,310,3,0,0.26512737665325403,0.3246452156053668,0.32192458441794136,2.706799380963071,1.670378899515412,0.0,-0.39999999999999997,1.0,-0.39999999999999997,0.33456759471911074,1.2105189363789416e-16,2.544723420736387,-5.551115123125783e-17,0.33456423101796817,0.004465147866931696,2.5448159772598973,0.029527315409069665,no_fit,0.9183445608794396
lf,0.4,310,3,1,0.2028358057141304,0.3305558934401981,0.22244743380309803,2.5924675222635223,1.167503619303456,0.0,-0.39999999999999997,1.0,-0.39999999999999997,0.33456759471911074,1.2105189363789416e-16,2.544723420736387,-5.551115123125783e-17,0.33456423101796817,0.004465147866931696,2.5448159772598973,0.029527315409069665,no_fit,0.974176843536106
lf,0.4,310,3,2,0.11374657088890672,0.3274338224325066,0.18760605831158578,2.6885090182537934,1.151481894946586,0.0,-0.39999999999999997,1.0,-0.39999999999999997,0.33456759471911074,1.2105189363789416e-16,2.544723420736387,-5.551115123125783e-17,0.33456423101796817,0.004465147866931696,2.5448159772598973,0.029527315409069665,no_fit,0.9811152598959648
lf,0.4,310,3,3,0.08646146859973669,0.3316130508017506,0.1055250762742992,2.624654434966427,0.6859063590769204,0.0,-0.39999999999999997,1.0,-0.39999999999999997,0.33456759471911074,1.2105189363789416e-16,2.544723420736387,-5.551115123125783e-17,0.33456423101796817,0.004465147866931696,2.5448159772598973,0.029527315409069665,no_fit,0.9842596177876252
lf,0.4,311,0,0,0.13652648963034153,0.3318097679770871,0.05181660672526827,2.621190699273039,0.24007757141718333,0.0,-0.39999999999999997,1.0,-0.39999999999999997,0.33456759471911074,1.2105189363789416e-16,2.544723420736387,-5.551115123125783e-17,0.33456423101796817,0.004465147866931696,2.5448159772598973,0.029527315409069665,no_fit,0.9989677855548464
lf,0.4,311,0,1,0.5386877887067385,0.21765590703924884,0.8044601074924201,3.3380521546321735,3.1704624329116147,0.0,-0.39999999999999997,1.0,-0.39999999999999997,0.33456759471911074,1.2105189363789416e-16,2.544723420736387,-5.551115123125783e-17,0.33456423101796817,0.004465147866931696,2.5448159772598973,0.029527315409069665,no_fit,0.462397820487764
lf,0.4,311,0,2,0.80679472094414,0.05304017637442616,-0.9874961914767351,3.5844243931363104,-3.530764697163409,0.0,-0.39999999999999997,1.0,-0.39999999999999997,0.33456759471911074,1.2105189363789416e-16,2.544723420736387,-5.551115123125783e-17,0.33456423101796817,0.004465147866931696,2.5448159772598973,0.029527315409069665,no_fit,0.300029968639997
lf,0.4,311,0,3,0.15317989140748978,0.3312618163535963,-0.000940905368877805,2.620397435754589,-0.04744309394941704,0.0,-0.39999999999999997,1.0,-0.39999999999999997,0.33456759471911074,1.2105189363789416e-16,2.544723420736387,-5.551115123125783e-17,0.33456423101796817,0.004465147866931696,2.5448159772598973,0.029527315409069665,no_fit,0.9989639515770912
lf,0.4,311,1,0,0.7357961171832343,0.03403495282427425,-0.9927663945287597,3.650004785835193,-3.6045434078402807,0.0,-0.39999999999999997,1.0,-0.39999999999999997,0.33456759471911074,1.2105189363789416e-16,2.544723420736387,-5.551115123125783e-17,0.33456423101796817,0.004465147866931696,2.5448159772598973,0.029527315409069665,no_fit,0.3039661028458093
lf,0.4,311,1,1,0.06403102399781346,0.21551368495681736,0.8144672412406821,2.836017651596738,2.525244721074113,0.0,-0.39999999999999997,1.0,-0.39999999999999997,0.33456759471911074,1.2105189363789416e-16,2.544723420736387,-5.551115123125783e-17,0.33456423101796817,0.004465147866931696,2.5448159772598973,0.029527315409069665,no_fit,0.8469740073549966
lf,0.4,311,1,2,0.5922083933546674,0.20029762778731888,0.9013839985702582,2.7135396675376624,2.4720381900161623,0.0,-0.39999999999999997,1.0,-0.39999999999999997,0.33456759471911074,1.2105189363789416e-16,2.544723420736387,-5.551115123125783e-17,0.33456423101796817,0.004465147866931696,2.5448159772598973,0.029527315409069665,no_fit,0.6277371602642452
lf,0.4,311,1,3,0.14089410472661257,0.3342988573026171,-0.017662352873900316,2.615339501190298,-0.20140271641476065,0.0,-0.39999999999999997,1.0,-0.39999999999999997,0.33456759471911074,1.2105189363789416e-16,2.544723420736387,-5.551115123125783e-17,0.33456423101796817,0.004465147866931696,2.5448159772598973,0.029527315409069665,no_fit,0.9991930102955588
lf,0.4,311,2,0,0.02661193618632751,0.18647154486413106,0.8451604741542872,3.7566826805407434,3.7046419800134123,0.0,-0.39999999999999997,1.0,-0.39999999999999997,0.33456759471911074,1.2105189363789416e-16,2.544723420736387,-5.551115123125783e-17,0.33456423101796817,0.004465147866931696,2.5448159772598973,0.029527315409069665,no_fit,0.5076504759232063
lf,0.4,311,2,1,0.9678324981205151,0.2049196259129586,0.9221272397381926,2.479017147039967,2.224426672838895,0.0,-0.39999999999999997,1.0,-0.39999999999999997,0.33456759471911074,1.2105189363789416e-16,2.544723420736387,-5.551115123125783e-17,0.33456423101796817,0.004465147866931696,2.5448159772598973,0.029527315409069665,no_fit,0.3872728991399884
lf,0.4,311,2,2,0.18956572422757745,0.32561619682900617,0.3436019635566117,2.6558020046081814,1.6780871561758317,0.0,-0.39999999999999997,1.0,-0.39999999999999997,0.33456759471911074,1.2105189363789416e-16,2.544723420736387,-5.551115123125783e-17,0.33456423101796817,0.004465147866931696,2.5448159772598973,0.029527315409069665,no_fit,0.9475646307717116
lf,0.4,311,2,3,0.1013484459836036,0.3254126382939324,0.258425420418796,2.7152131068245255,1.4503971978238117,0.0,-0.39999999999999997,1.0,-0.39999999999999997,0.33456759471911074,1.2105189363789416e-16,2.544723420736387,-5.551115123125783e-17,0.33456423101796817,0.004465147866931696,2.5448159772598973,0.029527315409069665,no_fit,0.9723445346744372
lf,0.4,311,3,0,0.3969892440363765,0.32160480007500586,0.3964862819947554,2.6480269775122305,1.7818789744959787,0.0,-0.39999999999999997,1.0,-0.39999999999999997,0.33456759471911074,1.2105189363789416e-16,2.544723420736387,-5.551115123125783e-17,0.33456423101796817,0.004465147866931696,2.5448159772598973,0.029527315409069665,no_fit,0.8707874520823585
lf,0.4,311,3,1,0.09214576869271696,0.32233137555978947,0.2715068121757635,2.729998164516708,1.5041880500101144,0.0,-0.39999999999999997,1.0,-0.39999999999999997,0.33456759471911074,1.2105189363789416e-16,2.544723420736387,-5.551115123125783e-17,0.33456423101796817,0.004465147866931696,2.5448159772598973,0.029527315409069665,no_fit,0.9637010393328678
lf,0.4,311,3,2,0.15713424468412995,0.31549744358918613,0.36431809255072317,2.846955505321748,1.912202962880087,0.0,-0.39999999999999997,1.0,-0.39999999999999997,0.33456759471911074,1.2105189363789416e-16,2.544723420736387,-5.551115123125783e-17,0.33456423101796817,0.004465147866931696,2.5448159772598973,0.029527315409069665,no_fit,0.9528245964490962
lf,0.4,311,3,3,0.09177127154543996,0.3267304775916034,0.2051817916598313,2.7276893937098086,1.2345465907401159,0.0,-0.39999999999999997,1.0,-0.39999999999999997,0.33456759471911074,1.2105189363789416e-16,2.544723420736387,-5.551115123125783e-17,0.33456423101796817,0.004465147866931696,2.5448159772598973,0.029527315409069665,no_fit,0.9785778218087506
lf,0.4,312,0,0,3.0267563033703482e-05,0.3950472621825974,0.06542718401098017,2.5133698496371797,0.30704341218684306,0.0,-0.39999999999999997,1.0,-0.39999999999999997,0.33456759471911074,1.2105189363789416e-16,2.544723420736387,-5.551115123125783e-17,0.33456423101796817,0.004465147866931696,2.5448159772598973,0.029527315409069665,no_fit,0.8364851185395584
lf,0.4,312,0,1,0.353369303047657,0.33165694310840016,-0.057266997650946734,2.60656097088136,-0.3818405418269739,0.0,-0.39999999999999997,1.0,-0.39999999999999997,0.33456759471911074,1.2105189363789416e-16,2.544723420736387,-5.551115123125783e-17,0.33456423101796817,0.004465147866931696,2.5448159772598973,0.029527315409069665,no_fit,0.9144400498073656
lf,0.4,312,0,2,0.1462734043598175,0.33265358629391295,-0.012476299547563366,2.585887597904153,-0.05682187236215258,0.0,-0.39999999999999997,1.0,-0.39999999999999997,0.33456759471911074,1.2105189363789416e-16,2.544723420736387,-5.551115123125783e-17,0.33456423101796817,0.004465147866931696,2.5448159772598973,0.029527315409069665,ungated,0.9998603456063294
lf,0.4,312,0,3,0.2302214503288269,0.33163780699137374,-0.07467321508678915,2.6582938542192873,-0.6007434271419234,0.0,-0.39999999999999997,1.0,-0.39999999999999997,0.33456759471911074,1.2105189363789416e-16,2.544723420736387,-5.551115123125783e-17,0.33456423101796817,0.004465147866931696,2.5448159772598973,0.029527315409069665,no_fit,0.970199392208626
lf,0.4,312,1,0,0.20887849386781454,0.2454209322584373,0.7088219889455956,2.7521666473606747,2.263541000860191,0.0,-0.39999999999999997,1.0,-0.39999999999999997,0.33456759471911074,1.2105189363789416e-16,2.544723420736387,-5.551115123125783e-17,0.33456423101796817,0.004465147866931696,2.5448159772598973,0.029527315409069665,no_fit,0.8828918907488009
lf,0.4,312,1,1,0.6283700055679873,0.08060787558593756,-0.9832811173403475,3.5824251782077794,-3.5198298558035956,0.0,-0.39999999999999997,1.0,-0.39999999999999997,0.33456759471911074,1.2105189363789416e-16,2.544723420736387,-5.551115123125783e-17,0.33456423101796817,0.004465147866931696,2.5448159772598973,0.029527315409069665,no_fit,0.3554388090248356
lf,0.4,312,1,2,0.12303470447659492,0.33601223610500075,0.04265217108970769,2.635156674080701,0.2510720511055282,0.0,-0.39999999999999997,1.0,-0.39999999999999997,0.33456759471911074,1.2105189363789416e-16,2.544723420736387,-5.551115123125783e-17,0.33456423101796817,0.004465147866931696,2.5448159772598973,0.029527315409069665,no_fit,0.989158080297776
lf,0.4,312,1,3,0.6514301587667433,0.16882335853870248,0.9201055530056322,3.249281727956336,3.1035122783686138,0.0,-0.39999999999999997,1.0,-0.39999999999999997,0.33456759471911074,1.2105189363789416e-16,2.544723420736387,-5.551115123125783e-17,0.33456423101796817,0.004465147866931696,2.5448159772598973,0.029527315409069665,no_fit,0.503630824136861
lf,0.4,312,2,0,0.966836775356569,0.20527394416793981,0.9168285570715952,2.4580808668348104,2.2006803667666612,0.0,-0.39999999999999997,1.0,-0.39999999999999997,0.33456759471911074,1.2105189363789416e-16,2.544723420736387,-5.551115123125783e-17,0.33456423101796817,0.004465147866931696,2.5448159772598973,0.029527315409069665,no_fit,0.3917938259897331
lf,0.4,312,2,1,0.48849401645028934,0.07271046494132663,-0.97272791156985,3.6816618055382997,-3.633208533926241,0.0,-0.39999999999999997,1.0,-0.39999999999999997,0.33456759471911074,1.2105189363789416e-16,2.544723420736387,-5.551115123125783e-17,0.33456423101796817,0.004465147866931696,2.5448159772598973,0.029527315409069665,no_fit,0.3585976768890751
lf,0.4,312,2,2,0.16538002528250217,0.3117694833349987,0.40848343879187843,2.8690146431989976,2.0380372962591395,0.0,-0.39999999999999997,1.0,-0.39999999999999997,0.33456759471911074,1.2105189363789416e-16,2.544723420736387,-5.551115123125783e-17,0.33456423101796817,0.004465147866931696,2.5448159772598973,0.029527315409069665,no_fit,0.9577302725367506
lf,0.4,312,2,3,0.2022387152283045,0.21232838143668367,0.8319712565612591,3.422080590528837,3.2804226108457346,0.0,-0.39999999999999997,1.0,-0.39999999999999997,0.33456759471911074,1.2105189363789416e-16,2.544723420736387,-5.551115123125783e-17,0.33456423101796817,0.004465147866931696,2.5448159772598973,0.029527315409069665,no_fit,0.7460527169367974
lf,0.4,312,3,0,0.9053138296003453,0.2507331351392619,0.8187886384684693,2.616236714150895,2.2994701523082375,0.0,-0.39999999999999997,1.0,-0.39999999999999997,0.33456759471911074,1.2105189363789416e-16,2.544723420736387,-5.551115123125783e-17,0.33456423101796817,0.004465147866931696,2.5448159772598973,0.029527315409069665,no_fit,0.4552744777240882
lf,0.4,312,3,1,0.3157990222098306,0.2974541033243741,0.5770708940988062,2.8159809190197613,2.305990370760521,0.0,-0.39999999999999997,1.0,-0.39999999999999997,0.33456759471911074,1.2105189363789416e-16,2.544723420736387,-5.551115123125783e-17,0.33456423101796817,0.004465147866931696,2.5448159772598973,0.029527315409069665,no_fit,0.8780815250660559
lf,0.4,312,3,2,0.06187846546526998,0.3125636846836727,0.36386829903220796,2.953688685792247,2.0736182715902896,0.0,-0.39999999999999997,1.0,-0.39999999999999997,0.33456759471911074,1.2105189363789416e-16,2.544723420736387,-5.551115123125783e-17,0.33456423101796817,0.004465147866931696,2.5448159772598973,0.029527315409069665,no_fit,0.95571684711696
lf,0.4,312,3,3,0.09517088264692575,0.30036879871958244,0.4392796520338128,3.0489050861887383,2.3455038097395597,0.0,-0.39999999999999997,1.0,-0.39999999999999997,0.33456759471911074,1.2105189363789416e-16,2.544723420736387,-5.551115123125783e-17,0.33456423101796817,0.004465147866931696,2.5448159772598973,0.029527315409069665,no_fit,0.9566855332840642
lf,0.4,313,0,0,0.41310247346700635,0.19128903708951486,0.864996089886428,3.394191995213742,3.256358551068615,0.0,-0.39999999999999997,1.0,-0.39999999999999997,0.33456759471911074,1.2105189363789416e-16,2.544723420736387,-5.551115123125783e-17,0.33456423101796817,0.004465147866931696,2.5448159772598973,0.029527315409069665,no_fit,0.5577749033597219
lf,0.4,313,0,1,0.1417070096358657,0.3343869777521433,-0.02534993875277662,2.5707877036772415,-0.11463473557658899,0.0,-0.39999999999999997,1.0,-0.39999999999999997,0.33456759471911074,1.2105189363789416e-16,2.544723420736387,-5.551115123125783e-17,0.33456423101796817,0.004465147866931696,2.5448159772598973,0.029527315409069665,ungated,0.9997665491051786
lf,0.4,313,0,2,0.13857325166463852,0.3308055009184304,-0.029734376985818017,2.6110406587875397,-0.1308712471813654,0.0,-0.39999999999999997,1.0,-0.39999999999999997,0.33456759471911074,1.2105189363789416e-16,2.544723420736387,-5.551115123125783e-17,0.33456423101796817,0.004465147866931696,2.5448159772598973,0.029527315409069665,ungated,0.9997008383518592
lf,0.4,313,0,3,0.9082970596977589,0.0390724218076797,-0.9965184234082296,3.348308469758518,-3.27289705777996,0.0,-0.39999999999999997,1.0,-0.39999999999999997,0.33456759471911074,1.2105189363789416e-16,2.544723420736387,-5.551115123125783e-17,0.33456423101796817,0.004465147866931696,2.5448159772598973,0.029527315409069665,no_fit,0.3047605062869685
lf,0.4,313,1,0,0.7486546187428758,0.2550338902053391,0.7941466840355,2.722003306312843,2.4004098133346887,0.0,-0.39999999999999997,1.0,-0.39999999999999997,0.33456759471911074,1.2105189363789416e-16,2.544723420736387,-5.551115123125783e-17,0.33456423101796817,0.004465147866931696,2.5448159772598973,0.029527315409069665,no_fit,0.6016591415469723
lf,0.4,313,1,1,0.13223356287926435,0.3283973559484097,0.03933438208145206,2.6484534854599557,0.27433267865954036,0.0,-0.39999999999999997,1.0,-0.39999999999999997,0.33456759471911074,1.2105189363789416e-16,2.544723420736387,-5.551115123125783e-17,0.33456423101796817,0.004465147866931696,2.5448159772598973,0.029527315409069665,no_fit,0.9982915542222724
lf,0.4,313,1,2,0.0017174391733760785,0.28213995511354906,0.38085523698841783,3.821788051557556,3.7423135092987847,0.0,-0.39999999999999997,1.0,-0.39999999999999997,0.33456759471911074,1.2105189363789416e-16,2.544723420736387,-5.551115123125783e-17,0.33456423101796817,0.004465147866931696,2.5448159772598973,0.029527315409069665,no_fit,0.6869072451947051
lf,0.4,313,1,3,0.667479764005833,0.06581973970515927,-0.9854348145899712,3.622145393629431,-3.5690016433268803,0.0,-0.39999999999999997,1.0,-0.39999999999999997,0.33456759471911074,1.2105189363789416e-16,2.544723420736387,-5.551115123125783e-17,0.33456423101796817,0.004465147866931696,2.5448159772598973,0.029527315409069665,no_fit,0.3360561037129501
lf,0.4,313,2,0,0.15572353638708591,0.3327252386033995,0.0862558001523343,2.5911630141975315,0.4935174435472073,0.0,-0.39999999999999997,1.0,-0.39999999999999997,0.33456759471911074,1.2105189363789416e-16,2.544723420736387,-5.551115123125783e-17,0.33456423101796817,0.004465147866931696,2.5448159772598973,0.029527315409069665,no_fit,0.9951469349551624
lf,0.4,313,2,1,0.10051391506567597,0.32948043543993794,0.17461705853140022,2.651550285295548,0.9912027820137437,0.0,-0.39999999999999997,1.0,-0.39999999999999997,0.33456759471911074,1.2105189363789416e-16,2.544723420736387,-5.551115123125783e-17,0.33456423101796817,0.004465147866931696,2.5448159772598973,0.029527315409069665,no_fit,0.98585328753094
lf,0.4,313,2,2,0.10298185865394771,0.31671229619929503,0.352571651414727,2.875205493275726,1.919035608823679,0.0,-0.39999999999999997,1.0,-0.39999999999999997,0.33456759471911074,1.2105189363789416e-16,2.544723420736387,-5.551115123125783e-17,0.33456423101796817,0.004465147866931696,2.5448159772598973,0.029527315409069665,no_fit,0.9571134360207044
lf,0.4,313,2,3,0.0839559631422162,0.32361520854827275,0.07446501345238729,2.6737626944433104,0.47250365289354124,0.0,-0.39999999999999997,1.0,-0.39999999999999997,0.33456759471911074,1.2105189363789416e-16,2.544723420736387,-5.551115123125783e-17,0.33456423101796817,0.004465147866931696,2.5448159772598973,0.029527315409069665,no_fit,0.9852295863806676
lf,0.4,313,3,0,0.22864177357405424,0.33254117531021193,0.1722205358900558,2.6375158691967173,1.0349081872920627,0.0,-0.39999999999999997,1.0,-0.39999999999999997,0.33456759471911074,1.2105189363789416e-16,2.544723420736387,-5.551115123125783e-17,0.33456423101796817,0.004465147866931696,2.5448159772598973,0.029527315409069665,no_fit,0.9387373122707884
lf,0.4,313,3,1,0.1683974824845791,0.32422301916148527,0.2968958259351886,2.7127536846809583,1.5231762755632234,0.0,-0.39999999999999997,1.0,-0.39999999999999997,0.33456759471911074,1.2105189363789416e-16,2.544723420736387,-5.551115123125783e-17,0.33456423101796817,0.004465147866931696,2.5448159772598973,0.029527315409069665,no_fit,0.9691247538307418
lf,0.4,313,3,2,0.1170951658859849,0.32301728700052057,0.19231680704452514,2.691948715727258,1.0651663007939627,0.0,-0.39999999999999997,1.0,-0.39999999999999997,0.33456759471911074,1.2105189363789416e-16,2.544723420736387,-5.551115123125783e-17,0.33456423101796817,0.004465147866931696,2.5448159772598973,0.029527315409069665,no_fit,0.9880731447803688
lf,0.4,313,3,3,0.071539172437042,0.3321139923655414,0.0795066293440145,2.627827097917597,0.5180063714839424,0.0,-0.39999999999999997,1.0,-0.39999999999999997,0.33456759471911074,1.2105189363789416e-16,2.544723420736387,-5.551115123125783e-17,0.33456423101796817,0.004465147866931696,2.5448159772598973,0.029527315409069665,no_fit,0.981352888741416
lf,0.4,314,0,0,0.5919698669596869,0.06508119311548251,-0.9749231258524342,3.729751434431213,-3.691737681526725,0.0,-0.39999999999999997,1.0,-0.39999999999999997,0.33456759471911074,1.2105189363789416e-16,2.544723420736387,-5.551115123125783e-17,0.33456423101796817,0.004465147866931696,2.5448159772598973,0.029527315409069665,no_fit,0.3162619310774709
lf,0.4,314,0,1,0.17366546764969826,0.3337303711470405,-0.02134913045018237,2.567745131123008,-0.12681028639407255,0.0,-0.39999999999999997,1.0,-0.39999999999999997,0.33456759471911074,1.2105189363789416e-16,2.544723420736387,-5.551115123125783e-17,0.33456423101796817,0.004465147866931696,2.5448159772598973,0.029527315409069665,no_fit,0.997233550433104
lf,0.4,314,0,2,0.14092422649264336,0.33415452988499345,0.04009138902080969,2.6133217992458624,0.014966503660585218,0.0,-0.39999999999999997,1.0,-0.39999999999999997,0.33456759471911074,1.2105189363789416e-16,2.544723420736387,-5.551115123125783e-17,0.33456423101796817,0.004465147866931696,2.5448159772598973,0.029527315409069665,no_fit,0.998578620716306
lf,0.4,314,0,3,0.31698564905673265,0.2984250759881827,0.3952242012749074,3.070068291290204,2.2118834243134184,0.0,-0.39999999999999997,1.0,-0.39999999999999997,0.33456759471911074,1.2105189363789416e-16,2.544723420736387,-5.551115123125783e-17,0.33456423101796817,0.004465147866931696,2.5448159772598973,0.029527315409069665,no_fit,0.6622458833585213
lf,0.4,314,1,0,0.5765363491373137,0.25686985946217655,0.7564171305568518,2.8582785375264605,2.529822961456466,0.0,-0.39999999999999997,1.0,-0.39999999999999997,0.33456759471911074,1.2105189363789416e-16,2.544723420736387,-5.551115123125783e-17,0.33456423101796817,0.004465147866931696,2.5448159772598973,0.029527315409069665,no_fit,0.7143269406673537
lf,0.4,314,1,1,0.15685273241251707,0.33891208823993213,-0.045038018724924744,2.5470230592462224,-0.2111437986346686,0.0,-0.39999999999999997,1.0,-0.39999999999999997,0.33456759471911074,1.2105189363789416e-16,2.544723420736387,-5.551115123125783e-17,0.33456423101796817,0.004465147866931696,2.5448159772598973,0.029527315409069665,no_fit,0.9976076388374656
lf,0.4,314,1,2,0.4986514899134704,0.060648237761399514,-0.9652305786033192,3.739718962901315,-3.702075985329929,0.0,-0.39999999999999997,1.0,-0.39999999999999997,0.33456759471911074,1.2105189363789416e-16,2.544723420736387,-5.551115123125783e-17,0.33456423101796817,0.004465147866931696,2.5448159772598973,0.029527315409069665,no_fit,0.3365166706210569
lf,0.4,314,1,3,0.8575984545022948,0.23760004695348863,0.8466112034444344,2.7855343838697295,2.5122284753221007,0.0,-0.39999999999999997,1.0,-0.39999999999999997,0.33456759471911074,1.2105189363789416e-16,2.544723420736387,-5.551115123125783e-17,0.33456423101796817,0.004465147866931696,2.5448159772598973,0.029527315409069665,no_fit,0.4570497132737139
lf,0.4,314,2,0,0.18526027211919427,0.31717466753037654,0.465022345624378,2.5827745869255048,1.7927949000436492,0.0,-0.39999999999999997,1.0,-0.39999999999999997,0.33456759471911074,1.2105189363789416e-16,2.544723420736387,-5.551115123125783e-17,0.33456423101796817,0.004465147866931696,2.5448159772598973,0.029527315409069665,no_fit,0.9614481354978458
lf,0.4,314,2,1,0.29466057813260704,0.2795987410082448,0.6646181622385816,2.5883650455978233,2.078712894783406,0.0,-0.39999999999999997,1.0,-0.39999999999999997,0.33456759471911074,1.2105189363789416e-16,2.544723420736387,-5.551115123125783e-17,0.33456423101796817,0.004465147866931696,2.5448159772598973,0.029527315409069665,no_fit,0.8904984590171989
lf,0.4,314,2,2,0.1637484524399042,0.3333264373805318,-0.048315586556273306,2.5748446809804397,-0.23238335940435567,0.0,-0.39999999999999997,1.0,-0.39999999999999997,0.33456759471911074,1.2105189363789416e-16,2.544723420736387,-5.551115123125783e-17,0.33456423101796817,0.004465147866931696,2.5448159772598973,0.029527315409069665,no_fit,0.9987972576116526
lf,0.4,314,2,3,0.9758008161152247,0.2264566167918149,0.9023171816762311,2.1208492438992392,1.8245608878003328,0.0,-0.39999999999999997,1.0,-0.39999999999999997,0.33456759471911074,1.2105189363789416e-16,2.544723420736387,-5.551115123125783e-17,0.33456423101796817,0.004465147866931696,2.5448159772598973,0.029527315409069665,no_fit,0.3915577435305925
lf,0.4,314,3,0,0.12516507087275386,0.3106973769077701,0.41572526428265444,2.8696194848563374,2.032134807216355,0.0,-0.39999999999999997,1.0,-0.39999999999999997,0.33456759471911074,1.2105189363789416e-16,2.544723420736387,-5.551115123125783e-17,0.33456423101796817,0.004465147866931696,2.5448159772598973,0.029527315409069665,no_fit,0.9697800224404044
lf,0.4,314,3,1,0.5129607361159287,0.2448885649819128,0.7601683858334273,3.130805092347807,2.87264889862007,0.0,-0.39999999999999997,1.0,-0.39999999999999997,0.33456759471911074,1.2105189363789416e-16,2.544723420736387,-5.551115123125783e-17,0.33456423101796817,0.004465147866931696,2.5448159772598973,0.029527315409069665,no_fit,0.668841800694555
lf,0.4,314,3,2,0.0885125664062798,0.32323978205564063,0.24546663386767945,2.7823435675538457,1.4320156626848495,0.0,-0.39999999999999997,1.0,-0.39999999999999997,0.33456759471911074,1.2105189363789416e-16,2.544723420736387,-5.551115123125783e-17,0.33456423101796817,0.004465147866931696,2.5448159772598973,0.029527315409069665,no_fit,0.9777182609362736
lf,0.4,314,3,3,0.1912221232196316,0.2753290284516631,0.6067709760097072,3.1572361746315334,2.7390563188882737,0.0,-0.39999999999999997,1.0,-0.39999999999999997,0.33456759471911074,1.2105189363789416e-16,2.544723420736387,-5.551115123125783e-17,0.33456423101796817,0.004465147866931696,2.5448159772598973,0.029527315409069665,no_fit,0.9163770863667936
lf,0.4,315,0,0,0.6288226259493968,0.17311471518634505,0.9176541225461913,3.2936141295533825,3.1543521072177247,0.0,-0.39999999999999997,1.0,-0.39999999999999997,0.33456759471911074,1.2105189363789416e-16,2.544723420736387,-5.551115123125783e-17,0.33456423101796817,0.004465147866931696,2.5448159772598973,0.029527315409069665,no_fit,0.4611459325402833
lf,0.4,315,0,1,0.15644918847829103,0.3352768081721328,-0.03558907119877778,2.5725983041432796,-0.24380528126870443,0.0,-0.39999999999999997,1.0,-0.39999999999999997,0.33456759471911074,1.2105189363789416e-16,2.544723420736387,-5.551115123125783e-17,0.33456423101796817,0.004465147866931696,2.5448159772598973,0.029527315409069665,no_fit,0.9986278335415384
lf,0.4,315,0,2,0.9383690091778671,0.019716205965966557,-0.9987756633211362,3.3656430764342753,-3.300469153609064,0.0,-0.39999999999999997,1.0,-0.39999999999999997,0.33456759471911074,1.2105189363789416e-16,2.544723420736387,-5.551115123125783e-17,0.33456423101796817,0.004465147866931696,2.5448159772598973,0.029527315409069665,no_fit,0.2768391544634483
lf,0.4,315,0,3,0.1427584094926715,0.3327747396978586,0.015131428826246589,2.5922830093095843,0.06234162455167458,0.0,-0.39999999999999997,1.0,-0.39999999999999997,0.33456759471911074,1.2105189363789416e-16,2.544723420736387,-5.551115123125783e-17,0.33456423101796817,0.004465147866931696,2.5448159772598973,0.029527315409069665,ungated,0.9998368858665628
lf,0.4,315,1,0,0.004989919558283873,0.29607416043984375,0.0747982424397486,3.615954229228472,2.8498185403784873,0.0,-0.39999999999999997,1.0,-0.39999999999999997,0.33456759471911074,1.2105189363789416e-16,2.544723420736387,-5.551115123125783e-17,0.33456423101796817,0.004465147866931696,2.5448159772598973,0.029527315409069665,no_fit,0.6339759537543987
lf,0.4,315,1,1,0.16431180201470852,0.33442683637479015,-0.015133162090974565,2.56249095877506,-0.06784025891877954,0.0,-0.39999999999999997,1.0,-0.39999999999999997,0.33456759471911074,1.2105189363789416e-16,2.544723420736387,-5.551115123125783e-17,0.33456423101796817,0.004465147866931696,2.5448159772598973,0.029527315409069665,no_fit,0.9991023342524136
lf,0.4,315,1,2,0.7532553869136507,0.037801821910319576,-0.9943232291771866,3.6692865494984557,-3.6269078922092004,0.0,-0.39999999999999997,1.0,-0.39999999999999997,0.33456759471911074,1.2105189363789416e-16,2.544723420736387,-5.551115123125783e-17,0.33456423101796817,0.004465147866931696,2.5448159772598973,0.029527315409069665,no_fit,0.2945955613847023
lf,0.4,315,1,3,0.17705677542835474,0.3328074982335954,-0.06545038939826658,2.558179681514882,-0.32805421546991986,0.0,-0.39999999999999997,1.0,-0.39999999999999997,0.33456759471911074,1.2105189363789416e-16,2.544723420736387,-5.551115123125783e-17,0.33456423101796817,0.004465147866931696,2.5448159772598973,0.029527315409069665,no_fit,0.997259381247392
lf,0.4,315,2,0,0.6720554310595617,0.313546982267133,0.5761107854566521,2.446965175477385,1.862292028850094,0.0,-0.39999999999999997,1.0,-0.39999999999999997,0.33456759471911074,1.2105189363789416e-16,2.544723420736387,-5.551115123125783e-17,0.33456423101796817,0.004465147866931696,2.5448159772598973,0.029527315409069665,no_fit,0.712153056237994
lf,0.4,315,2,1,0.11414762714412063,0.31298939908574097,0.41402430749629515,2.893882525330926,2.1200242053851452,0.0,-0.39999999999999997,1.0,-0.39999999999999997,0.33456759471911074,1.2105189363789416e-16,2.544723420736387,-5.551115123125783e-17,0.33456423101796817,0.004465147866931696,2.5448159772598973,0.029527315409069665,no_fit,0.9532624760233384
lf,0.4,315,2,2,0.2596730289515108,0.17745380568924896,-0.6634012062572046,3.7148307635713853,-3.6373916223407963,0.0,-0.39999999999999997,1.0,-0.39999999999999997,0.33456759471911074,1.2105189363789416e-16,2.544723420736387,-5.551115123125783e-17,0.33456423101796817,0.004465147866931696,2.5448159772598973,0.029527315409069665,no_fit,0.5150731307517892
lf,0.4,315,2,3,0.18301051552407444,0.3154173625028973,0.40810413340372537,2.8155321313827386,1.9956676091003556,0.0,-0.39999999999999997,1.0,-0.39999999999999997,0.33456759471911074,1.2105189363789416e-16,2.544723420736387,-5.551115123125783e-17,0.33456423101796817,0.004465147866931696,2.5448159772598973,0.029527315409069665,no_fit,0.9485710949205476
lf,0.4,315,3,0,0.1607102886773646,0.318187498192826,0.3346531738834885,2.777317921635483,1.714012497183719,0.0,-0.39999999999999997,1.0,-0.39999999999999997,0.33456759471911074,1.2105189363789416e-16,2.544723420736387,-5.551115123125783e-17,0.33456423101796817,0.004465147866931696,2.5448159772598973,0.029527315409069665,no_fit,0.970221471553062
lf,0.4,315,3,1,0.9795719434441708,0.19309745994488162,0.9275904620495541,2.3800433390776887,2.133851549200241,0.0,-0.39999999999999997,1.0,-0.39999999999999997,0.33456759471911074,1.2105189363789416e-16,2.544723420736387,-5.551115123125783e-17,0.33456423101796817,0.004465147866931696,2.5448159772598973,0.029527315409069665,no_fit,0.3737545288012041
lf,0.4,315,3,2,0.10378875583410263,0.3276956583212401,0.07992983007300243,2.709174419466462,0.5147753553748445,0.0,-0.39999999999999997,1.0,-0.39999999999999997,0.33456759471911074,1.2105189363789416e-16,2.544723420736387,-5.551115123125783e-17,0.33456423101796817,0.004465147866931696,2.5448159772598973,0.029527315409069665,no_fit,0.993041645621962
lf,0.4,315,3,3,0.10642966907471418,0.32615218971888527,0.16787503053769776,2.6818898641666093,0.9836325039572145,0.0,-0.39999999999999997,1.0,-0.39999999999999997,0.33456759471911074,1.2105189363789416e-16,2.544723420736387,-5.551115123125783e-17,0.33456423101796817,0.004465147866931696,2.5448159772598973,0.029527315409069665,no_fit,0.9845779758965624
lf,0.4,316,0,0,0.9956361431874009,0.006167268106243871,-0.9995593270437617,3.2538301618878656,-3.2125047644868303,0.0,-0.39999999999999997,1.0,-0.39999999999999997,0.33456759471911074,1.2105189363789416e-16,2.544723420736387,-5.551115123125783e-17,0.33456423101796817,0.004465147866931696,2.5448159772598973,0.029527315409069665,no_fit,0.1883216352101899
lf,0.4,316,0,1,0.2562743667513132,0.3256409763768255,-0.39894979252227275,2.7767666785883365,-2.0081241346837175,0.0,-0.39999999999999997,1.0,-0.39999999999999997,0.33456759471911074,1.2105189363789416e-16,2.544723420736387,-5.551115123125783e-17,0.33456423101796817,0.004465147866931696,2.5448159772598973,0.029527315409069665,no_fit,0.7416323765322622
lf,0.4,316,0,2,0.19429776532342657,0.2932203662139411,-0.5815126373004337,3.053841335354607,-2.6511656057433526,0.0,-0.39999999999999997,1.0,-0.39999999999999997,0.33456759471911074,1.2105189363789416e-16,2.544723420736387,-5.551115123125783e-17,0.33456423101796817,0.004465147866931696,2.5448159772598973,0.029527315409069665,no_fit,0.697225928910299
lf,0.4,316,0,3,0.1407759115099907,0.3337170968051915,-0.022483956795706382,2.5640140222176315,-0.0788794714242248,0.0,-0.39999999999999997,1.0,-0.39999999999999997,0.33456759471911074,1.2105189363789416e-16,2.544723420736387,-5.551115123125783e-17,0.33456423101796817,0.004465147866931696,2.5448159772598973,0.029527315409069665,ungated,0.9999175082985612
lf,0.4,316,1,0,0.021224138195975684,0.19226908980703117,-0.27045061020284455,3.5202526755152257,0.32780503269623806,0.0,-0.39999999999999997,1.0,-0.39999999999999997,0.33456759471911074,1.2105189363789416e-16,2.544723420736387,-5.551115123125783e-17,0.33456423101796817,0.004465147866931696,2.5448159772598973,0.029527315409069665,no_fit,0.7265971642283404
lf,0.4,316,1,1,0.2224451779620722,0.30965750352642796,0.5026816635508289,2.8393904520757154,2.245839335453047,0.0,-0.39999999999999997,1.0,-0.39999999999999997,0.33456759471911074,1.2105189363789416e-16,2.544723420736387,-5.551115123125783e-17,0.33456423101796817,0.004465147866931696,2.5448159772598973,0.029527315409069665,no_fit,0.9008215643049996
lf,0.4,316,1,2,0.5220425759631553,0.07734460719908293,-0.957883174230823,3.738285741970858,-3.700010046739098,0.0,-0.39999999999999997,1.0,-0.39999999999999997,0.33456759471911074,1.2105189363789416e-16,2.544723420736387,-5.551115123125783e-17,0.33456423101796817,0.004465147866931696,2.5448159772598973,0.029527315409069665,no_fit,0.3351787154323557
lf,0.4,316,1,3,0.9622334578907612,0.1987774875772012,0.9442153881442473,1.9482840287511203,1.697036257828375,0.0,-0.39999999999999997,1.0,-0.39999999999999997,0.33456759471911074,1.2105189363789416e-16,2.544723420736387,-5.551115123125783e-17,0.33456423101796817,0.004465147866931696,2.5448159772598973,0.029527315409069665,no_fit,0.3836144005274344
lf,0.4,316,2,0,0.10062528605340049,0.2973189838490051,0.5603790903426327,3.040297519548294,2.5887741897183876,0.0,-0.39999999999999997,1.0,-0.39999999999999997,0.33456759471911074,1.2105189363789416e-16,2.544723420736387,-5.551115123125783e-17,0.33456423101796817,0.004465147866931696,2.5448159772598973,0.029527315409069665,no_fit,0.9354635907433274
lf,0.4,316,2,1,0.17373255547136068,0.3275641681617065,0.3101453437181699,2.626626238754515,1.5289108525230823,0.0,-0.39999999999999997,1.0,-0.39999999999999997,0.33456759471911074,1.2105189363789416e-16,2.544723420736387,-5.551115123125783e-17,0.33456423101796817,0.004465147866931696,2.5448159772598973,0.029527315409069665,no_fit,0.9620989361340998
lf,0.4,316,2,2,0.01315399394530914,0.1771614686452653,0.8698522271905638,3.8186144798980455,3.7825912656170706,0.0,-0.39999999999999997,1.0,-0.39999999999999997,0.33456759471911074,1.2105189363789416e-16,2.544723420736387,-5.551115123125783e-17,0.33456423101796817,0.004465147866931696,2.5448159772598973,0.029527315409069665,no_fit,0.5130993353297819
lf,0.4,316,2,3,0.9373628797766287,0.2611588522030891,0.8276250450287722,2.436736162517429,2.0994763580276743,0.0,-0.39999999999999997,1.0,-0.39999999999999997,0.33456759471911074,1.2105189363789416e-16,2.544723420736387,-5.551115123125783e-17,0.33456423101796817,0.004465147866931696,2.5448159772598973,0.029527315409069665,no_fit,0.4411660664143535
lf,0.4,316,3,0,0.2324114078655839,0.32816282888893106,0.2506223588807853,2.701319642234576,1.42839944174841,0.0,-0.39999999999999997,1.0,-0.39999999999999997,0.33456759471911074,1.2105189363789416e-16,2.544723420736387,-5.551115123125783e-17,0.33456423101796817,0.004465147866931696,2.5448159772598973,0.029527315409069665,no_fit,0.9112335278342784
lf,0.4,316,3,1,0.21075500827282667,0.3263411669096424,0.2806931973258268,2.6740045339353364,1.4489361426928506,0.0,-0.39999999999999997,1.0,-0.39999999999999997,0.33456759471911074,1.2105189363789416e-16,2.544723420736387,-5.551115123125783e-17,0.33456423101796817,0.004465147866931696,2.5448159772598973,0.029527315409069665,no_fit,0.9622891050895924
lf,0.4,316,3,2,0.07421574182808399,0.32669378754035644,0.14999898356786445,2.6694571008960724,0.8929804102587091,0.0,-0.39999999999999997,1.0,-0.39999999999999997,0.33456759471911074,1.2105189363789416e-16,2.544723420736387,-5.551115123125783e-17,0.33456423101796817,0.004465147866931696,2.5448159772598973,0.029527315409069665,no_fit,0.9728135378070228
lf,0.4,316,3,3,0.13100748416036367,0.3289366138081741,0.27246548780772706,2.7210784124536636,1.5109960235153335,0.0,-0.39999999999999997,1.0,-0.39999999999999997,0.33456759471911074,1.2105189363789416e-16,2.544723420736387,-5.551115123125783e-17,0.33456423101796817,0.004465147866931696,2.5448159772598973,0.029527315409069665,no_fit,0.962266623414018
lf,0.4,317,0,0,0.6417064785782713,0.15192492025254228,0.9345317870510126,3.365550897240395,3.2492644225682383,0.0,-0.39999999999999997,1.0,-0.39999999999999997,0.33456759471911074,1.2105189363789416e-16,2.544723420736387,-5.551115123125783e-17,0.33456423101796817,0.004465147866931696,2.5448159772598973,0.029527315409069665,no_fit,0.4551041214457504
lf,0.4,317,0,1,0.9506600830773095,0.34166095444498273,-0.8680498146288242,3.2164418696114914,-3.124648257033711,0.0,-0.39999999999999997,1.0,-0.39999999999999997,0.33456759471911074,1.2105189363789416e-16,2.544723420736387,-5.551115123125783e-17,0.33456423101796817,0.004465147866931696,2.5448159772598973,0.029527315409069665,no_fit,0.3180714302557111
lf,0.4,317,0,2,0.9825117924360125,0.011110593243305534,-0.9987464963901176,3.2204472160363955,-3.1609286548553244,0.0,-0.39999999999999997,1.0,-0.39999999999999997,0.33456759471911074,1.2105189363789416e-16,2.544723420736387,-5.551115123125783e-17,0.33456423101796817,0.004465147866931696,2.5448159772598973,0.029527315409069665,no_fit,0.2414941696750759
lf,0.4,317,0,3,0.14179066848009825,0.3330105893085589,-0.011768311217148402,2.599789046991775,-0.09253439934617652,0.0,-0.39999999999999997,1.0,-0.39999999999999997,0.33456759471911074,1.2105189363789416e-16,2.544723420736387,-5.551115123125783e-17,0.33456423101796817,0.004465147866931696,2.5448159772598973,0.029527315409069665,ungated,0.999758859432734
lf,0.4,317,1,0,0.9551639521350808,0.16241988954489606,0.9600029911159224,2.3965973734878325,2.1786025301223857,0.0,-0.39999999999999997,1.0,-0.39999999999999997,0.33456759471911074,1.2105189363789416e-16,2.544723420736387,-5.551115123125783e-17,0.33456423101796817,0.004465147866931696,2.5448159772598973,0.029527315409069665,no_fit,0.3954260374293475
lf,0.4,317,1,1,0.13123042322695255,0.3278535747144305,-0.04758331061802423,2.6471557155166194,-0.22040789370088887,0.0,-0.39999999999999997,1.0,-0.39999999999999997,0.33456759471911074,1.2105189363789416e-16,2.544723420736387,-5.551115123125783e-17,0.33456423101796817,0.004465147866931696,2.5448159772598973,0.029527315409069665,no_fit,0.9987977667493144
lf,0.4,317,1,2,0.7628920113010054,0.041617202412527775,-0.9874428720147116,3.6754597327034837,-3.634298943198949,0.0,-0.39999999999999997,1.0,-0.39999999999999997,0.33456759471911074,1.2105189363789416e-16,2.544723420736387,-5.551115123125783e-17,0.33456423101796817,0.004465147866931696,2.5448159772598973,0.029527315409069665,no_fit,0.2898853512030158
lf,0.4,317,1,3,0.08306658896617591,0.2817580329115168,0.24155635743545897,3.2095179477315194,1.5780848041360223,0.0,-0.39999999999999997,1.0,-0.39999999999999997,0.33456759471911074,1.2105189363789416e-16,2.544723420736387,-5.551115123125783e-17,0.33456423101796817,0.004465147866931696,2.5448159772598973,0.029527315409069665,no_fit,0.8431551144828172
lf,0.4,317,2,0,0.12933332880493253,0.31515424208767034,0.41769491182595314,2.850792992885152,2.089298743645653,0.0,-0.39999999999999997,1.0,-0.39999999999999997,0.33456759471911074,1.2105189363789416e-16,2.544723420736387,-5.551115123125783e-17,0.33456423101796817,0.004465147866931696,2.5448159772598973,0.029527315409069665,no_fit,0.9453108487856764
lf,0.4,317,2,1,0.07150121009908617,0.3118408088046017,0.27052990342777683,2.943088347977143,1.7320461882981435,0.0,-0.39999999999999997,1.0,-0.39999999999999997,0.33456759471911074,1.2105189363789416e-16,2.544723420736387,-5.551115123125783e-17,0.33456423101796817,0.004465147866931696,2.5448159772598973,0.029527315409069665,no_fit,0.9358362097273564
lf,0.4,317,2,2,0.22854856494814157,0.3278614408987785,-0.15340857064106503,2.634288221673429,-0.9126593237346208,0.0,-0.39999999999999997,1.0,-0.39999999999999997,0.33456759471911074,1.2105189363789416e-16,2.544723420736387,-5.551115123125783e-17,0.33456423101796817,0.004465147866931696,2.5448159772598973,0.029527315409069665,no_fit,0.9596633265938328
lf,0.4,317,2,3,0.08057698328047991,0.3281225994648299,0.18373443527603367,2.70598669349579,1.1246193012884345,0.0,-0.39999999999999997,1.0,-0.39999999999999997,0.33456759471911074,1.2105189363789416e-16,2.544723420736387,-5.551115123125783e-17,0.33456423101796817,0.004465147866931696,2.5448159772598973,0.029527315409069665,no_fit,0.9775552176307948
lf,0.4,317,3,0,0.4685815516859293,0.3168064488205617,0.4258793267708647,2.7042032593276946,1.9230861417262832,0.0,-0.39999999999999997,1.0,-0.39999999999999997,0.33456759471911074,1.2105189363789416e-16,2.544723420736387,-5.551115123125783e-17,0.33456423101796817,0.004465147866931696,2.5448159772598973,0.029527315409069665,no_fit,0.7817782187950919
lf,0.4,317,3,1,0.08542281854897738,0.3274207205941766,0.13772172084928452,2.682281061601692,0.8451411625075598,0.0,-0.39999999999999997,1.0,-0.39999999999999997,0.33456759471911074,1.2105189363789416e-16,2.544723420736387,-5.551115123125783e-17,0.33456423101796817,0.004465147866931696,2.5448159772598973,0.029527315409069665,no_fit,0.9881696894939278
lf,0.4,317,3,2,0.09397622058168054,0.32688060856943835,0.19404374801210175,2.7069455834968115,1.1805086086956293,0.0,-0.39999999999999997,1.0,-0.39999999999999997,0.33456759471911074,1.2105189363789416e-16,2.544723420736387,-5.551115123125783e-17,0.33456423101796817,0.004465147866931696,2.5448159772598973,0.029527315409069665,no_fit,0.9780223314526548
lf,0.4,317,3,3,0.0915625779889524,0.32781975406145697,0.12930011278346715,2.6626790175061226,0.8250837888274536,0.0,-0.39999999999999997,1.0,-0.39999999999999997,0.33456759471911074,1.2105189363789416e-16,2.544723420736387,-5.551115123125783e-17,0.33456423101796817,0.004465147866931696,2.5448159772598973,0.029527315409069665,no_fit,0.986594306943432
lf,0.4,318,0,0,0.1438990943133831,0.33423665730057983,0.01443908774790128,2.5661103167324324,0.07668039932774523,0.0,-0.39999999999999997,1.0,-0.39999999999999997,0.33456759471911074,1.2105189363789416e-16,2.544723420736387,-5.551115123125783e-17,0.33456423101796817,0.004465147866931696,2.5448159772598973,0.029527315409069665,no_fit,0.9995646573492796
lf,0.4,318,0,1,0.71078408282483,0.19582418562804077,0.9058885310649348,3.1216187570415643,2.9464745873209237,0.0,-0.39999999999999997,1.0,-0.39999999999999997,0.33456759471911074,1.2105189363789416e-16,2.544723420736387,-5.551115123125783e-17,0.33456423101796817,0.004465147866931696,2.5448159772598973,0.029527315409069665,no_fit,0.5063944503147002
lf,0.4,318,0,2,0.8773744114451159,0.02835938470863477,-0.9956280450181951,3.6617627354879243,-3.6231853585386378,0.0,-0.39999999999999997,1.0,-0.39999999999999997,0.33456759471911074,1.2105189363789416e-16,2.544723420736387,-5.551115123125783e-17,0.33456423101796817,0.004465147866931696,2.5448159772598973,0.029527315409069665,no_fit,0.2517828718292893
lf,0.4,318,0,3,0.8898840230597163,0.025305025449029114,-0.9967052416402521,3.6564107310011575,-3.6177110174745204,0.0,-0.39999999999999997,1.0,-0.39999999999999997,0.33456759471911074,1.2105189363789416e-16,2.544723420736387,-5.551115123125783e-17,0.33456423101796817,0.004465147866931696,2.5448159772598973,0.029527315409069665,no_fit,0.2456736609989176
lf,0.4,318,1,0,0.21546749025583267,0.3379796811584609,0.027373659607095722,2.4798699980396006,0.13299200088023477,0.0,-0.39999999999999997,1.0,-0.39999999999999997,0.33456759471911074,1.2105189363789416e-16,2.544723420736387,-5.551115123125783e-17,0.33456423101796817,0.004465147866931696,2.5448159772598973,0.029527315409069665,no_fit,0.9934369716774224
lf,0.4,318,1,1,0.44354477897286415,0.31191544893167183,0.5289098077031158,2.514772577757037,1.798049817388916,0.0,-0.39999999999999997,1.0,-0.39999999999999997,0.33456759471911074,1.2105189363789416e-16,2.544723420736387,-5.551115123125783e-17,0.33456423101796817,0.004465147866931696,2.5448159772598973,0.029527315409069665,no_fit,0.8804581360792004
lf,0.4,318,1,2,0.5011536813974544,0.08758622577709899,-0.9604390217173977,3.742361669119739,-3.7040408385780865,0.0,-0.39999999999999997,1.0,-0.39999999999999997,0.33456759471911074,1.2105189363789416e-16,2.544723420736387,-5.551115123125783e-17,0.33456423101796817,0.004465147866931696,2.5448159772598973,0.029527315409069665,no_fit,0.3365363710526857
lf,0.4,318,1,3,0.01804555646958761,0.2802766694337995,-0.10319037024081604,3.432729484219878,-0.004491336542302715,0.0,-0.39999999999999997,1.0,-0.39999999999999997,0.33456759471911074,1.2105189363789416e-16,2.544723420736387,-5.551115123125783e-17,0.33456423101796817,0.004465147866931696,2.5448159772598973,0.029527315409069665,no_fit,0.62831246645673
lf,0.4,318,2,0,0.06620240584015846,0.32373697165090415,0.23228302613768395,2.808735674269133,1.4006266321116345,0.0,-0.39999999999999997,1.0,-0.39999999999999997,0.33456759471911074,1.2105189363789416e-16,2.544723420736387,-5.551115123125783e-17,0.33456423101796817,0.004465147866931696,2.5448159772598973,0.029527315409069665,no_fit,0.9757215293217172
lf,0.4,318,2,1,0.9475983520023874,0.22654404902181072,0.8871199982471203,2.319265474546671,2.0275255674815478,0.0,-0.39999999999999997,1.0,-0.39999999999999997,0.33456759471911074,1.2105189363789416e-16,2.544723420736387,-5.551115123125783e-17,0.33456423101796817,0.004465147866931696,2.5448159772598973,0.029527315409069665,no_fit,0.4345516859698662
lf,0.4,318,2,2,0.16869688912993297,0.22460913347733932,-0.7197658139838773,3.52084029207222,-3.3180688536985046,0.0,-0.39999999999999997,1.0,-0.39999999999999997,0.33456759471911074,1.2105189363789416e-16,2.544723420736387,-5.551115123125783e-17,0.33456423101796817,0.004465147866931696,2.5448159772598973,0.029527315409069665,no_fit,0.821092503345491
lf,0.4,318,2,3,0.1351844216696918,0.3277282241261855,0.2709421699627015,2.655254499736536,1.39665452357421,0.0,-0.39999999999999997,1.0,-0.39999999999999997,0.33456759471911074,1.2105189363789416e-16,2.544723420736387,-5.551115123125783e-17,0.33456423101796817,0.004465147866931696,2.5448159772598973,0.029527315409069665,no_fit,0.9784310594376612
lf,0.4,318,3,0,0.1896700244396925,0.2890751916405755,0.5529950312570724,3.038274592795829,2.5093859818112088,0.0,-0.39999999999999997,1.0,-0.39999999999999997,0.33456759471911074,1.2105189363789416e-16,2.544723420736387,-5.551115123125783e-17,0.33456423101796817,0.004465147866931696,2.5448159772598973,0.029527315409069665,no_fit,0.9380916595723195
lf,0.4,318,3,1,0.8519569527416024,0.21192655385742004,0.8838858300491594,2.683979341627319,2.429705762531527,0.0,-0.39999999999999997,1.0,-0.39999999999999997,0.33456759471911074,1.2105189363789416e-16,2.544723420736387,-5.551115123125783e-17,0.33456423101796817,0.004465147866931696,2.5448159772598973,0.029527315409069665,no_fit,0.505247181865578
lf,0.4,318,3,2,0.1453697511460632,0.2804632117329928,0.5449135059046488,2.9996322823599235,2.368330819106702,0.0,-0.39999999999999997,1.0,-0.39999999999999997,0.33456759471911074,1.2105189363789416e-16,2.544723420736387,-5.551115123125783e-17,0.33456423101796817,0.004465147866931696,2.5448159772598973,0.029527315409069665,no_fit,0.9539221216828888
lf,0.4,318,3,3,0.1794630754739046,0.30394277261871383,0.4849008358530461,2.8603714300299776,2.145515110743026,0.0,-0.39999999999999997,1.0,-0.39999999999999997,0.33456759471911074,1.2105189363789416e-16,2.544723420736387,-5.551115123125783e-17,0.33456423101796817,0.004465147866931696,2.5448159772598973,0.029527315409069665,no_fit,0.9620788568051608
lf,0.4,319,0,0,0.4852674603462219,0.3143812253547011,0.1565008602684459,2.852019294593261,1.1256122844161296,0.0,-0.39999999999999997,1.0,-0.39999999999999997,0.33456759471911074,1.2105189363789416e-16,2.544723420736387,-5.551115123125783e-17,0.33456423101796817,0.004465147866931696,2.5448159772598973,0.029527315409069665,no_fit,0.7506067995910178
lf,0.4,319,0,1,0.776936465241306,0.12398539867166636,-0.9241829264289378,3.590394344156009,-3.5261507098635136,0.0,-0.39999999999999997,1.0,-0.39999999999999997,0.33456759471911074,1.2105189363789416e-16,2.544723420736387,-5.551115123125783e-17,0.33456423101796817,0.004465147866931696,2.5448159772598973,0.029527315409069665,no_fit,0.3176571257654793
lf,0.4,319,0,2,0.19618378207087517,0.3309239337379334,-0.024452755521767944,2.5971814319510513,-0.10951532796002827,0.0,-0.39999999999999997,1.0,-0.39999999999999997,0.33456759471911074,1.2105189363789416e-16,2.544723420736387,-5.551115123125783e-17,0.33456423101796817,0.004465147866931696,2.5448159772598973,0.029527315409069665,no_fit,0.9939733853622794
lf,0.4,319,0,3,0.43760364688932896,0.2939367350580104,0.4919374783848237,3.0969482603950613,2.59727392214793,0.0,-0.39999999999999997,1.0,-0.39999999999999997,0.33456759471911074,1.2105189363789416e-16,2.544723420736387,-5.551115123125783e-17,0.33456423101796817,0.004465147866931696,2.5448159772598973,0.029527315409069665,no_fit,0.5803380960235959
lf,0.4,319,1,0,0.8510573418901259,0.044996322196084355,-0.9884805923095087,3.570287010138792,-3.5185589411766816,0.0,-0.39999999999999997,1.0,-0.39999999999999997,0.33456759471911074,1.2105189363789416e-16,2.544723420736387,-5.551115123125783e-17,0.33456423101796817,0.004465147866931696,2.5448159772598973,0.029527315409069665,no_fit,0.2873838842171529
lf,0.4,319,1,1,0.7020777764555532,0.22506135905423044,0.881402688265623,2.776184279601554,2.518246889903282,0.0,-0.39999999999999997,1.0,-0.39999999999999997,0.33456759471911074,1.2105189363789416e-16,2.544723420736387,-5.551115123125783e-17,0.33456423101796817,0.004465147866931696,2.5448159772598973,0.029527315409069665,no_fit,0.590142464038291
lf,0.4,319,1,2,0.7394827384946439,0.06793313637434126,-0.9782562762288243,3.623279733015635,-3.5730078356534047,0.0,-0.39999999999999997,1.0,-0.39999999999999997,0.33456759471911074,1.2105189363789416e-16,2.544723420736387,-5.551115123125783e-17,0.33456423101796817,0.004465147866931696,2.5448159772598973,0.029527315409069665,no_fit,0.3405536374084897
lf,0.4,319,1,3,0.04521320550702512,0.2697695071849737,-0.5579501898568826,3.180396933724856,-2.5802662602740822,0.0,-0.39999999999999997,1.0,-0.39999999999999997,0.33456759471911074,1.2105189363789416e-16,2.544723420736387,-5.551115123125783e-17,0.33456423101796817,0.004465147866931696,2.5448159772598973,0.029527315409069665,no_fit,0.8676118388709758
lf,0.4,319,2,0,0.010952212532117755,0.21563374182127049,0.8131224745450499,3.7977121823096223,3.753769464081618,0.0,-0.39999999999999997,1.0,-0.39999999999999997,0.33456759471911074,1.2105189363789416e-16,2.544723420736387,-5.551115123125783e-17,0.33456423101796817,0.004465147866931696,2.5448159772598973,0.029527315409069665,no_fit,0.5393804108026781
lf,0.4,319,2,1,0.9320560431515332,0.2557850326438504,0.8213115549148308,2.4618445126810613,2.1242664794579205,0.0,-0.39999999999999997,1.0,-0.39999999999999997,0.33456759471911074,1.2105189363789416e-16,2.544723420736387,-5.551115123125783e-17,0.33456423101796817,0.004465147866931696,2.5448159772598973,0.029527315409069665,no_fit,0.4482558866759953
lf,0.4,319,2,2,0.3431886786006544,0.12376238361110357,-0.8601303630582652,3.787852500959331,-3.7529426615397483,0.0,-0.39999999999999997,1.0,-0.39999999999999997,0.33456759471911074,1.2105189363789416e-16,2.544723420736387,-5.551115123125783e-17,0.33456423101796817,0.004465147866931696,2.5448159772598973,0.029527315409069665,no_fit,0.3556504561629531
lf,0.4,319,2,3,0.24738436471670866,0.3356154524033324,0.18291466656765326,2.4909881949039785,0.9134213680036422,0.0,-0.39999999999999997,1.0,-0.39999999999999997,0.33456759471911074,1.2105189363789416e-16,2.544723420736387,-5.551115123125783e-17,0.33456423101796817,0.004465147866931696,2.5448159772598973,0.029527315409069665,no_fit,0.969147266346051
lf,0.4,319,3,0,0.0839822106063366,0.3311844236129226,0.12812199378831676,2.643186187712236,0.7863612452610591,0.0,-0.39999999999999997,1.0,-0.39999999999999997,0.33456759471911074,1.2105189363789416e-16,2.544723420736387,-5.551115123125783e-17,0.33456423101796817,0.004465147866931696,2.5448159772598973,0.029527315409069665,no_fit,0.982037074279225
lf,0.4,319,3,1,0.7070952542126179,0.3282951659538246,0.3792280288251734,2.4976583851249132,1.5853052448598746,0.0,-0.39999999999999997,1.0,-0.39999999999999997,0.33456759471911074,1.2105189363789416e-16,2.544723420736387,-5.551115123125783e-17,0.33456423101796817,0.004465147866931696,2.5448159772598973,0.029527315409069665,no_fit,0.6525093663217298
lf,0.4,319,3,2,0.09447697550058365,0.32847284619447065,0.12238637178904184,2.6862623046824354,0.7813328167258586,0.0,-0.39999999999999997,1.0,-0.39999999999999997,0.33456759471911074,1.2105189363789416e-16,2.544723420736387,-5.551115123125783e-17,0.33456423101796817,0.004465147866931696,2.5448159772598973,0.029527315409069665,no_fit,0.9873586424114914
lf,0.4,319,3,3,0.09807116724550724,0.33318890903235626,0.1280915108336357,2.626916291907608,0.8087023523349937,0.0,-0.39999999999999997,1.0,-0.39999999999999997,0.33456759471911074,1.2105189363789416e-16,2.544723420736387,-5.551115123125783e-17,0.33456423101796817,0.004465147866931696,2.5448159772598973,0.029527315409069665,no_fit,0.9798675229489748
wave,0.1,200,0,0,0.20099852047860622,0.33326666316066017,-0.023106035949505856,2.636864098986092,-0.13071435589826536,0.9,0.0,0.31622776601683794,0.0,0.3452376210140382,0.0,2.1575760064549017,-1.3877787807814457e-16,0.3451658654057426,-6.4969330911254484e-09,2.1610432736101424,-4.263544442495437e-08,no_fit,0.9793134348041816
wave,0.1,200,0,1,0.10267720092087984,0.32457287378139693,-0.023974096291749965,2.7363048032733484,-0.20745629850591146,0.9,0.0,0.31622776601683794,0.0,0.3452376210140382,0.0,2.1575760064549017,-1.3877787807814457e-16,0.3451658654057426,-6.4969330911254484e-09,2.1610432736101424,-4.263544442495437e-08,no_fit,0.9918418986763494
wave,0.1,200,0,2,0.12653728015720844,0.328896789440049,-0.050455008879584186,2.6734226567884045,0.142040616222893,0.9,0.0,0.31622776601683794,0.0,0.3452376210140382,0.0,2.1575760064549017,-1.3877787807814457e-16,0.3451658654057426,-6.4969330911254484e-09,2.1610432736101424,-4.263544442495437e-08,no_fit,0.9956865355174566
wave,0.1,200,0,3,0.09079659450799227,0.328617664420115,-0.027816881498108192,2.648949836950776,-0.11402418130264719,0.9,0.0,0.31622776601683794,0.0,0.3452376210140382,0.0,2.1575760064549017,-1.3877787807814457e-16,0.3451658654057426,-6.4969330911254484e-09,2.1610432736101424,-4.263544442495437e-08,no_fit,0.8960385022952643
wave,0.1,200,1,0,0.11449853796511889,0.33871360732018935,0.005479688937678372,2.4111494489289087,0.013135834139628988,0.9,0.0,0.31622776601683794,0.0,0.3452376210140382,0.0,2.1575760064549017,-1.3877787807814457e-16,0.3451658654057426,-6.4969330911254484e-09,2.1610432736101424,-4.263544442495437e-08,acf_or_spectral,0.8055214345016921
wave,0.1,200,1,1,0.0866702850908041,0.3345940951270112,-0.06954775165433677,2.5712490283331624,-0.2473521867418656,0.9,0.0,0.31622776601683794,0.0,0.3452376210140382,0.0,2.1575760064549017,-1.3877787807814457e-16,0.3451658654057426,-6.4969330911254484e-09,2.1610432736101424,-4.263544442495437e-08,no_fit,0.9776892234509384
wave,0.1,200,1,2,0.08634250238537788,0.32308878332273244,-0.012776064591589302,2.9046749233241913,-0.06816474776343462,0.9,0.0,0.31622776601683794,0.0,0.3452376210140382,0.0,2.1575760064549017,-1.3877787807814457e-16,0.3451658654057426,-6.4969330911254484e-09,2.1610432736101424,-4.263544442495437e-08,no_fit,0.945823581215833
wave,0.1,200,1,3,0.407000376842916,0.28367684505280216,-0.0033355070907610264,3.3114344366976494,-0.024695564947839643,0.9,0.0,0.31622776601683794,0.0,0.3452376210140382,0.0,2.1575760064549017,-1.3877787807814457e-16,0.3451658654057426,-6.4969330911254484e-09,2.1610432736101424,-4.263544442495437e-08,no_fit,0.6988602818661109
wave,0.1,200,2,0,0.1732015237212181,0.3360333876658552,-0.003689641946602303,2.5377851452568896,-0.04937899827997211,0.9,0.0,0.31622776601683794,0.0,0.3452376210140382,0.0,2.1575760064549017,-1.3877787807814457e-16,0.3451658654057426,-6.4969330911254484e-09,2.1610432736101424,-4.263544442495437e-08,acf_or_spectral,0.9970695571300056
wave,0.1,200,2,1,0.15160223748534918,0.33954994850323805,-0.01594585768671033,2.475548331488741,-0.02533738704954741,0.9,0.0,0.31622776601683794,0.0,0.3452376210140382,0.0,2.1575760064549017,-1.3877787807814457e-16,0.3451658654057426,-6.4969330911254484e-09,2.1610432736101424,-4.263544442495437e-08,acf_or_spectral,0.9988481209224492
wave,0.1,200,2,2,0.12312229815870523,0.33063592439698586,0.014313177572025364,2.579265141621866,0.05550181816688221,0.9,0.0,0.31622776601683794,0.0,0.3452376210140382,0.0,2.1575760064549017,-1.3877787807814457e-16,0.3451658654057426,-6.4969330911254484e-09,2.1610432736101424,-4.263544442495437e-08,no_fit,0.9955989390103692
wave,0.1,200,2,3,0.13872289657592773,0.3295425045920684,-0.0018009364642151307,2.6282473834978917,-0.007861495460139034,0.9,0.0,0.31622776601683794,0.0,0.3452376210140382,0.0,2.1575760064549017,-1.3877787807814457e-16,0.3451658654057426,-6.4969330911254484e-09,2.1610432736101424,-4.263544442495437e-08,no_fit,0.9987724525433528
wave,0.1,200,3,0,0.09246546030044556,0.32634064844208116,0.0005130640335833644,2.7264499927453647,0.012131467424691289,0.9,0.0,0.31622776601683794,0.0,0.3452376210140382,0.0,2.1575760064549017,-1.3877787807814457e-16,0.3451658654057426,-6.4969330911254484e-09,2.1610432736101424,-4.263544442495437e-08,no_fit,0.996521719542164
wave,0.1,200,3,1,0.06311343424022198,0.324909164611742,-0.00821087102549932,2.688323304502904,-0.03653014731213322,0.9,0.0,0.31622776601683794,0.0,0.3452376210140382,0.0,2.1575760064549017,-1.3877787807814457e-16,0.3451658654057426,-6.4969330911254484e-09,2.1610432736101424,-4.263544442495437e-08,no_fit,0.9825757480737536
wave,0.1,200,3,2,0.10663655679672956,0.3375746704394609,-0.0032235746208513706,2.537069417576663,0.004042283584810791,0.9,0.0,0.31622776601683794,0.0,0.3452376210140382,0.0,2.1575760064549017,-1.3877787807814457e-16,0.3451658654057426,-6.4969330911254484e-09,2.1610432736101424,-4.263544442495437e-08,acf_or_spectral,0.9943001870854724
wave,0.1,200,3,3,0.08822839660570025,0.3230845567845653,-0.002614638947049837,2.802161390746265,0.007510884139756313,0.9,0.0,0.31622776601683794,0.0,0.3452376210140382,0.0,2.1575760064549017,-1.3877787807814457e-16,0.3451658654057426,-6.4969330911254484e-09,2.1610432736101424,-4.263544442495437e-08,no_fit,0.9935264627349156
wave,0.1,201,0,0,0.1194277098402381,0.3338101660891403,0.019967474463954818,2.6042301187842716,0.051747381576882134,0.9,0.0,0.31622776601683794,0.0,0.3452376210140382,0.0,2.1575760064549017,-1.3877787807814457e-16,0.3451658654057426,-6.4969330911254484e-09,2.1610432736101424,-4.263544442495437e-08,no_fit,0.99744737969386
wave,0.1,201,0,1,0.11229941993951797,0.3435437825910865,0.015861244540691394,2.313059452900972,0.029181082752095522,0.9,0.0,0.31622776601683794,0.0,0.3452376210140382,0.0,2.1575760064549017,-1.3877787807814457e-16,0.3451658654057426,-6.4969330911254484e-09,2.1610432736101424,-4.263544442495437e-08,acf_or_spectral,0.7181098871827233
wave,0.1,201,0,2,0.009966415585950017,0.3367774498931561,0.020515686331113416,2.6608299930931496,0.08982000857881833,0.9,0.0,0.31622776601683794,0.0,0.3452376210140382,0.0,2.1575760064549017,-1.3877787807814457e-16,0.3451658654057426,-6.4969330911254484e-09,2.1610432736101424,-4.263544442495437e-08,no_fit,0.902589698036902
wave,0.1,201,0,3,0.0014008500147610903,0.335415876856354,0.002022903111151074,2.6893576892205644,0.05446938098811538,0.9,0.0,0.31622776601683794,0.0,0.3452376210140382,0.0,2.1575760064549017,-1.3877787807814457e-16,0.3451658654057426,-6.4969330911254484e-09,2.1610432736101424,-4.263544442495437e-08,no_fit,0.7753366073996578
wave,0.1,201,1,0,0.006693407776765525,0.32561062792207474,0.011643085598405113,2.9503471748237633,0.07424411830158073,0.9,0.0,0.31622776601683794,0.0,0.3452376210140382,0.0,2.1575760064549017,-1.3877787807814457e-16,0.3451658654057426,-6.4969330911254484e-09,2.1610432736101424,-4.263544442495437e-08,no_fit,0.8161961679407717
wave,0.1,201,1,1,0.13266879878938198,0.3269495724301536,0.02079511670455773,2.7011953996376024,0.049565236827289194,0.9,0.0,0.31622776601683794,0.0,0.3452376210140382,0.0,2.1575760064549017,-1.3877787807814457e-16,0.3451658654057426,-6.4969330911254484e-09,2.1610432736101424,-4.263544442495437e-08,no_fit,0.9883141884889648
wave,0.1,201,1,2,0.06515502370893955,0.3518723139893219,0.009827560035727788,2.206242112010699,0.050238370178797565,0.9,0.0,0.31622776601683794,0.0,0.3452376210140382,0.0,2.1575760064549017,-1.3877787807814457e-16,0.3451658654057426,-6.4969330911254484e-09,2.1610432736101424,-4.263544442495437e-08,acf_or_spectral,0.8638145371645335
wave,0.1,201,1,3,0.14064581040292978,0.3277265041100772,-0.03416104970781767,2.6598149912851436,-0.05198623980066275,0.9,0.0,0.31622776601683794,0.0,0.3452376210140382,0.0,2.1575760064549017,-1.3877787807814457e-16,0.3451658654057426,-6.4969330911254484e-09,2.1610432736101424,-4.263544442495437e-08,no_fit,0.9964607841101152
wave,0.1,201,2,0,0.09367421269416809,0.3297792436612599,0.026996720693169454,2.642938996955653,0.08720510604689197,0.9,0.0,0.31622776601683794,0.0,0.3452376210140382,0.0,2.1575760064549017,-1.3877787807814457e-16,0.3451658654057426,-6.4969330911254484e-09,2.1610432736101424,-4.263544442495437e-08,no_fit,0.9842195952108548
wave,0.1,201,2,1,0.12599074374884367,0.33168632611092114,0.0012131648929720018,2.600398529234331,-0.014751799342069938,0.9,0.0,0.31622776601683794,0.0,0.3452376210140382,0.0,2.1575760064549017,-1.3877787807814457e-16,0.3451658654057426,-6.4969330911254484e-09,2.1610432736101424,-4.263544442495437e-08,no_fit,0.9974313752637656
wave,0.1,201,2,2,0.12165431305766106,0.3345083538696997,-0.014002837119101472,2.541973255190818,-0.049533036947720654,0.9,0.0,0.31622776601683794,0.0,0.3452376210140382,0.0,2.1575760064549017,-1.3877787807814457e-16,0.3451658654057426,-6.4969330911254484e-09,2.1610432736101424,-4.263544442495437e-08,acf_or_spectral,0.9960596770494576
wave,0.1,201,2,3,0.1404058886691928,0.3257788246386604,-0.008095809514932654,2.7088020883408435,-0.06310391024655626,0.9,0.0,0.31622776601683794,0.0,0.3452376210140382,0.0,2.1575760064549017,-1.3877787807814457e-16,0.3451658654057426,-6.4969330911254484e-09,2.1610432736101424,-4.263544442495437e-08,no_fit,0.9985112543742124
wave,0.1,201,3,0,0.11750893946737051,0.3293074438747641,0.005592929912776853,2.645931786807566,0.025362906221215564,0.9,0.0,0.31622776601683794,0.0,0.3452376210140382,0.0,2.1575760064549017,-1.3877787807814457e-16,0.3451658654057426,-6.4969330911254484e-09,2.1610432736101424,-4.263544442495437e-08,no_fit,0.9989878190489468
wave,0.1,201,3,1,0.044683405896648765,0.3238576793107466,0.0066661365187362645,2.8385419130508724,0.010768930401954813,0.9,0.0,0.31622776601683794,0.0,0.3452376210140382,0.0,2.1575760064549017,-1.3877787807814457e-16,0.3451658654057426,-6.4969330911254484e-09,2.1610432736101424,-4.263544442495437e-08,no_fit,0.9681429170306428
wave,0.1,201,3,2,0.1136809978634119,0.33327730094099334,0.0010980001143695885,2.5874757428856303,-0.015168881594139094,0.9,0.0,0.31622776601683794,0.0,0.3452376210140382,0.0,2.1575760064549017,-1.3877787807814457e-16,0.3451658654057426,-6.4969330911254484e-09,2.1610432736101424,-4.263544442495437e-08,no_fit,0.9977313686073516
wave,0.1,201,3,3,0.1318824328482151,0.32915621417285784,0.01143219746769963,2.65837451996471,0.0442844965955379,0.9,0.0,0.31622776601683794,0.0,0.3452376210140382,0.0,2.1575760064549017,-1.3877787807814457e-16,0.3451658654057426,-6.4969330911254484e-09,2.1610432736101424,-4.263544442495437e-08,no_fit,0.9988312158335396
wave,0.1,202,0,0,0.09995874483138323,0.32756225952221524,0.014985657640895437,2.6859858526526774,0.09728569074680349,0.9,0.0,0.31622776601683794,0.0,0.3452376210140382,0.0,2.1575760064549017,-1.3877787807814457e-16,0.3451658654057426,-6.4969330911254484e-09,2.1610432736101424,-4.263544442495437e-08,no_fit,0.9957347049888176
wave,0.1,202,0,1,0.39216921478509903,0.29540478319051566,0.008889135063803427,3.1246402899106727,-0.08794494994600732,0.9,0.0,0.31622776601683794,0.0,0.3452376210140382,0.0,2.1575760064549017,-1.3877787807814457e-16,0.3451658654057426,-6.4969330911254484e-09,2.1610432736101424,-4.263544442495437e-08,no_fit,0.8057471354966201
wave,0.1,202,0,2,0.09531429596245289,0.33196919979744943,0.008694661353102446,2.6238281141190702,-0.031952646741281066,0.9,0.0,0.31622776601683794,0.0,0.3452376210140382,0.0,2.1575760064549017,-1.3877787807814457e-16,0.3451658654057426,-6.4969330911254484e-09,2.1610432736101424,-4.263544442495437e-08,no_fit,0.9895928811212752
wave,0.1,202,0,3,0.08513664919883013,0.3571831917291113,-0.0216867724325194,2.1235347414786414,-0.06067857888321135,0.9,0.0,0.31622776601683794,0.0,0.3452376210140382,0.0,2.1575760064549017,-1.3877787807814457e-16,0.3451658654057426,-6.4969330911254484e-09,2.1610432736101424,-4.263544442495437e-08,acf_or_spectral,0.8826530132000793
wave,0.1,202,1,0,0.16002271324396133,0.33639283383767377,-0.006229718652454978,2.5362153227698907,0.011261176321597732,0.9,0.0,0.31622776601683794,0.0,0.3452376210140382,0.0,2.1575760064549017,-1.3877787807814457e-16,0.3451658654057426,-6.4969330911254484e-09,2.1610432736101424,-4.263544442495437e-08,acf_or_spectral,0.9977366251413964
wave,0.1,202,1,1,0.2594773229211569,0.3265530487209284,-0.003863150199606353,2.609652326533619,0.0766493637053674,0.9,0.0,0.31622776601683794,0.0,0.3452376210140382,0.0,2.1575760064549017,-1.3877787807814457e-16,0.3451658654057426,-6.4969330911254484e-09,2.1610432736101424,-4.263544442495437e-08,no_fit,0.970834417120352
wave,0.1,202,1,2,0.008410627488046885,0.3270236177261865,0.005874748418256034,2.815604233220085,0.06339084642435067,0.9,0.0,0.31622776601683794,0.0,0.3452376210140382,0.0,2.1575760064549017,-1.3877787807814457e-16,0.3451658654057426,-6.4969330911254484e-09,2.1610432736101424,-4.263544442495437e-08,no_fit,0.8427066838000044
wave,0.1,202,1,3,0.27306524850428104,0.33319756856729443,0.017695604744109965,2.5508969758555957,0.04544999413338774,0.9,0.0,0.31622776601683794,0.0,0.3452376210140382,0.0,2.1575760064549017,-1.3877787807814457e-16,0.3451658654057426,-6.4969330911254484e-09,2.1610432736101424,-4.263544442495437e-08,acf_or_spectral,0.9715306812222968
wave,0.1,202,2,0,0.10798649676144123,0.3318955610344322,-0.01004331007906645,2.590259443480832,-0.03574229110440008,0.9,0.0,0.31622776601683794,0.0,0.3452376210140382,0.0,2.1575760064549017,-1.3877787807814457e-16,0.3451658654057426,-6.4969330911254484e-09,2.1610432736101424,-4.263544442495437e-08,no_fit,0.9905922997867684
wave,0.1,202,2,1,0.1734650582075119,0.33898665177024395,-0.006076486566939615,2.45636338005836,-0.011812622803643924,0.9,0.0,0.31622776601683794,0.0,0.3452376210140382,0.0,2.1575760064549017,-1.3877787807814457e-16,0.3451658654057426,-6.4969330911254484e-09,2.1610432736101424,-4.263544442495437e-08,acf_or_spectral,0.9974559082776752
wave,0.1,202,2,2,0.1478831684216857,0.3349410079776592,-0.008555292030718635,2.557787330567375,-0.04747725089618193,0.9,0.0,0.31622776601683794,0.0,0.3452376210140382,0.0,2.1575760064549017,-1.3877787807814457e-16,0.3451658654057426,-6.4969330911254484e-09,2.1610432736101424,-4.263544442495437e-08,acf_or_spectral,0.998034003908584
wave,0.1,202,2,3,0.1396437445655465,0.3352537698002698,-0.004448734240208502,2.5398158515141427,-0.034536208492589926,0.9,0.0,0.31622776601683794,0.0,0.3452376210140382,0.0,2.1575760064549017,-1.3877787807814457e-16,0.3451658654057426,-6.4969330911254484e-09,2.1610432736101424,-4.263544442495437e-08,acf_or_spectral,0.9976635313514716
wave,0.1,202,3,0,0.1143325176090002,0.32884970120131324,0.0028340139299532566,2.6732798572966567,0.020578778045995172,0.9,0.0,0.31622776601683794,0.0,0.3452376210140382,0.0,2.1575760064549017,-1.3877787807814457e-16,0.3451658654057426,-6.4969330911254484e-09,2.1610432736101424,-4.263544442495437e-08,no_fit,0.9989470108460624
wave,0.1,202,3,1,0.11251090001314878,0.33636928914865716,-0.0013400366251419466,2.559335029869917,0.007523264729432433,0.9,0.0,0.31622776601683794,0.0,0.3452376210140382,0.0,2.1575760064549017,-1.3877787807814457e-16,0.3451658654057426,-6.4969330911254484e-09,2.1610432736101424,-4.263544442495437e-08,acf_or_spectral,0.9959491518394886
wave,0.1,202,3,2,0.058499579317867756,0.3231592397671067,-0.025033791847268803,2.7100404612081417,-0.1442168233250064,0.9,0.0,0.31622776601683794,0.0,0.3452376210140382,0.0,2.1575760064549017,-1.3877787807814457e-16,0.3451658654057426,-6.4969330911254484e-09,2.1610432736101424,-4.263544442495437e-08,no_fit,0.9788777848902516
wave,0.1,202,3,3,0.04093817085959017,0.3171066571040857,-0.03717913488426313,2.898268434959597,-0.26685874252014496,0.9,0.0,0.31622776601683794,0.0,0.3452376210140382,0.0,2.1575760064549017,-1.3877787807814457e-16,0.3451658654057426,-6.4969330911254484e-09,2.1610432736101424,-4.263544442495437e-08,no_fit,0.9666009447026866
wave,0.1,203,0,0,0.05833280808292329,0.3616898856796891,-0.003317670680058779,2.038827570863021,0.03388778086448799,0.9,0.0,0.31622776601683794,0.0,0.3452376210140382,0.0,2.1575760064549017,-1.3877787807814457e-16,0.3451658654057426,-6.4969330911254484e-09,2.1610432736101424,-4.263544442495437e-08,acf_or_spectral,0.8995416374589119
wave,0.1,203,0,1,0.11735440045595169,0.32716275390879,0.004756258493065894,2.7089957177655033,-0.005282277850714778,0.9,0.0,0.31622776601683794,0.0,0.3452376210140382,0.0,2.1575760064549017,-1.3877787807814457e-16,0.3451658654057426,-6.4969330911254484e-09,2.1610432736101424,-4.263544442495437e-08,no_fit,0.990178870411284
wave,0.1,203,0,2,0.08768758736550808,0.32171279263216673,-0.022444045436718792,2.7227545381788483,-0.08895132571877318,0.9,0.0,0.31622776601683794,0.0,0.3452376210140382,0.0,2.1575760064549017,-1.3877787807814457e-16,0.3451658654057426,-6.4969330911254484e-09,2.1610432736101424,-4.263544442495437e-08,no_fit,0.8495578146365111
wave,0.1,203,0,3,0.3541514379903674,0.29377919710142625,0.0022940553150229406,3.3168599855043497,-0.026468498226632664,0.9,0.0,0.31622776601683794,0.0,0.3452376210140382,0.0,2.1575760064549017,-1.3877787807814457e-16,0.3451658654057426,-6.4969330911254484e-09,2.1610432736101424,-4.263544442495437e-08,no_fit,0.7206973237775135
wave,0.1,203,1,0,0.16222229972481728,0.3415043584426538,-0.004465720091870876,2.4274885586417403,-0.019048669600851775,0.9,0.0,0.31622776601683794,0.0,0.3452376210140382,0.0,2.1575760064549017,-1.3877787807814457e-16,0.3451658654057426,-6.4969330911254484e-09,2.1610432736101424,-4.263544442495437e-08,acf_or_spectral,0.9893019602013516
wave,0.1,203,1,1,0.12939263507723808,0.32094437401134357,-0.020354448203335918,2.892183325816269,-0.12254678622016735,0.9,0.0,0.31622776601683794,0.0,0.3452376210140382,0.0,2.1575760064549017,-1.3877787807814457e-16,0.3451658654057426,-6.4969330911254484e-09,2.1610432736101424,-4.263544442495437e-08,no_fit,0.9408019158832605
wave,0.1,203,1,2,0.1981749590486288,0.3306746135680666,-0.00905304122055147,2.612352615675469,-0.08239242280966153,0.9,0.0,0.31622776601683794,0.0,0.3452376210140382,0.0,2.1575760064549017,-1.3877787807814457e-16,0.3451658654057426,-6.4969330911254484e-09,2.1610432736101424,-4.263544442495437e-08,no_fit,0.9733970800668564
wave,0.1,203,1,3,0.20072999969124794,0.33013594965511167,-0.000543633550168243,2.685808176204219,0.0964228379132741,0.9,0.0,0.31622776601683794,0.0,0.3452376210140382,0.0,2.1575760064549017,-1.3877787807814457e-16,0.3451658654057426,-6.4969330911254484e-09,2.1610432736101424,-4.263544442495437e-08,no_fit,0.973868730286828
wave,0.1,203,2,0,0.1429904280230403,0.3336281811100724,-0.01732561006738091,2.606407213981258,-0.10424026792153446,0.9,0.0,0.31622776601683794,0.0,0.3452376210140382,0.0,2.1575760064549017,-1.3877787807814457e-16,0.3451658654057426,-6.4969330911254484e-09,2.1610432736101424,-4.263544442495437e-08,no_fit,0.9993416166898672
wave,0.1,203,2,1,0.11242684256285429,0.32904086973166286,0.004723599273732838,2.6875061411676486,0.02906132763641389,0.9,0.0,0.31622776601683794,0.0,0.3452376210140382,0.0,2.1575760064549017,-1.3877787807814457e-16,0.3451658654057426,-6.4969330911254484e-09,2.1610432736101424,-4.263544442495437e-08,no_fit,0.9986894068005944
wave,0.1,203,2,2,0.13227324560284615,0.3295387628978407,-0.0004406971684058868,2.6342459358832975,-0.023689069784294137,0.9,0.0,0.31622776601683794,0.0,0.3452376210140382,0.0,2.1575760064549017,-1.3877787807814457e-16,0.3451658654057426,-6.4969330911254484e-09,2.1610432736101424,-4.263544442495437e-08,no_fit,0.9992364562694211
wave,0.1,203,2,3,0.14767086505889893,0.3359397509818763,-0.012017958468349655,2.584457192079934,-0.03692151754627426,0.9,0.0,0.31622776601683794,0.0,0.3452376210140382,0.0,2.1575760064549017,-1.3877787807814457e-16,0.3451658654057426,-6.4969330911254484e-09,2.1610432736101424,-4.263544442495437e-08,no_fit,0.9981448251907856
wave,0.1,203,3,0,0.007674737018533051,0.3490538574403954,0.04644276007497358,2.8394484379861855,0.20612330990825112,0.9,0.0,0.31622776601683794,0.0,0.3452376210140382,0.0,2.1575760064549017,-1.3877787807814457e-16,0.3451658654057426,-6.4969330911254484e-09,2.1610432736101424,-4.263544442495437e-08,no_fit,0.8564476128900586
wave,0.1,203,3,1,0.06048892252147198,0.3216041544801954,0.0022220258426403298,2.9100812346208844,-0.06503969869753845,0.9,0.0,0.31622776601683794,0.0,0.3452376210140382,0.0,2.1575760064549017,-1.3877787807814457e-16,0.3451658654057426,-6.4969330911254484e-09,2.1610432736101424,-4.263544442495437e-08,no_fit,0.9532667098355512
wave,0.1,203,3,2,0.10808018315583467,0.33182839365303113,-0.008880215048903,2.613513519732481,-0.007850550002868162,0.9,0.0,0.31622776601683794,0.0,0.3452376210140382,0.0,2.1575760064549017,-1.3877787807814457e-16,0.3451658654057426,-6.4969330911254484e-09,2.1610432736101424,-4.263544442495437e-08,no_fit,0.9956518322354106
wave,0.1,203,3,3,0.06750561809167266,0.3340133705985364,-0.019874677114692728,2.6197410747638776,-0.1003840378773651,0.9,0.0,0.31622776601683794,0.0,0.3452376210140382,0.0,2.1575760064549017,-1.3877787807814457e-16,0.3451658654057426,-6.4969330911254484e-09,2.1610432736101424,-4.263544442495437e-08,no_fit,0.9527427617137036
wave,0.1,204,0,0,0.15044571459293365,0.3175811414607792,0.005492372791745224,2.6907257268687883,-0.003320165148593568,0.9,0.0,0.31622776601683794,0.0,0.3452376210140382,0.0,2.1575760064549017,-1.3877787807814457e-16,0.3451658654057426,-6.4969330911254484e-09,2.1610432736101424,-4.263544442495437e-08,no_fit,0.9969281409408876
wave,0.1,204,0,1,0.2657994031906128,0.3240943350411619,-0.002909546442142755,2.703577122345851,0.14102139812673276,0.9,0.0,0.31622776601683794,0.0,0.3452376210140382,0.0,2.1575760064549017,-1.3877787807814457e-16,0.3451658654057426,-6.4969330911254484e-09,2.1610432736101424,-4.263544442495437e-08,no_fit,0.9685944414993654
wave,0.1,204,0,2,0.32843029871582985,0.3245458475719832,-0.00969676100708045,2.74815273745667,0.08085006866367439,0.9,0.0,0.31622776601683794,0.0,0.3452376210140382,0.0,2.1575760064549017,-1.3877787807814457e-16,0.3451658654057426,-6.4969330911254484e-09,2.1610432736101424,-4.263544442495437e-08,no_fit,0.93423376109244
wave,0.1,204,0,3,0.0945864082314074,0.32393414765563,-0.01044501874543264,2.9209514748451855,0.060123295387398024,0.9,0.0,0.31622776601683794,0.0,0.3452376210140382,0.0,2.1575760064549017,-1.3877787807814457e-16,0.3451658654057426,-6.4969330911254484e-09,2.1610432736101424,-4.263544442495437e-08,no_fit,0.9480638440469046
wave,0.1,204,1,0,0.009924348094500601,0.3241910504954705,-0.035344857457898046,2.8731893747246775,-0.1479950891442755,0.9,0.0,0.31622776601683794,0.0,0.3452376210140382,0.0,2.1575760064549017,-1.3877787807814457e-16,0.3451658654057426,-6.4969330911254484e-09,2.1610432736101424,-4.263544442495437e-08,no_fit,0.8540720621049832
wave,0.1,204,1,1,0.1507334653288126,0.3291647403562872,0.029311638236949867,2.578716715764717,0.048054658116580884,0.9,0.0,0.31622776601683794,0.0,0.3452376210140382,0.0,2.1575760064549017,-1.3877787807814457e-16,0.3451658654057426,-6.4969330911254484e-09,2.1610432736101424,-4.263544442495437e-08,no_fit,0.998631621476475
wave,0.1,204,1,2,0.10821151174604893,0.33454692910342226,0.006547168488625651,2.5972333354852113,-0.018444335891593,0.9,0.0,0.31622776601683794,0.0,0.3452376210140382,0.0,2.1575760064549017,-1.3877787807814457e-16,0.3451658654057426,-6.4969330911254484e-09,2.1610432736101424,-4.263544442495437e-08,no_fit,0.9894755442109896
wave,0.1,204,1,3,0.20421055518090725,0.32918656272629343,-0.016527729740031468,2.623737944760296,-0.13844383238968283,0.9,0.0,0.31622776601683794,0.0,0.3452376210140382,0.0,2.1575760064549017,-1.3877787807814457e-16,0.3451658654057426,-6.4969330911254484e-09,2.1610432736101424,-4.263544442495437e-08,no_fit,0.9818022666889596
wave,0.1,204,2,0,0.0849994607269764,0.33033374734477794,0.0071554330706961,2.6815302214879906,0.10580886448530669,0.9,0.0,0.31622776601683794,0.0,0.3452376210140382,0.0,2.1575760064549017,-1.3877787807814457e-16,0.3451658654057426,-6.4969330911254484e-09,2.1610432736101424,-4.263544442495437e-08,no_fit,0.9872944379030826
wave,0.1,204,2,1,0.09202637895941734,0.32958870721339895,0.005660481102169081,2.640522076663357,0.08139433917376426,0.9,0.0,0.31622776601683794,0.0,0.3452376210140382,0.0,2.1575760064549017,-1.3877787807814457e-16,0.3451658654057426,-6.4969330911254484e-09,2.1610432736101424,-4.263544442495437e-08,no_fit,0.9911825986320776
wave,0.1,204,2,2,0.15077359043061733,0.3336629155606941,-0.008097329107792862,2.5785550247947366,-0.0498026491873495,0.9,0.0,0.31622776601683794,0.0,0.3452376210140382,0.0,2.1575760064549017,-1.3877787807814457e-16,0.3451658654057426,-6.4969330911254484e-09,2.1610432736101424,-4.263544442495437e-08,no_fit,0.99905103227561
wave,0.1,204,2,3,0.1498470176011324,0.3325406404091966,-0.0027544056579387275,2.585172039110324,0.03584891975307675,0.9,0.0,0.31622776601683794,0.0,0.3452376210140382,0.0,2.1575760064549017,-1.3877787807814457e-16,0.3451658654057426,-6.4969330911254484e-09,2.1610432736101424,-4.263544442495437e-08,no_fit,0.9989452043633176
wave,0.1,204,3,0,0.11195778660476208,0.3312677813884736,0.011907738262349268,2.621189477061127,0.10752285108664539,0.9,0.0,0.31622776601683794,0.0,0.3452376210140382,0.0,2.1575760064549017,-1.3877787807814457e-16,0.3451658654057426,-6.4969330911254484e-09,2.1610432736101424,-4.263544442495437e-08,no_fit,0.9980933609988908
wave,0.1,204,3,1,0.09742878749966621,0.33582218053640195,-0.0040002554008902,2.5261936779966563,-0.01641536926391174,0.9,0.0,0.31622776601683794,0.0,0.3452376210140382,0.0,2.1575760064549017,-1.3877787807814457e-16,0.3451658654057426,-6.4969330911254484e-09,2.1610432736101424,-4.263544442495437e-08,acf_or_spectral,0.988484907802121
wave,0.1,204,3,2,0.059578385669738054,0.3311631037733048,-0.03423636646778619,2.7297751513646515,-0.1765995908400551,0.9,0.0,0.31622776601683794,0.0,0.3452376210140382,0.0,2.1575760064549017,-1.3877787807814457e-16,0.3451658654057426,-6.4969330911254484e-09,2.1610432736101424,-4.263544442495437e-08,no_fit,0.9869288797810114
wave,0.1,204,3,3,0.03363872808404267,0.3320718521524348,0.021474391522666263,2.8108608774657458,0.12548313060554983,0.9,0.0,0.31622776601683794,0.0,0.3452376210140382,0.0,2.1575760064549017,-1.3877787807814457e-16,0.3451658654057426,-6.4969330911254484e-09,2.1610432736101424,-4.263544442495437e-08,no_fit,0.9651189849404724
wave,0.1,205,0,0,0.07736691646277905,0.3530208686738233,0.042367087151142374,2.3597284001701415,0.08995771191225777,0.9,0.0,0.31622776601683794,0.0,0.3452376210140382,0.0,2.1575760064549017,-1.3877787807814457e-16,0.3451658654057426,-6.4969330911254484e-09,2.1610432736101424,-4.263544442495437e-08,acf_or_spectral,0.9775962551854064
wave,0.1,205,0,1,0.40934524685144424,0.2910907810682921,-0.004554517180400051,3.1406839202440704,0.03930392076545419,0.9,0.0,0.31622776601683794,0.0,0.3452376210140382,0.0,2.1575760064549017,-1.3877787807814457e-16,0.3451658654057426,-6.4969330911254484e-09,2.1610432736101424,-4.263544442495437e-08,no_fit,0.8315575403927382
wave,0.1,205,0,2,0.2845704387873411,0.3346318550306809,-0.002471873443843882,2.61446551497384,0.11975082130991321,0.9,0.0,0.31622776601683794,0.0,0.3452376210140382,0.0,2.1575760064549017,-1.3877787807814457e-16,0.3451658654057426,-6.4969330911254484e-09,2.1610432736101424,-4.263544442495437e-08,no_fit,0.9590562784489997
wave,0.1,205,0,3,0.102350989356637,0.32644289899552714,-0.02301719697254674,2.734558657534915,-0.20546932116603778,0.9,0.0,0.31622776601683794,0.0,0.3452376210140382,0.0,2.1575760064549017,-1.3877787807814457e-16,0.3451658654057426,-6.4969330911254484e-09,2.1610432736101424,-4.263544442495437e-08,no_fit,0.9941860208535764
wave,0.1,205,1,0,0.31104569509625435,0.32989875589272616,0.012206971319264558,2.6533009591280137,0.019010202119048192,0.9,0.0,0.31622776601683794,0.0,0.3452376210140382,0.0,2.1575760064549017,-1.3877787807814457e-16,0.3451658654057426,-6.4969330911254484e-09,2.1610432736101424,-4.263544442495437e-08,no_fit,0.8929791098610561
wave,0.1,205,1,1,0.11423806753009558,0.33968784509599015,0.002658993274287258,2.495474360889989,-0.08145492851990543,0.9,0.0,0.31622776601683794,0.0,0.3452376210140382,0.0,2.1575760064549017,-1.3877787807814457e-16,0.3451658654057426,-6.4969330911254484e-09,2.1610432736101424,-4.263544442495437e-08,acf_or_spectral,0.9901136911534572
wave,0.1,205,1,2,0.10241551976650953,0.33632767457334656,0.01615708246999229,2.5933059718742384,0.05864320661715011,0.9,0.0,0.31622776601683794,0.0,0.3452376210140382,0.0,2.1575760064549017,-1.3877787807814457e-16,0.3451658654057426,-6.4969330911254484e-09,2.1610432736101424,-4.263544442495437e-08,no_fit,0.9940452787912828
wave,0.1,205,1,3,0.01278332166839391,0.331093532655644,-0.001719142756721599,2.6970913696888856,0.023144319028348237,0.9,0.0,0.31622776601683794,0.0,0.3452376210140382,0.0,2.1575760064549017,-1.3877787807814457e-16,0.3451658654057426,-6.4969330911254484e-09,2.1610432736101424,-4.263544442495437e-08,no_fit,0.8511121742441553
wave,0.1,205,2,0,0.1378707466647029,0.3364114924247245,0.005248090588134449,2.5161474181028276,0.0011335769746097513,0.9,0.0,0.31622776601683794,0.0,0.3452376210140382,0.0,2.1575760064549017,-1.3877787807814457e-16,0.3451658654057426,-6.4969330911254484e-09,2.1610432736101424,-4.263544442495437e-08,acf_or_spectral,0.9965130602461468
wave,0.1,205,2,1,0.1452642884105444,0.33022177242266576,-0.013840226414660125,2.7018838354125903,-0.013552600175736895,0.9,0.0,0.31622776601683794,0.0,0.3452376210140382,0.0,2.1575760064549017,-1.3877787807814457e-16,0.3451658654057426,-6.4969330911254484e-09,2.1610432736101424,-4.263544442495437e-08,no_fit,0.9949368633132428
wave,0.1,205,2,2,0.0418184797745198,0.3244368927593882,-0.030286853357694477,2.9418548319315905,-0.09635733015009251,0.9,0.0,0.31622776601683794,0.0,0.3452376210140382,0.0,2.1575760064549017,-1.3877787807814457e-16,0.3451658654057426,-6.4969330911254484e-09,2.1610432736101424,-4.263544442495437e-08,no_fit,0.9216999206840768
wave,0.1,205,2,3,0.11822347994893789,0.3337553178721208,0.0029418791200917773,2.5674946375211696,-0.0025240919054876354,0.9,0.0,0.31622776601683794,0.0,0.3452376210140382,0.0,2.1575760064549017,-1.3877787807814457e-16,0.3451658654057426,-6.4969330911254484e-09,2.1610432736101424,-4.263544442495437e-08,no_fit,0.998007027977192
wave,0.1,205,3,0,0.13581250794231892,0.33311625583018245,0.0022633976171967767,2.6076484903658432,-0.014964577685824598,0.9,0.0,0.31622776601683794,0.0,0.3452376210140382,0.0,2.1575760064549017,-1.3877787807814457e-16,0.3451658654057426,-6.4969330911254484e-09,2.1610432736101424,-4.263544442495437e-08,no_fit,0.9995735782400492
wave,0.1,205,3,1,0.06657919567078352,0.3285267076469888,0.0020320392886787088,2.741652763164489,0.02524015382702882,0.9,0.0,0.31622776601683794,0.0,0.3452376210140382,0.0,2.1575760064549017,-1.3877787807814457e-16,0.3451658654057426,-6.4969330911254484e-09,2.1610432736101424,-4.263544442495437e-08,no_fit,0.985922489212232
wave,0.1,205,3,2,0.08993775025010109,0.3331852663634181,-0.005349848719588845,2.6116559456141872,-0.00967615962916163,0.9,0.0,0.31622776601683794,0.0,0.3452376210140382,0.0,2.1575760064549017,-1.3877787807814457e-16,0.3451658654057426,-6.4969330911254484e-09,2.1610432736101424,-4.263544442495437e-08,no_fit,0.9923050322126516
wave,0.1,205,3,3,0.11214922647923231,0.33037777444714594,0.0030392374593316137,2.6141314556666266,0.014938865912000998,0.9,0.0,0.31622776601683794,0.0,0.3452376210140382,0.0,2.1575760064549017,-1.3877787807814457e-16,0.3451658654057426,-6.4969330911254484e-09,2.1610432736101424,-4.263544442495437e-08,no_fit,0.9973305992126618
wave,0.1,206,0,0,0.4823222942650318,0.32263483338107324,-0.010343752387161134,2.700815029307835,-0.018322413953768546,0.9,0.0,0.31622776601683794,0.0,0.3452376210140382,0.0,2.1575760064549017,-1.3877787807814457e-16,0.3451658654057426,-6.4969330911254484e-09,2.1610432736101424,-4.263544442495437e-08,no_fit,0.8491608530484938
wave,0.1,206,0,1,0.1215910529717803,0.3208919795408554,0.004777149640264589,2.6851527003043043,-0.027501489976833993,0.9,0.0,0.31622776601683794,0.0,0.3452376210140382,0.0,2.1575760064549017,-1.3877787807814457e-16,0.3451658654057426,-6.4969330911254484e-09,2.1610432736101424,-4.263544442495437e-08,no_fit,0.9986551183812976
wave,0.1,206,0,2,0.04556217696517706,0.34095638946965534,-0.003174320426690638,2.4368327676402286,-0.014947442373336617,0.9,0.0,0.31622776601683794,0.0,0.3452376210140382,0.0,2.1575760064549017,-1.3877787807814457e-16,0.3451658654057426,-6.4969330911254484e-09,2.1610432736101424,-4.263544442495437e-08,acf_or_spectral,0.8733372631044487
wave,0.1,206,0,3,0.155359560623765,0.3352737105239354,0.02442726265125603,2.5217155531206115,0.009594460024945406,0.9,0.0,0.31622776601683794,0.0,0.3452376210140382,0.0,2.1575760064549017,-1.3877787807814457e-16,0.3451658654057426,-6.4969330911254484e-09,2.1610432736101424,-4.263544442495437e-08,acf_or_spectral,0.9972054617524032
wave,0.1,206,1,0,0.12468987423926592,0.33218443603601505,-0.004378832534320295,2.590269523662946,0.002067360436084964,0.9,0.0,0.31622776601683794,0.0,0.3452376210140382,0.0,2.1575760064549017,-1.3877787807814457e-16,0.3451658654057426,-6.4969330911254484e-09,2.1610432736101424,-4.263544442495437e-08,no_fit,0.9924570678864556
wave,0.1,206,1,1,0.1315294997766614,0.33171999924291257,-0.01070400502935148,2.6938491944829774,-0.015808894401617035,0.9,0.0,0.31622776601683794,0.0,0.3452376210140382,0.0,2.1575760064549017,-1.3877787807814457e-16,0.3451658654057426,-6.4969330911254484e-09,2.1610432736101424,-4.263544442495437e-08,no_fit,0.995529665799939
wave,0.1,206,1,2,0.06322946911677718,0.3446256915263209,0.014748563787603182,2.362772849135674,0.05737152830780068,0.9,0.0,0.31622776601683794,0.0,0.3452376210140382,0.0,2.1575760064549017,-1.3877787807814457e-16,0.3451658654057426,-6.4969330911254484e-09,2.1610432736101424,-4.263544442495437e-08,acf_or_spectral,0.9120688395701828
wave,0.1,206,1,3,0.23974395170807838,0.33674552834872545,-0.014687044653732453,2.5662397203947918,-0.029522656528566116,0.9,0.0,0.31622776601683794,0.0,0.3452376210140382,0.0,2.1575760064549017,-1.3877787807814457e-16,0.3451658654057426,-6.4969330911254484e-09,2.1610432736101424,-4.263544442495437e-08,no_fit,0.9505077245992584
wave,0.1,206,2,0,0.02551548113115132,0.32720392666239,0.0666993712278152,2.8481435006705524,0.269539490476147,0.9,0.0,0.31622776601683794,0.0,0.3452376210140382,0.0,2.1575760064549017,-1.3877787807814457e-16,0.3451658654057426,-6.4969330911254484e-09,2.1610432736101424,-4.263544442495437e-08,no_fit,0.8879196924151648
wave,0.1,206,2,1,0.1363287791609764,0.3358485718606402,0.001965481439864249,2.5978030444918088,0.051923792333030794,0.9,0.0,0.31622776601683794,0.0,0.3452376210140382,0.0,2.1575760064549017,-1.3877787807814457e-16,0.3451658654057426,-6.4969330911254484e-09,2.1610432736101424,-4.263544442495437e-08,no_fit,0.9995524315426384
wave,0.1,206,2,2,0.06544203963130713,0.326381051319983,0.01731721538217016,2.6979256549256614,0.06617542971818358,0.9,0.0,0.31622776601683794,0.0,0.3452376210140382,0.0,2.1575760064549017,-1.3877787807814457e-16,0.3451658654057426,-6.4969330911254484e-09,2.1610432736101424,-4.263544442495437e-08,no_fit,0.9755055295488384
wave,0.1,206,2,3,0.09182872343808413,0.33377186002784115,0.02119085414002183,2.6028303166724016,0.11760149997858516,0.9,0.0,0.31622776601683794,0.0,0.3452376210140382,0.0,2.1575760064549017,-1.3877787807814457e-16,0.3451658654057426,-6.4969330911254484e-09,2.1610432736101424,-4.263544442495437e-08,no_fit,0.9855835509172582
wave,0.1,206,3,0,0.07445901166647673,0.3274589927641101,0.013132329353889818,2.6934577420006893,0.04974777596254043,0.9,0.0,0.31622776601683794,0.0,0.3452376210140382,0.0,2.1575760064549017,-1.3877787807814457e-16,0.3451658654057426,-6.4969330911254484e-09,2.1610432736101424,-4.263544442495437e-08,no_fit,0.9921832654785454
wave,0.1,206,3,1,0.0535727278329432,0.3215983477943874,-0.0283215535588551,2.79703979467485,-0.149805552199185,0.9,0.0,0.31622776601683794,0.0,0.3452376210140382,0.0,2.1575760064549017,-1.3877787807814457e-16,0.3451658654057426,-6.4969330911254484e-09,2.1610432736101424,-4.263544442495437e-08,no_fit,0.9845743264278428
wave,0.1,206,3,2,0.11822747252881527,0.3316200721878387,0.0024460130195551122,2.635946399146708,-0.0008342616692850746,0.9,0.0,0.31622776601683794,0.0,0.3452376210140382,0.0,2.1575760064549017,-1.3877787807814457e-16,0.3451658654057426,-6.4969330911254484e-09,2.1610432736101424,-4.263544442495437e-08,no_fit,0.997969822196125
wave,0.1,206,3,3,0.08292610198259354,0.3255984598358695,-0.014039860721685511,2.7240167897273886,-0.04660762525007511,0.9,0.0,0.31622776601683794,0.0,0.3452376210140382,0.0,2.1575760064549017,-1.3877787807814457e-16,0.3451658654057426,-6.4969330911254484e-09,2.1610432736101424,-4.263544442495437e-08,no_fit,0.9940809943016624
wave,0.1,207,0,0,0.44129227846860886,0.28389205616262164,-0.009898969505783384,3.117457854672334,0.162299243817839,0.9,0.0,0.31622776601683794,0.0,0.3452376210140382,0.0,2.1575760064549017,-1.3877787807814457e-16,0.3451658654057426,-6.4969330911254484e-09,2.1610432736101424,-4.263544442495437e-08,no_fit,0.8431577711451664
wave,0.1,207,0,1,0.25068253837525845,0.32806767999444514,0.01991614636904794,2.6604435282634706,-0.054740653252047355,0.9,0.0,0.31622776601683794,0.0,0.3452376210140382,0.0,2.1575760064549017,-1.3877787807814457e-16,0.3451658654057426,-6.4969330911254484e-09,2.1610432736101424,-4.263544442495437e-08,no_fit,0.935342500969355
wave,0.1,207,0,2,0.008120096288621426,0.34114146126075584,-0.01673081186756187,2.522006781523563,-0.047427971597750807,0.9,0.0,0.31622776601683794,0.0,0.3452376210140382,0.0,2.1575760064549017,-1.3877787807814457e-16,0.3451658654057426,-6.4969330911254484e-09,2.1610432736101424,-4.263544442495437e-08,acf_or_spectral,0.768292730444726
wave,0.1,207,0,3,0.024986676638945937,0.3429754281738736,0.026208116424649135,2.3447870220332545,0.10134357236119601,0.9,0.0,0.31622776601683794,0.0,0.3452376210140382,0.0,2.1575760064549017,-1.3877787807814457e-16,0.3451658654057426,-6.4969330911254484e-09,2.1610432736101424,-4.263544442495437e-08,acf_or_spectral,0.6895141156502045
wave,0.1,207,1,0,0.12643388099968433,0.3144215113013557,0.0033010210760683867,3.0738301322489594,-0.06216352373299938,0.9,0.0,0.31622776601683794,0.0,0.3452376210140382,0.0,2.1575760064549017,-1.3877787807814457e-16,0.3451658654057426,-6.4969330911254484e-09,2.1610432736101424,-4.263544442495437e-08,no_fit,0.7880874720305591
wave,0.1,207,1,1,0.12166670523583889,0.32676193917147295,0.00642355374052406,2.7347022394800957,0.08843304618243464,0.9,0.0,0.31622776601683794,0.0,0.3452376210140382,0.0,2.1575760064549017,-1.3877787807814457e-16,0.3451658654057426,-6.4969330911254484e-09,2.1610432736101424,-4.263544442495437e-08,no_fit,0.9951077629397456
wave,0.1,207,1,2,0.040250438498333097,0.32641855303208306,0.02119027434922064,2.730275569890256,0.0952314565037442,0.9,0.0,0.31622776601683794,0.0,0.3452376210140382,0.0,2.1575760064549017,-1.3877787807814457e-16,0.3451658654057426,-6.4969330911254484e-09,2.1610432736101424,-4.263544442495437e-08,no_fit,0.9403896032438488
wave,0.1,207,1,3,0.10632046218961477,0.3232839126482473,-0.03255744240617127,2.8436613623571434,-0.143283547940265,0.9,0.0,0.31622776601683794,0.0,0.3452376210140382,0.0,2.1575760064549017,-1.3877787807814457e-16,0.3451658654057426,-6.4969330911254484e-09,2.1610432736101424,-4.263544442495437e-08,no_fit,0.972915365731784
wave,0.1,207,2,0,0.14930434897542,0.33525284763317187,-0.01455934706285738,2.5334864842077827,-0.050576865483336286,0.9,0.0,0.31622776601683794,0.0,0.3452376210140382,0.0,2.1575760064549017,-1.3877787807814457e-16,0.3451658654057426,-6.4969330911254484e-09,2.1610432736101424,-4.263544442495437e-08,acf_or_spectral,0.9987270937205364
wave,0.1,207,2,1,0.16300959419459105,0.3385579512546342,-0.0018561657158590245,2.478788930725991,-0.02304284381887206,0.9,0.0,0.31622776601683794,0.0,0.3452376210140382,0.0,2.1575760064549017,-1.3877787807814457e-16,0.3451658654057426,-6.4969330911254484e-09,2.1610432736101424,-4.263544442495437e-08,acf_or_spectral,0.9975738539501964
wave,0.1,207,2,2,0.14106683433055878,0.336393136237547,-0.010125329243839009,2.497422860959056,0.0019172062257344913,0.9,0.0,0.31622776601683794,0.0,0.3452376210140382,0.0,2.1575760064549017,-1.3877787807814457e-16,0.3451658654057426,-6.4969330911254484e-09,2.1610432736101424,-4.263544442495437e-08,acf_or_spectral,0.9979290439364747
wave,0.1,207,2,3,0.1609176155179739,0.3380473264930336,-0.018663477423021355,2.506226443094,-0.0570893687165685,0.9,0.0,0.31622776601683794,0.0,0.3452376210140382,0.0,2.1575760064549017,-1.3877787807814457e-16,0.3451658654057426,-6.4969330911254484e-09,2.1610432736101424,-4.263544442495437e-08,acf_or_spectral,0.9986307776864892
wave,0.1,207,3,0,0.09466572012752295,0.32911821102012434,-0.005869998910313138,2.675282425698059,-0.015072504728468772,0.9,0.0,0.31622776601683794,0.0,0.3452376210140382,0.0,2.1575760064549017,-1.3877787807814457e-16,0.3451658654057426,-6.4969330911254484e-09,2.1610432736101424,-4.263544442495437e-08,no_fit,0.9954769345400556
wave,0.1,207,3,1,0.1380522781983018,0.33437855156877616,0.004922012543931222,2.5754923956965436,0.0311200502211037,0.9,0.0,0.31622776601683794,0.0,0.3452376210140382,0.0,2.1575760064549017,-1.3877787807814457e-16,0.3451658654057426,-6.4969330911254484e-09,2.1610432736101424,-4.263544442495437e-08,no_fit,0.99903739242954
wave,0.1,207,3,2,0.11259477026760578,0.3276669364836151,-0.006301795412346488,2.6930730807397962,-0.017414696526023565,0.9,0.0,0.31622776601683794,0.0,0.3452376210140382,0.0,2.1575760064549017,-1.3877787807814457e-16,0.3451658654057426,-6.4969330911254484e-09,2.1610432736101424,-4.263544442495437e-08,no_fit,0.9977895466048716
wave,0.1,207,3,3,0.13585310708731413,0.3385918346309917,-0.0009081420679042124,2.510207031642609,0.01154808095963411,0.9,0.0,0.31622776601683794,0.0,0.3452376210140382,0.0,2.1575760064549017,-1.3877787807814457e-16,0.3451658654057426,-6.4969330911254484e-09,2.1610432736101424,-4.263544442495437e-08,acf_or_spectral,0.9977003313918092
wave,0.1,208,0,0,0.05629436764866114,0.3480121857295473,0.10314250196342205,2.365221721445335,0.27763096536842363,0.9,0.0,0.31622776601683794,0.0,0.3452376210140382,0.0,2.1575760064549017,-1.3877787807814457e-16,0.3451658654057426,-6.4969330911254484e-09,2.1610432736101424,-4.263544442495437e-08,acf_or_spectral,0.922014145499904
wave,0.1,208,0,1,0.11003430746495724,0.3259397996823874,0.010957004820637469,2.8568322901814995,0.14458054875003934,0.9,0.0,0.31622776601683794,0.0,0.3452376210140382,0.0,2.1575760064549017,-1.3877787807814457e-16,0.3451658654057426,-6.4969330911254484e-09,2.1610432736101424,-4.263544442495437e-08,no_fit,0.9529133525787696
wave,0.1,208,0,2,0.1329986657947302,0.3327149573302109,0.0010396085993919562,2.491450364451942,0.04599401580729351,0.9,0.0,0.31622776601683794,0.0,0.3452376210140382,0.0,2.1575760064549017,-1.3877787807814457e-16,0.3451658654057426,-6.4969330911254484e-09,2.1610432736101424,-4.263544442495437e-08,acf_or_spectral,0.8336393677196583
wave,0.1,208,0,3,0.4195518381893635,0.28741416212050513,0.01874072729587084,3.1892414358180665,0.0002587580365428499,0.9,0.0,0.31622776601683794,0.0,0.3452376210140382,0.0,2.1575760064549017,-1.3877787807814457e-16,0.3451658654057426,-6.4969330911254484e-09,2.1610432736101424,-4.263544442495437e-08,no_fit,0.7785622704894855
wave,0.1,208,1,0,0.13238700293004513,0.3358407026109813,0.00482688452402772,2.5370204340002207,0.07295462715152584,0.9,0.0,0.31622776601683794,0.0,0.3452376210140382,0.0,2.1575760064549017,-1.3877787807814457e-16,0.3451658654057426,-6.4969330911254484e-09,2.1610432736101424,-4.263544442495437e-08,acf_or_spectral,0.9957563031451042
wave,0.1,208,1,1,0.21264032647013664,0.332216370376544,-0.0005906185221387924,2.5589061848622263,-0.07363685269304326,0.9,0.0,0.31622776601683794,0.0,0.3452376210140382,0.0,2.1575760064549017,-1.3877787807814457e-16,0.3451658654057426,-6.4969330911254484e-09,2.1610432736101424,-4.263544442495437e-08,acf_or_spectral,0.9817894834899268
wave,0.1,208,1,2,0.15477009490132332,0.3347914663549887,0.026852752895236146,2.530158371436883,0.18153337278699844,0.9,0.0,0.31622776601683794,0.0,0.3452376210140382,0.0,2.1575760064549017,-1.3877787807814457e-16,0.3451658654057426,-6.4969330911254484e-09,2.1610432736101424,-4.263544442495437e-08,acf_or_spectral,0.9975577036182176
wave,0.1,208,1,3,0.1300074588507414,0.31998850285442143,-0.007576265936945432,2.9495083274583,-0.014328313606402188,0.9,0.0,0.31622776601683794,0.0,0.3452376210140382,0.0,2.1575760064549017,-1.3877787807814457e-16,0.3451658654057426,-6.4969330911254484e-09,2.1610432736101424,-4.263544442495437e-08,no_fit,0.8805657444755398
wave,0.1,208,2,0,0.12929868418723345,0.33370186355983733,-0.007539201051857402,2.567762488136632,-0.021136851033798476,0.9,0.0,0.31622776601683794,0.0,0.3452376210140382,0.0,2.1575760064549017,-1.3877787807814457e-16,0.3451658654057426,-6.4969330911254484e-09,2.1610432736101424,-4.263544442495437e-08,no_fit,0.9993564290990308
wave,0.1,208,2,1,0.11414235085248947,0.328723210227993,-0.009319380126732273,2.68478630604301,-0.021410252150679154,0.9,0.0,0.31622776601683794,0.0,0.3452376210140382,0.0,2.1575760064549017,-1.3877787807814457e-16,0.3451658654057426,-6.4969330911254484e-09,2.1610432736101424,-4.263544442495437e-08,no_fit,0.9975986806964612
wave,0.1,208,2,2,0.1148017467930913,0.33049222967579817,0.002419069265827403,2.597888854591472,0.0220658356026337,0.9,0.0,0.31622776601683794,0.0,0.3452376210140382,0.0,2.1575760064549017,-1.3877787807814457e-16,0.3451658654057426,-6.4969330911254484e-09,2.1610432736101424,-4.263544442495437e-08,no_fit,0.9963087988945324
wave,0.1,208,2,3,0.11749467067420483,0.32827104750893255,-0.005643548429472016,2.654880984557951,-0.03405577862249348,0.9,0.0,0.31622776601683794,0.0,0.3452376210140382,0.0,2.1575760064549017,-1.3877787807814457e-16,0.3451658654057426,-6.4969330911254484e-09,2.1610432736101424,-4.263544442495437e-08,no_fit,0.9982282885442594
wave,0.1,208,3,0,0.06014473270624876,0.32862760306592775,-0.002215882924066288,2.756076206661519,0.004677700489385761,0.9,0.0,0.31622776601683794,0.0,0.3452376210140382,0.0,2.1575760064549017,-1.3877787807814457e-16,0.3451658654057426,-6.4969330911254484e-09,2.1610432736101424,-4.263544442495437e-08,no_fit,0.983756754992786
wave,0.1,208,3,1,0.17383025027811527,0.3397956107737087,0.01253154970653102,2.4537712114662424,0.0464572155589954,0.9,0.0,0.31622776601683794,0.0,0.3452376210140382,0.0,2.1575760064549017,-1.3877787807814457e-16,0.3451658654057426,-6.4969330911254484e-09,2.1610432736101424,-4.263544442495437e-08,acf_or_spectral,0.9964725861665747
wave,0.1,208,3,2,0.035803504288196564,0.3167385846739313,-0.001627340872686906,3.06170038908378,-0.016311617346084106,0.9,0.0,0.31622776601683794,0.0,0.3452376210140382,0.0,2.1575760064549017,-1.3877787807814457e-16,0.3451658654057426,-6.4969330911254484e-09,2.1610432736101424,-4.263544442495437e-08,no_fit,0.9180073704923744
wave,0.1,208,3,3,0.038687862921506166,0.3283275680460571,-0.003416760607659004,2.677500771593437,-0.03431117855969795,0.9,0.0,0.31622776601683794,0.0,0.3452376210140382,0.0,2.1575760064549017,-1.3877787807814457e-16,0.3451658654057426,-6.4969330911254484e-09,2.1610432736101424,-4.263544442495437e-08,no_fit,0.9590750368981924
wave,0.1,209,0,0,0.08872659504413605,0.3307985886382197,-0.020035747716222213,2.674749489551552,-0.11618506565210146,0.9,0.0,0.31622776601683794,0.0,0.3452376210140382,0.0,2.1575760064549017,-1.3877787807814457e-16,0.3451658654057426,-6.4969330911254484e-09,2.1610432736101424,-4.263544442495437e-08,no_fit,0.9831303362229626
wave,0.1,209,0,1,0.17326314561069012,0.33610182897846086,-0.04196571624601659,2.5810786367258842,-0.19522589903113574,0.9,0.0,0.31622776601683794,0.0,0.3452376210140382,0.0,2.1575760064549017,-1.3877787807814457e-16,0.3451658654057426,-6.4969330911254484e-09,2.1610432736101424,-4.263544442495437e-08,no_fit,0.9937865133578214
wave,0.1,209,0,2,0.36796332709491253,0.32029199403463005,0.04703897756732625,2.8033327161398827,0.11745320233697976,0.9,0.0,0.31622776601683794,0.0,0.3452376210140382,0.0,2.1575760064549017,-1.3877787807814457e-16,0.3451658654057426,-6.4969330911254484e-09,2.1610432736101424,-4.263544442495437e-08,no_fit,0.8939620427490631
wave,0.1,209,0,3,0.08865858893841505,0.3284470487703112,-0.04469683591497906,2.638594563941122,-0.058548358454809823,0.9,0.0,0.31622776601683794,0.0,0.3452376210140382,0.0,2.1575760064549017,-1.3877787807814457e-16,0.3451658654057426,-6.4969330911254484e-09,2.1610432736101424,-4.263544442495437e-08,no_fit,0.9923417476275396
wave,0.1,209,1,0,0.189302833750844,0.331738761003328,-0.012086616556902763,2.603837196636548,-0.020198947793435618,0.9,0.0,0.31622776601683794,0.0,0.3452376210140382,0.0,2.1575760064549017,-1.3877787807814457e-16,0.3451658654057426,-6.4969330911254484e-09,2.1610432736101424,-4.263544442495437e-08,no_fit,0.980671592883341
wave,0.1,209,1,1,0.11704435013234615,0.32493179896116114,0.03266775685265827,2.7724706141183466,0.05153854516047185,0.9,0.0,0.31622776601683794,0.0,0.3452376210140382,0.0,2.1575760064549017,-1.3877787807814457e-16,0.3451658654057426,-6.4969330911254484e-09,2.1610432736101424,-4.263544442495437e-08,no_fit,0.9749475613163622
wave,0.1,209,1,2,0.1298320135101676,0.3398334743854414,0.001988721057558237,2.4790057261694294,0.031018184625154988,0.9,0.0,0.31622776601683794,0.0,0.3452376210140382,0.0,2.1575760064549017,-1.3877787807814457e-16,0.3451658654057426,-6.4969330911254484e-09,2.1610432736101424,-4.263544442495437e-08,acf_or_spectral,0.9778430449768892
wave,0.1,209,1,3,0.007686738856136799,0.32954686427737667,-0.02398390071946628,2.7849091207997585,0.10603993870291095,0.9,0.0,0.31622776601683794,0.0,0.3452376210140382,0.0,2.1575760064549017,-1.3877787807814457e-16,0.3451658654057426,-6.4969330911254484e-09,2.1610432736101424,-4.263544442495437e-08,no_fit,0.8300152229421528
wave,0.1,209,2,0,0.1384436022490263,0.3329350418615151,0.004855738120951071,2.5930244818077544,0.04565306677337799,0.9,0.0,0.31622776601683794,0.0,0.3452376210140382,0.0,2.1575760064549017,-1.3877787807814457e-16,0.3451658654057426,-6.4969330911254484e-09,2.1610432736101424,-4.263544442495437e-08,no_fit,0.997432027345181
wave,0.1,209,2,1,0.14407104067504406,0.3323024706465681,0.015052971589109683,2.600485616537878,0.08160447769057333,0.9,0.0,0.31622776601683794,0.0,0.3452376210140382,0.0,2.1575760064549017,-1.3877787807814457e-16,0.3451658654057426,-6.4969330911254484e-09,2.1610432736101424,-4.263544442495437e-08,no_fit,0.999447618386204
wave,0.1,209,2,2,0.1310434127226472,0.34162740322911034,-0.005015400831420499,2.4576237893202983,-0.031040477199988536,0.9,0.0,0.31622776601683794,0.0,0.3452376210140382,0.0,2.1575760064549017,-1.3877787807814457e-16,0.3451658654057426,-6.4969330911254484e-09,2.1610432736101424,-4.263544442495437e-08,acf_or_spectral,0.99791589092374
wave,0.1,209,2,3,0.01930155698210001,0.34337575357050726,-0.04722085300112665,2.7240014727719086,-0.05385759846530436,0.9,0.0,0.31622776601683794,0.0,0.3452376210140382,0.0,2.1575760064549017,-1.3877787807814457e-16,0.3451658654057426,-6.4969330911254484e-09,2.1610432736101424,-4.263544442495437e-08,no_fit,0.9168245609276412
wave,0.1,209,3,0,0.07927974127233028,0.3300708390844327,-0.019010825828400385,2.67012588877902,-0.07298149681083221,0.9,0.0,0.31622776601683794,0.0,0.3452376210140382,0.0,2.1575760064549017,-1.3877787807814457e-16,0.3451658654057426,-6.4969330911254484e-09,2.1610432736101424,-4.263544442495437e-08,no_fit,0.9906987967635869
wave,0.1,209,3,1,0.12932773865759373,0.3261305464373457,-0.024335684639835722,2.738762148536934,-0.09284339431585298,0.9,0.0,0.31622776601683794,0.0,0.3452376210140382,0.0,2.1575760064549017,-1.3877787807814457e-16,0.3451658654057426,-6.4969330911254484e-09,2.1610432736101424,-4.263544442495437e-08,no_fit,0.98569823931659
wave,0.1,209,3,2,0.11882570385932922,0.3329377349185285,-0.008622462287566189,2.5827170835811564,-0.030571731564240923,0.9,0.0,0.31622776601683794,0.0,0.3452376210140382,0.0,2.1575760064549017,-1.3877787807814457e-16,0.3451658654057426,-6.4969330911254484e-09,2.1610432736101424,-4.263544442495437e-08,no_fit,0.9965333403128342
wave,0.1,209,3,3,0.08723435737192631,0.33089910355930163,0.0034768215898297998,2.628951604181465,0.003240783020066973,0.9,0.0,0.31622776601683794,0.0,0.3452376210140382,0.0,2.1575760064549017,-1.3877787807814457e-16,0.3451658654057426,-6.4969330911254484e-09,2.1610432736101424,-4.263544442495437e-08,no_fit,0.992618240236398
wave,0.1,210,0,0,0.3488308861851692,0.31927621742511364,0.016506844629719675,2.759900518095076,-0.04197417436219486,0.9,0.0,0.31622776601683794,0.0,0.3452376210140382,0.0,2.1575760064549017,-1.3877787807814457e-16,0.3451658654057426,-6.4969330911254484e-09,2.1610432736101424,-4.263544442495437e-08,no_fit,0.9212664609878234
wave,0.1,210,0,1,0.17854858189821243,0.3382153325714317,0.00020091430340456518,2.4899645959010646,-0.007870439821426545,0.9,0.0,0.31622776601683794,0.0,0.3452376210140382,0.0,2.1575760064549017,-1.3877787807814457e-16,0.3451658654057426,-6.4969330911254484e-09,2.1610432736101424,-4.263544442495437e-08,acf_or_spectral,0.9935353308888336
wave,0.1,210,0,2,0.055143002420663834,0.3321400714729134,-0.019430593227545655,2.673650008920729,0.07783698276832884,0.9,0.0,0.31622776601683794,0.0,0.3452376210140382,0.0,2.1575760064549017,-1.3877787807814457e-16,0.3451658654057426,-6.4969330911254484e-09,2.1610432736101424,-4.263544442495437e-08,no_fit,0.9669168751934176
wave,0.1,210,0,3,0.34326145611703396,0.3168740776886929,-0.013698095291233687,2.8481891155459236,0.03492596233992318,0.9,0.0,0.31622776601683794,0.0,0.3452376210140382,0.0,2.1575760064549017,-1.3877787807814457e-16,0.3451658654057426,-6.4969330911254484e-09,2.1610432736101424,-4.263544442495437e-08,no_fit,0.8870063534329821
wave,0.1,210,1,0,0.015238100080750883,0.327176827369492,0.0014005179114561564,2.7975127467558947,-0.025149211444169595,0.9,0.0,0.31622776601683794,0.0,0.3452376210140382,0.0,2.1575760064549017,-1.3877787807814457e-16,0.3451658654057426,-6.4969330911254484e-09,2.1610432736101424,-4.263544442495437e-08,no_fit,0.858253451274987
wave,0.1,210,1,1,0.050551775842905045,0.3661427886416543,0.026922247177518715,2.0146482563751653,0.07784337347932618,0.9,0.0,0.31622776601683794,0.0,0.3452376210140382,0.0,2.1575760064549017,-1.3877787807814457e-16,0.3451658654057426,-6.4969330911254484e-09,2.1610432736101424,-4.263544442495437e-08,acf_or_spectral,0.8030666681383303
wave,0.1,210,1,2,0.0891083013266325,0.33552864089606427,-0.08555206507564106,2.5818907291260285,-0.28447433410629747,0.9,0.0,0.31622776601683794,0.0,0.3452376210140382,0.0,2.1575760064549017,-1.3877787807814457e-16,0.3451658654057426,-6.4969330911254484e-09,2.1610432736101424,-4.263544442495437e-08,no_fit,0.9908451313685605
wave,0.1,210,1,3,0.33925987780094147,0.3072367397305222,-0.045243479510190365,2.8726524807944718,-0.11055582018895904,0.9,0.0,0.31622776601683794,0.0,0.3452376210140382,0.0,2.1575760064549017,-1.3877787807814457e-16,0.3451658654057426,-6.4969330911254484e-09,2.1610432736101424,-4.263544442495437e-08,no_fit,0.8982945018064804
wave,0.1,210,2,0,0.14400956593453884,0.33539859079957685,-0.009316332565482751,2.5241503935782332,0.003579384614385561,0.9,0.0,0.31622776601683794,0.0,0.3452376210140382,0.0,2.1575760064549017,-1.3877787807814457e-16,0.3451658654057426,-6.4969330911254484e-09,2.1610432736101424,-4.263544442495437e-08,acf_or_spectral,0.9987376014146851
wave,0.1,210,2,1,0.08964824676513672,0.331096771599699,-0.02295516791933167,2.6846690536469033,-0.14261852638679107,0.9,0.0,0.31622776601683794,0.0,0.3452376210140382,0.0,2.1575760064549017,-1.3877787807814457e-16,0.3451658654057426,-6.4969330911254484e-09,2.1610432736101424,-4.263544442495437e-08,no_fit,0.981441635757932
wave,0.1,210,2,2,0.10130074806511402,0.3249688397907725,-0.028934588285490816,2.7229645590993874,-0.0815671845903565,0.9,0.0,0.31622776601683794,0.0,0.3452376210140382,0.0,2.1575760064549017,-1.3877787807814457e-16,0.3451658654057426,-6.4969330911254484e-09,2.1610432736101424,-4.263544442495437e-08,no_fit,0.9943934314447304
wave,0.1,210,2,3,0.19608758203685284,0.34101815411022435,-0.012029623354672093,2.423667693719475,-0.0690932083438604,0.9,0.0,0.31622776601683794,0.0,0.3452376210140382,0.0,2.1575760064549017,-1.3877787807814457e-16,0.3451658654057426,-6.4969330911254484e-09,2.1610432736101424,-4.263544442495437e-08,acf_or_spectral,0.9948995661383584
wave,0.1,210,3,0,0.12628332898020744,0.33510499109256237,-0.0040194464598656745,2.549091850290054,8.304836115297087e-05,0.9,0.0,0.31622776601683794,0.0,0.3452376210140382,0.0,2.1575760064549017,-1.3877787807814457e-16,0.3451658654057426,-6.4969330911254484e-09,2.1610432736101424,-4.263544442495437e-08,acf_or_spectral,0.998465683872092
wave,0.1,210,3,1,0.09486666228622198,0.3284709862625786,0.002461993537511651,2.6870238597408416,0.0034332524368704265,0.9,0.0,0.31622776601683794,0.0,0.3452376210140382,0.0,2.1575760064549017,-1.3877787807814457e-16,0.3451658654057426,-6.4969330911254484e-09,2.1610432736101424,-4.263544442495437e-08,no_fit,0.9969069465321332
wave,0.1,210,3,2,0.12942238803952932,0.33509102361667853,0.0063622944014714135,2.555296636353601,0.041969483938871455,0.9,0.0,0.31622776601683794,0.0,0.3452376210140382,0.0,2.1575760064549017,-1.3877787807814457e-16,0.3451658654057426,-6.4969330911254484e-09,2.1610432736101424,-4.263544442495437e-08,acf_or_spectral,0.9984134365948883
wave,0.1,210,3,3,0.11650430969893932,0.33061160690673547,-0.00852953842690702,2.680827659854631,-0.018762825696037932,0.9,0.0,0.31622776601683794,0.0,0.3452376210140382,0.0,2.1575760064549017,-1.3877787807814457e-16,0.3451658654057426,-6.4969330911254484e-09,2.1610432736101424,-4.263544442495437e-08,no_fit,0.9951547196984292
wave,0.1,211,0,0,0.3485299199819565,0.3351497371540996,0.03352881828286138,2.4111853172267668,0.10033865913973933,0.9,0.0,0.31622776601683794,0.0,0.3452376210140382,0.0,2.1575760064549017,-1.3877787807814457e-16,0.3451658654057426,-6.4969330911254484e-09,2.1610432736101424,-4.263544442495437e-08,acf_or_spectral,0.8004464507782728
wave,0.1,211,0,1,0.012151751201599836,0.33430023962010047,0.025646972688250558,2.6278865112040912,-0.007511490308724278,0.9,0.0,0.31622776601683794,0.0,0.3452376210140382,0.0,2.1575760064549017,-1.3877787807814457e-16,0.3451658654057426,-6.4969330911254484e-09,2.1610432736101424,-4.263544442495437e-08,no_fit,0.8150902031384405
wave,0.1,211,0,2,0.30584372393786907,0.32844619584487617,-0.009105840280409243,2.661163592528748,0.0028797687853597265,0.9,0.0,0.31622776601683794,0.0,0.3452376210140382,0.0,2.1575760064549017,-1.3877787807814457e-16,0.3451658654057426,-6.4969330911254484e-09,2.1610432736101424,-4.263544442495437e-08,no_fit,0.9212251172490088
wave,0.1,211,0,3,0.22162196412682533,0.3312359552139522,0.0292812855389586,2.6538213549770737,-0.07881140490828625,0.9,0.0,0.31622776601683794,0.0,0.3452376210140382,0.0,2.1575760064549017,-1.3877787807814457e-16,0.3451658654057426,-6.4969330911254484e-09,2.1610432736101424,-4.263544442495437e-08,no_fit,0.9747441149869878
wave,0.1,211,1,0,0.1818656399846077,0.3320075549948896,-0.009242766758088673,2.6056605479517434,-0.06561403952945888,0.9,0.0,0.31622776601683794,0.0,0.3452376210140382,0.0,2.1575760064549017,-1.3877787807814457e-16,0.3451658654057426,-6.4969330911254484e-09,2.1610432736101424,-4.263544442495437e-08,no_fit,0.9931429011914574
wave,0.1,211,1,1,0.06452122190967202,0.3334043337028454,-0.014222945697002446,2.626858660366458,-0.07134173998666243,0.9,0.0,0.31622776601683794,0.0,0.3452376210140382,0.0,2.1575760064549017,-1.3877787807814457e-16,0.3451658654057426,-6.4969330911254484e-09,2.1610432736101424,-4.263544442495437e-08,no_fit,0.958190235153752
wave,0.1,211,1,2,0.22059503011405468,0.327802180686519,0.011446395130764316,2.7455298180728778,0.06497086427204413,0.9,0.0,0.31622776601683794,0.0,0.3452376210140382,0.0,2.1575760064549017,-1.3877787807814457e-16,0.3451658654057426,-6.4969330911254484e-09,2.1610432736101424,-4.263544442495437e-08,no_fit,0.9321528426820516
wave,0.1,211,1,3,0.19659449718892574,0.33521865564523784,-0.0002437592313029814,2.522294448489256,-0.00763463338645004,0.9,0.0,0.31622776601683794,0.0,0.3452376210140382,0.0,2.1575760064549017,-1.3877787807814457e-16,0.3451658654057426,-6.4969330911254484e-09,2.1610432736101424,-4.263544442495437e-08,acf_or_spectral,0.9931575824099682
wave,0.1,211,2,0,0.16709314659237862,0.3372823828282173,0.003354688661701834,2.4944076550170275,-0.013089559451305244,0.9,0.0,0.31622776601683794,0.0,0.3452376210140382,0.0,2.1575760064549017,-1.3877787807814457e-16,0.3451658654057426,-6.4969330911254484e-09,2.1610432736101424,-4.263544442495437e-08,acf_or_spectral,0.99762785865352
wave,0.1,211,2,1,0.07816390739753842,0.33020345505160564,-0.01985824207576774,2.7401410739123677,-0.07748790176715636,0.9,0.0,0.31622776601683794,0.0,0.3452376210140382,0.0,2.1575760064549017,-1.3877787807814457e-16,0.3451658654057426,-6.4969330911254484e-09,2.1610432736101424,-4.263544442495437e-08,no_fit,0.9644049861601036
wave,0.1,211,2,2,0.15641449578106403,0.3322212670065194,-0.015562032694110233,2.5865436354417017,-0.012786707490698823,0.9,0.0,0.31622776601683794,0.0,0.3452376210140382,0.0,2.1575760064549017,-1.3877787807814457e-16,0.3451658654057426,-6.4969330911254484e-09,2.1610432736101424,-4.263544442495437e-08,no_fit,0.9975185884601628
wave,0.1,211,2,3,0.16829704493284225,0.33663147772876684,-0.009467916993176484,2.500524115668652,0.010463324459623002,0.9,0.0,0.31622776601683794,0.0,0.3452376210140382,0.0,2.1575760064549017,-1.3877787807814457e-16,0.3451658654057426,-6.4969330911254484e-09,2.1610432736101424,-4.263544442495437e-08,acf_or_spectral,0.99743315108641
wave,0.1,211,3,0,0.10966058447957039,0.32887090764470067,-0.005680561531625331,2.6771886574420733,-0.015443702096719858,0.9,0.0,0.31622776601683794,0.0,0.3452376210140382,0.0,2.1575760064549017,-1.3877787807814457e-16,0.3451658654057426,-6.4969330911254484e-09,2.1610432736101424,-4.263544442495437e-08,no_fit,0.99774553949068
wave,0.1,211,3,1,0.08688600733876228,0.3314036388908291,0.0026590324322447382,2.629642492042613,0.019909298797317787,0.9,0.0,0.31622776601683794,0.0,0.3452376210140382,0.0,2.1575760064549017,-1.3877787807814457e-16,0.3451658654057426,-6.4969330911254484e-09,2.1610432736101424,-4.263544442495437e-08,no_fit,0.988178838115698
wave,0.1,211,3,2,0.10788156650960445,0.3270572967470315,-0.0015101128865398093,2.686300428417642,0.042413962038882924,0.9,0.0,0.31622776601683794,0.0,0.3452376210140382,0.0,2.1575760064549017,-1.3877787807814457e-16,0.3451658654057426,-6.4969330911254484e-09,2.1610432736101424,-4.263544442495437e-08,no_fit,0.9964660589893336
wave,0.1,211,3,3,0.021924039465375245,0.3200898608885384,0.018998109733704152,2.9180595983835964,0.10078677638169742,0.9,0.0,0.31622776601683794,0.0,0.3452376210140382,0.0,2.1575760064549017,-1.3877787807814457e-16,0.3451658654057426,-6.4969330911254484e-09,2.1610432736101424,-4.263544442495437e-08,no_fit,0.955698644407076
wave,0.1,212,0,0,0.030191559111699462,0.3414941745862274,-0.0616077514203778,2.6727259951178572,-0.22599031759876093,0.9,0.0,0.31622776601683794,0.0,0.3452376210140382,0.0,2.1575760064549017,-1.3877787807814457e-16,0.3451658654057426,-6.4969330911254484e-09,2.1610432736101424,-4.263544442495437e-08,no_fit,0.9653940323905664
wave,0.1,212,0,1,0.2801426164805889,0.32352929045235906,-0.0030874232482307764,2.686318594510229,-0.01855882425649047,0.9,0.0,0.31622776601683794,0.0,0.3452376210140382,0.0,2.1575760064549017,-1.3877787807814457e-16,0.3451658654057426,-6.4969330911254484e-09,2.1610432736101424,-4.263544442495437e-08,no_fit,0.9626148715224564
wave,0.1,212,0,2,0.1646866211667657,0.3530698209566843,-0.02935846150359939,2.184230395970303,-0.03057764000800023,0.9,0.0,0.31622776601683794,0.0,0.3452376210140382,0.0,2.1575760064549017,-1.3877787807814457e-16,0.3451658654057426,-6.4969330911254484e-09,2.1610432736101424,-4.263544442495437e-08,acf_or_spectral,0.9511486871869128
wave,0.1,212,0,3,0.25847187638282776,0.33520279971817396,0.05933413951744972,2.478884709192525,0.23872189413040223,0.9,0.0,0.31622776601683794,0.0,0.3452376210140382,0.0,2.1575760064549017,-1.3877787807814457e-16,0.3451658654057426,-6.4969330911254484e-09,2.1610432736101424,-4.263544442495437e-08,acf_or_spectral,0.9508997290905696
wave,0.1,212,1,0,0.00903717678738758,0.3221207020368218,-0.027980801194916142,2.881439592848959,-0.20239998044539087,0.9,0.0,0.31622776601683794,0.0,0.3452376210140382,0.0,2.1575760064549017,-1.3877787807814457e-16,0.3451658654057426,-6.4969330911254484e-09,2.1610432736101424,-4.263544442495437e-08,no_fit,0.8486797312535519
wave,0.1,212,1,1,0.1219436265528202,0.339425852358451,-0.017280199198390172,2.48186617592649,-0.06948539703054252,0.9,0.0,0.31622776601683794,0.0,0.3452376210140382,0.0,2.1575760064549017,-1.3877787807814457e-16,0.3451658654057426,-6.4969330911254484e-09,2.1610432736101424,-4.263544442495437e-08,acf_or_spectral,0.9938572863279432
wave,0.1,212,1,2,0.15643562376499176,0.33702723018012615,-0.02750913531910188,2.5597382130671424,-0.1683679357170842,0.9,0.0,0.31622776601683794,0.0,0.3452376210140382,0.0,2.1575760064549017,-1.3877787807814457e-16,0.3451658654057426,-6.4969330911254484e-09,2.1610432736101424,-4.263544442495437e-08,no_fit,0.9984470981781256
wave,0.1,212,1,3,0.1560133881866932,0.3235209314018584,-0.00030498349923681816,2.8532453004827136,0.04192345185385926,0.9,0.0,0.31622776601683794,0.0,0.3452376210140382,0.0,2.1575760064549017,-1.3877787807814457e-16,0.3451658654057426,-6.4969330911254484e-09,2.1610432736101424,-4.263544442495437e-08,no_fit,0.9379820938231608
wave,0.1,212,2,0,0.08596351556479931,0.32977525146499986,-0.03047795468716809,2.690539111016703,-0.09828520364242732,0.9,0.0,0.31622776601683794,0.0,0.3452376210140382,0.0,2.1575760064549017,-1.3877787807814457e-16,0.3451658654057426,-6.4969330911254484e-09,2.1610432736101424,-4.263544442495437e-08,no_fit,0.995713967674131
wave,0.1,212,2,1,0.022291257744655013,0.3329616234826352,-0.05888640419883471,2.822320217669417,-0.24248318285199755,0.9,0.0,0.31622776601683794,0.0,0.3452376210140382,0.0,2.1575760064549017,-1.3877787807814457e-16,0.3451658654057426,-6.4969330911254484e-09,2.1610432736101424,-4.263544442495437e-08,no_fit,0.9189227913818648
wave,0.1,212,2,2,0.13097892981022596,0.33393016361281175,0.015480098309817825,2.5223889226835183,0.07695167908742445,0.9,0.0,0.31622776601683794,0.0,0.3452376210140382,0.0,2.1575760064549017,-1.3877787807814457e-16,0.3451658654057426,-6.4969330911254484e-09,2.1610432736101424,-4.263544442495437e-08,acf_or_spectral,0.9900245847024524
wave,0.1,212,2,3,0.06030915956944227,0.3315091433265414,-0.016223891867673472,2.727314312143597,-0.1187549268245286,0.9,0.0,0.31622776601683794,0.0,0.3452376210140382,0.0,2.1575760064549017,-1.3877787807814457e-16,0.3451658654057426,-6.4969330911254484e-09,2.1610432736101424,-4.263544442495437e-08,no_fit,0.9735491723479616
wave,0.1,212,3,0,0.12561289221048355,0.33192738477977984,-0.008173546399993712,2.629897745537143,-0.045269145952748,0.9,0.0,0.31622776601683794,0.0,0.3452376210140382,0.0,2.1575760064549017,-1.3877787807814457e-16,0.3451658654057426,-6.4969330911254484e-09,2.1610432736101424,-4.263544442495437e-08,no_fit,0.999141373669026
wave,0.1,212,3,1,0.08661759551614523,0.3290327899419177,0.005356769955659465,2.6658089882228255,0.04506492047975741,0.9,0.0,0.31622776601683794,0.0,0.3452376210140382,0.0,2.1575760064549017,-1.3877787807814457e-16,0.3451658654057426,-6.4969330911254484e-09,2.1610432736101424,-4.263544442495437e-08,no_fit,0.9939382623499008
wave,0.1,212,3,2,0.07975848345085979,0.32635103818808986,0.018024943956812922,2.762505635363547,0.010968067329783837,0.9,0.0,0.31622776601683794,0.0,0.3452376210140382,0.0,2.1575760064549017,-1.3877787807814457e-16,0.3451658654057426,-6.4969330911254484e-09,2.1610432736101424,-4.263544442495437e-08,no_fit,0.9932557757973826
wave,0.1,212,3,3,0.09464038070291281,0.3272027319526504,-0.016188087475339834,2.6785000902060445,-0.08304730590886067,0.9,0.0,0.31622776601683794,0.0,0.3452376210140382,0.0,2.1575760064549017,-1.3877787807814457e-16,0.3451658654057426,-6.4969330911254484e-09,2.1610432736101424,-4.263544442495437e-08,no_fit,0.9947675342838964
wave,0.1,213,0,0,0.02578163705766201,0.333766181693628,0.0030225163447346547,2.5527790533270354,0.054835404786405084,0.9,0.0,0.31622776601683794,0.0,0.3452376210140382,0.0,2.1575760064549017,-1.3877787807814457e-16,0.3451658654057426,-6.4969330911254484e-09,2.1610432736101424,-4.263544442495437e-08,acf_or_spectral,0.8494846961912306
wave,0.1,213,0,1,0.19304220750927925,0.3331687954822233,-0.02885130829133271,2.6365366837389104,0.11640512323450936,0.9,0.0,0.31622776601683794,0.0,0.3452376210140382,0.0,2.1575760064549017,-1.3877787807814457e-16,0.3451658654057426,-6.4969330911254484e-09,2.1610432736101424,-4.263544442495437e-08,no_fit,0.9772819832786778
wave,0.1,213,0,2,0.2195593286305666,0.31179469937880655,0.011963351019368825,2.980062600532252,0.0027108670533638746,0.9,0.0,0.31622776601683794,0.0,0.3452376210140382,0.0,2.1575760064549017,-1.3877787807814457e-16,0.3451658654057426,-6.4969330911254484e-09,2.1610432736101424,-4.263544442495437e-08,no_fit,0.922923420307704
wave,0.1,213,0,3,0.1661390122026205,0.33178430046416274,0.0313391823779293,2.5971364045202914,0.1937218193225031,0.9,0.0,0.31622776601683794,0.0,0.3452376210140382,0.0,2.1575760064549017,-1.3877787807814457e-16,0.3451658654057426,-6.4969330911254484e-09,2.1610432736101424,-4.263544442495437e-08,no_fit,0.9965902495290396
wave,0.1,213,1,0,0.18146182410418987,0.33645939830973687,-0.02021721819456742,2.528768170522181,-0.05109224522391481,0.9,0.0,0.31622776601683794,0.0,0.3452376210140382,0.0,2.1575760064549017,-1.3877787807814457e-16,0.3451658654057426,-6.4969330911254484e-09,2.1610432736101424,-4.263544442495437e-08,acf_or_spectral,0.9957538633762814
wave,0.1,213,1,1,0.1292033437639475,0.31500523837307254,-0.018456981438307075,2.8128181962582723,-0.09275590060115868,0.9,0.0,0.31622776601683794,0.0,0.3452376210140382,0.0,2.1575760064549017,-1.3877787807814457e-16,0.3451658654057426,-6.4969330911254484e-09,2.1610432736101424,-4.263544442495437e-08,no_fit,0.995350878138158
wave,0.1,213,1,2,0.21671528741717339,0.3264339310660418,-0.0020258307512771834,2.6367614321160495,-0.04558249296890321,0.9,0.0,0.31622776601683794,0.0,0.3452376210140382,0.0,2.1575760064549017,-1.3877787807814457e-16,0.3451658654057426,-6.4969330911254484e-09,2.1610432736101424,-4.263544442495437e-08,no_fit,0.9911953816361244
wave,0.1,213,1,3,0.09648887347429991,0.3333070816368422,-0.007926164750823913,2.6168129273976626,0.026433712267035947,0.9,0.0,0.31622776601683794,0.0,0.3452376210140382,0.0,2.1575760064549017,-1.3877787807814457e-16,0.3451658654057426,-6.4969330911254484e-09,2.1610432736101424,-4.263544442495437e-08,no_fit,0.996324424885016
wave,0.1,213,2,0,0.08116664830595255,0.3340570030163039,-0.003982175383807621,2.651032945501159,0.03073656636205535,0.9,0.0,0.31622776601683794,0.0,0.3452376210140382,0.0,2.1575760064549017,-1.3877787807814457e-16,0.3451658654057426,-6.4969330911254484e-09,2.1610432736101424,-4.263544442495437e-08,no_fit,0.983657150128738
wave,0.1,213,2,1,0.10022183321416378,0.3287258334583785,-0.022744732919868543,2.6400276509532272,-0.1067492758778838,0.9,0.0,0.31622776601683794,0.0,0.3452376210140382,0.0,2.1575760064549017,-1.3877787807814457e-16,0.3451658654057426,-6.4969330911254484e-09,2.1610432736101424,-4.263544442495437e-08,no_fit,0.994951599961815
wave,0.1,213,2,2,0.11278622411191463,0.32911182032223746,-0.006616829732401647,2.7460837595517957,0.05943837890575465,0.9,0.0,0.31622776601683794,0.0,0.3452376210140382,0.0,2.1575760064549017,-1.3877787807814457e-16,0.3451658654057426,-6.4969330911254484e-09,2.1610432736101424,-4.263544442495437e-08,no_fit,0.9947661963227744
wave,0.1,213,2,3,0.11039738729596138,0.33178052639621186,0.0033501127885102117,2.674671306971893,0.055634849201302794,0.9,0.0,0.31622776601683794,0.0,0.3452376210140382,0.0,2.1575760064549017,-1.3877787807814457e-16,0.3451658654057426,-6.4969330911254484e-09,2.1610432736101424,-4.263544442495437e-08,no_fit,0.9933642566269862
wave,0.1,213,3,0,0.04074206901714206,0.33164225436470884,-0.007107709444831707,2.7046877387652306,-0.042277177445440794,0.9,0.0,0.31622776601683794,0.0,0.3452376210140382,0.0,2.1575760064549017,-1.3877787807814457e-16,0.3451658654057426,-6.4969330911254484e-09,2.1610432736101424,-4.263544442495437e-08,no_fit,0.9786979733838216
wave,0.1,213,3,1,0.15122712403535843,0.34676764751428857,-0.001642542744856267,2.3127384579540404,-0.039202035919842115,0.9,0.0,0.31622776601683794,0.0,0.3452376210140382,0.0,2.1575760064549017,-1.3877787807814457e-16,0.3451658654057426,-6.4969330911254484e-09,2.1610432736101424,-4.263544442495437e-08,acf_or_spectral,0.9761320360388106
wave,0.1,213,3,2,0.011709265934769064,0.33043897267864886,-0.022723153001423694,2.9259854991683043,-0.2392460333926023,0.9,0.0,0.31622776601683794,0.0,0.3452376210140382,0.0,2.1575760064549017,-1.3877787807814457e-16,0.3451658654057426,-6.4969330911254484e-09,2.1610432736101424,-4.263544442495437e-08,no_fit,0.8503734824633759
wave,0.1,213,3,3,0.037820522440597415,0.3182770620332706,0.0024179618487208078,3.0344766091269832,0.058642851141882946,0.9,0.0,0.31622776601683794,0.0,0.3452376210140382,0.0,2.1575760064549017,-1.3877787807814457e-16,0.3451658654057426,-6.4969330911254484e-09,2.1610432736101424,-4.263544442495437e-08,no_fit,0.9219492864822508
wave,0.1,214,0,0,0.02470833680126816,0.3234829557986756,-0.055726593778999745,3.1010217672481866,-0.22233502950394157,0.9,0.0,0.31622776601683794,0.0,0.3452376210140382,0.0,2.1575760064549017,-1.3877787807814457e-16,0.3451658654057426,-6.4969330911254484e-09,2.1610432736101424,-4.263544442495437e-08,no_fit,0.8594338367750339
wave,0.1,214,0,1,0.09743631538003683,0.33309954168440536,-0.024161865340965906,2.693748962882706,-0.13532092516365235,0.9,0.0,0.31622776601683794,0.0,0.3452376210140382,0.0,2.1575760064549017,-1.3877787807814457e-16,0.3451658654057426,-6.4969330911254484e-09,2.1610432736101424,-4.263544442495437e-08,no_fit,0.9422953484556496
wave,0.1,214,0,2,0.09023667313158512,0.32395447629196766,-0.016855517895344407,2.758975333300768,-0.12864308502068678,0.9,0.0,0.31622776601683794,0.0,0.3452376210140382,0.0,2.1575760064549017,-1.3877787807814457e-16,0.3451658654057426,-6.4969330911254484e-09,2.1610432736101424,-4.263544442495437e-08,no_fit,0.9943964886918332
wave,0.1,214,0,3,0.38207837473601103,0.2813535853590298,0.033081794142833576,3.337810364741046,0.04374291174595635,0.9,0.0,0.31622776601683794,0.0,0.3452376210140382,0.0,2.1575760064549017,-1.3877787807814457e-16,0.3451658654057426,-6.4969330911254484e-09,2.1610432736101424,-4.263544442495437e-08,no_fit,0.7262875269930703
wave,0.1,214,1,0,0.12629339843988419,0.3262509424654183,0.008095849541456514,2.8143270302746166,0.13405180034727537,0.9,0.0,0.31622776601683794,0.0,0.3452376210140382,0.0,2.1575760064549017,-1.3877787807814457e-16,0.3451658654057426,-6.4969330911254484e-09,2.1610432736101424,-4.263544442495437e-08,no_fit,0.957885043331733
wave,0.1,214,1,1,0.07482248824089766,0.33248491901887467,-0.010640015707149768,2.640774543708733,-0.06414766934069671,0.9,0.0,0.31622776601683794,0.0,0.3452376210140382,0.0,2.1575760064549017,-1.3877787807814457e-16,0.3451658654057426,-6.4969330911254484e-09,2.1610432736101424,-4.263544442495437e-08,no_fit,0.9502183298181478
wave,0.1,214,1,2,0.16328854486346245,0.33068488046151107,-0.013870248764498576,2.6042467558769022,-0.10683429975998365,0.9,0.0,0.31622776601683794,0.0,0.3452376210140382,0.0,2.1575760064549017,-1.3877787807814457e-16,0.3451658654057426,-6.4969330911254484e-09,2.1610432736101424,-4.263544442495437e-08,no_fit,0.9955062113454118
wave,0.1,214,1,3,0.1858589295297861,0.3267078928926491,-0.02775397678424232,2.7656085237014123,-0.13802447415173114,0.9,0.0,0.31622776601683794,0.0,0.3452376210140382,0.0,2.1575760064549017,-1.3877787807814457e-16,0.3451658654057426,-6.4969330911254484e-09,2.1610432736101424,-4.263544442495437e-08,no_fit,0.8804794685495556
wave,0.1,214,2,0,0.15421258751302958,0.3515669974834094,0.0020896419718434544,2.1141450410989213,0.02007242163148068,0.9,0.0,0.31622776601683794,0.0,0.3452376210140382,0.0,2.1575760064549017,-1.3877787807814457e-16,0.3451658654057426,-6.4969330911254484e-09,2.1610432736101424,-4.263544442495437e-08,acf_or_spectral,0.8624412633492446
wave,0.1,214,2,1,0.14437600411474705,0.3327551130781545,0.00100667233869016,2.594951995850649,0.03440485182562519,0.9,0.0,0.31622776601683794,0.0,0.3452376210140382,0.0,2.1575760064549017,-1.3877787807814457e-16,0.3451658654057426,-6.4969330911254484e-09,2.1610432736101424,-4.263544442495437e-08,no_fit,0.9982818653090998
wave,0.1,214,2,2,0.1004464877769351,0.3306172393059014,-0.0027406371056939204,2.6181581966618426,-0.027968497480311272,0.9,0.0,0.31622776601683794,0.0,0.3452376210140382,0.0,2.1575760064549017,-1.3877787807814457e-16,0.3451658654057426,-6.4969330911254484e-09,2.1610432736101424,-4.263544442495437e-08,no_fit,0.9943495093490966
wave,0.1,214,2,3,0.17298385687172413,0.33960764524608966,-0.0047795054555277525,2.4563834450723663,0.018834941113007986,0.9,0.0,0.31622776601683794,0.0,0.3452376210140382,0.0,2.1575760064549017,-1.3877787807814457e-16,0.3451658654057426,-6.4969330911254484e-09,2.1610432736101424,-4.263544442495437e-08,acf_or_spectral,0.9981797864913255
wave,0.1,214,3,0,0.16395342350006104,0.33365785107740115,-0.0019948127162567448,2.5557975392554044,0.0017607678750215516,0.9,0.0,0.31622776601683794,0.0,0.3452376210140382,0.0,2.1575760064549017,-1.3877787807814457e-16,0.3451658654057426,-6.4969330911254484e-09,2.1610432736101424,-4.263544442495437e-08,acf_or_spectral,0.9988076082870984
wave,0.1,214,3,1,0.09113991167396307,0.32927101193862407,-0.011847584257003607,2.6571046242393748,0.014415618276318876,0.9,0.0,0.31622776601683794,0.0,0.3452376210140382,0.0,2.1575760064549017,-1.3877787807814457e-16,0.3451658654057426,-6.4969330911254484e-09,2.1610432736101424,-4.263544442495437e-08,no_fit,0.9941296719981328
wave,0.1,214,3,2,0.12319141067564487,0.33347664895207574,0.0008244303736778012,2.579104902649007,0.007571583215883082,0.9,0.0,0.31622776601683794,0.0,0.3452376210140382,0.0,2.1575760064549017,-1.3877787807814457e-16,0.3451658654057426,-6.4969330911254484e-09,2.1610432736101424,-4.263544442495437e-08,no_fit,0.9966629682113372
wave,0.1,214,3,3,0.12192085571587086,0.33135627208914986,-0.005892435843207908,2.677644228761473,0.007886387570988473,0.9,0.0,0.31622776601683794,0.0,0.3452376210140382,0.0,2.1575760064549017,-1.3877787807814457e-16,0.3451658654057426,-6.4969330911254484e-09,2.1610432736101424,-4.263544442495437e-08,no_fit,0.993433201144814
wave,0.1,215,0,0,0.14118501916527748,0.3314284766839781,0.004394379307944473,2.605015978008265,0.0025232284754255763,0.9,0.0,0.31622776601683794,0.0,0.3452376210140382,0.0,2.1575760064549017,-1.3877787807814457e-16,0.3451658654057426,-6.4969330911254484e-09,2.1610432736101424,-4.263544442495437e-08,ungated,0.9998070032990948
wave,0.1,215,0,1,0.12095671147108078,0.331939758164474,-0.0013537075341946499,2.618501903820781,-0.023212829933225654,0.9,0.0,0.31622776601683794,0.0,0.3452376210140382,0.0,2.1575760064549017,-1.3877787807814457e-16,0.3451658654057426,-6.4969330911254484e-09,2.1610432736101424,-4.263544442495437e-08,no_fit,0.9976102949280896
wave,0.1,215,0,2,0.13043653406202793,0.33804536307775157,-0.009735951998421479,2.4884743261517834,-0.015899128373433213,0.9,0.0,0.31622776601683794,0.0,0.3452376210140382,0.0,2.1575760064549017,-1.3877787807814457e-16,0.3451658654057426,-6.4969330911254484e-09,2.1610432736101424,-4.263544442495437e-08,acf_or_spectral,0.9984505711818804
wave,0.1,215,0,3,0.1616472601890564,0.3349251391933032,-0.00720301063199298,2.6033516635504648,-0.00486364307624898,0.9,0.0,0.31622776601683794,0.0,0.3452376210140382,0.0,2.1575760064549017,-1.3877787807814457e-16,0.3451658654057426,-6.4969330911254484e-09,2.1610432736101424,-4.263544442495437e-08,no_fit,0.9803281075294852
wave,0.1,215,1,0,0.1823515873402357,0.33721323954377175,-0.030848569230366857,2.5355115752664514,-0.0777475822264364,0.9,0.0,0.31622776601683794,0.0,0.3452376210140382,0.0,2.1575760064549017,-1.3877787807814457e-16,0.3451658654057426,-6.4969330911254484e-09,2.1610432736101424,-4.263544442495437e-08,acf_or_spectral,0.9948413475310574
wave,0.1,215,1,1,0.07417475106194615,0.33970314071694724,-0.040900620750040105,2.5218289286485396,-0.1731414017654006,0.9,0.0,0.31622776601683794,0.0,0.3452376210140382,0.0,2.1575760064549017,-1.3877787807814457e-16,0.3451658654057426,-6.4969330911254484e-09,2.1610432736101424,-4.263544442495437e-08,acf_or_spectral,0.9869260976398078
wave,0.1,215,1,2,0.12610557302832603,0.33197082613015455,-0.007427782167087776,2.646244160433967,-0.0375531291986132,0.9,0.0,0.31622776601683794,0.0,0.3452376210140382,0.0,2.1575760064549017,-1.3877787807814457e-16,0.3451658654057426,-6.4969330911254484e-09,2.1610432736101424,-4.263544442495437e-08,no_fit,0.9986036655664216
wave,0.1,215,1,3,0.1932433396577835,0.33219710178362655,0.021542487786792453,2.6544148943370063,0.08127073655759054,0.9,0.0,0.31622776601683794,0.0,0.3452376210140382,0.0,2.1575760064549017,-1.3877787807814457e-16,0.3451658654057426,-6.4969330911254484e-09,2.1610432736101424,-4.263544442495437e-08,no_fit,0.9819326860931042
wave,0.1,215,2,0,0.141463877633214,0.3374516730978207,-0.02431667219201131,2.541865834775628,-0.05645159156005497,0.9,0.0,0.31622776601683794,0.0,0.3452376210140382,0.0,2.1575760064549017,-1.3877787807814457e-16,0.3451658654057426,-6.4969330911254484e-09,2.1610432736101424,-4.263544442495437e-08,acf_or_spectral,0.9991289609428508
wave,0.1,215,2,1,0.05009233532473445,0.33417515655658553,-0.027289373859951713,2.5625283162688115,0.0003691000088675289,0.9,0.0,0.31622776601683794,0.0,0.3452376210140382,0.0,2.1575760064549017,-1.3877787807814457e-16,0.3451658654057426,-6.4969330911254484e-09,2.1610432736101424,-4.263544442495437e-08,acf_or_spectral,0.9718010285967216
wave,0.1,215,2,2,0.1472425628453493,0.3394007216646643,0.0030227861546596783,2.4701813425963155,0.05889107952082473,0.9,0.0,0.31622776601683794,0.0,0.3452376210140382,0.0,2.1575760064549017,-1.3877787807814457e-16,0.3451658654057426,-6.4969330911254484e-09,2.1610432736101424,-4.263544442495437e-08,acf_or_spectral,0.9985103809110292
wave,0.1,215,2,3,0.017383762635290623,0.3357196438888389,0.04372277822127709,2.561945077911151,0.17636584145666767,0.9,0.0,0.31622776601683794,0.0,0.3452376210140382,0.0,2.1575760064549017,-1.3877787807814457e-16,0.3451658654057426,-6.4969330911254484e-09,2.1610432736101424,-4.263544442495437e-08,no_fit,0.9405056780419974
wave,0.1,215,3,0,0.08943758718669415,0.3290654109253924,-0.012790928036088065,2.7020276785228514,-0.1133456189868639,0.9,0.0,0.31622776601683794,0.0,0.3452376210140382,0.0,2.1575760064549017,-1.3877787807814457e-16,0.3451658654057426,-6.4969330911254484e-09,2.1610432736101424,-4.263544442495437e-08,no_fit,0.9948135884783992
wave,0.1,215,3,1,0.03566985670477152,0.3252480371174575,0.011244031929714121,2.7011761771468707,-0.005741801671776292,0.9,0.0,0.31622776601683794,0.0,0.3452376210140382,0.0,2.1575760064549017,-1.3877787807814457e-16,0.3451658654057426,-6.4969330911254484e-09,2.1610432736101424,-4.263544442495437e-08,no_fit,0.9639316262307668
wave,0.1,215,3,2,0.08838164480403066,0.32284239706036505,0.013214780888813008,2.8776619228447444,0.06125661813002936,0.9,0.0,0.31622776601683794,0.0,0.3452376210140382,0.0,2.1575760064549017,-1.3877787807814457e-16,0.3451658654057426,-6.4969330911254484e-09,2.1610432736101424,-4.263544442495437e-08,no_fit,0.9678089796379794
wave,0.1,215,3,3,0.0018378905224381015,0.3490971005899123,0.1296595746531689,2.8344640384507707,0.3238721326694317,0.9,0.0,0.31622776601683794,0.0,0.3452376210140382,0.0,2.1575760064549017,-1.3877787807814457e-16,0.3451658654057426,-6.4969330911254484e-09,2.1610432736101424,-4.263544442495437e-08,no_fit,0.8712040280093168
wave,0.1,216,0,0,0.07713917782530189,0.3693972410631767,-0.002426927758426303,1.9329192611964463,-0.0032187413847744872,0.9,0.0,0.31622776601683794,0.0,0.3452376210140382,0.0,2.1575760064549017,-1.3877787807814457e-16,0.3451658654057426,-6.4969330911254484e-09,2.1610432736101424,-4.263544442495437e-08,acf_or_spectral,0.8414462638828347
wave,0.1,216,0,1,0.14799724705517292,0.3279837137921975,-0.06480114489632009,2.613306537895325,-0.20963123886191415,0.9,0.0,0.31622776601683794,0.0,0.3452376210140382,0.0,2.1575760064549017,-1.3877787807814457e-16,0.3451658654057426,-6.4969330911254484e-09,2.1610432736101424,-4.263544442495437e-08,no_fit,0.997149431165508
wave,0.1,216,0,2,0.3193058930337429,0.2881637675241658,-0.06979425149566253,3.3333001492279117,-0.2026691760714121,0.9,0.0,0.31622776601683794,0.0,0.3452376210140382,0.0,2.1575760064549017,-1.3877787807814457e-16,0.3451658654057426,-6.4969330911254484e-09,2.1610432736101424,-4.263544442495437e-08,no_fit,0.7304128517845137
wave,0.1,216,0,3,0.09233465977013111,0.3385579309833682,0.022946988650254855,2.5629565432220596,0.13017023612601641,0.9,0.0,0.31622776601683794,0.0,0.3452376210140382,0.0,2.1575760064549017,-1.3877787807814457e-16,0.3451658654057426,-6.4969330911254484e-09,2.1610432736101424,-4.263544442495437e-08,no_fit,0.991830633327388
wave,0.1,216,1,0,0.09230618644505739,0.33098189943562195,0.0012869164861298462,2.6395850075674434,0.10493245725462896,0.9,0.0,0.31622776601683794,0.0,0.3452376210140382,0.0,2.1575760064549017,-1.3877787807814457e-16,0.3451658654057426,-6.4969330911254484e-09,2.1610432736101424,-4.263544442495437e-08,no_fit,0.8891648827883064
wave,0.1,216,1,1,0.1551392925903201,0.3396587662060395,0.008550851999693701,2.4319420196655117,0.049454240621749246,0.9,0.0,0.31622776601683794,0.0,0.3452376210140382,0.0,2.1575760064549017,-1.3877787807814457e-16,0.3451658654057426,-6.4969330911254484e-09,2.1610432736101424,-4.263544442495437e-08,acf_or_spectral,0.9924881717513574
wave,0.1,216,1,2,0.035162940388545394,0.3097568669266332,0.029551823106762944,2.966426000074009,0.2369858371679583,0.9,0.0,0.31622776601683794,0.0,0.3452376210140382,0.0,2.1575760064549017,-1.3877787807814457e-16,0.3451658654057426,-6.4969330911254484e-09,2.1610432736101424,-4.263544442495437e-08,no_fit,0.8521888241805919
wave,0.1,216,1,3,0.012052677688188851,0.32728198975730316,0.05108102309788067,2.7677275448242757,0.2626265731737676,0.9,0.0,0.31622776601683794,0.0,0.3452376210140382,0.0,2.1575760064549017,-1.3877787807814457e-16,0.3451658654057426,-6.4969330911254484e-09,2.1610432736101424,-4.263544442495437e-08,no_fit,0.8323545750180591
wave,0.1,216,2,0,0.13719772174954414,0.32489224170486436,-0.01493176254020103,2.6992693356823265,-0.035035518327497295,0.9,0.0,0.31622776601683794,0.0,0.3452376210140382,0.0,2.1575760064549017,-1.3877787807814457e-16,0.3451658654057426,-6.4969330911254484e-09,2.1610432736101424,-4.263544442495437e-08,no_fit,0.998362158869862
wave,0.1,216,2,1,0.1416319441050291,0.33078761655746197,-0.027950443085548702,2.606252171056816,-0.07079368175975953,0.9,0.0,0.31622776601683794,0.0,0.3452376210140382,0.0,2.1575760064549017,-1.3877787807814457e-16,0.3451658654057426,-6.4969330911254484e-09,2.1610432736101424,-4.263544442495437e-08,no_fit,0.9975642196225089
wave,0.1,216,2,2,0.06896145408973098,0.34241872147666197,-0.03507064088744574,2.425985441297308,-0.14493223694110485,0.9,0.0,0.31622776601683794,0.0,0.3452376210140382,0.0,2.1575760064549017,-1.3877787807814457e-16,0.3451658654057426,-6.4969330911254484e-09,2.1610432736101424,-4.263544442495437e-08,acf_or_spectral,0.9547940982980628
wave,0.1,216,2,3,0.00792659106082283,0.31843191651466013,-0.006388593151279659,3.1109272404982833,-0.04940068883108517,0.9,0.0,0.31622776601683794,0.0,0.3452376210140382,0.0,2.1575760064549017,-1.3877787807814457e-16,0.3451658654057426,-6.4969330911254484e-09,2.1610432736101424,-4.263544442495437e-08,no_fit,0.8381645003617748
wave,0.1,216,3,0,0.09790904633700848,0.3274979178377225,0.0007068149176280118,2.70410977884588,0.004951828818218651,0.9,0.0,0.31622776601683794,0.0,0.3452376210140382,0.0,2.1575760064549017,-1.3877787807814457e-16,0.3451658654057426,-6.4969330911254484e-09,2.1610432736101424,-4.263544442495437e-08,no_fit,0.9961005753939396
wave,0.1,216,3,1,0.17054924182593822,0.3398250995934507,-0.013722505935606595,2.4433368150113104,-0.07457073756499721,0.9,0.0,0.31622776601683794,0.0,0.3452376210140382,0.0,2.1575760064549017,-1.3877787807814457e-16,0.3451658654057426,-6.4969330911254484e-09,2.1610432736101424,-4.263544442495437e-08,acf_or_spectral,0.9962906939939724
wave,0.1,216,3,2,0.12804914359003305,0.3363011617198113,0.001569394882973696,2.5723298871690763,0.04391182942571481,0.9,0.0,0.31622776601683794,0.0,0.3452376210140382,0.0,2.1575760064549017,-1.3877787807814457e-16,0.3451658654057426,-6.4969330911254484e-09,2.1610432736101424,-4.263544442495437e-08,no_fit,0.9996044224828444
wave,0.1,216,3,3,0.06868564244359732,0.3222280832400133,-0.0035772017843612187,2.8896684929354377,-0.03549216998733584,0.9,0.0,0.31622776601683794,0.0,0.3452376210140382,0.0,2.1575760064549017,-1.3877787807814457e-16,0.3451658654057426,-6.4969330911254484e-09,2.1610432736101424,-4.263544442495437e-08,no_fit,0.9766076895016326
wave,0.1,217,0,0,0.26369138434529305,0.32551232290652643,-0.006424933966545123,2.600745081817458,0.008513844991525354,0.9,0.0,0.31622776601683794,0.0,0.3452376210140382,0.0,2.1575760064549017,-1.3877787807814457e-16,0.3451658654057426,-6.4969330911254484e-09,2.1610432736101424,-4.263544442495437e-08,no_fit,0.8747859797692649
wave,0.1,217,0,1,0.08798725996166468,0.32388228168164573,-0.024846619645969854,2.7227640632573835,-0.1190796658705564,0.9,0.0,0.31622776601683794,0.0,0.3452376210140382,0.0,2.1575760064549017,-1.3877787807814457e-16,0.3451658654057426,-6.4969330911254484e-09,2.1610432736101424,-4.263544442495437e-08,no_fit,0.9879157606122836
wave,0.1,217,0,2,0.1869268137961626,0.32370410425032886,0.010883038569984214,2.864809221964321,0.11733772841246104,0.9,0.0,0.31622776601683794,0.0,0.3452376210140382,0.0,2.1575760064549017,-1.3877787807814457e-16,0.3451658654057426,-6.4969330911254484e-09,2.1610432736101424,-4.263544442495437e-08,no_fit,0.9242324727297536
wave,0.1,217,0,3,0.0757048362866044,0.34421259980833574,0.021497407485154597,2.578439024557567,-0.23314604201689249,0.9,0.0,0.31622776601683794,0.0,0.3452376210140382,0.0,2.1575760064549017,-1.3877787807814457e-16,0.3451658654057426,-6.4969330911254484e-09,2.1610432736101424,-4.263544442495437e-08,no_fit,0.986544725154078
wave,0.1,217,1,0,0.06128931697458029,0.33084701606359473,0.0013700025521326063,2.6716412551485544,-0.0023589513412798357,0.9,0.0,0.31622776601683794,0.0,0.3452376210140382,0.0,2.1575760064549017,-1.3877787807814457e-16,0.3451658654057426,-6.4969330911254484e-09,2.1610432736101424,-4.263544442495437e-08,no_fit,0.9761374236524016
wave,0.1,217,1,1,0.10616907011717558,0.3392345336675868,0.014913553368473794,2.491589335414165,0.04242147884986691,0.9,0.0,0.31622776601683794,0.0,0.3452376210140382,0.0,2.1575760064549017,-1.3877787807814457e-16,0.3451658654057426,-6.4969330911254484e-09,2.1610432736101424,-4.263544442495437e-08,acf_or_spectral,0.9906563911570392
wave,0.1,217,1,2,0.05365705117583275,0.331629150351323,0.004444973286967159,2.651059046974936,-0.048881483644028445,0.9,0.0,0.31622776601683794,0.0,0.3452376210140382,0.0,2.1575760064549017,-1.3877787807814457e-16,0.3451658654057426,-6.4969330911254484e-09,2.1610432736101424,-4.263544442495437e-08,no_fit,0.9712217980683472
wave,0.1,217,1,3,0.16294700372964144,0.3220778592369762,0.009051613001289299,2.883936496425184,0.14354940263860216,0.9,0.0,0.31622776601683794,0.0,0.3452376210140382,0.0,2.1575760064549017,-1.3877787807814457e-16,0.3451658654057426,-6.4969330911254484e-09,2.1610432736101424,-4.263544442495437e-08,no_fit,0.9174280729061266
wave,0.1,217,2,0,0.14401244651526213,0.3263829937361993,0.0297947457180031,2.635341873075845,0.1203121637282411,0.9,0.0,0.31622776601683794,0.0,0.3452376210140382,0.0,2.1575760064549017,-1.3877787807814457e-16,0.3451658654057426,-6.4969330911254484e-09,2.1610432736101424,-4.263544442495437e-08,no_fit,0.999169967607358
wave,0.1,217,2,1,0.005561708938330412,0.35079163162409965,-0.007826466116189791,2.686976129549635,-0.19121116282512296,0.9,0.0,0.31622776601683794,0.0,0.3452376210140382,0.0,2.1575760064549017,-1.3877787807814457e-16,0.3451658654057426,-6.4969330911254484e-09,2.1610432736101424,-4.263544442495437e-08,no_fit,0.8113933941537614
wave,0.1,217,2,2,0.10096506960690022,0.32862865934360264,-0.0251818638316063,2.6819943878012347,-0.07172294087086728,0.9,0.0,0.31622776601683794,0.0,0.3452376210140382,0.0,2.1575760064549017,-1.3877787807814457e-16,0.3451658654057426,-6.4969330911254484e-09,2.1610432736101424,-4.263544442495437e-08,no_fit,0.9970835651731011
wave,0.1,217,2,3,0.09469905402511358,0.33016821264269747,0.024009854615510456,2.6509303566801283,0.17994000629509532,0.9,0.0,0.31622776601683794,0.0,0.3452376210140382,0.0,2.1575760064549017,-1.3877787807814457e-16,0.3451658654057426,-6.4969330911254484e-09,2.1610432736101424,-4.263544442495437e-08,no_fit,0.9943799776715934
wave,0.1,217,3,0,0.08231047121807933,0.32290072007711057,0.01811485799655259,2.8514034857422312,0.06852699256588535,0.9,0.0,0.31622776601683794,0.0,0.3452376210140382,0.0,2.1575760064549017,-1.3877787807814457e-16,0.3451658654057426,-6.4969330911254484e-09,2.1610432736101424,-4.263544442495437e-08,no_fit,0.9841818737703448
wave,0.1,217,3,1,0.09746557381004095,0.334900904648048,-0.0006314278277157235,2.545972249971482,0.02557277386668333,0.9,0.0,0.31622776601683794,0.0,0.3452376210140382,0.0,2.1575760064549017,-1.3877787807814457e-16,0.3451658654057426,-6.4969330911254484e-09,2.1610432736101424,-4.263544442495437e-08,acf_or_spectral,0.9878331802195236
wave,0.1,217,3,2,0.07358320709317923,0.3260774603982737,0.01947188943769115,2.7166605436619453,0.09504809727180819,0.9,0.0,0.31622776601683794,0.0,0.3452376210140382,0.0,2.1575760064549017,-1.3877787807814457e-16,0.3451658654057426,-6.4969330911254484e-09,2.1610432736101424,-4.263544442495437e-08,no_fit,0.990944164905422
wave,0.1,217,3,3,0.13547077775001526,0.3353819588886976,0.004697788183948273,2.4827439796089927,0.022374141898454436,0.9,0.0,0.31622776601683794,0.0,0.3452376210140382,0.0,2.1575760064549017,-1.3877787807814457e-16,0.3451658654057426,-6.4969330911254484e-09,2.1610432736101424,-4.263544442495437e-08,acf_or_spectral,0.9947890147861144
wave,0.1,218,0,0,0.12503657676279545,0.33229468028663406,0.007491586588811411,2.5983267361550704,-0.001714450617629537,0.9,0.0,0.31622776601683794,0.0,0.3452376210140382,0.0,2.1575760064549017,-1.3877787807814457e-16,0.3451658654057426,-6.4969330911254484e-09,2.1610432736101424,-4.263544442495437e-08,no_fit,0.9991359044628724
wave,0.1,218,0,1,0.12148972041904926,0.3337737751254996,-0.001981655695420157,2.62331855115985,-0.049754319314472495,0.9,0.0,0.31622776601683794,0.0,0.3452376210140382,0.0,2.1575760064549017,-1.3877787807814457e-16,0.3451658654057426,-6.4969330911254484e-09,2.1610432736101424,-4.263544442495437e-08,no_fit,0.9987344819854432
wave,0.1,218,0,2,0.11325459089130163,0.3316362749037709,0.00620787918852622,2.592049687446815,-0.011616809871135558,0.9,0.0,0.31622776601683794,0.0,0.3452376210140382,0.0,2.1575760064549017,-1.3877787807814457e-16,0.3451658654057426,-6.4969330911254484e-09,2.1610432736101424,-4.263544442495437e-08,no_fit,0.9975771304759816
wave,0.1,218,0,3,0.13892441242933273,0.3332078088985984,-0.00161726691682022,2.5863045465736842,0.013653625454176255,0.9,0.0,0.31622776601683794,0.0,0.3452376210140382,0.0,2.1575760064549017,-1.3877787807814457e-16,0.3451658654057426,-6.4969330911254484e-09,2.1610432736101424,-4.263544442495437e-08,no_fit,0.9995507549387554
wave,0.1,218,1,0,0.17900131084024906,0.33345231181010526,0.006306352377221409,2.5658059664317885,0.035813107383713516,0.9,0.0,0.31622776601683794,0.0,0.3452376210140382,0.0,2.1575760064549017,-1.3877787807814457e-16,0.3451658654057426,-6.4969330911254484e-09,2.1610432736101424,-4.263544442495437e-08,no_fit,0.9979706541015618
wave,0.1,218,1,1,0.10179548431187868,0.3354832856112679,-0.0034486407846493665,2.5924995835937943,-0.011363737314066757,0.9,0.0,0.31622776601683794,0.0,0.3452376210140382,0.0,2.1575760064549017,-1.3877787807814457e-16,0.3451658654057426,-6.4969330911254484e-09,2.1610432736101424,-4.263544442495437e-08,no_fit,0.9970245699618252
wave,0.1,218,1,2,0.11188831087201834,0.3331862183356435,-0.004287509980517572,2.6068575180539466,-0.08881871730099256,0.9,0.0,0.31622776601683794,0.0,0.3452376210140382,0.0,2.1575760064549017,-1.3877787807814457e-16,0.3451658654057426,-6.4969330911254484e-09,2.1610432736101424,-4.263544442495437e-08,no_fit,0.9987387233821504
wave,0.1,218,1,3,0.3298777565360069,0.3281397816136871,0.04769388406293488,2.624789095638129,0.06966544637396388,0.9,0.0,0.31622776601683794,0.0,0.3452376210140382,0.0,2.1575760064549017,-1.3877787807814457e-16,0.3451658654057426,-6.4969330911254484e-09,2.1610432736101424,-4.263544442495437e-08,no_fit,0.9532116149900626
wave,0.1,218,2,0,0.1321342485025525,0.33385588290134083,0.007198584848404932,2.572290274063972,0.044575867465464214,0.9,0.0,0.31622776601683794,0.0,0.3452376210140382,0.0,2.1575760064549017,-1.3877787807814457e-16,0.3451658654057426,-6.4969330911254484e-09,2.1610432736101424,-4.263544442495437e-08,no_fit,0.9993898796209842
wave,0.1,218,2,1,0.09544094000011683,0.33288045399924787,-0.008437771018532835,2.6095426278197436,-0.05801535064832686,0.9,0.0,0.31622776601683794,0.0,0.3452376210140382,0.0,2.1575760064549017,-1.3877787807814457e-16,0.3451658654057426,-6.4969330911254484e-09,2.1610432736101424,-4.263544442495437e-08,no_fit,0.9960244026163012
wave,0.1,218,2,2,0.10320816095918417,0.3296022202428387,-0.006992218155780455,2.630571910490253,-0.11006792080330607,0.9,0.0,0.31622776601683794,0.0,0.3452376210140382,0.0,2.1575760064549017,-1.3877787807814457e-16,0.3451658654057426,-6.4969330911254484e-09,2.1610432736101424,-4.263544442495437e-08,no_fit,0.997680153048564
wave,0.1,218,2,3,0.17198576219379902,0.33394810717539064,0.04873175182790549,2.5699745464138766,0.26879595678968327,0.9,0.0,0.31622776601683794,0.0,0.3452376210140382,0.0,2.1575760064549017,-1.3877787807814457e-16,0.3451658654057426,-6.4969330911254484e-09,2.1610432736101424,-4.263544442495437e-08,no_fit,0.9979408058442
wave,0.1,218,3,0,0.049160278867930174,0.3285009035774329,0.010815543958785923,2.6783272918477365,0.03780429255620121,0.9,0.0,0.31622776601683794,0.0,0.3452376210140382,0.0,2.1575760064549017,-1.3877787807814457e-16,0.3451658654057426,-6.4969330911254484e-09,2.1610432736101424,-4.263544442495437e-08,no_fit,0.9756786820250783
wave,0.1,218,3,1,0.0380815549287945,0.34656786876620027,-0.02868112678267745,2.696121782421423,-0.1750350162561794,0.9,0.0,0.31622776601683794,0.0,0.3452376210140382,0.0,2.1575760064549017,-1.3877787807814457e-16,0.3451658654057426,-6.4969330911254484e-09,2.1610432736101424,-4.263544442495437e-08,no_fit,0.9715204784247884
wave,0.1,218,3,2,0.051315374206751585,0.3349671979156131,-0.052680610801587015,2.643994063918586,-0.3190434059308036,0.9,0.0,0.31622776601683794,0.0,0.3452376210140382,0.0,2.1575760064549017,-1.3877787807814457e-16,0.3451658654057426,-6.4969330911254484e-09,2.1610432736101424,-4.263544442495437e-08,no_fit,0.9789828534220606
wave,0.1,218,3,3,0.042247612960636616,0.3346895318952902,0.028906753426114224,2.737274604347533,0.1939943207937017,0.9,0.0,0.31622776601683794,0.0,0.3452376210140382,0.0,2.1575760064549017,-1.3877787807814457e-16,0.3451658654057426,-6.4969330911254484e-09,2.1610432736101424,-4.263544442495437e-08,no_fit,0.979408582020388
wave,0.1,219,0,0,0.08619585912674665,0.3275299788095062,-0.06186580936032696,2.656625459635488,-0.21357913233280645,0.9,0.0,0.31622776601683794,0.0,0.3452376210140382,0.0,2.1575760064549017,-1.3877787807814457e-16,0.3451658654057426,-6.4969330911254484e-09,2.1610432736101424,-4.263544442495437e-08,no_fit,0.9915751077388348
wave,0.1,219,0,1,0.38990053441375494,0.2837807595703598,-0.004127685450372945,3.265115137271147,-0.03270645616646006,0.9,0.0,0.31622776601683794,0.0,0.3452376210140382,0.0,2.1575760064549017,-1.3877787807814457e-16,0.3451658654057426,-6.4969330911254484e-09,2.1610432736101424,-4.263544442495437e-08,no_fit,0.7872503423284707
wave,0.1,219,0,2,0.20372062176465988,0.33512317632421423,-0.02409380838611185,2.575257491224602,-0.06688952997300684,0.9,0.0,0.31622776601683794,0.0,0.3452376210140382,0.0,2.1575760064549017,-1.3877787807814457e-16,0.3451658654057426,-6.4969330911254484e-09,2.1610432736101424,-4.263544442495437e-08,no_fit,0.9874736842401404
wave,0.1,219,0,3,0.10153914522379637,0.3327527252433474,0.01015095236693363,2.5391132360087028,0.02298453572348752,0.9,0.0,0.31622776601683794,0.0,0.3452376210140382,0.0,2.1575760064549017,-1.3877787807814457e-16,0.3451658654057426,-6.4969330911254484e-09,2.1610432736101424,-4.263544442495437e-08,acf_or_spectral,0.8212520211864376
wave,0.1,219,1,0,0.09829286485910416,0.3236492792632644,0.02101353669349512,2.826757368359012,0.02587125250471012,0.9,0.0,0.31622776601683794,0.0,0.3452376210140382,0.0,2.1575760064549017,-1.3877787807814457e-16,0.3451658654057426,-6.4969330911254484e-09,2.1610432736101424,-4.263544442495437e-08,no_fit,0.9794557418526758
wave,0.1,219,1,1,0.10510488506406546,0.3533336790460199,-0.023330898265954275,2.1701797425051423,-0.02435243060482878,0.9,0.0,0.31622776601683794,0.0,0.3452376210140382,0.0,2.1575760064549017,-1.3877787807814457e-16,0.3451658654057426,-6.4969330911254484e-09,2.1610432736101424,-4.263544442495437e-08,acf_or_spectral,0.8782116221962638
wave,0.1,219,1,2,0.14109126012772322,0.33430081699714864,-0.019493107942070473,2.5648301602622303,-0.018101061914100325,0.9,0.0,0.31622776601683794,0.0,0.3452376210140382,0.0,2.1575760064549017,-1.3877787807814457e-16,0.3451658654057426,-6.4969330911254484e-09,2.1610432736101424,-4.263544442495437e-08,no_fit,0.997676127133775
wave,0.1,219,1,3,0.13943119440227747,0.3256294106121401,-0.008679321730534602,2.8469401862414956,-0.040770832987533034,0.9,0.0,0.31622776601683794,0.0,0.3452376210140382,0.0,2.1575760064549017,-1.3877787807814457e-16,0.3451658654057426,-6.4969330911254484e-09,2.1610432736101424,-4.263544442495437e-08,no_fit,0.9218857574825629
wave,0.1,219,2,0,0.1272754706442356,0.33547372047171586,-0.01038595069862838,2.5249117412975317,0.0018242439854601056,0.9,0.0,0.31622776601683794,0.0,0.3452376210140382,0.0,2.1575760064549017,-1.3877787807814457e-16,0.3451658654057426,-6.4969330911254484e-09,2.1610432736101424,-4.263544442495437e-08,acf_or_spectral,0.9973743007123764
wave,0.1,219,2,1,0.12111928313970566,0.3345790684949162,-0.008502596494421416,2.5591857642745324,-0.014498191630288593,0.9,0.0,0.31622776601683794,0.0,0.3452376210140382,0.0,2.1575760064549017,-1.3877787807814457e-16,0.3451658654057426,-6.4969330911254484e-09,2.1610432736101424,-4.263544442495437e-08,acf_or_spectral,0.9976504371714504
wave,0.1,219,2,2,0.10421526432037354,0.3216271249814111,0.010988757701064387,2.7922923076732356,0.055740598272633446,0.9,0.0,0.31622776601683794,0.0,0.3452376210140382,0.0,2.1575760064549017,-1.3877787807814457e-16,0.3451658654057426,-6.4969330911254484e-09,2.1610432736101424,-4.263544442495437e-08,no_fit,0.9946146695005568
wave,0.1,219,2,3,0.13235306181013584,0.32514652561417356,0.013824871243062323,2.6806543794074367,0.08432494903457743,0.9,0.0,0.31622776601683794,0.0,0.3452376210140382,0.0,2.1575760064549017,-1.3877787807814457e-16,0.3451658654057426,-6.4969330911254484e-09,2.1610432736101424,-4.263544442495437e-08,no_fit,0.9983626408137096
wave,0.1,219,3,0,0.12167087197303772,0.33493871188646696,-0.0124680999378574,2.5470794702303667,-0.041494329467248514,0.9,0.0,0.31622776601683794,0.0,0.3452376210140382,0.0,2.1575760064549017,-1.3877787807814457e-16,0.3451658654057426,-6.4969330911254484e-09,2.1610432736101424,-4.263544442495437e-08,acf_or_spectral,0.9938171328578465
wave,0.1,219,3,1,0.06703473394736648,0.32151706738743846,-0.009160315405865153,2.9454295631012393,-0.06077577387450939,0.9,0.0,0.31622776601683794,0.0,0.3452376210140382,0.0,2.1575760064549017,-1.3877787807814457e-16,0.3451658654057426,-6.4969330911254484e-09,2.1610432736101424,-4.263544442495437e-08,no_fit,0.9466613281844364
wave,0.1,219,3,2,0.11159272771328688,0.3392824944135522,-0.005081866749679575,2.47779318065265,-0.024446348772705073,0.9,0.0,0.31622776601683794,0.0,0.3452376210140382,0.0,2.1575760064549017,-1.3877787807814457e-16,0.3451658654057426,-6.4969330911254484e-09,2.1610432736101424,-4.263544442495437e-08,acf_or_spectral,0.9921853055370448
wave,0.1,219,3,3,0.1016683867201209,0.332505844333194,-0.003789589009161933,2.599161556129686,-0.008631272201419515,0.9,0.0,0.31622776601683794,0.0,0.3452376210140382,0.0,2.1575760064549017,-1.3877787807814457e-16,0.3451658654057426,-6.4969330911254484e-09,2.1610432736101424,-4.263544442495437e-08,no_fit,0.99671390066972
wave,0.25,200,0,0,0.07045625196769834,0.33970372244609853,-0.05441713895027744,2.617610021362548,-0.11564952409045992,0.75,0.0,0.5,0.0,0.34515016552544536,0.0,2.1620592684360362,-5.551115123125783e-17,0.3450933469558692,-8.329629268617816e-10,2.1647382016420584,-5.068283237541493e-09,no_fit,0.9883210131148724
wave,0.25,200,0,1,0.08432982582598925,0.3206083955932916,-0.07041871959724998,2.67543544728819,-0.23710282607674577,0.75,0.0,0.5,0.0,0.34515016552544536,0.0,2.1620592684360362,-5.551115123125783e-17,0.3450933469558692,-8.329629268617816e-10,2.1647382016420584,-5.068283237541493e-09,no_fit,0.986680730647054
wave,0.25,200,0,2,0.1211650762706995,0.33640158233726153,-0.08121429941069855,2.5112849526198784,-0.06893014842965828,0.75,0.0,0.5,0.0,0.34515016552544536,0.0,2.1620592684360362,-5.551115123125783e-17,0.3450933469558692,-8.329629268617816e-10,2.1647382016420584,-5.068283237541493e-09,acf_or_spectral,0.984219444201939
wave,0.25,200,0,3,0.14069143868982792,0.30114371783149996,0.07748804078338581,3.1078918822291066,0.2900349927192887,0.75,0.0,0.5,0.0,0.34515016552544536,0.0,2.1620592684360362,-5.551115123125783e-17,0.3450933469558692,-8.329629268617816e-10,2.1647382016420584,-5.068283237541493e-09,no_fit,0.908703925485696
wave,0.25,200,1,0,0.0916978009045124,0.33327549425622144,0.018705674674522506,2.600369865827067,-0.029211871765201514,0.75,0.0,0.5,0.0,0.34515016552544536,0.0,2.1620592684360362,-5.551115123125783e-17,0.3450933469558692,-8.329629268617816e-10,2.1647382016420584,-5.068283237541493e-09,no_fit,0.9830180523636276
wave,0.25,200,1,1,0.09001435525715351,0.3348039636965161,-0.07527000032096268,2.688817783368129,-0.22057664339441996,0.75,0.0,0.5,0.0,0.34515016552544536,0.0,2.1620592684360362,-5.551115123125783e-17,0.3450933469558692,-8.329629268617816e-10,2.1647382016420584,-5.068283237541493e-09,no_fit,0.9957507064550224
wave,0.25,200,1,2,0.11896476149559021,0.33098406490134036,-0.0382844108379588,2.6448456401871416,-0.29169705452058536,0.75,0.0,0.5,0.0,0.34515016552544536,0.0,2.1620592684360362,-5.551115123125783e-17,0.3450933469558692,-8.329629268617816e-10,2.1647382016420584,-5.068283237541493e-09,no_fit,0.9900639906730048
wave,0.25,200,1,3,0.37225644662976265,0.31305429858614137,0.013156511962750084,2.94484484318782,0.13490623223919185,0.75,0.0,0.5,0.0,0.34515016552544536,0.0,2.1620592684360362,-5.551115123125783e-17,0.3450933469558692,-8.329629268617816e-10,2.1647382016420584,-5.068283237541493e-09,no_fit,0.8370613545013572
wave,0.25,200,2,0,0.13006358314305544,0.33447035845642364,-0.02521976918511672,2.581873619868178,-0.08952219434290598,0.75,0.0,0.5,0.0,0.34515016552544536,0.0,2.1620592684360362,-5.551115123125783e-17,0.3450933469558692,-8.329629268617816e-10,2.1647382016420584,-5.068283237541493e-09,no_fit,0.9989165189860536
wave,0.25,200,2,1,0.0805259607732296,0.33327405295393064,-0.009051295371432358,2.5734461751683697,0.021695433984318113,0.75,0.0,0.5,0.0,0.34515016552544536,0.0,2.1620592684360362,-5.551115123125783e-17,0.3450933469558692,-8.329629268617816e-10,2.1647382016420584,-5.068283237541493e-09,no_fit,0.9856838136047494
wave,0.25,200,2,2,0.09513913001865149,0.3235129296089903,-0.000241589461777499,2.7277562369276325,0.026525168948638322,0.75,0.0,0.5,0.0,0.34515016552544536,0.0,2.1620592684360362,-5.551115123125783e-17,0.3450933469558692,-8.329629268617816e-10,2.1647382016420584,-5.068283237541493e-09,no_fit,0.9957221833552646
wave,0.25,200,2,3,0.12392068840563297,0.3304472063894894,-0.03458005605800704,2.5925422644356733,-0.15524292240486187,0.75,0.0,0.5,0.0,0.34515016552544536,0.0,2.1620592684360362,-5.551115123125783e-17,0.3450933469558692,-8.329629268617816e-10,2.1647382016420584,-5.068283237541493e-09,no_fit,0.9975477275834896
wave,0.25,200,3,0,0.10527069587260485,0.33964290355559246,0.004079019346509667,2.443865441246215,-0.020272140619065293,0.75,0.0,0.5,0.0,0.34515016552544536,0.0,2.1620592684360362,-5.551115123125783e-17,0.3450933469558692,-8.329629268617816e-10,2.1647382016420584,-5.068283237541493e-09,acf_or_spectral,0.9760413670563792
wave,0.25,200,3,1,0.04276767512783408,0.32621996654483637,0.07567491530934249,2.878616324517643,0.4024892217288083,0.75,0.0,0.5,0.0,0.34515016552544536,0.0,2.1620592684360362,-5.551115123125783e-17,0.3450933469558692,-8.329629268617816e-10,2.1647382016420584,-5.068283237541493e-09,no_fit,0.967469019851958
wave,0.25,200,3,2,0.09567853435873985,0.3328009283144499,0.02062924021279493,2.5762066219365183,0.043310628363855685,0.75,0.0,0.5,0.0,0.34515016552544536,0.0,2.1620592684360362,-5.551115123125783e-17,0.3450933469558692,-8.329629268617816e-10,2.1647382016420584,-5.068283237541493e-09,no_fit,0.9895821735252576
wave,0.25,200,3,3,0.04334421898238361,0.32748622740642414,-0.042522938743236705,2.8938400480620627,-0.3736259917658922,0.75,0.0,0.5,0.0,0.34515016552544536,0.0,2.1620592684360362,-5.551115123125783e-17,0.3450933469558692,-8.329629268617816e-10,2.1647382016420584,-5.068283237541493e-09,no_fit,0.9495081792710508
wave,0.25,201,0,0,0.0009900480581563897,0.32870308422259337,0.019814398161762208,2.8058437451332225,0.055720966136478256,0.75,0.0,0.5,0.0,0.34515016552544536,0.0,2.1620592684360362,-5.551115123125783e-17,0.3450933469558692,-8.329629268617816e-10,2.1647382016420584,-5.068283237541493e-09,no_fit,0.748033892305526
wave,0.25,201,0,1,0.5294635742902756,0.314532032651201,-0.019421571052599614,2.7973614806396014,-0.10947122173921375,0.75,0.0,0.5,0.0,0.34515016552544536,0.0,2.1620592684360362,-5.551115123125783e-17,0.3450933469558692,-8.329629268617816e-10,2.1647382016420584,-5.068283237541493e-09,no_fit,0.7907046936550782
wave,0.25,201,0,2,0.002683256665477529,0.3286770436927675,-0.03666902763286469,2.810114121117909,0.03202961187132669,0.75,0.0,0.5,0.0,0.34515016552544536,0.0,2.1620592684360362,-5.551115123125783e-17,0.3450933469558692,-8.329629268617816e-10,2.1647382016420584,-5.068283237541493e-09,no_fit,0.8051312386302002
wave,0.25,201,0,3,0.16893012542277575,0.3526967086782862,0.0018983639294826461,2.1371994853417915,0.05657662736232513,0.75,0.0,0.5,0.0,0.34515016552544536,0.0,2.1620592684360362,-5.551115123125783e-17,0.3450933469558692,-8.329629268617816e-10,2.1647382016420584,-5.068283237541493e-09,acf_or_spectral,0.9049470451167604
wave,0.25,201,1,0,0.04420642647892237,0.32096558851350054,0.009713689800900075,2.884179005018259,0.1302421440614413,0.75,0.0,0.5,0.0,0.34515016552544536,0.0,2.1620592684360362,-5.551115123125783e-17,0.3450933469558692,-8.329629268617816e-10,2.1647382016420584,-5.068283237541493e-09,no_fit,0.9354765992130616
wave,0.25,201,1,1,0.14927510265260935,0.32856821755336424,-0.021660756152468298,2.6960407398250017,-0.1424079050817897,0.75,0.0,0.5,0.0,0.34515016552544536,0.0,2.1620592684360362,-5.551115123125783e-17,0.3450933469558692,-8.329629268617816e-10,2.1647382016420584,-5.068283237541493e-09,no_fit,0.9922308766872924
wave,0.25,201,1,2,0.006077308673411608,0.3404613816792866,0.00924024445329306,2.5371508709723223,0.0023090803323383424,0.75,0.0,0.5,0.0,0.34515016552544536,0.0,2.1620592684360362,-5.551115123125783e-17,0.3450933469558692,-8.329629268617816e-10,2.1647382016420584,-5.068283237541493e-09,acf_or_spectral,0.7485714082650741
wave,0.25,201,1,3,0.15603632107377052,0.3358472280217244,-0.008990186567626781,2.5472160928332404,0.04224203732058235,0.75,0.0,0.5,0.0,0.34515016552544536,0.0,2.1620592684360362,-5.551115123125783e-17,0.3450933469558692,-8.329629268617816e-10,2.1647382016420584,-5.068283237541493e-09,acf_or_spectral,0.9980436645682652
wave,0.25,201,2,0,0.08889335719868541,0.3190241033668248,0.0010667324586064095,2.8235754814884033,0.0021106823814353026,0.75,0.0,0.5,0.0,0.34515016552544536,0.0,2.1620592684360362,-5.551115123125783e-17,0.3450933469558692,-8.329629268617816e-10,2.1647382016420584,-5.068283237541493e-09,no_fit,0.9945770914246164
wave,0.25,201,2,1,0.13362633623182774,0.33314448218385156,0.004073043991646302,2.5765258825352033,0.028398973500076086,0.75,0.0,0.5,0.0,0.34515016552544536,0.0,2.1620592684360362,-5.551115123125783e-17,0.3450933469558692,-8.329629268617816e-10,2.1647382016420584,-5.068283237541493e-09,no_fit,0.9989405546621292
wave,0.25,201,2,2,0.012498677591793239,0.33127701766649864,0.0012561781944842034,3.0018374881718604,0.13433896014451874,0.75,0.0,0.5,0.0,0.34515016552544536,0.0,2.1620592684360362,-5.551115123125783e-17,0.3450933469558692,-8.329629268617816e-10,2.1647382016420584,-5.068283237541493e-09,no_fit,0.8813167285949564
wave,0.25,201,2,3,0.11064483132213354,0.33488138770432446,0.021118834900289655,2.5421966673959124,0.14035032815356013,0.75,0.0,0.5,0.0,0.34515016552544536,0.0,2.1620592684360362,-5.551115123125783e-17,0.3450933469558692,-8.329629268617816e-10,2.1647382016420584,-5.068283237541493e-09,acf_or_spectral,0.9843049807663202
wave,0.25,201,3,0,0.11648427695035934,0.3254843957852397,-2.909105034139502e-05,2.738778728854373,-0.023099957433213136,0.75,0.0,0.5,0.0,0.34515016552544536,0.0,2.1620592684360362,-5.551115123125783e-17,0.3450933469558692,-8.329629268617816e-10,2.1647382016420584,-5.068283237541493e-09,no_fit,0.9951127145618136
wave,0.25,201,3,1,0.048640369437634945,0.33335025504778343,-0.019405291155285543,2.666568317709595,-0.06946947317622776,0.75,0.0,0.5,0.0,0.34515016552544536,0.0,2.1620592684360362,-5.551115123125783e-17,0.3450933469558692,-8.329629268617816e-10,2.1647382016420584,-5.068283237541493e-09,no_fit,0.9656106897675212
wave,0.25,201,3,2,0.11072677932679653,0.32622026294667794,0.014585151328315544,2.730587018257491,0.08191494070070704,0.75,0.0,0.5,0.0,0.34515016552544536,0.0,2.1620592684360362,-5.551115123125783e-17,0.3450933469558692,-8.329629268617816e-10,2.1647382016420584,-5.068283237541493e-09,no_fit,0.995956544762024
wave,0.25,201,3,3,0.12459119688719511,0.3381818615386481,0.0026793528520435046,2.4798807352424315,0.015750891253088928,0.75,0.0,0.5,0.0,0.34515016552544536,0.0,2.1620592684360362,-5.551115123125783e-17,0.3450933469558692,-8.329629268617816e-10,2.1647382016420584,-5.068283237541493e-09,acf_or_spectral,0.9936587272072416
wave,0.25,202,0,0,0.10391959920525551,0.344332132532955,-0.046224676835017124,2.6102332851425496,-0.16869948259059936,0.75,0.0,0.5,0.0,0.34515016552544536,0.0,2.1620592684360362,-5.551115123125783e-17,0.3450933469558692,-8.329629268617816e-10,2.1647382016420584,-5.068283237541493e-09,no_fit,0.9959417917365636
wave,0.25,202,0,1,0.2606464233249426,0.3241890054442326,0.05876632669075323,2.715786298682412,0.02465675066488565,0.75,0.0,0.5,0.0,0.34515016552544536,0.0,2.1620592684360362,-5.551115123125783e-17,0.3450933469558692,-8.329629268617816e-10,2.1647382016420584,-5.068283237541493e-09,no_fit,0.9011553318536544
wave,0.25,202,0,2,0.010959905805066228,0.3288967748325068,-0.024154576365343464,2.762468107409125,-0.1979438944280706,0.75,0.0,0.5,0.0,0.34515016552544536,0.0,2.1620592684360362,-5.551115123125783e-17,0.3450933469558692,-8.329629268617816e-10,2.1647382016420584,-5.068283237541493e-09,no_fit,0.8439921403987116
wave,0.25,202,0,3,0.35780902951955795,0.2991424460413591,0.01914735053592754,3.0950390433411084,0.0027086799676372397,0.75,0.0,0.5,0.0,0.34515016552544536,0.0,2.1620592684360362,-5.551115123125783e-17,0.3450933469558692,-8.329629268617816e-10,2.1647382016420584,-5.068283237541493e-09,no_fit,0.7841382679842215
wave,0.25,202,1,0,0.14536767732352018,0.33411208862784236,-0.017444475314633303,2.5807670425828673,-0.089651785053312,0.75,0.0,0.5,0.0,0.34515016552544536,0.0,2.1620592684360362,-5.551115123125783e-17,0.3450933469558692,-8.329629268617816e-10,2.1647382016420584,-5.068283237541493e-09,no_fit,0.997487949684298
wave,0.25,202,1,1,0.18627484887838364,0.3368152885979176,0.010729566869401248,2.5161403196606975,0.06636530805270924,0.75,0.0,0.5,0.0,0.34515016552544536,0.0,2.1620592684360362,-5.551115123125783e-17,0.3450933469558692,-8.329629268617816e-10,2.1647382016420584,-5.068283237541493e-09,acf_or_spectral,0.9963363854110902
wave,0.25,202,1,2,0.08471583016216755,0.32546440852485686,0.0020139323910311597,2.7858679246118068,-0.006945994373752096,0.75,0.0,0.5,0.0,0.34515016552544536,0.0,2.1620592684360362,-5.551115123125783e-17,0.3450933469558692,-8.329629268617816e-10,2.1647382016420584,-5.068283237541493e-09,no_fit,0.9839298234830112
wave,0.25,202,1,3,0.10543387103825808,0.3601222969494661,0.01271459224345376,2.018907094866379,0.06451227531806578,0.75,0.0,0.5,0.0,0.34515016552544536,0.0,2.1620592684360362,-5.551115123125783e-17,0.3450933469558692,-8.329629268617816e-10,2.1647382016420584,-5.068283237541493e-09,acf_or_spectral,0.8326943312874233
wave,0.25,202,2,0,0.12520458828657866,0.32788217803547914,-0.017392898829135545,2.6467766124613448,-0.02048493156327935,0.75,0.0,0.5,0.0,0.34515016552544536,0.0,2.1620592684360362,-5.551115123125783e-17,0.3450933469558692,-8.329629268617816e-10,2.1647382016420584,-5.068283237541493e-09,no_fit,0.9985710761348368
wave,0.25,202,2,1,0.16354315541684628,0.3300512173853963,-0.007619064934325146,2.6002308361777637,-0.0058924805245210155,0.75,0.0,0.5,0.0,0.34515016552544536,0.0,2.1620592684360362,-5.551115123125783e-17,0.3450933469558692,-8.329629268617816e-10,2.1647382016420584,-5.068283237541493e-09,no_fit,0.999213674909022
wave,0.25,202,2,2,0.11426517087966204,0.3242554700566345,0.005041865119512587,2.696381808567933,0.07447808867740946,0.75,0.0,0.5,0.0,0.34515016552544536,0.0,2.1620592684360362,-5.551115123125783e-17,0.3450933469558692,-8.329629268617816e-10,2.1647382016420584,-5.068283237541493e-09,no_fit,0.9977728430129896
wave,0.25,202,2,3,0.04820265481248498,0.33016093320095635,-0.016384700143455465,2.6604180582437764,-0.07708188423963747,0.75,0.0,0.5,0.0,0.34515016552544536,0.0,2.1620592684360362,-5.551115123125783e-17,0.3450933469558692,-8.329629268617816e-10,2.1647382016420584,-5.068283237541493e-09,no_fit,0.9529550342991732
wave,0.25,202,3,0,0.1173803098499775,0.33175091855134203,-0.005827098964415836,2.6366156524271718,-0.014391871132081901,0.75,0.0,0.5,0.0,0.34515016552544536,0.0,2.1620592684360362,-5.551115123125783e-17,0.3450933469558692,-8.329629268617816e-10,2.1647382016420584,-5.068283237541493e-09,no_fit,0.9980619185378014
wave,0.25,202,3,1,0.17502010986208916,0.33939347131343556,-0.014703668097539618,2.427847865424626,-0.03722838064933637,0.75,0.0,0.5,0.0,0.34515016552544536,0.0,2.1620592684360362,-5.551115123125783e-17,0.3450933469558692,-8.329629268617816e-10,2.1647382016420584,-5.068283237541493e-09,acf_or_spectral,0.985487682304684
wave,0.25,202,3,2,0.03929076110944152,0.32815576954491793,-0.010152132804253911,2.7077987487676567,-0.047840413466028076,0.75,0.0,0.5,0.0,0.34515016552544536,0.0,2.1620592684360362,-5.551115123125783e-17,0.3450933469558692,-8.329629268617816e-10,2.1647382016420584,-5.068283237541493e-09,no_fit,0.9581759860669784
wave,0.25,202,3,3,0.017626609886065125,0.3217676985851471,0.00028557824728719943,3.079521447443989,-0.060882941555546743,0.75,0.0,0.5,0.0,0.34515016552544536,0.0,2.1620592684360362,-5.551115123125783e-17,0.3450933469558692,-8.329629268617816e-10,2.1647382016420584,-5.068283237541493e-09,no_fit,0.8848532300161558
wave,0.25,203,0,0,0.033615261083468795,0.3408588828589876,-0.08663434279706157,2.4725988997127635,-0.2923639407749106,0.75,0.0,0.5,0.0,0.34515016552544536,0.0,2.1620592684360362,-5.551115123125783e-17,0.3450933469558692,-8.329629268617816e-10,2.1647382016420584,-5.068283237541493e-09,acf_or_spectral,0.954380778358482
wave,0.25,203,0,1,0.04398060776293278,0.3301265661599114,0.011150019650986902,2.6697888085387547,-0.08266669586097425,0.75,0.0,0.5,0.0,0.34515016552544536,0.0,2.1620592684360362,-5.551115123125783e-17,0.3450933469558692,-8.329629268617816e-10,2.1647382016420584,-5.068283237541493e-09,no_fit,0.9726957625488296
wave,0.25,203,0,2,0.22258202265948057,0.29998062312737395,-0.02677509579746752,3.09363054041106,-0.13410714414452451,0.75,0.0,0.5,0.0,0.34515016552544536,0.0,2.1620592684360362,-5.551115123125783e-17,0.3450933469558692,-8.329629268617816e-10,2.1647382016420584,-5.068283237541493e-09,no_fit,0.8926643883139773
wave,0.25,203,0,3,0.3223667312413454,0.308373101663019,-0.0008039543445291441,2.8670866459259488,0.005902727266145713,0.75,0.0,0.5,0.0,0.34515016552544536,0.0,2.1620592684360362,-5.551115123125783e-17,0.3450933469558692,-8.329629268617816e-10,2.1647382016420584,-5.068283237541493e-09,no_fit,0.9024376633379452
wave,0.25,203,1,0,0.10953452624380589,0.32989147166183413,-0.06051287927210248,2.641737054312497,-0.25814249491730423,0.75,0.0,0.5,0.0,0.34515016552544536,0.0,2.1620592684360362,-5.551115123125783e-17,0.3450933469558692,-8.329629268617816e-10,2.1647382016420584,-5.068283237541493e-09,no_fit,0.9954617803244388
wave,0.25,203,1,1,0.03723207046277821,0.3156172468528992,-0.020872173615028664,3.0841453982222977,-0.11000138983972463,0.75,0.0,0.5,0.0,0.34515016552544536,0.0,2.1620592684360362,-5.551115123125783e-17,0.3450933469558692,-8.329629268617816e-10,2.1647382016420584,-5.068283237541493e-09,no_fit,0.9108053184789816
wave,0.25,203,1,2,0.1291923327371478,0.3313115111797565,-0.030537884678227635,2.5603963900350983,-0.09507004765187127,0.75,0.0,0.5,0.0,0.34515016552544536,0.0,2.1620592684360362,-5.551115123125783e-17,0.3450933469558692,-8.329629268617816e-10,2.1647382016420584,-5.068283237541493e-09,acf_or_spectral,0.9309623131527692
wave,0.25,203,1,3,0.1994306445121765,0.3151259470201622,0.019248931080093432,2.9520949027941517,0.04367950401701681,0.75,0.0,0.5,0.0,0.34515016552544536,0.0,2.1620592684360362,-5.551115123125783e-17,0.3450933469558692,-8.329629268617816e-10,2.1647382016420584,-5.068283237541493e-09,no_fit,0.895078713895084
wave,0.25,203,2,0,0.13176323287189007,0.33307496851894286,-0.007026372268797196,2.544837891100108,-0.07343744325599111,0.75,0.0,0.5,0.0,0.34515016552544536,0.0,2.1620592684360362,-5.551115123125783e-17,0.3450933469558692,-8.329629268617816e-10,2.1647382016420584,-5.068283237541493e-09,acf_or_spectral,0.9974062021309268
wave,0.25,203,2,1,0.10854928940534592,0.3335440655506058,0.016448845304989197,2.6381271999423013,0.015525193182704844,0.75,0.0,0.5,0.0,0.34515016552544536,0.0,2.1620592684360362,-5.551115123125783e-17,0.3450933469558692,-8.329629268617816e-10,2.1647382016420584,-5.068283237541493e-09,no_fit,0.9950818587291442
wave,0.25,203,2,2,0.11999189760535955,0.32630869385660627,0.0288033083585645,2.6558821458367947,0.13448725627573155,0.75,0.0,0.5,0.0,0.34515016552544536,0.0,2.1620592684360362,-5.551115123125783e-17,0.3450933469558692,-8.329629268617816e-10,2.1647382016420584,-5.068283237541493e-09,no_fit,0.9974745157997484
wave,0.25,203,2,3,0.116342400200665,0.33265410915304683,-0.004668139238093477,2.6415521400612794,-0.04956598373568405,0.75,0.0,0.5,0.0,0.34515016552544536,0.0,2.1620592684360362,-5.551115123125783e-17,0.3450933469558692,-8.329629268617816e-10,2.1647382016420584,-5.068283237541493e-09,no_fit,0.9904842896687884
wave,0.25,203,3,0,0.06357515184208751,0.32404950750832007,-0.014425019513208728,2.8652881034597457,-0.061371901602851664,0.75,0.0,0.5,0.0,0.34515016552544536,0.0,2.1620592684360362,-5.551115123125783e-17,0.3450933469558692,-8.329629268617816e-10,2.1647382016420584,-5.068283237541493e-09,no_fit,0.9695567424564828
wave,0.25,203,3,1,0.09820289630442858,0.3336813965007474,-0.0008757839461928153,2.5835321186720743,-0.013607008657639696,0.75,0.0,0.5,0.0,0.34515016552544536,0.0,2.1620592684360362,-5.551115123125783e-17,0.3450933469558692,-8.329629268617816e-10,2.1647382016420584,-5.068283237541493e-09,no_fit,0.9946563363651322
wave,0.25,203,3,2,0.12130328733474016,0.3281067036729402,-0.00858394379413701,2.6168267408072214,-0.022205283990677283,0.75,0.0,0.5,0.0,0.34515016552544536,0.0,2.1620592684360362,-5.551115123125783e-17,0.3450933469558692,-8.329629268617816e-10,2.1647382016420584,-5.068283237541493e-09,no_fit,0.9978269697898264
wave,0.25,203,3,3,0.10097853001207113,0.33469253938687754,-0.008908940548175542,2.578347426001199,-0.05894474156210916,0.75,0.0,0.5,0.0,0.34515016552544536,0.0,2.1620592684360362,-5.551115123125783e-17,0.3450933469558692,-8.329629268617816e-10,2.1647382016420584,-5.068283237541493e-09,no_fit,0.9952785919429824
wave,0.25,204,0,0,0.08570672105997801,0.32581574300615623,-0.027279595700987994,2.648245085417203,-0.18975680706197057,0.75,0.0,0.5,0.0,0.34515016552544536,0.0,2.1620592684360362,-5.551115123125783e-17,0.3450933469558692,-8.329629268617816e-10,2.1647382016420584,-5.068283237541493e-09,no_fit,0.8716348332410732
wave,0.25,204,0,1,0.055626253597438335,0.3228807814796712,0.015064910853329786,2.655396063900009,0.03053971877789463,0.75,0.0,0.5,0.0,0.34515016552544536,0.0,2.1620592684360362,-5.551115123125783e-17,0.3450933469558692,-8.329629268617816e-10,2.1647382016420584,-5.068283237541493e-09,no_fit,0.974993613496838
wave,0.25,204,0,2,0.34182034619152546,0.3255884185578209,-0.006846937827503495,2.8406527574302283,0.001938861129820113,0.75,0.0,0.5,0.0,0.34515016552544536,0.0,2.1620592684360362,-5.551115123125783e-17,0.3450933469558692,-8.329629268617816e-10,2.1647382016420584,-5.068283237541493e-09,no_fit,0.8234685899579518
wave,0.25,204,0,3,0.10497344005852938,0.3356603180944592,-0.020994704752289352,2.591160143267609,-0.3585039416401669,0.75,0.0,0.5,0.0,0.34515016552544536,0.0,2.1620592684360362,-5.551115123125783e-17,0.3450933469558692,-8.329629268617816e-10,2.1647382016420584,-5.068283237541493e-09,no_fit,0.9842771652090986
wave,0.25,204,1,0,0.0428339596837759,0.3352977070391633,-0.027414103218203735,2.700927094950652,-0.2245225505121321,0.75,0.0,0.5,0.0,0.34515016552544536,0.0,2.1620592684360362,-5.551115123125783e-17,0.3450933469558692,-8.329629268617816e-10,2.1647382016420584,-5.068283237541493e-09,no_fit,0.9360582528441443
wave,0.25,204,1,1,0.100367471575737,0.33194108840639613,-0.0030811833097362787,2.602901109339512,-0.002756114314100999,0.75,0.0,0.5,0.0,0.34515016552544536,0.0,2.1620592684360362,-5.551115123125783e-17,0.3450933469558692,-8.329629268617816e-10,2.1647382016420584,-5.068283237541493e-09,no_fit,0.993117426020076
wave,0.25,204,1,2,0.06704806815832853,0.33646603888893406,-0.06853566709687363,2.587417192670126,-0.28857530835062056,0.75,0.0,0.5,0.0,0.34515016552544536,0.0,2.1620592684360362,-5.551115123125783e-17,0.3450933469558692,-8.329629268617816e-10,2.1647382016420584,-5.068283237541493e-09,no_fit,0.9749607193697656
wave,0.25,204,1,3,0.04554220801219344,0.3194535871269321,-0.005947786843553189,2.989593428892935,0.1465664099011027,0.75,0.0,0.5,0.0,0.34515016552544536,0.0,2.1620592684360362,-5.551115123125783e-17,0.3450933469558692,-8.329629268617816e-10,2.1647382016420584,-5.068283237541493e-09,no_fit,0.917517338983858
wave,0.25,204,2,0,0.12585012800991535,0.3291442710174281,-0.02728845986832349,2.630027664093827,-0.11025330275806022,0.75,0.0,0.5,0.0,0.34515016552544536,0.0,2.1620592684360362,-5.551115123125783e-17,0.3450933469558692,-8.329629268617816e-10,2.1647382016420584,-5.068283237541493e-09,no_fit,0.998476351738429
wave,0.25,204,2,1,0.10095883905887604,0.3272614012398848,0.03317708179040591,2.69382792049073,0.22074986203426517,0.75,0.0,0.5,0.0,0.34515016552544536,0.0,2.1620592684360362,-5.551115123125783e-17,0.3450933469558692,-8.329629268617816e-10,2.1647382016420584,-5.068283237541493e-09,no_fit,0.9960553675768564
wave,0.25,204,2,2,0.1049033422023058,0.324964648997337,-0.01254101956643027,2.7317457853287874,-0.12570938728863856,0.75,0.0,0.5,0.0,0.34515016552544536,0.0,2.1620592684360362,-5.551115123125783e-17,0.3450933469558692,-8.329629268617816e-10,2.1647382016420584,-5.068283237541493e-09,no_fit,0.9973543615423468
wave,0.25,204,2,3,0.04275821801275015,0.33380289045648043,-0.057902807244834514,2.7580191852293363,-0.16110033029568527,0.75,0.0,0.5,0.0,0.34515016552544536,0.0,2.1620592684360362,-5.551115123125783e-17,0.3450933469558692,-8.329629268617816e-10,2.1647382016420584,-5.068283237541493e-09,no_fit,0.9495502985538344
wave,0.25,204,3,0,0.11644757632166147,0.3425851841815043,0.021139689335709158,2.3752268605966766,0.1272986261334489,0.75,0.0,0.5,0.0,0.34515016552544536,0.0,2.1620592684360362,-5.551115123125783e-17,0.3450933469558692,-8.329629268617816e-10,2.1647382016420584,-5.068283237541493e-09,acf_or_spectral,0.9716569879944112
wave,0.25,204,3,1,0.03845768142491579,0.3246334206918253,0.002588028998922199,2.7915239239488026,-0.11691859742694888,0.75,0.0,0.5,0.0,0.34515016552544536,0.0,2.1620592684360362,-5.551115123125783e-17,0.3450933469558692,-8.329629268617816e-10,2.1647382016420584,-5.068283237541493e-09,no_fit,0.9627307943732812
wave,0.25,204,3,2,0.04036803497001529,0.3298470894232475,-0.03235254424005687,2.7196117447310897,-0.13327578900813997,0.75,0.0,0.5,0.0,0.34515016552544536,0.0,2.1620592684360362,-5.551115123125783e-17,0.3450933469558692,-8.329629268617816e-10,2.1647382016420584,-5.068283237541493e-09,no_fit,0.9629336742155956
wave,0.25,204,3,3,0.03003424359485507,0.3403996474435464,-0.040465615190715114,2.864153955188726,-0.09408798067947699,0.75,0.0,0.5,0.0,0.34515016552544536,0.0,2.1620592684360362,-5.551115123125783e-17,0.3450933469558692,-8.329629268617816e-10,2.1647382016420584,-5.068283237541493e-09,no_fit,0.9460454585017068
wave,0.25,205,0,0,0.07489279797300696,0.3265173978885334,-0.03155383459302131,2.725873040926819,-0.13277690971368905,0.75,0.0,0.5,0.0,0.34515016552544536,0.0,2.1620592684360362,-5.551115123125783e-17,0.3450933469558692,-8.329629268617816e-10,2.1647382016420584,-5.068283237541493e-09,no_fit,0.9700646304667936
wave,0.25,205,0,1,0.3559452947229147,0.2986535640545748,-0.0004362189975718505,3.1676202470528625,0.00972275943576728,0.75,0.0,0.5,0.0,0.34515016552544536,0.0,2.1620592684360362,-5.551115123125783e-17,0.3450933469558692,-8.329629268617816e-10,2.1647382016420584,-5.068283237541493e-09,no_fit,0.776674594973275
wave,0.25,205,0,2,0.24810953624546528,0.3345552251377185,0.004064589738863907,2.446806113161052,-0.05583037586907047,0.75,0.0,0.5,0.0,0.34515016552544536,0.0,2.1620592684360362,-5.551115123125783e-17,0.3450933469558692,-8.329629268617816e-10,2.1647382016420584,-5.068283237541493e-09,acf_or_spectral,0.8907268647465246
wave,0.25,205,0,3,0.07972587691619992,0.3245654852537996,-0.003967056115136139,2.8454320823959516,-0.0022176856626328068,0.75,0.0,0.5,0.0,0.34515016552544536,0.0,2.1620592684360362,-5.551115123125783e-17,0.3450933469558692,-8.329629268617816e-10,2.1647382016420584,-5.068283237541493e-09,no_fit,0.9288929288345534
wave,0.25,205,1,0,0.10881877085193992,0.3584518765614503,0.04695680289705124,2.1124544338833484,0.13803320996707322,0.75,0.0,0.5,0.0,0.34515016552544536,0.0,2.1620592684360362,-5.551115123125783e-17,0.3450933469558692,-8.329629268617816e-10,2.1647382016420584,-5.068283237541493e-09,acf_or_spectral,0.8572318699731509
wave,0.25,205,1,1,0.09809861239045858,0.33048492392654444,-0.028423085806395302,2.7544216633051177,0.01148154697772863,0.75,0.0,0.5,0.0,0.34515016552544536,0.0,2.1620592684360362,-5.551115123125783e-17,0.3450933469558692,-8.329629268617816e-10,2.1647382016420584,-5.068283237541493e-09,no_fit,0.995262983683576
wave,0.25,205,1,2,0.03248333721421659,0.32961948164721994,-0.0057420494499043784,2.924656544094898,-0.0351625096653676,0.75,0.0,0.5,0.0,0.34515016552544536,0.0,2.1620592684360362,-5.551115123125783e-17,0.3450933469558692,-8.329629268617816e-10,2.1647382016420584,-5.068283237541493e-09,no_fit,0.9015610793122504
wave,0.25,205,1,3,0.0698286322876811,0.338197291567325,0.022934598497402228,2.4563999740234395,0.14260536398160822,0.75,0.0,0.5,0.0,0.34515016552544536,0.0,2.1620592684360362,-5.551115123125783e-17,0.3450933469558692,-8.329629268617816e-10,2.1647382016420584,-5.068283237541493e-09,acf_or_spectral,0.9209207206068856
wave,0.25,205,2,0,0.12045519519597292,0.3327736391844407,0.025776673410182274,2.6291120968509656,0.06403551952078101,0.75,0.0,0.5,0.0,0.34515016552544536,0.0,2.1620592684360362,-5.551115123125783e-17,0.3450933469558692,-8.329629268617816e-10,2.1647382016420584,-5.068283237541493e-09,no_fit,0.9970964372477004
wave,0.25,205,2,1,0.1393413571640849,0.3362999212922202,0.017575034319874738,2.5715599499049033,0.043011304564559594,0.75,0.0,0.5,0.0,0.34515016552544536,0.0,2.1620592684360362,-5.551115123125783e-17,0.3450933469558692,-8.329629268617816e-10,2.1647382016420584,-5.068283237541493e-09,no_fit,0.998253059712228
wave,0.25,205,2,2,0.09881095495074987,0.33351182135569146,0.0017592393872540924,2.5791714117417084,-0.001080808206002537,0.75,0.0,0.5,0.0,0.34515016552544536,0.0,2.1620592684360362,-5.551115123125783e-17,0.3450933469558692,-8.329629268617816e-10,2.1647382016420584,-5.068283237541493e-09,no_fit,0.9943618622567216
wave,0.25,205,2,3,0.1285310173407197,0.3416274900293098,0.014847756255380977,2.4330190155445846,0.08025701691081621,0.75,0.0,0.5,0.0,0.34515016552544536,0.0,2.1620592684360362,-5.551115123125783e-17,0.3450933469558692,-8.329629268617816e-10,2.1647382016420584,-5.068283237541493e-09,acf_or_spectral,0.9952097155908528
wave,0.25,205,3,0,0.1392654562368989,0.3314591893675544,0.0026865468227398586,2.6155917135697644,-0.01724885477591237,0.75,0.0,0.5,0.0,0.34515016552544536,0.0,2.1620592684360362,-5.551115123125783e-17,0.3450933469558692,-8.329629268617816e-10,2.1647382016420584,-5.068283237541493e-09,ungated,0.9997446978918124
wave,0.25,205,3,1,0.10418081842362881,0.3326312655215343,-0.02509111403149624,2.665121973262139,-0.08500464254130469,0.75,0.0,0.5,0.0,0.34515016552544536,0.0,2.1620592684360362,-5.551115123125783e-17,0.3450933469558692,-8.329629268617816e-10,2.1647382016420584,-5.068283237541493e-09,no_fit,0.9941499874119356
wave,0.25,205,3,2,0.13057615235447884,0.33544078840311,-0.008166596330194467,2.567213396533547,-0.01475936577360426,0.75,0.0,0.5,0.0,0.34515016552544536,0.0,2.1620592684360362,-5.551115123125783e-17,0.3450933469558692,-8.329629268617816e-10,2.1647382016420584,-5.068283237541493e-09,no_fit,0.998869379874742
wave,0.25,205,3,3,0.06587185710668564,0.33016321119619224,-0.0031909203686396412,2.6364863028325853,-0.04909764639774533,0.75,0.0,0.5,0.0,0.34515016552544536,0.0,2.1620592684360362,-5.551115123125783e-17,0.3450933469558692,-8.329629268617816e-10,2.1647382016420584,-5.068283237541493e-09,no_fit,0.982532808605048
wave,0.25,206,0,0,0.40217647328972816,0.2893718274332374,-0.005112638818171094,3.1513361429564997,0.04168511628434757,0.75,0.0,0.5,0.0,0.34515016552544536,0.0,2.1620592684360362,-5.551115123125783e-17,0.3450933469558692,-8.329629268617816e-10,2.1647382016420584,-5.068283237541493e-09,no_fit,0.7842307398383597
wave,0.25,206,0,1,0.10623465944081545,0.3124616359148417,0.08878978658521046,2.8315839630333297,0.26853225870745134,0.75,0.0,0.5,0.0,0.34515016552544536,0.0,2.1620592684360362,-5.551115123125783e-17,0.3450933469558692,-8.329629268617816e-10,2.1647382016420584,-5.068283237541493e-09,no_fit,0.9119319312852636
wave,0.25,206,0,2,0.04604175314307213,0.3753589316218197,-0.1265118973918076,2.2764169032794737,-0.18282384234984045,0.75,0.0,0.5,0.0,0.34515016552544536,0.0,2.1620592684360362,-5.551115123125783e-17,0.3450933469558692,-8.329629268617816e-10,2.1647382016420584,-5.068283237541493e-09,acf_or_spectral,0.9616945397770243
wave,0.25,206,0,3,0.057077424600720406,0.33061698665272354,-0.018095211186302265,2.6948492691698025,-0.17261181751558724,0.75,0.0,0.5,0.0,0.34515016552544536,0.0,2.1620592684360362,-5.551115123125783e-17,0.3450933469558692,-8.329629268617816e-10,2.1647382016420584,-5.068283237541493e-09,no_fit,0.9812057379755856
wave,0.25,206,1,0,0.08607763983309269,0.3298750730713972,-0.061310303558018385,2.585152821003459,-0.22297360971896368,0.75,0.0,0.5,0.0,0.34515016552544536,0.0,2.1620592684360362,-5.551115123125783e-17,0.3450933469558692,-8.329629268617816e-10,2.1647382016420584,-5.068283237541493e-09,no_fit,0.9878241956741128
wave,0.25,206,1,1,0.1383960610255599,0.32656594865783006,-0.006351306091556247,2.636953186448067,-0.03265091847338242,0.75,0.0,0.5,0.0,0.34515016552544536,0.0,2.1620592684360362,-5.551115123125783e-17,0.3450933469558692,-8.329629268617816e-10,2.1647382016420584,-5.068283237541493e-09,no_fit,0.9977629536053012
wave,0.25,206,1,2,0.05333143216557801,0.34538706060569035,0.0911927754440412,2.3505837700293277,0.24164387344399535,0.75,0.0,0.5,0.0,0.34515016552544536,0.0,2.1620592684360362,-5.551115123125783e-17,0.3450933469558692,-8.329629268617816e-10,2.1647382016420584,-5.068283237541493e-09,acf_or_spectral,0.9306187323605444
wave,0.25,206,1,3,0.11365370638668537,0.33881189429575215,0.013515535158208018,2.510134376411433,0.09127056920464716,0.75,0.0,0.5,0.0,0.34515016552544536,0.0,2.1620592684360362,-5.551115123125783e-17,0.3450933469558692,-8.329629268617816e-10,2.1647382016420584,-5.068283237541493e-09,acf_or_spectral,0.9883178804041224
wave,0.25,206,2,0,0.08646481670439243,0.3335639197820747,0.028587970415042314,2.5297441841277566,0.07129706533403546,0.75,0.0,0.5,0.0,0.34515016552544536,0.0,2.1620592684360362,-5.551115123125783e-17,0.3450933469558692,-8.329629268617816e-10,2.1647382016420584,-5.068283237541493e-09,acf_or_spectral,0.984351178323381
wave,0.25,206,2,1,0.11122725065797567,0.3294411122893113,-0.0010238302513661769,2.726379187509727,0.07106865212723146,0.75,0.0,0.5,0.0,0.34515016552544536,0.0,2.1620592684360362,-5.551115123125783e-17,0.3450933469558692,-8.329629268617816e-10,2.1647382016420584,-5.068283237541493e-09,no_fit,0.9855786814200062
wave,0.25,206,2,2,0.05369901284575462,0.3235501536649433,-0.03992962046926165,2.8265453477395557,-0.22532237707859581,0.75,0.0,0.5,0.0,0.34515016552544536,0.0,2.1620592684360362,-5.551115123125783e-17,0.3450933469558692,-8.329629268617816e-10,2.1647382016420584,-5.068283237541493e-09,no_fit,0.9648691434188128
wave,0.25,206,2,3,0.11720222234725952,0.334249001149211,0.015533791492422476,2.603168643638533,0.025069242361519695,0.75,0.0,0.5,0.0,0.34515016552544536,0.0,2.1620592684360362,-5.551115123125783e-17,0.3450933469558692,-8.329629268617816e-10,2.1647382016420584,-5.068283237541493e-09,no_fit,0.9989502909205076
wave,0.25,206,3,0,0.05133527470752597,0.3240771927596139,0.013420210037453589,2.785096405427563,0.11325327158753051,0.75,0.0,0.5,0.0,0.34515016552544536,0.0,2.1620592684360362,-5.551115123125783e-17,0.3450933469558692,-8.329629268617816e-10,2.1647382016420584,-5.068283237541493e-09,no_fit,0.981658512044368
wave,0.25,206,3,1,0.052005184814333916,0.3197974158340271,0.006870321144913582,2.98490848871268,-0.037823175664560504,0.75,0.0,0.5,0.0,0.34515016552544536,0.0,2.1620592684360362,-5.551115123125783e-17,0.3450933469558692,-8.329629268617816e-10,2.1647382016420584,-5.068283237541493e-09,no_fit,0.9476642084227088
wave,0.25,206,3,2,0.15395130589604378,0.3421088869283586,0.02615485907631009,2.364303753694558,0.10519044686383666,0.75,0.0,0.5,0.0,0.34515016552544536,0.0,2.1620592684360362,-5.551115123125783e-17,0.3450933469558692,-8.329629268617816e-10,2.1647382016420584,-5.068283237541493e-09,acf_or_spectral,0.976786001142516
wave,0.25,206,3,3,0.04170580767095089,0.3293394327470802,0.01316978374312915,2.6896748421446444,0.06930901021788816,0.75,0.0,0.5,0.0,0.34515016552544536,0.0,2.1620592684360362,-5.551115123125783e-17,0.3450933469558692,-8.329629268617816e-10,2.1647382016420584,-5.068283237541493e-09,no_fit,0.9737469003828628
wave,0.25,207,0,0,0.4393823090940714,0.31151045048966347,-0.031783020965101036,2.919323038823861,-0.08851119616685243,0.75,0.0,0.5,0.0,0.34515016552544536,0.0,2.1620592684360362,-5.551115123125783e-17,0.3450933469558692,-8.329629268617816e-10,2.1647382016420584,-5.068283237541493e-09,no_fit,0.8220976568931857
wave,0.25,207,0,1,0.4117192514240742,0.3148727722651913,0.05078196237314364,2.8461379301152583,0.14734119950819768,0.75,0.0,0.5,0.0,0.34515016552544536,0.0,2.1620592684360362,-5.551115123125783e-17,0.3450933469558692,-8.329629268617816e-10,2.1647382016420584,-5.068283237541493e-09,no_fit,0.8810468491524182
wave,0.25,207,0,2,0.013071947963908315,0.3346462589987405,-0.03443243746921261,2.668144950720589,-0.025545401096463416,0.75,0.0,0.5,0.0,0.34515016552544536,0.0,2.1620592684360362,-5.551115123125783e-17,0.3450933469558692,-8.329629268617816e-10,2.1647382016420584,-5.068283237541493e-09,no_fit,0.8446764289876626
wave,0.25,207,0,3,0.20243145152926445,0.32415368999828487,0.034299548143651146,2.692507822520249,0.11411057634224109,0.75,0.0,0.5,0.0,0.34515016552544536,0.0,2.1620592684360362,-5.551115123125783e-17,0.3450933469558692,-8.329629268617816e-10,2.1647382016420584,-5.068283237541493e-09,no_fit,0.9271252580868566
wave,0.25,207,1,0,0.11711573600769043,0.338664709244524,0.08585800608345076,2.594243099073705,0.21782816224789758,0.75,0.0,0.5,0.0,0.34515016552544536,0.0,2.1620592684360362,-5.551115123125783e-17,0.3450933469558692,-8.329629268617816e-10,2.1647382016420584,-5.068283237541493e-09,no_fit,0.993273651139122
wave,0.25,207,1,1,0.05684360163286328,0.3307109995540886,-0.007066052203976808,2.615295341253455,-0.12032814916568224,0.75,0.0,0.5,0.0,0.34515016552544536,0.0,2.1620592684360362,-5.551115123125783e-17,0.3450933469558692,-8.329629268617816e-10,2.1647382016420584,-5.068283237541493e-09,no_fit,0.9521821061148183
wave,0.25,207,1,2,0.05898432759568095,0.34184268626680175,0.06260654897851542,2.5085189673173964,0.22680174505803485,0.75,0.0,0.5,0.0,0.34515016552544536,0.0,2.1620592684360362,-5.551115123125783e-17,0.3450933469558692,-8.329629268617816e-10,2.1647382016420584,-5.068283237541493e-09,acf_or_spectral,0.9808067370024772
wave,0.25,207,1,3,0.17486579529941082,0.3329740335115622,0.0020150040758112274,2.5722278373778518,-0.002984703115590015,0.75,0.0,0.5,0.0,0.34515016552544536,0.0,2.1620592684360362,-5.551115123125783e-17,0.3450933469558692,-8.329629268617816e-10,2.1647382016420584,-5.068283237541493e-09,no_fit,0.9826099580593683
wave,0.25,207,2,0,0.021501307608559728,0.3476913564003216,-0.09524959841362172,2.6854496497726768,-0.5358663918392602,0.75,0.0,0.5,0.0,0.34515016552544536,0.0,2.1620592684360362,-5.551115123125783e-17,0.3450933469558692,-8.329629268617816e-10,2.1647382016420584,-5.068283237541493e-09,no_fit,0.8962201608054137
wave,0.25,207,2,1,0.11810908932238817,0.3318873827358169,0.04921316349762717,2.604527085341182,0.1640860148122199,0.75,0.0,0.5,0.0,0.34515016552544536,0.0,2.1620592684360362,-5.551115123125783e-17,0.3450933469558692,-8.329629268617816e-10,2.1647382016420584,-5.068283237541493e-09,no_fit,0.9829064261179268
wave,0.25,207,2,2,0.01602806756272912,0.32591392725911367,-0.00563371257246603,2.9296045712389223,0.21785449354711162,0.75,0.0,0.5,0.0,0.34515016552544536,0.0,2.1620592684360362,-5.551115123125783e-17,0.3450933469558692,-8.329629268617816e-10,2.1647382016420584,-5.068283237541493e-09,no_fit,0.888221262860815
wave,0.25,207,2,3,0.10124102607369423,0.3301166759514553,-0.030486842974807263,2.6607403327799126,-0.1633245336323444,0.75,0.0,0.5,0.0,0.34515016552544536,0.0,2.1620592684360362,-5.551115123125783e-17,0.3450933469558692,-8.329629268617816e-10,2.1647382016420584,-5.068283237541493e-09,no_fit,0.996192021082516
wave,0.25,207,3,0,0.10347648337483406,0.3320736217067616,-0.0047794397897959135,2.6194959896759813,-0.024932050202980838,0.75,0.0,0.5,0.0,0.34515016552544536,0.0,2.1620592684360362,-5.551115123125783e-17,0.3450933469558692,-8.329629268617816e-10,2.1647382016420584,-5.068283237541493e-09,no_fit,0.9976000499028932
wave,0.25,207,3,1,0.09338442794978619,0.3233929535707473,0.01989598275154401,2.775414773009593,0.09068769854615444,0.75,0.0,0.5,0.0,0.34515016552544536,0.0,2.1620592684360362,-5.551115123125783e-17,0.3450933469558692,-8.329629268617816e-10,2.1647382016420584,-5.068283237541493e-09,no_fit,0.9946632146655928
wave,0.25,207,3,2,0.11811909638345242,0.32948885498379876,0.0025369510436538357,2.638174511350698,0.005120381617469305,0.75,0.0,0.5,0.0,0.34515016552544536,0.0,2.1620592684360362,-5.551115123125783e-17,0.3450933469558692,-8.329629268617816e-10,2.1647382016420584,-5.068283237541493e-09,no_fit,0.9980821527576536
wave,0.25,207,3,3,0.11260844394564629,0.33546539828358396,-0.006075426283840227,2.5359801884344826,-0.03621356572902579,0.75,0.0,0.5,0.0,0.34515016552544536,0.0,2.1620592684360362,-5.551115123125783e-17,0.3450933469558692,-8.329629268617816e-10,2.1647382016420584,-5.068283237541493e-09,acf_or_spectral,0.9954248416427752
wave,0.25,208,0,0,0.001783706873538904,0.3363539051362811,-0.02866771559325943,2.8177494984013625,-0.13326186657530326,0.75,0.0,0.5,0.0,0.34515016552544536,0.0,2.1620592684360362,-5.551115123125783e-17,0.3450933469558692,-8.329629268617816e-10,2.1647382016420584,-5.068283237541493e-09,no_fit,0.7879325521246808
wave,0.25,208,0,1,0.14152185525745153,0.33875285037099245,-0.0043415494809993654,2.5392248285294845,-0.08158617054120937,0.75,0.0,0.5,0.0,0.34515016552544536,0.0,2.1620592684360362,-5.551115123125783e-17,0.3450933469558692,-8.329629268617816e-10,2.1647382016420584,-5.068283237541493e-09,acf_or_spectral,0.860137120129167
wave,0.25,208,0,2,0.04529952257871628,0.3437895660622129,0.0064736212309546015,2.512030150418402,0.07287450828528103,0.75,0.0,0.5,0.0,0.34515016552544536,0.0,2.1620592684360362,-5.551115123125783e-17,0.3450933469558692,-8.329629268617816e-10,2.1647382016420584,-5.068283237541493e-09,acf_or_spectral,0.959471603490558
wave,0.25,208,0,3,0.278505252674222,0.323367307261608,0.012317138167624263,2.7623271645078495,0.01284652496727734,0.75,0.0,0.5,0.0,0.34515016552544536,0.0,2.1620592684360362,-5.551115123125783e-17,0.3450933469558692,-8.329629268617816e-10,2.1647382016420584,-5.068283237541493e-09,no_fit,0.8788845545943762
wave,0.25,208,1,0,0.07474067620933056,0.3334754675550689,0.020292999086404646,2.581937451630963,0.07882429127479262,0.75,0.0,0.5,0.0,0.34515016552544536,0.0,2.1620592684360362,-5.551115123125783e-17,0.3450933469558692,-8.329629268617816e-10,2.1647382016420584,-5.068283237541493e-09,no_fit,0.987261603294902
wave,0.25,208,1,1,0.13970799185335636,0.33030664781829516,-0.04988352770476873,2.5573801952318616,-0.2219941423494387,0.75,0.0,0.5,0.0,0.34515016552544536,0.0,2.1620592684360362,-5.551115123125783e-17,0.3450933469558692,-8.329629268617816e-10,2.1647382016420584,-5.068283237541493e-09,no_fit,0.9939621827964534
wave,0.25,208,1,2,0.016783999046310782,0.32258393670697044,-0.034004312350357016,2.969101141316015,-0.13667235162445357,0.75,0.0,0.5,0.0,0.34515016552544536,0.0,2.1620592684360362,-5.551115123125783e-17,0.3450933469558692,-8.329629268617816e-10,2.1647382016420584,-5.068283237541493e-09,no_fit,0.8939890227978754
wave,0.25,208,1,3,0.06737537076696754,0.31924920170510035,0.00731638795336041,2.9663663605641233,0.06232920994346802,0.75,0.0,0.5,0.0,0.34515016552544536,0.0,2.1620592684360362,-5.551115123125783e-17,0.3450933469558692,-8.329629268617816e-10,2.1647382016420584,-5.068283237541493e-09,no_fit,0.957885115092687
wave,0.25,208,2,0,0.12001505680382252,0.3361127466769798,-0.015600134576375024,2.5592339095930288,-0.04310802764060728,0.75,0.0,0.5,0.0,0.34515016552544536,0.0,2.1620592684360362,-5.551115123125783e-17,0.3450933469558692,-8.329629268617816e-10,2.1647382016420584,-5.068283237541493e-09,acf_or_spectral,0.9984518300093804
wave,0.25,208,2,1,0.1085150633007288,0.3290995054816154,0.0035749038067514932,2.667607062938419,0.018309628928312005,0.75,0.0,0.5,0.0,0.34515016552544536,0.0,2.1620592684360362,-5.551115123125783e-17,0.3450933469558692,-8.329629268617816e-10,2.1647382016420584,-5.068283237541493e-09,no_fit,0.9980399908147164
wave,0.25,208,2,2,0.03022290440276265,0.3290847111755412,-0.010484243681417708,2.849492975429081,0.023206439165481263,0.75,0.0,0.5,0.0,0.34515016552544536,0.0,2.1620592684360362,-5.551115123125783e-17,0.3450933469558692,-8.329629268617816e-10,2.1647382016420584,-5.068283237541493e-09,no_fit,0.9259566533396608
wave,0.25,208,2,3,0.12281212862581015,0.3325692720789162,-0.014725564952066355,2.5969293557510955,-0.05765557282098521,0.75,0.0,0.5,0.0,0.34515016552544536,0.0,2.1620592684360362,-5.551115123125783e-17,0.3450933469558692,-8.329629268617816e-10,2.1647382016420584,-5.068283237541493e-09,no_fit,0.9989913218747596
wave,0.25,208,3,0,0.11531246174126863,0.3348299710432883,0.0022560185983196285,2.5509477672945455,0.03336178877248913,0.75,0.0,0.5,0.0,0.34515016552544536,0.0,2.1620592684360362,-5.551115123125783e-17,0.3450933469558692,-8.329629268617816e-10,2.1647382016420584,-5.068283237541493e-09,acf_or_spectral,0.9944294876396907
wave,0.25,208,3,1,0.09497086517512798,0.3333448922353993,0.0037922447365030965,2.5770414007586515,-0.02358146703592362,0.75,0.0,0.5,0.0,0.34515016552544536,0.0,2.1620592684360362,-5.551115123125783e-17,0.3450933469558692,-8.329629268617816e-10,2.1647382016420584,-5.068283237541493e-09,no_fit,0.9929642820508426
wave,0.25,208,3,2,0.020594981615431607,0.3250433744638199,0.02471063467982464,2.9771137050831324,0.12236174707249414,0.75,0.0,0.5,0.0,0.34515016552544536,0.0,2.1620592684360362,-5.551115123125783e-17,0.3450933469558692,-8.329629268617816e-10,2.1647382016420584,-5.068283237541493e-09,no_fit,0.9117804224281856
wave,0.25,208,3,3,0.03126824484206736,0.3213553726338062,0.03637916291106029,2.8636598010242484,0.21927258804982774,0.75,0.0,0.5,0.0,0.34515016552544536,0.0,2.1620592684360362,-5.551115123125783e-17,0.3450933469558692,-8.329629268617816e-10,2.1647382016420584,-5.068283237541493e-09,no_fit,0.9383797583456258
wave,0.25,209,0,0,0.0728675490245223,0.31919865876728937,-0.04339972163520441,2.982708033017903,-0.09134322078334056,0.75,0.0,0.5,0.0,0.34515016552544536,0.0,2.1620592684360362,-5.551115123125783e-17,0.3450933469558692,-8.329629268617816e-10,2.1647382016420584,-5.068283237541493e-09,no_fit,0.9526054373623016
wave,0.25,209,0,1,0.3052128665149212,0.2976217391351791,-0.12556671236815883,3.051402212417952,-0.4108855180013221,0.75,0.0,0.5,0.0,0.34515016552544536,0.0,2.1620592684360362,-5.551115123125783e-17,0.3450933469558692,-8.329629268617816e-10,2.1647382016420584,-5.068283237541493e-09,no_fit,0.8973336422532977
wave,0.25,209,0,2,0.10092022828757763,0.32525100473552193,-0.02854548869795986,2.740452788992228,-0.11074849207200976,0.75,0.0,0.5,0.0,0.34515016552544536,0.0,2.1620592684360362,-5.551115123125783e-17,0.3450933469558692,-8.329629268617816e-10,2.1647382016420584,-5.068283237541493e-09,no_fit,0.9949216523304748
wave,0.25,209,0,3,0.047469355165958405,0.3255821451900498,0.04085381227670754,2.727199580141944,0.16029984167889755,0.75,0.0,0.5,0.0,0.34515016552544536,0.0,2.1620592684360362,-5.551115123125783e-17,0.3450933469558692,-8.329629268617816e-10,2.1647382016420584,-5.068283237541493e-09,no_fit,0.9256044249616332
wave,0.25,209,1,0,0.3402768801897764,0.32352053289634547,-0.03377506060268962,2.7758796695906334,-0.0913162493210502,0.75,0.0,0.5,0.0,0.34515016552544536,0.0,2.1620592684360362,-5.551115123125783e-17,0.3450933469558692,-8.329629268617816e-10,2.1647382016420584,-5.068283237541493e-09,no_fit,0.8465032067415272
wave,0.25,209,1,1,0.14334069937467575,0.34315864006221636,-0.06566175421050535,2.422048896150465,-0.12427949874168759,0.75,0.0,0.5,0.0,0.34515016552544536,0.0,2.1620592684360362,-5.551115123125783e-17,0.3450933469558692,-8.329629268617816e-10,2.1647382016420584,-5.068283237541493e-09,acf_or_spectral,0.9851810810480436
wave,0.25,209,1,2,0.14001349825412035,0.33854034464551963,-0.002171254198723846,2.4978717283724015,-0.04201562703073208,0.75,0.0,0.5,0.0,0.34515016552544536,0.0,2.1620592684360362,-5.551115123125783e-17,0.3450933469558692,-8.329629268617816e-10,2.1647382016420584,-5.068283237541493e-09,acf_or_spectral,0.9914395130482776
wave,0.25,209,1,3,0.11843390762805939,0.32920672361479614,0.04300029622737423,2.690797053274053,0.22475262535756013,0.75,0.0,0.5,0.0,0.34515016552544536,0.0,2.1620592684360362,-5.551115123125783e-17,0.3450933469558692,-8.329629268617816e-10,2.1647382016420584,-5.068283237541493e-09,no_fit,0.994327163084096
wave,0.25,209,2,0,0.14842211734503508,0.3412765212794797,-0.008630472521363447,2.4942349816786997,-0.025698074887319122,0.75,0.0,0.5,0.0,0.34515016552544536,0.0,2.1620592684360362,-5.551115123125783e-17,0.3450933469558692,-8.329629268617816e-10,2.1647382016420584,-5.068283237541493e-09,acf_or_spectral,0.9981143499569072
wave,0.25,209,2,1,0.1199998278170824,0.33128824807993046,0.007347335095481373,2.616220972229958,0.06401178609035768,0.75,0.0,0.5,0.0,0.34515016552544536,0.0,2.1620592684360362,-5.551115123125783e-17,0.3450933469558692,-8.329629268617816e-10,2.1647382016420584,-5.068283237541493e-09,no_fit,0.998178213979564
wave,0.25,209,2,2,0.0983066400513053,0.3247675598134877,0.002750975126665708,2.725476888440052,0.04077447987750116,0.75,0.0,0.5,0.0,0.34515016552544536,0.0,2.1620592684360362,-5.551115123125783e-17,0.3450933469558692,-8.329629268617816e-10,2.1647382016420584,-5.068283237541493e-09,no_fit,0.9969559982291224
wave,0.25,209,2,3,0.1190175823867321,0.32933631148567255,-0.01696907831835788,2.6706157532749053,0.027650325418636434,0.75,0.0,0.5,0.0,0.34515016552544536,0.0,2.1620592684360362,-5.551115123125783e-17,0.3450933469558692,-8.329629268617816e-10,2.1647382016420584,-5.068283237541493e-09,no_fit,0.998965790292499
wave,0.25,209,3,0,0.030093686189502478,0.3427630061424817,-0.15373275819501797,2.7652477988858264,-0.484071824120618,0.75,0.0,0.5,0.0,0.34515016552544536,0.0,2.1620592684360362,-5.551115123125783e-17,0.3450933469558692,-8.329629268617816e-10,2.1647382016420584,-5.068283237541493e-09,no_fit,0.9438021356534236
wave,0.25,209,3,1,0.07172506209462881,0.33185474166557066,-0.03761153713979483,2.6133883282856787,-0.146975209078004,0.75,0.0,0.5,0.0,0.34515016552544536,0.0,2.1620592684360362,-5.551115123125783e-17,0.3450933469558692,-8.329629268617816e-10,2.1647382016420584,-5.068283237541493e-09,no_fit,0.987321677408208
wave,0.25,209,3,2,0.16520760860294104,0.34537105084832515,-0.023394264942328505,2.273573703842492,-0.04761940813692306,0.75,0.0,0.5,0.0,0.34515016552544536,0.0,2.1620592684360362,-5.551115123125783e-17,0.3450933469558692,-8.329629268617816e-10,2.1647382016420584,-5.068283237541493e-09,acf_or_spectral,0.9581102514538534
wave,0.25,209,3,3,0.03425059746950865,0.34320417031357625,0.017317532979301865,2.647801267872845,0.18058525954446925,0.75,0.0,0.5,0.0,0.34515016552544536,0.0,2.1620592684360362,-5.551115123125783e-17,0.3450933469558692,-8.329629268617816e-10,2.1647382016420584,-5.068283237541493e-09,no_fit,0.9625009579300507
wave,0.25,210,0,0,0.3676277846097946,0.30704923631132625,0.02124771181250086,3.0055501863115333,0.11004013788125955,0.75,0.0,0.5,0.0,0.34515016552544536,0.0,2.1620592684360362,-5.551115123125783e-17,0.3450933469558692,-8.329629268617816e-10,2.1647382016420584,-5.068283237541493e-09,no_fit,0.8300556666679826
wave,0.25,210,0,1,0.10011282004415989,0.33318965719840377,-0.04872444229358964,2.585423021804559,-0.22549558017045618,0.75,0.0,0.5,0.0,0.34515016552544536,0.0,2.1620592684360362,-5.551115123125783e-17,0.3450933469558692,-8.329629268617816e-10,2.1647382016420584,-5.068283237541493e-09,no_fit,0.990431808114183
wave,0.25,210,0,2,0.06351027032360435,0.36269667581788534,-0.011149378491366848,2.3638780577652776,-0.07492986130442797,0.75,0.0,0.5,0.0,0.34515016552544536,0.0,2.1620592684360362,-5.551115123125783e-17,0.3450933469558692,-8.329629268617816e-10,2.1647382016420584,-5.068283237541493e-09,acf_or_spectral,0.953351905462367
wave,0.25,210,0,3,0.14793961681425571,0.33084515515496327,-0.014416228443524625,2.5832954511737025,-0.004029551242748564,0.75,0.0,0.5,0.0,0.34515016552544536,0.0,2.1620592684360362,-5.551115123125783e-17,0.3450933469558692,-8.329629268617816e-10,2.1647382016420584,-5.068283237541493e-09,no_fit,0.8776270204135845
wave,0.25,210,1,0,0.036534006241708994,0.32969032350962263,0.03167173248365426,2.651088218355432,0.16506886181472435,0.75,0.0,0.5,0.0,0.34515016552544536,0.0,2.1620592684360362,-5.551115123125783e-17,0.3450933469558692,-8.329629268617816e-10,2.1647382016420584,-5.068283237541493e-09,no_fit,0.9168843373172753
wave,0.25,210,1,1,0.1148901479318738,0.332454475054297,0.011367353047205974,2.670365320527128,-0.08082595244187807,0.75,0.0,0.5,0.0,0.34515016552544536,0.0,2.1620592684360362,-5.551115123125783e-17,0.3450933469558692,-8.329629268617816e-10,2.1647382016420584,-5.068283237541493e-09,no_fit,0.9962680900725024
wave,0.25,210,1,2,0.04072947637178004,0.3213061228039649,-0.019658410261939877,3.0461391028682914,-0.1355623974739547,0.75,0.0,0.5,0.0,0.34515016552544536,0.0,2.1620592684360362,-5.551115123125783e-17,0.3450933469558692,-8.329629268617816e-10,2.1647382016420584,-5.068283237541493e-09,no_fit,0.9060946893096448
wave,0.25,210,1,3,0.31841384060680866,0.3112592073127971,-0.012573430956060096,2.86163915883697,-0.04626659743434469,0.75,0.0,0.5,0.0,0.34515016552544536,0.0,2.1620592684360362,-5.551115123125783e-17,0.3450933469558692,-8.329629268617816e-10,2.1647382016420584,-5.068283237541493e-09,no_fit,0.9226127766136094
wave,0.25,210,2,0,0.06480404082685709,0.33090471654135545,-0.02461763395044791,2.694184942088144,-0.10329416278667353,0.75,0.0,0.5,0.0,0.34515016552544536,0.0,2.1620592684360362,-5.551115123125783e-17,0.3450933469558692,-8.329629268617816e-10,2.1647382016420584,-5.068283237541493e-09,no_fit,0.9711991092432588
wave,0.25,210,2,1,0.016526228631846607,0.3323620714559733,-0.036401444550119406,3.051492067813389,-0.2155424589778151,0.75,0.0,0.5,0.0,0.34515016552544536,0.0,2.1620592684360362,-5.551115123125783e-17,0.3450933469558692,-8.329629268617816e-10,2.1647382016420584,-5.068283237541493e-09,no_fit,0.8676534526794087
wave,0.25,210,2,2,0.10212708450853825,0.328819916899649,-0.01187449925099531,2.673963788854629,-0.03224459744076236,0.75,0.0,0.5,0.0,0.34515016552544536,0.0,2.1620592684360362,-5.551115123125783e-17,0.3450933469558692,-8.329629268617816e-10,2.1647382016420584,-5.068283237541493e-09,no_fit,0.9968424322913734
wave,0.25,210,2,3,0.1459259670227766,0.3335394361817145,-0.011232657324670192,2.5495932588688524,-0.04909399715026436,0.75,0.0,0.5,0.0,0.34515016552544536,0.0,2.1620592684360362,-5.551115123125783e-17,0.3450933469558692,-8.329629268617816e-10,2.1647382016420584,-5.068283237541493e-09,acf_or_spectral,0.997699316162386
wave,0.25,210,3,0,0.08643991872668266,0.32976390120920523,-0.007834010509427957,2.624760459337585,-0.02100587974963658,0.75,0.0,0.5,0.0,0.34515016552544536,0.0,2.1620592684360362,-5.551115123125783e-17,0.3450933469558692,-8.329629268617816e-10,2.1647382016420584,-5.068283237541493e-09,no_fit,0.989931948938729
wave,0.25,210,3,1,0.07803623424842954,0.3283949173152576,-0.008292896615182331,2.697517416814949,-0.03544784292078662,0.75,0.0,0.5,0.0,0.34515016552544536,0.0,2.1620592684360362,-5.551115123125783e-17,0.3450933469558692,-8.329629268617816e-10,2.1647382016420584,-5.068283237541493e-09,no_fit,0.9941906379745248
wave,0.25,210,3,2,0.12395444978028536,0.33551373959362824,-0.006741655968379501,2.5355950732241297,0.002502579415465389,0.75,0.0,0.5,0.0,0.34515016552544536,0.0,2.1620592684360362,-5.551115123125783e-17,0.3450933469558692,-8.329629268617816e-10,2.1647382016420584,-5.068283237541493e-09,acf_or_spectral,0.9962359545822008
wave,0.25,210,3,3,0.1334082530811429,0.3327570887369878,-0.007284904329612038,2.6173553207258182,-0.04790942151195959,0.75,0.0,0.5,0.0,0.34515016552544536,0.0,2.1620592684360362,-5.551115123125783e-17,0.3450933469558692,-8.329629268617816e-10,2.1647382016420584,-5.068283237541493e-09,no_fit,0.9982837379168564
wave,0.25,211,0,0,0.09495528694242239,0.3358666237552996,-0.021448805784041063,2.500478446410183,-0.07389092253109514,0.75,0.0,0.5,0.0,0.34515016552544536,0.0,2.1620592684360362,-5.551115123125783e-17,0.3450933469558692,-8.329629268617816e-10,2.1647382016420584,-5.068283237541493e-09,acf_or_spectral,0.8175998353457389
wave,0.25,211,0,1,0.05961532099172473,0.37721618291825115,0.023488610708276396,2.1385113169358507,-0.08001679261715358,0.75,0.0,0.5,0.0,0.34515016552544536,0.0,2.1620592684360362,-5.551115123125783e-17,0.3450933469558692,-8.329629268617816e-10,2.1647382016420584,-5.068283237541493e-09,acf_or_spectral,0.9691008297633792
wave,0.25,211,0,2,0.39109549485147,0.3121745536643714,-0.006677954859243081,2.9261177136102434,-7.273972658528027e-05,0.75,0.0,0.5,0.0,0.34515016552544536,0.0,2.1620592684360362,-5.551115123125783e-17,0.3450933469558692,-8.329629268617816e-10,2.1647382016420584,-5.068283237541493e-09,no_fit,0.8159755876711853
wave,0.25,211,0,3,0.14121711440384388,0.30149218684920304,-0.03880438977080438,3.0724546783773725,-0.050728387351476,0.75,0.0,0.5,0.0,0.34515016552544536,0.0,2.1620592684360362,-5.551115123125783e-17,0.3450933469558692,-8.329629268617816e-10,2.1647382016420584,-5.068283237541493e-09,no_fit,0.9266523259559686
wave,0.25,211,1,0,0.15268092695623636,0.32799336410898233,-0.025435763420350456,2.8187790453930295,-0.07569590579894048,0.75,0.0,0.5,0.0,0.34515016552544536,0.0,2.1620592684360362,-5.551115123125783e-17,0.3450933469558692,-8.329629268617816e-10,2.1647382016420584,-5.068283237541493e-09,no_fit,0.9280465808531656
wave,0.25,211,1,1,0.1439360836520791,0.34056092074829053,0.015890937263457472,2.492802860145311,-0.03982931939787354,0.75,0.0,0.5,0.0,0.34515016552544536,0.0,2.1620592684360362,-5.551115123125783e-17,0.3450933469558692,-8.329629268617816e-10,2.1647382016420584,-5.068283237541493e-09,acf_or_spectral,0.9909697252470854
wave,0.25,211,1,2,0.10437603760510683,0.3307655570981673,-0.04630211679794847,2.6748783296013503,-0.20586538315943004,0.75,0.0,0.5,0.0,0.34515016552544536,0.0,2.1620592684360362,-5.551115123125783e-17,0.3450933469558692,-8.329629268617816e-10,2.1647382016420584,-5.068283237541493e-09,no_fit,0.9899841468151552
wave,0.25,211,1,3,0.10547432210296392,0.3326939403893182,-0.013199296523248125,2.5877790758173345,-0.07777912217168487,0.75,0.0,0.5,0.0,0.34515016552544536,0.0,2.1620592684360362,-5.551115123125783e-17,0.3450933469558692,-8.329629268617816e-10,2.1647382016420584,-5.068283237541493e-09,no_fit,0.9948910028108126
wave,0.25,211,2,0,0.13617590069770813,0.33172890153050144,-0.018699354681724595,2.625613717938978,-0.07329976878321748,0.75,0.0,0.5,0.0,0.34515016552544536,0.0,2.1620592684360362,-5.551115123125783e-17,0.3450933469558692,-8.329629268617816e-10,2.1647382016420584,-5.068283237541493e-09,no_fit,0.997731079536341
wave,0.25,211,2,1,0.011412727064453065,0.33655729687746094,-0.02402062750299195,2.7928952932487996,-0.07331132620052372,0.75,0.0,0.5,0.0,0.34515016552544536,0.0,2.1620592684360362,-5.551115123125783e-17,0.3450933469558692,-8.329629268617816e-10,2.1647382016420584,-5.068283237541493e-09,no_fit,0.8310451566086332
wave,0.25,211,2,2,0.11300603859126568,0.326799461816178,0.009639977577875424,2.6957277385094622,0.14193539587459325,0.75,0.0,0.5,0.0,0.34515016552544536,0.0,2.1620592684360362,-5.551115123125783e-17,0.3450933469558692,-8.329629268617816e-10,2.1647382016420584,-5.068283237541493e-09,no_fit,0.9981395022446752
wave,0.25,211,2,3,0.13634511083364487,0.33383022475065566,0.004362598851475596,2.573948631611503,0.027168251344772854,0.75,0.0,0.5,0.0,0.34515016552544536,0.0,2.1620592684360362,-5.551115123125783e-17,0.3450933469558692,-8.329629268617816e-10,2.1647382016420584,-5.068283237541493e-09,no_fit,0.9995560358912028
wave,0.25,211,3,0,0.07681732252240181,0.32798256459169994,0.009375698055454212,2.711105601348221,0.10190106754479622,0.75,0.0,0.5,0.0,0.34515016552544536,0.0,2.1620592684360362,-5.551115123125783e-17,0.3450933469558692,-8.329629268617816e-10,2.1647382016420584,-5.068283237541493e-09,no_fit,0.9888190781366316
wave,0.25,211,3,1,0.11467744689434767,0.33493813105614256,0.0032169757154824614,2.5413643172372535,-0.02201411176774254,0.75,0.0,0.5,0.0,0.34515016552544536,0.0,2.1620592684360362,-5.551115123125783e-17,0.3450933469558692,-8.329629268617816e-10,2.1647382016420584,-5.068283237541493e-09,acf_or_spectral,0.9877562550329736
wave,0.25,211,3,2,0.06030645780265331,0.3181084466651419,-0.002578716970009398,2.9596969218526836,0.023479656703385365,0.75,0.0,0.5,0.0,0.34515016552544536,0.0,2.1620592684360362,-5.551115123125783e-17,0.3450933469558692,-8.329629268617816e-10,2.1647382016420584,-5.068283237541493e-09,no_fit,0.9520743313839128
wave,0.25,211,3,3,0.024776725564152002,0.33166770425308517,-0.0034658072806506082,2.697112018521132,-0.07246522222299273,0.75,0.0,0.5,0.0,0.34515016552544536,0.0,2.1620592684360362,-5.551115123125783e-17,0.3450933469558692,-8.329629268617816e-10,2.1647382016420584,-5.068283237541493e-09,no_fit,0.9583306302838376
wave,0.25,212,0,0,0.013988490332849324,0.32658386488547647,0.04959493190887339,2.8873763236977417,0.19658033740068892,0.75,0.0,0.5,0.0,0.34515016552544536,0.0,2.1620592684360362,-5.551115123125783e-17,0.3450933469558692,-8.329629268617816e-10,2.1647382016420584,-5.068283237541493e-09,no_fit,0.8916089664748205
wave,0.25,212,0,1,0.31676211953163147,0.2900800671364024,0.07493036773343605,3.2186649720030833,0.18214278473159606,0.75,0.0,0.5,0.0,0.34515016552544536,0.0,2.1620592684360362,-5.551115123125783e-17,0.3450933469558692,-8.329629268617816e-10,2.1647382016420584,-5.068283237541493e-09,no_fit,0.7822285956508918
wave,0.25,212,0,2,0.06313838018104434,0.35517206266287193,-0.07591009944374366,2.4772386945951346,-0.05625876221089593,0.75,0.0,0.5,0.0,0.34515016552544536,0.0,2.1620592684360362,-5.551115123125783e-17,0.3450933469558692,-8.329629268617816e-10,2.1647382016420584,-5.068283237541493e-09,acf_or_spectral,0.9806179262772028
wave,0.25,212,0,3,0.1575419120490551,0.3214657709533925,0.053941105144471924,2.7611711393951324,0.1444471407845408,0.75,0.0,0.5,0.0,0.34515016552544536,0.0,2.1620592684360362,-5.551115123125783e-17,0.3450933469558692,-8.329629268617816e-10,2.1647382016420584,-5.068283237541493e-09,no_fit,0.9163615878187052
wave,0.25,212,1,0,0.01942226872779429,0.347931478583084,0.00603778675970512,2.3458697097866015,0.06124521624581092,0.75,0.0,0.5,0.0,0.34515016552544536,0.0,2.1620592684360362,-5.551115123125783e-17,0.3450933469558692,-8.329629268617816e-10,2.1647382016420584,-5.068283237541493e-09,acf_or_spectral,0.7533707794928902
wave,0.25,212,1,1,0.08019397919997573,0.33037150098945833,0.015210278283042611,2.725443770917798,0.11122880812785585,0.75,0.0,0.5,0.0,0.34515016552544536,0.0,2.1620592684360362,-5.551115123125783e-17,0.3450933469558692,-8.329629268617816e-10,2.1647382016420584,-5.068283237541493e-09,no_fit,0.9667854156383296
wave,0.25,212,1,2,0.10723744425922632,0.334525560285361,0.016876354386384386,2.5653731817158123,0.01804366723377898,0.75,0.0,0.5,0.0,0.34515016552544536,0.0,2.1620592684360362,-5.551115123125783e-17,0.3450933469558692,-8.329629268617816e-10,2.1647382016420584,-5.068283237541493e-09,no_fit,0.9896105933710077
wave,0.25,212,1,3,0.11545700021088123,0.3266836456008544,-0.013563973239366728,2.7140430859934948,-0.11158753163340379,0.75,0.0,0.5,0.0,0.34515016552544536,0.0,2.1620592684360362,-5.551115123125783e-17,0.3450933469558692,-8.329629268617816e-10,2.1647382016420584,-5.068283237541493e-09,no_fit,0.9949649285770668
wave,0.25,212,2,0,0.10409182962030172,0.3205591586245532,-0.07002146929804054,2.7493725203453416,-0.26126309904902706,0.75,0.0,0.5,0.0,0.34515016552544536,0.0,2.1620592684360362,-5.551115123125783e-17,0.3450933469558692,-8.329629268617816e-10,2.1647382016420584,-5.068283237541493e-09,no_fit,0.9955543224753902
wave,0.25,212,2,1,0.1221916414797306,0.3336086530318349,-0.014623987130563327,2.597443955644984,-0.03722658744121177,0.75,0.0,0.5,0.0,0.34515016552544536,0.0,2.1620592684360362,-5.551115123125783e-17,0.3450933469558692,-8.329629268617816e-10,2.1647382016420584,-5.068283237541493e-09,no_fit,0.9990264955522132
wave,0.25,212,2,2,0.008584664203226566,0.33858428761346415,0.0020961627869260867,2.9506568946217846,-0.0878463562491042,0.75,0.0,0.5,0.0,0.34515016552544536,0.0,2.1620592684360362,-5.551115123125783e-17,0.3450933469558692,-8.329629268617816e-10,2.1647382016420584,-5.068283237541493e-09,no_fit,0.8227553919672936
wave,0.25,212,2,3,0.10993419401347637,0.32528345564326705,0.02154160836589358,2.6950578080548633,0.11553546395792069,0.75,0.0,0.5,0.0,0.34515016552544536,0.0,2.1620592684360362,-5.551115123125783e-17,0.3450933469558692,-8.329629268617816e-10,2.1647382016420584,-5.068283237541493e-09,no_fit,0.9981054851949448
wave,0.25,212,3,0,0.12560589611530304,0.3349885505200337,-0.006405635184766465,2.5323875291217948,-0.040100111290789386,0.75,0.0,0.5,0.0,0.34515016552544536,0.0,2.1620592684360362,-5.551115123125783e-17,0.3450933469558692,-8.329629268617816e-10,2.1647382016420584,-5.068283237541493e-09,acf_or_spectral,0.9951550627297524
wave,0.25,212,3,1,0.06647256342694163,0.3313925739344868,-0.011013178085728062,2.6214032255118918,-0.03644429989831838,0.75,0.0,0.5,0.0,0.34515016552544536,0.0,2.1620592684360362,-5.551115123125783e-17,0.3450933469558692,-8.329629268617816e-10,2.1647382016420584,-5.068283237541493e-09,no_fit,0.98270674225468
wave,0.25,212,3,2,0.08903693035244942,0.32586143916022164,0.0010635553565343763,2.7838427780382218,0.02729761455631219,0.75,0.0,0.5,0.0,0.34515016552544536,0.0,2.1620592684360362,-5.551115123125783e-17,0.3450933469558692,-8.329629268617816e-10,2.1647382016420584,-5.068283237541493e-09,no_fit,0.9902882935350272
wave,0.25,212,3,3,0.11238560266792774,0.3300493761454574,-0.006280921201776251,2.659162117361936,-0.03210141525964655,0.75,0.0,0.5,0.0,0.34515016552544536,0.0,2.1620592684360362,-5.551115123125783e-17,0.3450933469558692,-8.329629268617816e-10,2.1647382016420584,-5.068283237541493e-09,no_fit,0.9983978604852218
wave,0.25,213,0,0,0.05858676042407751,0.31046947669403785,-0.011169664360380515,2.7977237346271893,-0.20059264417957567,0.75,0.0,0.5,0.0,0.34515016552544536,0.0,2.1620592684360362,-5.551115123125783e-17,0.3450933469558692,-8.329629268617816e-10,2.1647382016420584,-5.068283237541493e-09,no_fit,0.8463956664411232
wave,0.25,213,0,1,0.04793243552558124,0.3173621286680503,0.023134897332000547,3.0405271649706833,0.10812051764584196,0.75,0.0,0.5,0.0,0.34515016552544536,0.0,2.1620592684360362,-5.551115123125783e-17,0.3450933469558692,-8.329629268617816e-10,2.1647382016420584,-5.068283237541493e-09,no_fit,0.9089824100472796
wave,0.25,213,0,2,0.27944307029247284,0.3099862032073536,0.008165327660180376,3.1218113489118493,0.12728452143956748,0.75,0.0,0.5,0.0,0.34515016552544536,0.0,2.1620592684360362,-5.551115123125783e-17,0.3450933469558692,-8.329629268617816e-10,2.1647382016420584,-5.068283237541493e-09,no_fit,0.7929969388404747
wave,0.25,213,0,3,0.1644571479409933,0.33362943225293307,0.017810379511721937,2.5835774252804367,0.15948876107020893,0.75,0.0,0.5,0.0,0.34515016552544536,0.0,2.1620592684360362,-5.551115123125783e-17,0.3450933469558692,-8.329629268617816e-10,2.1647382016420584,-5.068283237541493e-09,no_fit,0.9881575123204208
wave,0.25,213,1,0,0.17769638821482658,0.3354704167851249,0.020315826773041324,2.5894024032532554,0.14758826785176216,0.75,0.0,0.5,0.0,0.34515016552544536,0.0,2.1620592684360362,-5.551115123125783e-17,0.3450933469558692,-8.329629268617816e-10,2.1647382016420584,-5.068283237541493e-09,no_fit,0.9919433290808068
wave,0.25,213,1,1,0.08880781102925539,0.32378705278101527,-0.0637521548003645,2.6838547876727636,-0.24288392396625552,0.75,0.0,0.5,0.0,0.34515016552544536,0.0,2.1620592684360362,-5.551115123125783e-17,0.3450933469558692,-8.329629268617816e-10,2.1647382016420584,-5.068283237541493e-09,no_fit,0.9908371604795956
wave,0.25,213,1,2,0.3177629727870226,0.3405259736001722,-0.045678388621967485,2.3806932781950314,-0.2201455157979067,0.75,0.0,0.5,0.0,0.34515016552544536,0.0,2.1620592684360362,-5.551115123125783e-17,0.3450933469558692,-8.329629268617816e-10,2.1647382016420584,-5.068283237541493e-09,acf_or_spectral,0.9639578898676036
wave,0.25,213,1,3,0.056130596436560154,0.3395468180361481,-0.014836543349895152,2.5379386782169515,-0.07194460957698379,0.75,0.0,0.5,0.0,0.34515016552544536,0.0,2.1620592684360362,-5.551115123125783e-17,0.3450933469558692,-8.329629268617816e-10,2.1647382016420584,-5.068283237541493e-09,acf_or_spectral,0.9523501608749264
wave,0.25,213,2,0,0.004447665996849537,0.34039410036886186,0.008801285179296571,3.014259392511025,0.07788510766608503,0.75,0.0,0.5,0.0,0.34515016552544536,0.0,2.1620592684360362,-5.551115123125783e-17,0.3450933469558692,-8.329629268617816e-10,2.1647382016420584,-5.068283237541493e-09,no_fit,0.776525584600699
wave,0.25,213,2,1,0.12206875998526812,0.3383279209132951,0.031268128131704716,2.468151509399263,0.14460569044255034,0.75,0.0,0.5,0.0,0.34515016552544536,0.0,2.1620592684360362,-5.551115123125783e-17,0.3450933469558692,-8.329629268617816e-10,2.1647382016420584,-5.068283237541493e-09,acf_or_spectral,0.9901958747551746
wave,0.25,213,2,2,0.11879971157759428,0.33273423436162297,-0.012978748623805375,2.624767342077418,-0.045161305343949076,0.75,0.0,0.5,0.0,0.34515016552544536,0.0,2.1620592684360362,-5.551115123125783e-17,0.3450933469558692,-8.329629268617816e-10,2.1647382016420584,-5.068283237541493e-09,no_fit,0.9984318283391858
wave,0.25,213,2,3,0.12035991065204144,0.3319732449389555,-0.0018248935306137343,2.6498781250610324,0.0065445345616028106,0.75,0.0,0.5,0.0,0.34515016552544536,0.0,2.1620592684360362,-5.551115123125783e-17,0.3450933469558692,-8.329629268617816e-10,2.1647382016420584,-5.068283237541493e-09,no_fit,0.99781664843628
wave,0.25,213,3,0,0.09713445324450731,0.33079064688140325,0.00435085916027182,2.6160422520640507,-0.0025366614148539246,0.75,0.0,0.5,0.0,0.34515016552544536,0.0,2.1620592684360362,-5.551115123125783e-17,0.3450933469558692,-8.329629268617816e-10,2.1647382016420584,-5.068283237541493e-09,no_fit,0.9952600148837653
wave,0.25,213,3,1,0.14198004268109798,0.34092683271349905,0.026955833409991404,2.3967938749673223,0.12342671766746216,0.75,0.0,0.5,0.0,0.34515016552544536,0.0,2.1620592684360362,-5.551115123125783e-17,0.3450933469558692,-8.329629268617816e-10,2.1647382016420584,-5.068283237541493e-09,acf_or_spectral,0.9844844936647964
wave,0.25,213,3,2,0.05633381335064769,0.32832933969576905,-0.03545195567066507,2.88649749545504,-0.18103821682960552,0.75,0.0,0.5,0.0,0.34515016552544536,0.0,2.1620592684360362,-5.551115123125783e-17,0.3450933469558692,-8.329629268617816e-10,2.1647382016420584,-5.068283237541493e-09,no_fit,0.9672151776208644
wave,0.25,213,3,3,0.05620806687511504,0.32006971849743043,0.020605215174619794,2.976299598922733,0.13041408425881917,0.75,0.0,0.5,0.0,0.34515016552544536,0.0,2.1620592684360362,-5.551115123125783e-17,0.3450933469558692,-8.329629268617816e-10,2.1647382016420584,-5.068283237541493e-09,no_fit,0.958351795176928
wave,0.25,214,0,0,0.11489022616297007,0.3232812703885684,0.0006747729880047606,2.7449552162354975,0.08585108169187405,0.75,0.0,0.5,0.0,0.34515016552544536,0.0,2.1620592684360362,-5.551115123125783e-17,0.3450933469558692,-8.329629268617816e-10,2.1647382016420584,-5.068283237541493e-09,no_fit,0.942860759846202
wave,0.25,214,0,1,0.015752259641885757,0.3355929071272479,-0.01416146955601697,2.5861727200356603,0.03185248665887036,0.75,0.0,0.5,0.0,0.34515016552544536,0.0,2.1620592684360362,-5.551115123125783e-17,0.3450933469558692,-8.329629268617816e-10,2.1647382016420584,-5.068283237541493e-09,no_fit,0.8246237414192941
wave,0.25,214,0,2,0.04011256224475801,0.3221460740110142,-0.00020528779418953246,2.955595461252866,-0.0029932991952626997,0.75,0.0,0.5,0.0,0.34515016552544536,0.0,2.1620592684360362,-5.551115123125783e-17,0.3450933469558692,-8.329629268617816e-10,2.1647382016420584,-5.068283237541493e-09,no_fit,0.9199312223358695
wave,0.25,214,0,3,0.4047901201993227,0.298718208238342,-0.002890509859350087,3.124349190303356,-0.06569428633597574,0.75,0.0,0.5,0.0,0.34515016552544536,0.0,2.1620592684360362,-5.551115123125783e-17,0.3450933469558692,-8.329629268617816e-10,2.1647382016420584,-5.068283237541493e-09,no_fit,0.7731392902157731
wave,0.25,214,1,0,0.14436212740838528,0.33655873897785066,0.02456300764935039,2.643317400700154,0.1466069540024132,0.75,0.0,0.5,0.0,0.34515016552544536,0.0,2.1620592684360362,-5.551115123125783e-17,0.3450933469558692,-8.329629268617816e-10,2.1647382016420584,-5.068283237541493e-09,no_fit,0.9954374155634216
wave,0.25,214,1,1,0.17367996275424957,0.3368139019215413,0.00013306308001585012,2.5638950971347843,0.01618418913359526,0.75,0.0,0.5,0.0,0.34515016552544536,0.0,2.1620592684360362,-5.551115123125783e-17,0.3450933469558692,-8.329629268617816e-10,2.1647382016420584,-5.068283237541493e-09,acf_or_spectral,0.9643383612238814
wave,0.25,214,1,2,0.13598067220300436,0.3266609726067078,0.008529766578009175,2.670073165099971,0.03092823560824204,0.75,0.0,0.5,0.0,0.34515016552544536,0.0,2.1620592684360362,-5.551115123125783e-17,0.3450933469558692,-8.329629268617816e-10,2.1647382016420584,-5.068283237541493e-09,no_fit,0.998476646691647
wave,0.25,214,1,3,0.12999439891427755,0.33337921940111764,0.009076655554214679,2.5823251643657454,0.12457511323059967,0.75,0.0,0.5,0.0,0.34515016552544536,0.0,2.1620592684360362,-5.551115123125783e-17,0.3450933469558692,-8.329629268617816e-10,2.1647382016420584,-5.068283237541493e-09,no_fit,0.9969561606323082
wave,0.25,214,2,0,0.16255145519971848,0.33584805030718584,-0.0066131576751932136,2.505710220633942,-0.040802586957764286,0.75,0.0,0.5,0.0,0.34515016552544536,0.0,2.1620592684360362,-5.551115123125783e-17,0.3450933469558692,-8.329629268617816e-10,2.1647382016420584,-5.068283237541493e-09,acf_or_spectral,0.9722183995142332
wave,0.25,214,2,1,0.006663768261205405,0.33055261505467404,-0.02753733495173849,2.919200824126366,-0.08746577331221672,0.75,0.0,0.5,0.0,0.34515016552544536,0.0,2.1620592684360362,-5.551115123125783e-17,0.3450933469558692,-8.329629268617816e-10,2.1647382016420584,-5.068283237541493e-09,no_fit,0.8075440592784919
wave,0.25,214,2,2,0.10132508631795645,0.33081869160589467,0.007581822793256756,2.6454253084262236,0.05008139793729394,0.75,0.0,0.5,0.0,0.34515016552544536,0.0,2.1620592684360362,-5.551115123125783e-17,0.3450933469558692,-8.329629268617816e-10,2.1647382016420584,-5.068283237541493e-09,no_fit,0.996722705305773
wave,0.25,214,2,3,0.04128173179924488,0.3326684168361339,0.035281309365348935,2.8800064118698927,0.23411937150455653,0.75,0.0,0.5,0.0,0.34515016552544536,0.0,2.1620592684360362,-5.551115123125783e-17,0.3450933469558692,-8.329629268617816e-10,2.1647382016420584,-5.068283237541493e-09,no_fit,0.9114679648355272
wave,0.25,214,3,0,0.11797985341399908,0.3297952582427322,0.00379224304205506,2.628813359781389,0.006106351376034769,0.75,0.0,0.5,0.0,0.34515016552544536,0.0,2.1620592684360362,-5.551115123125783e-17,0.3450933469558692,-8.329629268617816e-10,2.1647382016420584,-5.068283237541493e-09,no_fit,0.9982131490373836
wave,0.25,214,3,1,0.09361011441797018,0.3282955978738818,-0.011778233539745761,2.757030479573776,-0.03277874390396618,0.75,0.0,0.5,0.0,0.34515016552544536,0.0,2.1620592684360362,-5.551115123125783e-17,0.3450933469558692,-8.329629268617816e-10,2.1647382016420584,-5.068283237541493e-09,no_fit,0.9897954469884592
wave,0.25,214,3,2,0.14072817750275135,0.34095114924163655,-0.0018427650653578865,2.4365118120638876,-0.0011536624057870704,0.75,0.0,0.5,0.0,0.34515016552544536,0.0,2.1620592684360362,-5.551115123125783e-17,0.3450933469558692,-8.329629268617816e-10,2.1647382016420584,-5.068283237541493e-09,acf_or_spectral,0.9941902907590384
wave,0.25,214,3,3,0.10480013024061918,0.3308533657679086,-0.01649159066521779,2.614356113997011,-0.11548205174338255,0.75,0.0,0.5,0.0,0.34515016552544536,0.0,2.1620592684360362,-5.551115123125783e-17,0.3450933469558692,-8.329629268617816e-10,2.1647382016420584,-5.068283237541493e-09,no_fit,0.9944956075286238
wave,0.25,215,0,0,0.30348581122234464,0.27930151760923316,-0.03208076156209683,3.3927320894775304,-0.040039993996478396,0.75,0.0,0.5,0.0,0.34515016552544536,0.0,2.1620592684360362,-5.551115123125783e-17,0.3450933469558692,-8.329629268617816e-10,2.1647382016420584,-5.068283237541493e-09,no_fit,0.7361058859026611
wave,0.25,215,0,1,0.07032601116225123,0.3195205272966193,-0.08560254209376306,2.73825514297238,-0.38315980711378383,0.75,0.0,0.5,0.0,0.34515016552544536,0.0,2.1620592684360362,-5.551115123125783e-17,0.3450933469558692,-8.329629268617816e-10,2.1647382016420584,-5.068283237541493e-09,no_fit,0.9885324008849712
wave,0.25,215,0,2,0.07880957936868072,0.32858842374046027,0.039048435737017835,2.688854895060006,-0.06263191923498224,0.75,0.0,0.5,0.0,0.34515016552544536,0.0,2.1620592684360362,-5.551115123125783e-17,0.3450933469558692,-8.329629268617816e-10,2.1647382016420584,-5.068283237541493e-09,no_fit,0.9898519187574432
wave,0.25,215,0,3,0.0674758949317038,0.33336673376316767,-0.06045541708817461,2.6195466019055473,0.05536660321266074,0.75,0.0,0.5,0.0,0.34515016552544536,0.0,2.1620592684360362,-5.551115123125783e-17,0.3450933469558692,-8.329629268617816e-10,2.1647382016420584,-5.068283237541493e-09,no_fit,0.9862405214815312
wave,0.25,215,1,0,0.09674614109098911,0.32770996910769595,-0.026518270473883544,2.679069170175167,-0.0981720724966943,0.75,0.0,0.5,0.0,0.34515016552544536,0.0,2.1620592684360362,-5.551115123125783e-17,0.3450933469558692,-8.329629268617816e-10,2.1647382016420584,-5.068283237541493e-09,no_fit,0.9892053124796616
wave,0.25,215,1,1,0.08368820091709495,0.3381479577550142,-0.013606483878708274,2.500412582496835,-0.11858472894271982,0.75,0.0,0.5,0.0,0.34515016552544536,0.0,2.1620592684360362,-5.551115123125783e-17,0.3450933469558692,-8.329629268617816e-10,2.1647382016420584,-5.068283237541493e-09,acf_or_spectral,0.9769026460639788
wave,0.25,215,1,2,0.07559550972655416,0.33161282030857314,-0.030815947700078533,2.693448669188961,-0.0871150822907173,0.75,0.0,0.5,0.0,0.34515016552544536,0.0,2.1620592684360362,-5.551115123125783e-17,0.3450933469558692,-8.329629268617816e-10,2.1647382016420584,-5.068283237541493e-09,no_fit,0.971277298097455
wave,0.25,215,1,3,0.08745825011283159,0.33337099226442013,-0.03709674376931663,2.604929824789578,-0.11832666629971011,0.75,0.0,0.5,0.0,0.34515016552544536,0.0,2.1620592684360362,-5.551115123125783e-17,0.3450933469558692,-8.329629268617816e-10,2.1647382016420584,-5.068283237541493e-09,no_fit,0.9801276217613568
wave,0.25,215,2,0,0.08473799750208855,0.3253346947908435,-0.021971832249685082,2.713610462074962,-0.0868134597910385,0.75,0.0,0.5,0.0,0.34515016552544536,0.0,2.1620592684360362,-5.551115123125783e-17,0.3450933469558692,-8.329629268617816e-10,2.1647382016420584,-5.068283237541493e-09,no_fit,0.9927294257529063
wave,0.25,215,2,1,0.10153921879827976,0.329193847971122,0.0393172957146078,2.650161853346542,0.10390016937653912,0.75,0.0,0.5,0.0,0.34515016552544536,0.0,2.1620592684360362,-5.551115123125783e-17,0.3450933469558692,-8.329629268617816e-10,2.1647382016420584,-5.068283237541493e-09,no_fit,0.9960224622567292
wave,0.25,215,2,2,0.019074508105404675,0.34962442745671923,0.047362674564396606,2.691026025722773,0.238274759902541,0.75,0.0,0.5,0.0,0.34515016552544536,0.0,2.1620592684360362,-5.551115123125783e-17,0.3450933469558692,-8.329629268617816e-10,2.1647382016420584,-5.068283237541493e-09,no_fit,0.890572639414774
wave,0.25,215,2,3,0.10156590864062309,0.3266961938121356,0.012697712729439748,2.683185211669435,0.054755482260400945,0.75,0.0,0.5,0.0,0.34515016552544536,0.0,2.1620592684360362,-5.551115123125783e-17,0.3450933469558692,-8.329629268617816e-10,2.1647382016420584,-5.068283237541493e-09,no_fit,0.996354693607482
wave,0.25,215,3,0,0.07586733344942331,0.32955877659007266,-0.0005078366366606913,2.659013298615428,0.0874888194705038,0.75,0.0,0.5,0.0,0.34515016552544536,0.0,2.1620592684360362,-5.551115123125783e-17,0.3450933469558692,-8.329629268617816e-10,2.1647382016420584,-5.068283237541493e-09,no_fit,0.9829182273350268
wave,0.25,215,3,1,0.1062177699059248,0.34182392584899834,-0.008190652510770774,2.363184069624093,-0.03828964761230014,0.75,0.0,0.5,0.0,0.34515016552544536,0.0,2.1620592684360362,-5.551115123125783e-17,0.3450933469558692,-8.329629268617816e-10,2.1647382016420584,-5.068283237541493e-09,acf_or_spectral,0.9613970393282224
wave,0.25,215,3,2,0.048541398253291845,0.3277593496574883,0.0024398923577503167,2.76270926820687,0.04126058419583667,0.75,0.0,0.5,0.0,0.34515016552544536,0.0,2.1620592684360362,-5.551115123125783e-17,0.3450933469558692,-8.329629268617816e-10,2.1647382016420584,-5.068283237541493e-09,no_fit,0.963297776064362
wave,0.25,215,3,3,0.035533063812181354,0.32007862688834254,0.04013643127511868,3.0306824862351855,0.18345667368136553,0.75,0.0,0.5,0.0,0.34515016552544536,0.0,2.1620592684360362,-5.551115123125783e-17,0.3450933469558692,-8.329629268617816e-10,2.1647382016420584,-5.068283237541493e-09,no_fit,0.9338873902604244
wave,0.25,216,0,0,0.07646980648860335,0.3300605350062947,-0.03238022194837703,2.6526825418734794,-0.20586072293236135,0.75,0.0,0.5,0.0,0.34515016552544536,0.0,2.1620592684360362,-5.551115123125783e-17,0.3450933469558692,-8.329629268617816e-10,2.1647382016420584,-5.068283237541493e-09,no_fit,0.9866119872963024
wave,0.25,216,0,1,0.13987994100898504,0.31781085829089434,-0.015192736687507681,2.919921737652929,-0.1393616295057286,0.75,0.0,0.5,0.0,0.34515016552544536,0.0,2.1620592684360362,-5.551115123125783e-17,0.3450933469558692,-8.329629268617816e-10,2.1647382016420584,-5.068283237541493e-09,no_fit,0.9464206341723782
wave,0.25,216,0,2,0.34990317933261395,0.2977437006919161,0.015867808457057955,3.2544515766041733,0.012069846865609413,0.75,0.0,0.5,0.0,0.34515016552544536,0.0,2.1620592684360362,-5.551115123125783e-17,0.3450933469558692,-8.329629268617816e-10,2.1647382016420584,-5.068283237541493e-09,no_fit,0.7471207640439698
wave,0.25,216,0,3,0.061242634896188974,0.3390994899469213,-0.0007493783220615708,2.541996455179164,-0.08774763813473208,0.75,0.0,0.5,0.0,0.34515016552544536,0.0,2.1620592684360362,-5.551115123125783e-17,0.3450933469558692,-8.329629268617816e-10,2.1647382016420584,-5.068283237541493e-09,acf_or_spectral,0.976952260069288
wave,0.25,216,1,0,0.1243838956579566,0.33084053040549666,-0.019903393705764386,2.730946389980671,-0.022522991839442397,0.75,0.0,0.5,0.0,0.34515016552544536,0.0,2.1620592684360362,-5.551115123125783e-17,0.3450933469558692,-8.329629268617816e-10,2.1647382016420584,-5.068283237541493e-09,no_fit,0.9608150890009228
wave,0.25,216,1,1,0.05910853762179613,0.33968996109765576,-0.0015059212907212282,2.5200066789276545,0.06580199422036298,0.75,0.0,0.5,0.0,0.34515016552544536,0.0,2.1620592684360362,-5.551115123125783e-17,0.3450933469558692,-8.329629268617816e-10,2.1647382016420584,-5.068283237541493e-09,acf_or_spectral,0.9660452534288848
wave,0.25,216,1,2,0.12773371767252684,0.32941700024397075,-0.00988910084077264,2.660518320507001,-0.09248632376235777,0.75,0.0,0.5,0.0,0.34515016552544536,0.0,2.1620592684360362,-5.551115123125783e-17,0.3450933469558692,-8.329629268617816e-10,2.1647382016420584,-5.068283237541493e-09,no_fit,0.9869022258370348
wave,0.25,216,1,3,0.027405055472627282,0.32536722206773694,-0.01475467660765808,2.7865882379269578,-0.0813991274386624,0.75,0.0,0.5,0.0,0.34515016552544536,0.0,2.1620592684360362,-5.551115123125783e-17,0.3450933469558692,-8.329629268617816e-10,2.1647382016420584,-5.068283237541493e-09,no_fit,0.8847312798368571
wave,0.25,216,2,0,0.09688578266650438,0.3215350999652444,-0.007164335264597703,2.7663432827845846,-0.029567111671879198,0.75,0.0,0.5,0.0,0.34515016552544536,0.0,2.1620592684360362,-5.551115123125783e-17,0.3450933469558692,-8.329629268617816e-10,2.1647382016420584,-5.068283237541493e-09,no_fit,0.9967715618767298
wave,0.25,216,2,1,0.13572304788976908,0.334437883693514,-0.01775057164609833,2.62621105746901,-0.04402858975326773,0.75,0.0,0.5,0.0,0.34515016552544536,0.0,2.1620592684360362,-5.551115123125783e-17,0.3450933469558692,-8.329629268617816e-10,2.1647382016420584,-5.068283237541493e-09,no_fit,0.9962546485031192
wave,0.25,216,2,2,0.09351308364421129,0.3323690791678113,-0.01944573493776189,2.594848490952991,-0.08190656667726565,0.75,0.0,0.5,0.0,0.34515016552544536,0.0,2.1620592684360362,-5.551115123125783e-17,0.3450933469558692,-8.329629268617816e-10,2.1647382016420584,-5.068283237541493e-09,no_fit,0.9841533060410268
wave,0.25,216,2,3,0.007068775390507653,0.31934228130696174,-0.006569588909934102,3.14729625500711,0.0856713806831867,0.75,0.0,0.5,0.0,0.34515016552544536,0.0,2.1620592684360362,-5.551115123125783e-17,0.3450933469558692,-8.329629268617816e-10,2.1647382016420584,-5.068283237541493e-09,no_fit,0.8167654082572054
wave,0.25,216,3,0,0.07154001435264945,0.32660445277905203,0.008117051388339047,2.7015988707123664,0.040248527688202085,0.75,0.0,0.5,0.0,0.34515016552544536,0.0,2.1620592684360362,-5.551115123125783e-17,0.3450933469558692,-8.329629268617816e-10,2.1647382016420584,-5.068283237541493e-09,no_fit,0.9880492337055944
wave,0.25,216,3,1,0.13343474827706814,0.3363949638189646,0.019353277198274482,2.517825520699489,0.0781411719757189,0.75,0.0,0.5,0.0,0.34515016552544536,0.0,2.1620592684360362,-5.551115123125783e-17,0.3450933469558692,-8.329629268617816e-10,2.1647382016420584,-5.068283237541493e-09,acf_or_spectral,0.9973361138570602
wave,0.25,216,3,2,0.11005607899278402,0.3307759780765544,-0.023184321051993605,2.6226040727997106,-0.0716348225674624,0.75,0.0,0.5,0.0,0.34515016552544536,0.0,2.1620592684360362,-5.551115123125783e-17,0.3450933469558692,-8.329629268617816e-10,2.1647382016420584,-5.068283237541493e-09,no_fit,0.9967849609201486
wave,0.25,216,3,3,0.08939982671290636,0.3287917268621588,0.009764845859242316,2.7420181428576735,0.025318188693257193,0.75,0.0,0.5,0.0,0.34515016552544536,0.0,2.1620592684360362,-5.551115123125783e-17,0.3450933469558692,-8.329629268617816e-10,2.1647382016420584,-5.068283237541493e-09,no_fit,0.9886128300241694
wave,0.25,217,0,0,0.3090269286185503,0.30982089678005825,0.010795294497092026,3.0042700121442105,-0.01685360117596557,0.75,0.0,0.5,0.0,0.34515016552544536,0.0,2.1620592684360362,-5.551115123125783e-17,0.3450933469558692,-8.329629268617816e-10,2.1647382016420584,-5.068283237541493e-09,no_fit,0.8419184771875651
wave,0.25,217,0,1,0.07560834009200335,0.317301176855436,-0.023390553591171037,2.87863590912685,-0.00530077187654987,0.75,0.0,0.5,0.0,0.34515016552544536,0.0,2.1620592684360362,-5.551115123125783e-17,0.3450933469558692,-8.329629268617816e-10,2.1647382016420584,-5.068283237541493e-09,no_fit,0.9046942107414652
wave,0.25,217,0,2,0.0749128544703126,0.33242723362143684,0.005481162010560985,2.6335142858318252,0.04951934782801937,0.75,0.0,0.5,0.0,0.34515016552544536,0.0,2.1620592684360362,-5.551115123125783e-17,0.3450933469558692,-8.329629268617816e-10,2.1647382016420584,-5.068283237541493e-09,no_fit,0.982201388958856
wave,0.25,217,0,3,0.08451479487121105,0.3385909921281597,-0.044497756625183835,2.601339041087767,-0.17611317919135022,0.75,0.0,0.5,0.0,0.34515016552544536,0.0,2.1620592684360362,-5.551115123125783e-17,0.3450933469558692,-8.329629268617816e-10,2.1647382016420584,-5.068283237541493e-09,no_fit,0.99256437299538
wave,0.25,217,1,0,0.14247519616037607,0.33979354089763747,0.009699083384842848,2.4145172146635825,0.06441316133118441,0.75,0.0,0.5,0.0,0.34515016552544536,0.0,2.1620592684360362,-5.551115123125783e-17,0.3450933469558692,-8.329629268617816e-10,2.1647382016420584,-5.068283237541493e-09,acf_or_spectral,0.994160397665278
wave,0.25,217,1,1,0.048390005715191364,0.33187869034685336,0.01910436614534436,2.6410595920455617,0.03381742727009557,0.75,0.0,0.5,0.0,0.34515016552544536,0.0,2.1620592684360362,-5.551115123125783e-17,0.3450933469558692,-8.329629268617816e-10,2.1647382016420584,-5.068283237541493e-09,no_fit,0.9317902053642054
wave,0.25,217,1,2,0.1105261892080307,0.3358654032025129,-0.005824140883404167,2.5768970461059086,0.037595956580890155,0.75,0.0,0.5,0.0,0.34515016552544536,0.0,2.1620592684360362,-5.551115123125783e-17,0.3450933469558692,-8.329629268617816e-10,2.1647382016420584,-5.068283237541493e-09,no_fit,0.9960914273987628
wave,0.25,217,1,3,0.050750607857480645,0.32583471277636084,0.01598492004836587,2.958725820683705,0.07059107963955458,0.75,0.0,0.5,0.0,0.34515016552544536,0.0,2.1620592684360362,-5.551115123125783e-17,0.3450933469558692,-8.329629268617816e-10,2.1647382016420584,-5.068283237541493e-09,no_fit,0.9303065495514116
wave,0.25,217,2,0,0.10876607336103916,0.32659009589932464,0.013772339884225486,2.696942068169746,0.02803162949693183,0.75,0.0,0.5,0.0,0.34515016552544536,0.0,2.1620592684360362,-5.551115123125783e-17,0.3450933469558692,-8.329629268617816e-10,2.1647382016420584,-5.068283237541493e-09,no_fit,0.9977887541200072
wave,0.25,217,2,1,0.004814098763745278,0.3414439947089136,0.019399492470975683,2.957267741375411,-0.03174274066877736,0.75,0.0,0.5,0.0,0.34515016552544536,0.0,2.1620592684360362,-5.551115123125783e-17,0.3450933469558692,-8.329629268617816e-10,2.1647382016420584,-5.068283237541493e-09,no_fit,0.8016821531091296
wave,0.25,217,2,2,0.1077109482139349,0.32987083102489057,0.0029438194196272157,2.633960322751948,0.061767257871015724,0.75,0.0,0.5,0.0,0.34515016552544536,0.0,2.1620592684360362,-5.551115123125783e-17,0.3450933469558692,-8.329629268617816e-10,2.1647382016420584,-5.068283237541493e-09,no_fit,0.9979427719691746
wave,0.25,217,2,3,0.08270419528707862,0.3287909953368522,0.03150691754467599,2.793605695828706,0.1634267040453784,0.75,0.0,0.5,0.0,0.34515016552544536,0.0,2.1620592684360362,-5.551115123125783e-17,0.3450933469558692,-8.329629268617816e-10,2.1647382016420584,-5.068283237541493e-09,no_fit,0.9738516665409904
wave,0.25,217,3,0,0.11424518562853336,0.3286851473714213,-0.010708290046505545,2.7200992725208653,-0.03873726608287398,0.75,0.0,0.5,0.0,0.34515016552544536,0.0,2.1620592684360362,-5.551115123125783e-17,0.3450933469558692,-8.329629268617816e-10,2.1647382016420584,-5.068283237541493e-09,no_fit,0.9933470094080054
wave,0.25,217,3,1,0.0920754773542285,0.3337202349201086,-0.0006669870289366862,2.600275871328831,-0.0028792106625166736,0.75,0.0,0.5,0.0,0.34515016552544536,0.0,2.1620592684360362,-5.551115123125783e-17,0.3450933469558692,-8.329629268617816e-10,2.1647382016420584,-5.068283237541493e-09,no_fit,0.9915779110758652
wave,0.25,217,3,2,0.11424964666366577,0.329575062641274,0.0009912275907676955,2.648635529294206,-0.0015173146159390138,0.75,0.0,0.5,0.0,0.34515016552544536,0.0,2.1620592684360362,-5.551115123125783e-17,0.3450933469558692,-8.329629268617816e-10,2.1647382016420584,-5.068283237541493e-09,no_fit,0.9984316183004084
wave,0.25,217,3,3,0.14879138581454754,0.3398969188767969,0.003394416847153287,2.465592731343622,0.013209028037649673,0.75,0.0,0.5,0.0,0.34515016552544536,0.0,2.1620592684360362,-5.551115123125783e-17,0.3450933469558692,-8.329629268617816e-10,2.1647382016420584,-5.068283237541493e-09,acf_or_spectral,0.9971808142198614
wave,0.25,218,0,0,0.30575666204094887,0.3275400724344837,-0.027054610252686254,2.6581602331775263,-0.022268599603667005,0.75,0.0,0.5,0.0,0.34515016552544536,0.0,2.1620592684360362,-5.551115123125783e-17,0.3450933469558692,-8.329629268617816e-10,2.1647382016420584,-5.068283237541493e-09,no_fit,0.9438726738903674
wave,0.25,218,0,1,0.4123648703098297,0.3386762762704543,0.04734368855134683,2.458656076543438,0.19634788004251602,0.75,0.0,0.5,0.0,0.34515016552544536,0.0,2.1620592684360362,-5.551115123125783e-17,0.3450933469558692,-8.329629268617816e-10,2.1647382016420584,-5.068283237541493e-09,acf_or_spectral,0.9136999739528342
wave,0.25,218,0,2,0.04823632026091218,0.3389137118844553,-0.05573587302141849,2.5578756558165603,-0.3828914383214933,0.75,0.0,0.5,0.0,0.34515016552544536,0.0,2.1620592684360362,-5.551115123125783e-17,0.3450933469558692,-8.329629268617816e-10,2.1647382016420584,-5.068283237541493e-09,no_fit,0.944332789733236
wave,0.25,218,0,3,0.08564761560410261,0.3393343364037073,-0.07833346927836496,2.6024960706848916,-0.06791703184353948,0.75,0.0,0.5,0.0,0.34515016552544536,0.0,2.1620592684360362,-5.551115123125783e-17,0.3450933469558692,-8.329629268617816e-10,2.1647382016420584,-5.068283237541493e-09,no_fit,0.9873684259009544
wave,0.25,218,1,0,0.26135580241680145,0.31862693340997883,0.018056870546959692,2.972048047942455,-0.16987313654810798,0.75,0.0,0.5,0.0,0.34515016552544536,0.0,2.1620592684360362,-5.551115123125783e-17,0.3450933469558692,-8.329629268617816e-10,2.1647382016420584,-5.068283237541493e-09,no_fit,0.8860731585608767
wave,0.25,218,1,1,0.08365134987980127,0.3441735780412419,0.03450065524278061,2.6837142286186073,0.22796129719640357,0.75,0.0,0.5,0.0,0.34515016552544536,0.0,2.1620592684360362,-5.551115123125783e-17,0.3450933469558692,-8.329629268617816e-10,2.1647382016420584,-5.068283237541493e-09,no_fit,0.972723499719435
wave,0.25,218,1,2,0.05801708484068513,0.33211663889090065,0.043509327896820806,2.6181735848735825,0.23290187350278302,0.75,0.0,0.5,0.0,0.34515016552544536,0.0,2.1620592684360362,-5.551115123125783e-17,0.3450933469558692,-8.329629268617816e-10,2.1647382016420584,-5.068283237541493e-09,no_fit,0.9319400809934604
wave,0.25,218,1,3,0.21247043646872044,0.3109072510150996,0.08904074289365772,2.8985154713339467,-0.0028610353064904004,0.75,0.0,0.5,0.0,0.34515016552544536,0.0,2.1620592684360362,-5.551115123125783e-17,0.3450933469558692,-8.329629268617816e-10,2.1647382016420584,-5.068283237541493e-09,no_fit,0.9103218540328926
wave,0.25,218,2,0,0.03295278875157237,0.33915078004211985,0.06953108432353192,2.5922188137127273,0.26238103767262555,0.75,0.0,0.5,0.0,0.34515016552544536,0.0,2.1620592684360362,-5.551115123125783e-17,0.3450933469558692,-8.329629268617816e-10,2.1647382016420584,-5.068283237541493e-09,no_fit,0.8699777116067775
wave,0.25,218,2,1,0.09558031987398863,0.33022025585936027,-0.03206473244426292,2.636244570134836,-0.12996740372153825,0.75,0.0,0.5,0.0,0.34515016552544536,0.0,2.1620592684360362,-5.551115123125783e-17,0.3450933469558692,-8.329629268617816e-10,2.1647382016420584,-5.068283237541493e-09,no_fit,0.9911626917518058
wave,0.25,218,2,2,0.08806181512773037,0.3340903005870707,-0.09049013010099453,2.642782706003536,-0.3177133648718668,0.75,0.0,0.5,0.0,0.34515016552544536,0.0,2.1620592684360362,-5.551115123125783e-17,0.3450933469558692,-8.329629268617816e-10,2.1647382016420584,-5.068283237541493e-09,no_fit,0.9921780547002153
wave,0.25,218,2,3,0.11116443946957588,0.3292623930821115,0.004825305520452141,2.6730082948669343,0.06183405680814025,0.75,0.0,0.5,0.0,0.34515016552544536,0.0,2.1620592684360362,-5.551115123125783e-17,0.3450933469558692,-8.329629268617816e-10,2.1647382016420584,-5.068283237541493e-09,no_fit,0.9979366867052628
wave,0.25,218,3,0,0.1303413873538375,0.33384190457306906,0.01196039896502036,2.577622487203781,0.048656284957494966,0.75,0.0,0.5,0.0,0.34515016552544536,0.0,2.1620592684360362,-5.551115123125783e-17,0.3450933469558692,-8.329629268617816e-10,2.1647382016420584,-5.068283237541493e-09,no_fit,0.9971699755404906
wave,0.25,218,3,1,0.06775739043951035,0.3329607580139423,0.0038876964447569157,2.6648667442510843,0.009080504281664625,0.75,0.0,0.5,0.0,0.34515016552544536,0.0,2.1620592684360362,-5.551115123125783e-17,0.3450933469558692,-8.329629268617816e-10,2.1647382016420584,-5.068283237541493e-09,no_fit,0.9874271346426609
wave,0.25,218,3,2,0.09892633650451899,0.33097562614720477,-0.009129678373445761,2.6089682439875017,-0.056898055659152125,0.75,0.0,0.5,0.0,0.34515016552544536,0.0,2.1620592684360362,-5.551115123125783e-17,0.3450933469558692,-8.329629268617816e-10,2.1647382016420584,-5.068283237541493e-09,no_fit,0.9951849469512704
wave,0.25,218,3,3,0.028842290630564094,0.3347599946535718,-0.001118763827881679,2.77915550163653,-0.08041188053975767,0.75,0.0,0.5,0.0,0.34515016552544536,0.0,2.1620592684360362,-5.551115123125783e-17,0.3450933469558692,-8.329629268617816e-10,2.1647382016420584,-5.068283237541493e-09,no_fit,0.944383090033212
wave,0.25,219,0,0,0.08138325158506632,0.32177474707003956,0.047677786236001635,2.7824717907093386,0.1251837552019036,0.75,0.0,0.5,0.0,0.34515016552544536,0.0,2.1620592684360362,-5.551115123125783e-17,0.3450933469558692,-8.329629268617816e-10,2.1647382016420584,-5.068283237541493e-09,no_fit,0.9760518618674112
wave,0.25,219,0,1,0.34461151994764805,0.28855030015909794,0.008812819330346926,3.3130798716883416,0.003192935139885611,0.75,0.0,0.5,0.0,0.34515016552544536,0.0,2.1620592684360362,-5.551115123125783e-17,0.3450933469558692,-8.329629268617816e-10,2.1647382016420584,-5.068283237541493e-09,no_fit,0.722547824689665
wave,0.25,219,0,2,0.040361243300139904,0.33419870790784795,-0.018119871829122173,2.6377644183150077,-0.07621272127603873,0.75,0.0,0.5,0.0,0.34515016552544536,0.0,2.1620592684360362,-5.551115123125783e-17,0.3450933469558692,-8.329629268617816e-10,2.1647382016420584,-5.068283237541493e-09,no_fit,0.9696516734424296
wave,0.25,219,0,3,0.059736146591603756,0.32562844000838015,-0.0038527714849210227,2.625324806833813,0.01285279996091132,0.75,0.0,0.5,0.0,0.34515016552544536,0.0,2.1620592684360362,-5.551115123125783e-17,0.3450933469558692,-8.329629268617816e-10,2.1647382016420584,-5.068283237541493e-09,no_fit,0.8195581034785127
wave,0.25,219,1,0,0.07365914294496179,0.3297751647012496,-0.00671132519384173,2.774350126354301,-0.12731950428811967,0.75,0.0,0.5,0.0,0.34515016552544536,0.0,2.1620592684360362,-5.551115123125783e-17,0.3450933469558692,-8.329629268617816e-10,2.1647382016420584,-5.068283237541493e-09,no_fit,0.9526420354361136
wave,0.25,219,1,1,0.13981194701045752,0.33655478519357396,0.04123628837348174,2.4797702795540553,0.19484962007717255,0.75,0.0,0.5,0.0,0.34515016552544536,0.0,2.1620592684360362,-5.551115123125783e-17,0.3450933469558692,-8.329629268617816e-10,2.1647382016420584,-5.068283237541493e-09,acf_or_spectral,0.9652825852520884
wave,0.25,219,1,2,0.07093601999804378,0.3435440459731682,-0.039977519709427554,2.4461065653133316,-0.10398430374772089,0.75,0.0,0.5,0.0,0.34515016552544536,0.0,2.1620592684360362,-5.551115123125783e-17,0.3450933469558692,-8.329629268617816e-10,2.1647382016420584,-5.068283237541493e-09,acf_or_spectral,0.9747719955217352
wave,0.25,219,1,3,0.12851478159427643,0.33096807588069965,-0.04111902367920922,2.691657171830812,-0.11599774090753984,0.75,0.0,0.5,0.0,0.34515016552544536,0.0,2.1620592684360362,-5.551115123125783e-17,0.3450933469558692,-8.329629268617816e-10,2.1647382016420584,-5.068283237541493e-09,no_fit,0.9968948682506412
wave,0.25,219,2,0,0.09020459745079279,0.33088927834265686,0.010014759957749107,2.624058989016637,0.07516209891196812,0.75,0.0,0.5,0.0,0.34515016552544536,0.0,2.1620592684360362,-5.551115123125783e-17,0.3450933469558692,-8.329629268617816e-10,2.1647382016420584,-5.068283237541493e-09,no_fit,0.9862861768937504
wave,0.25,219,2,1,0.09823883604258299,0.3305023138478312,-0.005534933731897965,2.6655638359479634,-0.08141564073737773,0.75,0.0,0.5,0.0,0.34515016552544536,0.0,2.1620592684360362,-5.551115123125783e-17,0.3450933469558692,-8.329629268617816e-10,2.1647382016420584,-5.068283237541493e-09,no_fit,0.9959754980492022
wave,0.25,219,2,2,0.15217025019228458,0.33592379720309934,0.011912796534904634,2.5928735502045197,0.049976901499968474,0.75,0.0,0.5,0.0,0.34515016552544536,0.0,2.1620592684360362,-5.551115123125783e-17,0.3450933469558692,-8.329629268617816e-10,2.1647382016420584,-5.068283237541493e-09,no_fit,0.9951996810188932
wave,0.25,219,2,3,0.12170394510030746,0.3238429000362312,0.02032404304569401,2.711488955430567,0.03308069929360147,0.75,0.0,0.5,0.0,0.34515016552544536,0.0,2.1620592684360362,-5.551115123125783e-17,0.3450933469558692,-8.329629268617816e-10,2.1647382016420584,-5.068283237541493e-09,no_fit,0.9977304078867242
wave,0.25,219,3,0,0.021044673048891127,0.329034619653526,-0.022528278052210516,2.916716692393082,-0.20476461100677634,0.75,0.0,0.5,0.0,0.34515016552544536,0.0,2.1620592684360362,-5.551115123125783e-17,0.3450933469558692,-8.329629268617816e-10,2.1647382016420584,-5.068283237541493e-09,no_fit,0.9136184942721592
wave,0.25,219,3,1,0.06915731774643064,0.3235858260446772,-0.004574003209235631,2.8948783800291085,0.004468434397411625,0.75,0.0,0.5,0.0,0.34515016552544536,0.0,2.1620592684360362,-5.551115123125783e-17,0.3450933469558692,-8.329629268617816e-10,2.1647382016420584,-5.068283237541493e-09,no_fit,0.95655238552677
wave,0.25,219,3,2,0.15025817416608334,0.33907276975009654,-0.005525816608946156,2.4619418143335694,0.008445759184823376,0.75,0.0,0.5,0.0,0.34515016552544536,0.0,2.1620592684360362,-5.551115123125783e-17,0.3450933469558692,-8.329629268617816e-10,2.1647382016420584,-5.068283237541493e-09,acf_or_spectral,0.9934684236856172
wave,0.25,219,3,3,0.09368234779685736,0.3333101132845882,0.01088735789645423,2.583807027461554,0.028830421672868256,0.75,0.0,0.5,0.0,0.34515016552544536,0.0,2.1620592684360362,-5.551115123125783e-17,0.3450933469558692,-8.329629268617816e-10,2.1647382016420584,-5.068283237541493e-09,no_fit,0.9915833951847896
wave,0.4,200,0,0,0.06220646994188428,0.33942797880516357,-0.012799092208517736,2.5972521266381494,-0.0338665007248401,0.6,0.0,0.6324555320336759,0.0,0.34517330435572097,0.0,2.160665780977396,-2.7755575615628914e-17,0.3450378922864128,-2.165423983171496e-09,2.1673672739340377,-4.924894853042261e-09,no_fit,0.984325077467663
wave,0.4,200,0,1,0.03774849069304764,0.3362760577074476,0.014306144367291546,2.6586093164528615,0.015525126598166517,0.6,0.0,0.6324555320336759,0.0,0.34517330435572097,0.0,2.160665780977396,-2.7755575615628914e-17,0.3450378922864128,-2.165423983171496e-09,2.1673672739340377,-4.924894853042261e-09,no_fit,0.9663983183978356
wave,0.4,200,0,2,0.06194809032604098,0.3293933950802141,-0.020829297193646134,2.5866711272108427,-0.09636401586075438,0.6,0.0,0.6324555320336759,0.0,0.34517330435572097,0.0,2.160665780977396,-2.7755575615628914e-17,0.3450378922864128,-2.165423983171496e-09,2.1673672739340377,-4.924894853042261e-09,no_fit,0.8400431987555781
wave,0.4,200,0,3,0.3632899411022663,0.29765183413959045,-0.020641823069272282,3.164217789241398,-0.020602292243918408,0.6,0.0,0.6324555320336759,0.0,0.34517330435572097,0.0,2.160665780977396,-2.7755575615628914e-17,0.3450378922864128,-2.165423983171496e-09,2.1673672739340377,-4.924894853042261e-09,no_fit,0.7798903892173948
wave,0.4,200,1,0,0.11878676433116198,0.3351179997210438,0.02994408551225866,2.513805249034067,0.11938393328911245,0.6,0.0,0.6324555320336759,0.0,0.34517330435572097,0.0,2.160665780977396,-2.7755575615628914e-17,0.3450378922864128,-2.165423983171496e-09,2.1673672739340377,-4.924894853042261e-09,acf_or_spectral,0.9723861763864996
wave,0.4,200,1,1,0.06781788682565093,0.33983302741589716,-0.03774865047845202,2.56133174981781,-0.08142346118747756,0.6,0.0,0.6324555320336759,0.0,0.34517330435572097,0.0,2.160665780977396,-2.7755575615628914e-17,0.3450378922864128,-2.165423983171496e-09,2.1673672739340377,-4.924894853042261e-09,no_fit,0.98268839583238
wave,0.4,200,1,2,0.05069892411120236,0.3227642004410191,-0.016331619505918906,2.9229316110138153,-0.05393800266223381,0.6,0.0,0.6324555320336759,0.0,0.34517330435572097,0.0,2.160665780977396,-2.7755575615628914e-17,0.3450378922864128,-2.165423983171496e-09,2.1673672739340377,-4.924894853042261e-09,no_fit,0.940293950140927
wave,0.4,200,1,3,0.36283255368471146,0.32791226961610614,-0.01886380994412704,2.6578387077655337,-0.034218526498144275,0.6,0.0,0.6324555320336759,0.0,0.34517330435572097,0.0,2.160665780977396,-2.7755575615628914e-17,0.3450378922864128,-2.165423983171496e-09,2.1673672739340377,-4.924894853042261e-09,no_fit,0.9241068197331388
wave,0.4,200,2,0,0.12479497026652098,0.3320780713934837,-0.003757351943310056,2.630133661714832,-0.05092674846013445,0.6,0.0,0.6324555320336759,0.0,0.34517330435572097,0.0,2.160665780977396,-2.7755575615628914e-17,0.3450378922864128,-2.165423983171496e-09,2.1673672739340377,-4.924894853042261e-09,no_fit,0.9959845817305972
wave,0.4,200,2,1,0.10222201235592365,0.32943328179005515,0.022763130758739935,2.665285615244518,0.07506041587991241,0.6,0.0,0.6324555320336759,0.0,0.34517330435572097,0.0,2.160665780977396,-2.7755575615628914e-17,0.3450378922864128,-2.165423983171496e-09,2.1673672739340377,-4.924894853042261e-09,no_fit,0.9973711507288848
wave,0.4,200,2,2,0.11517264880239964,0.32660449444789696,0.024184282119846152,2.706032526730432,0.11451724403106478,0.6,0.0,0.6324555320336759,0.0,0.34517330435572097,0.0,2.160665780977396,-2.7755575615628914e-17,0.3450378922864128,-2.165423983171496e-09,2.1673672739340377,-4.924894853042261e-09,no_fit,0.9974181950530304
wave,0.4,200,2,3,0.12582020834088326,0.3274658522836324,-0.006974724511482912,2.6270962791603925,0.030642319873171064,0.6,0.0,0.6324555320336759,0.0,0.34517330435572097,0.0,2.160665780977396,-2.7755575615628914e-17,0.3450378922864128,-2.165423983171496e-09,2.1673672739340377,-4.924894853042261e-09,no_fit,0.996823330717729
wave,0.4,200,3,0,0.09022199269384146,0.33023414267507595,0.008621548968908063,2.6316937353371923,0.08073035093930758,0.6,0.0,0.6324555320336759,0.0,0.34517330435572097,0.0,2.160665780977396,-2.7755575615628914e-17,0.3450378922864128,-2.165423983171496e-09,2.1673672739340377,-4.924894853042261e-09,no_fit,0.9939140386485292
wave,0.4,200,3,1,0.06680171238258481,0.3270260071065841,0.02383873209010344,2.7728759518638775,0.16156384570178994,0.6,0.0,0.6324555320336759,0.0,0.34517330435572097,0.0,2.160665780977396,-2.7755575615628914e-17,0.3450378922864128,-2.165423983171496e-09,2.1673672739340377,-4.924894853042261e-09,no_fit,0.9795481325129448
wave,0.4,200,3,2,0.10221839509904385,0.3346370724544194,-0.001307831820071327,2.561846762658918,-0.02670996178929952,0.6,0.0,0.6324555320336759,0.0,0.34517330435572097,0.0,2.160665780977396,-2.7755575615628914e-17,0.3450378922864128,-2.165423983171496e-09,2.1673672739340377,-4.924894853042261e-09,acf_or_spectral,0.9943194865040024
wave,0.4,200,3,3,0.04561312682926655,0.32789505617578335,0.020284110775687043,2.8972166776214214,0.04336789832524934,0.6,0.0,0.6324555320336759,0.0,0.34517330435572097,0.0,2.160665780977396,-2.7755575615628914e-17,0.3450378922864128,-2.165423983171496e-09,2.1673672739340377,-4.924894853042261e-09,no_fit,0.9535734745666412
wave,0.4,201,0,0,0.0021242280927253887,0.3277070332841273,0.011690330885051151,2.8031077060629848,0.004211114574621755,0.6,0.0,0.6324555320336759,0.0,0.34517330435572097,0.0,2.160665780977396,-2.7755575615628914e-17,0.3450378922864128,-2.165423983171496e-09,2.1673672739340377,-4.924894853042261e-09,no_fit,0.7824773457527067
wave,0.4,201,0,1,0.22601253911852837,0.3260052084894355,0.014488668601587151,2.747094729136401,0.014967847501142328,0.6,0.0,0.6324555320336759,0.0,0.34517330435572097,0.0,2.160665780977396,-2.7755575615628914e-17,0.3450378922864128,-2.165423983171496e-09,2.1673672739340377,-4.924894853042261e-09,no_fit,0.8937717076727039
wave,0.4,201,0,2,0.016768358065746725,0.33477435886136736,-0.0058192023129921685,2.893088597164451,-0.054921073895359496,0.6,0.0,0.6324555320336759,0.0,0.34517330435572097,0.0,2.160665780977396,-2.7755575615628914e-17,0.3450378922864128,-2.165423983171496e-09,2.1673672739340377,-4.924894853042261e-09,no_fit,0.9190112475574032
wave,0.4,201,0,3,0.14008216746151447,0.32860038315343765,-0.027881491487602238,2.613954380655454,-0.04205908139746378,0.6,0.0,0.6324555320336759,0.0,0.34517330435572097,0.0,2.160665780977396,-2.7755575615628914e-17,0.3450378922864128,-2.165423983171496e-09,2.1673672739340377,-4.924894853042261e-09,no_fit,0.9980261503686944
wave,0.4,201,1,0,0.052771823946386576,0.3301049625305752,0.0183802464535137,2.7553090658422437,0.07102786053929133,0.6,0.0,0.6324555320336759,0.0,0.34517330435572097,0.0,2.160665780977396,-2.7755575615628914e-17,0.3450378922864128,-2.165423983171496e-09,2.1673672739340377,-4.924894853042261e-09,no_fit,0.9575712359021324
wave,0.4,201,1,1,0.08272471651434898,0.34918953983696044,-0.037111855166670885,2.3007759824202005,-0.17562628322561663,0.6,0.0,0.6324555320336759,0.0,0.34517330435572097,0.0,2.160665780977396,-2.7755575615628914e-17,0.3450378922864128,-2.165423983171496e-09,2.1673672739340377,-4.924894853042261e-09,acf_or_spectral,0.7787665461094382
wave,0.4,201,1,2,0.07538914354518056,0.3293903003516001,0.008199939580548455,2.6864039299130793,-0.00115882353882224,0.6,0.0,0.6324555320336759,0.0,0.34517330435572097,0.0,2.160665780977396,-2.7755575615628914e-17,0.3450378922864128,-2.165423983171496e-09,2.1673672739340377,-4.924894853042261e-09,no_fit,0.9896275832794128
wave,0.4,201,1,3,0.13240506686270237,0.33411562052312166,0.0029614994026596147,2.549641820038197,0.03543256287533808,0.6,0.0,0.6324555320336759,0.0,0.34517330435572097,0.0,2.160665780977396,-2.7755575615628914e-17,0.3450378922864128,-2.165423983171496e-09,2.1673672739340377,-4.924894853042261e-09,acf_or_spectral,0.998123051026656
wave,0.4,201,2,0,0.12497020978480577,0.3292883830425013,0.01661531628004553,2.629278656158203,0.07668697823861936,0.6,0.0,0.6324555320336759,0.0,0.34517330435572097,0.0,2.160665780977396,-2.7755575615628914e-17,0.3450378922864128,-2.165423983171496e-09,2.1673672739340377,-4.924894853042261e-09,no_fit,0.9985581784547354
wave,0.4,201,2,1,0.11718746926635504,0.3319870285850459,-0.007649489515137573,2.637983165564459,-0.05302623708936233,0.6,0.0,0.6324555320336759,0.0,0.34517330435572097,0.0,2.160665780977396,-2.7755575615628914e-17,0.3450378922864128,-2.165423983171496e-09,2.1673672739340377,-4.924894853042261e-09,no_fit,0.9980463233075364
wave,0.4,201,2,2,0.08342079259455204,0.3328693983996802,-0.003165813312285508,2.6556049449362007,0.02801730408143388,0.6,0.0,0.6324555320336759,0.0,0.34517330435572097,0.0,2.160665780977396,-2.7755575615628914e-17,0.3450378922864128,-2.165423983171496e-09,2.1673672739340377,-4.924894853042261e-09,no_fit,0.9870100422053444
wave,0.4,201,2,3,0.20612807013094425,0.32933389499847066,-0.011491084014430688,2.6070178671781044,0.024974706130028612,0.6,0.0,0.6324555320336759,0.0,0.34517330435572097,0.0,2.160665780977396,-2.7755575615628914e-17,0.3450378922864128,-2.165423983171496e-09,2.1673672739340377,-4.924894853042261e-09,no_fit,0.985576232996248
wave,0.4,201,3,0,0.11708216089755297,0.3316347290077775,-0.014999553445742428,2.610181653255681,-0.07060503899372,0.6,0.0,0.6324555320336759,0.0,0.34517330435572097,0.0,2.160665780977396,-2.7755575615628914e-17,0.3450378922864128,-2.165423983171496e-09,2.1673672739340377,-4.924894853042261e-09,no_fit,0.9984523641931402
wave,0.4,201,3,1,0.035056682070717216,0.324790612938539,-0.013510112064859196,2.8403989570494823,-0.052664674481152085,0.6,0.0,0.6324555320336759,0.0,0.34517330435572097,0.0,2.160665780977396,-2.7755575615628914e-17,0.3450378922864128,-2.165423983171496e-09,2.1673672739340377,-4.924894853042261e-09,no_fit,0.9511426625009776
wave,0.4,201,3,2,0.10971993207931519,0.3308463222090278,-0.008261285170515312,2.698341454712833,-0.011751325514247846,0.6,0.0,0.6324555320336759,0.0,0.34517330435572097,0.0,2.160665780977396,-2.7755575615628914e-17,0.3450378922864128,-2.165423983171496e-09,2.1673672739340377,-4.924894853042261e-09,no_fit,0.9932095788339452
wave,0.4,201,3,3,0.1495551811531186,0.33823328934817554,0.005069987982790269,2.4697219189909236,0.06227879247459883,0.6,0.0,0.6324555320336759,0.0,0.34517330435572097,0.0,2.160665780977396,-2.7755575615628914e-17,0.3450378922864128,-2.165423983171496e-09,2.1673672739340377,-4.924894853042261e-09,acf_or_spectral,0.99010153256563
wave,0.4,202,0,0,0.05125637166202068,0.31869868482969066,-0.15094242408843808,2.811546773714469,-0.24772356730880862,0.6,0.0,0.6324555320336759,0.0,0.34517330435572097,0.0,2.160665780977396,-2.7755575615628914e-17,0.3450378922864128,-2.165423983171496e-09,2.1673672739340377,-4.924894853042261e-09,no_fit,0.957974101781362
wave,0.4,202,0,1,0.33213616255670786,0.3001130144637904,0.0834693766814175,3.1708981044329065,0.14935736948373746,0.6,0.0,0.6324555320336759,0.0,0.34517330435572097,0.0,2.160665780977396,-2.7755575615628914e-17,0.3450378922864128,-2.165423983171496e-09,2.1673672739340377,-4.924894853042261e-09,no_fit,0.8230410441008351
wave,0.4,202,0,2,0.03394988807849586,0.3274266460109738,0.0417799354211883,2.6381916669642367,0.22476673464452313,0.6,0.0,0.6324555320336759,0.0,0.34517330435572097,0.0,2.160665780977396,-2.7755575615628914e-17,0.3450378922864128,-2.165423983171496e-09,2.1673672739340377,-4.924894853042261e-09,no_fit,0.7717586985850636
wave,0.4,202,0,3,0.3044409407302737,0.2842454438084712,-0.028673096755925907,3.3562790221826213,-0.1631966304753032,0.6,0.0,0.6324555320336759,0.0,0.34517330435572097,0.0,2.160665780977396,-2.7755575615628914e-17,0.3450378922864128,-2.165423983171496e-09,2.1673672739340377,-4.924894853042261e-09,no_fit,0.733051313166705
wave,0.4,202,1,0,0.15846661664545536,0.3328084290679614,0.04744689259807516,2.583951567066728,0.2024024791822598,0.6,0.0,0.6324555320336759,0.0,0.34517330435572097,0.0,2.160665780977396,-2.7755575615628914e-17,0.3450378922864128,-2.165423983171496e-09,2.1673672739340377,-4.924894853042261e-09,no_fit,0.9938296974886294
wave,0.4,202,1,1,0.06638505216687918,0.32474793002983326,-0.043999390307421164,2.8036821971368897,-0.1734713579848105,0.6,0.0,0.6324555320336759,0.0,0.34517330435572097,0.0,2.160665780977396,-2.7755575615628914e-17,0.3450378922864128,-2.165423983171496e-09,2.1673672739340377,-4.924894853042261e-09,no_fit,0.9360170378169896
wave,0.4,202,1,2,0.005032723376643844,0.3136121960995144,-0.0037168113035863782,3.2135287304397187,0.1288077668369486,0.6,0.0,0.6324555320336759,0.0,0.34517330435572097,0.0,2.160665780977396,-2.7755575615628914e-17,0.3450378922864128,-2.165423983171496e-09,2.1673672739340377,-4.924894853042261e-09,no_fit,0.7774537082258871
wave,0.4,202,1,3,0.320789635181427,0.31530110688613633,-0.029518117396119363,2.808647641995917,-0.1181808204246152,0.6,0.0,0.6324555320336759,0.0,0.34517330435572097,0.0,2.160665780977396,-2.7755575615628914e-17,0.3450378922864128,-2.165423983171496e-09,2.1673672739340377,-4.924894853042261e-09,no_fit,0.9392693897838948
wave,0.4,202,2,0,0.12230685912072659,0.32518292079559125,-0.015877506881444806,2.7049183222918116,-0.10484396119915046,0.6,0.0,0.6324555320336759,0.0,0.34517330435572097,0.0,2.160665780977396,-2.7755575615628914e-17,0.3450378922864128,-2.165423983171496e-09,2.1673672739340377,-4.924894853042261e-09,no_fit,0.9985011131641164
wave,0.4,202,2,1,0.1507431110367179,0.33555443887552366,-0.012056078258393707,2.530275254233228,-0.0435653008331322,0.6,0.0,0.6324555320336759,0.0,0.34517330435572097,0.0,2.160665780977396,-2.7755575615628914e-17,0.3450378922864128,-2.165423983171496e-09,2.1673672739340377,-4.924894853042261e-09,acf_or_spectral,0.997768635587299
wave,0.4,202,2,2,0.09766367729753256,0.3265060974068823,0.0034401760072969825,2.67594276938071,0.09483850157689988,0.6,0.0,0.6324555320336759,0.0,0.34517330435572097,0.0,2.160665780977396,-2.7755575615628914e-17,0.3450378922864128,-2.165423983171496e-09,2.1673672739340377,-4.924894853042261e-09,no_fit,0.9957946317084316
wave,0.4,202,2,3,0.10120992735028267,0.3293458022181915,0.004628162968396988,2.7251038072699925,0.03001026967683318,0.6,0.0,0.6324555320336759,0.0,0.34517330435572097,0.0,2.160665780977396,-2.7755575615628914e-17,0.3450378922864128,-2.165423983171496e-09,2.1673672739340377,-4.924894853042261e-09,no_fit,0.981815435187894
wave,0.4,202,3,0,0.10702632274478674,0.3346355114925914,0.0014130330714440154,2.563172448031165,0.009628994997060603,0.6,0.0,0.6324555320336759,0.0,0.34517330435572097,0.0,2.160665780977396,-2.7755575615628914e-17,0.3450378922864128,-2.165423983171496e-09,2.1673672739340377,-4.924894853042261e-09,acf_or_spectral,0.9937269458587386
wave,0.4,202,3,1,0.12868524435907602,0.33529800942894,-0.019789859175741133,2.5497693320231622,-0.072462172153057,0.6,0.0,0.6324555320336759,0.0,0.34517330435572097,0.0,2.160665780977396,-2.7755575615628914e-17,0.3450378922864128,-2.165423983171496e-09,2.1673672739340377,-4.924894853042261e-09,acf_or_spectral,0.99667915318176
wave,0.4,202,3,2,0.0957959471270442,0.32660529099574576,0.0055392045691483776,2.696060439384175,0.010168013131231723,0.6,0.0,0.6324555320336759,0.0,0.34517330435572097,0.0,2.160665780977396,-2.7755575615628914e-17,0.3450378922864128,-2.165423983171496e-09,2.1673672739340377,-4.924894853042261e-09,no_fit,0.99687910939173
wave,0.4,202,3,3,0.038909401977434754,0.32057761968876153,-0.012881268929631,2.949047427850879,-0.09249999801034736,0.6,0.0,0.6324555320336759,0.0,0.34517330435572097,0.0,2.160665780977396,-2.7755575615628914e-17,0.3450378922864128,-2.165423983171496e-09,2.1673672739340377,-4.924894853042261e-09,no_fit,0.929314670225479
wave,0.4,203,0,0,0.09113799594342709,0.33164547703517794,0.012013583058964186,2.632336811988348,0.03188110716149262,0.6,0.0,0.6324555320336759,0.0,0.34517330435572097,0.0,2.160665780977396,-2.7755575615628914e-17,0.3450378922864128,-2.165423983171496e-09,2.1673672739340377,-4.924894853042261e-09,no_fit,0.9918142676255378
wave,0.4,203,0,1,0.08566909469664097,0.33653771966597146,0.026239820291532052,2.57832376485215,0.03885017245467248,0.6,0.0,0.6324555320336759,0.0,0.34517330435572097,0.0,2.160665780977396,-2.7755575615628914e-17,0.3450378922864128,-2.165423983171496e-09,2.1673672739340377,-4.924894853042261e-09,no_fit,0.9912654201613292
wave,0.4,203,0,2,0.3249607291072607,0.29265962072856455,0.010789530288122472,3.1867283415809577,-0.062015185510666426,0.6,0.0,0.6324555320336759,0.0,0.34517330435572097,0.0,2.160665780977396,-2.7755575615628914e-17,0.3450378922864128,-2.165423983171496e-09,2.1673672739340377,-4.924894853042261e-09,no_fit,0.8091649705069744
wave,0.4,203,0,3,0.26050134003162384,0.32880988944789674,-0.040392503551837614,2.541680325429986,-0.122943936342567,0.6,0.0,0.6324555320336759,0.0,0.34517330435572097,0.0,2.160665780977396,-2.7755575615628914e-17,0.3450378922864128,-2.165423983171496e-09,2.1673672739340377,-4.924894853042261e-09,acf_or_spectral,0.8851791147209946
wave,0.4,203,1,0,0.09373398590832949,0.36104997866616134,-0.007197396536598998,2.0390924511375412,-0.032220080736162865,0.6,0.0,0.6324555320336759,0.0,0.34517330435572097,0.0,2.160665780977396,-2.7755575615628914e-17,0.3450378922864128,-2.165423983171496e-09,2.1673672739340377,-4.924894853042261e-09,acf_or_spectral,0.9076800602589736
wave,0.4,203,1,1,0.024861664045602083,0.31411955563310834,-0.014549784768333336,3.0558498543105914,-0.11638011840303397,0.6,0.0,0.6324555320336759,0.0,0.34517330435572097,0.0,2.160665780977396,-2.7755575615628914e-17,0.3450378922864128,-2.165423983171496e-09,2.1673672739340377,-4.924894853042261e-09,no_fit,0.8825057567515422
wave,0.4,203,1,2,0.19683677703142166,0.3349368620278323,-0.022849900191051577,2.5354202584334087,-0.07369824200286268,0.6,0.0,0.6324555320336759,0.0,0.34517330435572097,0.0,2.160665780977396,-2.7755575615628914e-17,0.3450378922864128,-2.165423983171496e-09,2.1673672739340377,-4.924894853042261e-09,acf_or_spectral,0.9584707486296626
wave,0.4,203,1,3,0.22664619237184525,0.32093748025391283,-0.02464498784243478,2.8138185465414067,-0.04108557161048687,0.6,0.0,0.6324555320336759,0.0,0.34517330435572097,0.0,2.160665780977396,-2.7755575615628914e-17,0.3450378922864128,-2.165423983171496e-09,2.1673672739340377,-4.924894853042261e-09,no_fit,0.9196716214370392
wave,0.4,203,2,0,0.12868870422244072,0.3369911737193503,0.0028297668247658373,2.55799955999938,0.0015209970087662894,0.6,0.0,0.6324555320336759,0.0,0.34517330435572097,0.0,2.160665780977396,-2.7755575615628914e-17,0.3450378922864128,-2.165423983171496e-09,2.1673672739340377,-4.924894853042261e-09,acf_or_spectral,0.998363251892447
wave,0.4,203,2,1,0.09919474087655544,0.3324361940225102,-0.025012568414171325,2.596663851887793,-0.0896492541485156,0.6,0.0,0.6324555320336759,0.0,0.34517330435572097,0.0,2.160665780977396,-2.7755575615628914e-17,0.3450378922864128,-2.165423983171496e-09,2.1673672739340377,-4.924894853042261e-09,no_fit,0.9948435658164908
wave,0.4,203,2,2,0.13274662103503942,0.3280556424775438,-0.01195783774504621,2.644474878906447,0.04212998747070901,0.6,0.0,0.6324555320336759,0.0,0.34517330435572097,0.0,2.160665780977396,-2.7755575615628914e-17,0.3450378922864128,-2.165423983171496e-09,2.1673672739340377,-4.924894853042261e-09,no_fit,0.9995171870614016
wave,0.4,203,2,3,0.13125072233378887,0.33009210961255425,0.01109553223720165,2.667694324988969,0.01358942942987268,0.6,0.0,0.6324555320336759,0.0,0.34517330435572097,0.0,2.160665780977396,-2.7755575615628914e-17,0.3450378922864128,-2.165423983171496e-09,2.1673672739340377,-4.924894853042261e-09,no_fit,0.9984810222464904
wave,0.4,203,3,0,0.09794243238866329,0.3328273364738728,0.0021863571126832875,2.587228403420119,-0.0028293759572942667,0.6,0.0,0.6324555320336759,0.0,0.34517330435572097,0.0,2.160665780977396,-2.7755575615628914e-17,0.3450378922864128,-2.165423983171496e-09,2.1673672739340377,-4.924894853042261e-09,no_fit,0.990602722736668
wave,0.4,203,3,1,0.09559630043804646,0.33186052811321354,0.01375236106919791,2.6079342197392457,0.03283762972505455,0.6,0.0,0.6324555320336759,0.0,0.34517330435572097,0.0,2.160665780977396,-2.7755575615628914e-17,0.3450378922864128,-2.165423983171496e-09,2.1673672739340377,-4.924894853042261e-09,no_fit,0.9954015191663348
wave,0.4,203,3,2,0.11288488004356623,0.3292481941673976,-0.00040265531491007005,2.62918711686984,-0.0006960609274460072,0.6,0.0,0.6324555320336759,0.0,0.34517330435572097,0.0,2.160665780977396,-2.7755575615628914e-17,0.3450378922864128,-2.165423983171496e-09,2.1673672739340377,-4.924894853042261e-09,no_fit,0.9981238204582864
wave,0.4,203,3,3,0.08861644333228469,0.32443996296102856,0.002971857926142807,2.800155738498854,0.008682456559932494,0.6,0.0,0.6324555320336759,0.0,0.34517330435572097,0.0,2.160665780977396,-2.7755575615628914e-17,0.3450378922864128,-2.165423983171496e-09,2.1673672739340377,-4.924894853042261e-09,no_fit,0.9864423084424356
wave,0.4,204,0,0,0.08895472157746553,0.3308898974248369,-0.03892668676180442,2.623050651743678,0.20655736692282156,0.6,0.0,0.6324555320336759,0.0,0.34517330435572097,0.0,2.160665780977396,-2.7755575615628914e-17,0.3450378922864128,-2.165423983171496e-09,2.1673672739340377,-4.924894853042261e-09,no_fit,0.9607387529468194
wave,0.4,204,0,1,0.05690968409180641,0.3296973344590862,-0.009419599305787176,2.6496094704221758,0.04196597837329652,0.6,0.0,0.6324555320336759,0.0,0.34517330435572097,0.0,2.160665780977396,-2.7755575615628914e-17,0.3450378922864128,-2.165423983171496e-09,2.1673672739340377,-4.924894853042261e-09,no_fit,0.9765662479788236
wave,0.4,204,0,2,0.35197928734123707,0.3131939870605069,0.01368900901451616,2.9561364324041253,-0.0018777520514765556,0.6,0.0,0.6324555320336759,0.0,0.34517330435572097,0.0,2.160665780977396,-2.7755575615628914e-17,0.3450378922864128,-2.165423983171496e-09,2.1673672739340377,-4.924894853042261e-09,no_fit,0.8381721328533162
wave,0.4,204,0,3,0.14830455463379622,0.33326402649483816,0.030279342381404825,2.618297070026594,0.05029267530131709,0.6,0.0,0.6324555320336759,0.0,0.34517330435572097,0.0,2.160665780977396,-2.7755575615628914e-17,0.3450378922864128,-2.165423983171496e-09,2.1673672739340377,-4.924894853042261e-09,no_fit,0.9960095353673876
wave,0.4,204,1,0,0.013161702081561089,0.3122459888745092,0.11258323598073657,2.782879726345961,0.30528426254239394,0.6,0.0,0.6324555320336759,0.0,0.34517330435572097,0.0,2.160665780977396,-2.7755575615628914e-17,0.3450378922864128,-2.165423983171496e-09,2.1673672739340377,-4.924894853042261e-09,no_fit,0.8490232190898805
wave,0.4,204,1,1,0.06436061346903443,0.34361616972210157,0.008921592788744303,2.3302202200162196,0.05085699201376087,0.6,0.0,0.6324555320336759,0.0,0.34517330435572097,0.0,2.160665780977396,-2.7755575615628914e-17,0.3450378922864128,-2.165423983171496e-09,2.1673672739340377,-4.924894853042261e-09,acf_or_spectral,0.9226771017059988
wave,0.4,204,1,2,0.04444807441905141,0.3428896035710361,-0.03027375840822081,2.4770588232555437,-0.13001248078697286,0.6,0.0,0.6324555320336759,0.0,0.34517330435572097,0.0,2.160665780977396,-2.7755575615628914e-17,0.3450378922864128,-2.165423983171496e-09,2.1673672739340377,-4.924894853042261e-09,acf_or_spectral,0.8767188012415711
wave,0.4,204,1,3,0.06261630356311798,0.33405693386942586,-0.016303576798217215,2.5519684913215666,0.060893128307714206,0.6,0.0,0.6324555320336759,0.0,0.34517330435572097,0.0,2.160665780977396,-2.7755575615628914e-17,0.3450378922864128,-2.165423983171496e-09,2.1673672739340377,-4.924894853042261e-09,acf_or_spectral,0.9579761594981688
wave,0.4,204,2,0,0.11861032713204622,0.32979579114592233,-0.021063137128412117,2.6463742356027637,-0.07492538937966509,0.6,0.0,0.6324555320336759,0.0,0.34517330435572097,0.0,2.160665780977396,-2.7755575615628914e-17,0.3450378922864128,-2.165423983171496e-09,2.1673672739340377,-4.924894853042261e-09,no_fit,0.998569082560036
wave,0.4,204,2,1,0.05968051962554455,0.33299973830526663,-0.018640799827892893,2.7522054678692816,-0.057029208287512456,0.6,0.0,0.6324555320336759,0.0,0.34517330435572097,0.0,2.160665780977396,-2.7755575615628914e-17,0.3450378922864128,-2.165423983171496e-09,2.1673672739340377,-4.924894853042261e-09,no_fit,0.9632901540204022
wave,0.4,204,2,2,0.06605628784745932,0.32736160720810914,0.009669715007174392,2.7420933838944133,0.0071087831657268286,0.6,0.0,0.6324555320336759,0.0,0.34517330435572097,0.0,2.160665780977396,-2.7755575615628914e-17,0.3450378922864128,-2.165423983171496e-09,2.1673672739340377,-4.924894853042261e-09,no_fit,0.9855269856167198
wave,0.4,204,2,3,0.013310339651070535,0.3340906860232481,-0.011085757263597026,2.8051652687224795,0.08953483837273302,0.6,0.0,0.6324555320336759,0.0,0.34517330435572097,0.0,2.160665780977396,-2.7755575615628914e-17,0.3450378922864128,-2.165423983171496e-09,2.1673672739340377,-4.924894853042261e-09,no_fit,0.8451640287500868
wave,0.4,204,3,0,0.12048751208931208,0.3314108783650782,-0.0005567102151175711,2.6244468427266363,-0.0037954903253345496,0.6,0.0,0.6324555320336759,0.0,0.34517330435572097,0.0,2.160665780977396,-2.7755575615628914e-17,0.3450378922864128,-2.165423983171496e-09,2.1673672739340377,-4.924894853042261e-09,no_fit,0.9992999729873526
wave,0.4,204,3,1,0.1120366407558322,0.32857439551840706,-0.00602087051250084,2.680187518247531,-0.0367597491528297,0.6,0.0,0.6324555320336759,0.0,0.34517330435572097,0.0,2.160665780977396,-2.7755575615628914e-17,0.3450378922864128,-2.165423983171496e-09,2.1673672739340377,-4.924894853042261e-09,no_fit,0.9982911094287826
wave,0.4,204,3,2,0.10469760745763779,0.3313257036184971,0.0015409558565123579,2.6185999838567042,0.03445670718798216,0.6,0.0,0.6324555320336759,0.0,0.34517330435572097,0.0,2.160665780977396,-2.7755575615628914e-17,0.3450378922864128,-2.165423983171496e-09,2.1673672739340377,-4.924894853042261e-09,no_fit,0.9968304769935816
wave,0.4,204,3,3,0.11621618177741766,0.3304840513880269,-0.019119358523261187,2.664852638807025,-0.07424001096275301,0.6,0.0,0.6324555320336759,0.0,0.34517330435572097,0.0,2.160665780977396,-2.7755575615628914e-17,0.3450378922864128,-2.165423983171496e-09,2.1673672739340377,-4.924894853042261e-09,no_fit,0.9968516372592616
wave,0.4,205,0,0,0.07369709014892578,0.3417972747126697,-0.06377968396071393,2.515337295023161,-0.19448183993337304,0.6,0.0,0.6324555320336759,0.0,0.34517330435572097,0.0,2.160665780977396,-2.7755575615628914e-17,0.3450378922864128,-2.165423983171496e-09,2.1673672739340377,-4.924894853042261e-09,acf_or_spectral,0.9884675745390148
wave,0.4,205,0,1,0.3921189345419407,0.30461683048016946,-0.005551757228240512,3.0876248675096645,0.0003079225099132943,0.6,0.0,0.6324555320336759,0.0,0.34517330435572097,0.0,2.160665780977396,-2.7755575615628914e-17,0.3450378922864128,-2.165423983171496e-09,2.1673672739340377,-4.924894853042261e-09,no_fit,0.7977030004102288
wave,0.4,205,0,2,0.252218721434474,0.3273074703550548,0.05689018547943181,2.4971470871864105,0.15614707586233523,0.6,0.0,0.6324555320336759,0.0,0.34517330435572097,0.0,2.160665780977396,-2.7755575615628914e-17,0.3450378922864128,-2.165423983171496e-09,2.1673672739340377,-4.924894853042261e-09,acf_or_spectral,0.8618351383962255
wave,0.4,205,0,3,0.03938135062344372,0.3442069661202612,0.001943924210272014,2.4453907050589123,-0.009790340594659108,0.6,0.0,0.6324555320336759,0.0,0.34517330435572097,0.0,2.160665780977396,-2.7755575615628914e-17,0.3450378922864128,-2.165423983171496e-09,2.1673672739340377,-4.924894853042261e-09,acf_or_spectral,0.8599344306404137
wave,0.4,205,1,0,0.2728701736778021,0.3276688409324852,0.018777903144539716,2.7390943745089187,0.09096255620091465,0.6,0.0,0.6324555320336759,0.0,0.34517330435572097,0.0,2.160665780977396,-2.7755575615628914e-17,0.3450378922864128,-2.165423983171496e-09,2.1673672739340377,-4.924894853042261e-09,no_fit,0.9395941047683802
wave,0.4,205,1,1,0.12372891884297132,0.3356907799705636,0.06851417906418564,2.635487676976792,-0.009432446401345329,0.6,0.0,0.6324555320336759,0.0,0.34517330435572097,0.0,2.160665780977396,-2.7755575615628914e-17,0.3450378922864128,-2.165423983171496e-09,2.1673672739340377,-4.924894853042261e-09,no_fit,0.9987322128943332
wave,0.4,205,1,2,0.13028931990265846,0.3343272982081286,0.049657256861399074,2.6286075711410963,0.09263473468054645,0.6,0.0,0.6324555320336759,0.0,0.34517330435572097,0.0,2.160665780977396,-2.7755575615628914e-17,0.3450378922864128,-2.165423983171496e-09,2.1673672739340377,-4.924894853042261e-09,no_fit,0.9878755062782948
wave,0.4,205,1,3,0.010100539773702621,0.32982223548337325,0.019026545118132274,2.666021990634325,0.01665069672114511,0.6,0.0,0.6324555320336759,0.0,0.34517330435572097,0.0,2.160665780977396,-2.7755575615628914e-17,0.3450378922864128,-2.165423983171496e-09,2.1673672739340377,-4.924894853042261e-09,no_fit,0.8263391750329274
wave,0.4,205,2,0,0.11477605858817697,0.36212821718697874,0.008630665914021292,2.0276341556962154,0.041401793443370194,0.6,0.0,0.6324555320336759,0.0,0.34517330435572097,0.0,2.160665780977396,-2.7755575615628914e-17,0.3450378922864128,-2.165423983171496e-09,2.1673672739340377,-4.924894853042261e-09,acf_or_spectral,0.904109694774532
wave,0.4,205,2,1,0.15112373791635036,0.3341170856916596,-0.007314195272402006,2.5885403466430152,-0.001703541103803663,0.6,0.0,0.6324555320336759,0.0,0.34517330435572097,0.0,2.160665780977396,-2.7755575615628914e-17,0.3450378922864128,-2.165423983171496e-09,2.1673672739340377,-4.924894853042261e-09,no_fit,0.9985414368769968
wave,0.4,205,2,2,0.06627868302166462,0.3336976229605493,-0.025192643864039854,2.576548295155058,-0.1473760280056567,0.6,0.0,0.6324555320336759,0.0,0.34517330435572097,0.0,2.160665780977396,-2.7755575615628914e-17,0.3450378922864128,-2.165423983171496e-09,2.1673672739340377,-4.924894853042261e-09,no_fit,0.9841464095983126
wave,0.4,205,2,3,0.12448297720402479,0.3304463732945546,-0.005762603711757708,2.6652786559222386,-0.037720557524181575,0.6,0.0,0.6324555320336759,0.0,0.34517330435572097,0.0,2.160665780977396,-2.7755575615628914e-17,0.3450378922864128,-2.165423983171496e-09,2.1673672739340377,-4.924894853042261e-09,no_fit,0.994538040296088
wave,0.4,205,3,0,0.13357401359826326,0.339316325719512,-0.0035237618545421933,2.4554587455819945,-0.03291496426975388,0.6,0.0,0.6324555320336759,0.0,0.34517330435572097,0.0,2.160665780977396,-2.7755575615628914e-17,0.3450378922864128,-2.165423983171496e-09,2.1673672739340377,-4.924894853042261e-09,acf_or_spectral,0.9894126133710897
wave,0.4,205,3,1,0.0794543232768774,0.3325979766946017,0.023989972322869823,2.6616983562421814,0.08086274341566158,0.6,0.0,0.6324555320336759,0.0,0.34517330435572097,0.0,2.160665780977396,-2.7755575615628914e-17,0.3450378922864128,-2.165423983171496e-09,2.1673672739340377,-4.924894853042261e-09,no_fit,0.9866425198534848
wave,0.4,205,3,2,0.06657056929543614,0.3243165230984022,0.020580212941290473,2.828929042987945,0.04698469617301826,0.6,0.0,0.6324555320336759,0.0,0.34517330435572097,0.0,2.160665780977396,-2.7755575615628914e-17,0.3450378922864128,-2.165423983171496e-09,2.1673672739340377,-4.924894853042261e-09,no_fit,0.9792164601851384
wave,0.4,205,3,3,0.07371767237782478,0.32677353241988394,-0.00357332628248404,2.682832968027022,-0.0458062390172605,0.6,0.0,0.6324555320336759,0.0,0.34517330435572097,0.0,2.160665780977396,-2.7755575615628914e-17,0.3450378922864128,-2.165423983171496e-09,2.1673672739340377,-4.924894853042261e-09,no_fit,0.9888496625917204
wave,0.4,206,0,0,0.2857593558728695,0.30209013356322206,-0.009263943753231411,3.0773536607734466,-0.06314227458817423,0.6,0.0,0.6324555320336759,0.0,0.34517330435572097,0.0,2.160665780977396,-2.7755575615628914e-17,0.3450378922864128,-2.165423983171496e-09,2.1673672739340377,-4.924894853042261e-09,no_fit,0.8406945888857248
wave,0.4,206,0,1,0.2423557210713625,0.3134898035031992,-0.023147107107047517,3.0311701818548014,-0.052458949818649514,0.6,0.0,0.6324555320336759,0.0,0.34517330435572097,0.0,2.160665780977396,-2.7755575615628914e-17,0.3450378922864128,-2.165423983171496e-09,2.1673672739340377,-4.924894853042261e-09,no_fit,0.8463817857995577
wave,0.4,206,0,2,0.07532766973599792,0.31137866054505525,0.03990137459507525,2.8821697618126807,0.21310473216943504,0.6,0.0,0.6324555320336759,0.0,0.34517330435572097,0.0,2.160665780977396,-2.7755575615628914e-17,0.3450378922864128,-2.165423983171496e-09,2.1673672739340377,-4.924894853042261e-09,no_fit,0.8674413852786732
wave,0.4,206,0,3,0.054039505776017904,0.3288002482666694,-0.11280226581052084,2.672912148459498,-0.37470224527226464,0.6,0.0,0.6324555320336759,0.0,0.34517330435572097,0.0,2.160665780977396,-2.7755575615628914e-17,0.3450378922864128,-2.165423983171496e-09,2.1673672739340377,-4.924894853042261e-09,no_fit,0.976062163236582
wave,0.4,206,1,0,0.15743432939052582,0.3363304269477281,-0.034432626025662424,2.57181652645985,-0.18443314438982406,0.6,0.0,0.6324555320336759,0.0,0.34517330435572097,0.0,2.160665780977396,-2.7755575615628914e-17,0.3450378922864128,-2.165423983171496e-09,2.1673672739340377,-4.924894853042261e-09,no_fit,0.9945797248785472
wave,0.4,206,1,1,0.1336655942723155,0.3300068358195353,-0.03245198231370571,2.632065103326639,-0.1212600917826458,0.6,0.0,0.6324555320336759,0.0,0.34517330435572097,0.0,2.160665780977396,-2.7755575615628914e-17,0.3450378922864128,-2.165423983171496e-09,2.1673672739340377,-4.924894853042261e-09,no_fit,0.996487672547932
wave,0.4,206,1,2,0.05063921306282282,0.3246256658161706,0.011958588584334488,2.9170026479942113,0.05400506103706049,0.6,0.0,0.6324555320336759,0.0,0.34517330435572097,0.0,2.160665780977396,-2.7755575615628914e-17,0.3450378922864128,-2.165423983171496e-09,2.1673672739340377,-4.924894853042261e-09,no_fit,0.932957403082454
wave,0.4,206,1,3,0.05532097211107612,0.3506198371359077,-0.008491198310440016,2.2759870300410725,0.02971529260434863,0.6,0.0,0.6324555320336759,0.0,0.34517330435572097,0.0,2.160665780977396,-2.7755575615628914e-17,0.3450378922864128,-2.165423983171496e-09,2.1673672739340377,-4.924894853042261e-09,acf_or_spectral,0.8734840733608276
wave,0.4,206,2,0,0.016469807946123183,0.32892479420007503,-0.009815310090468914,2.994281692014011,-0.09212938921540326,0.6,0.0,0.6324555320336759,0.0,0.34517330435572097,0.0,2.160665780977396,-2.7755575615628914e-17,0.3450378922864128,-2.165423983171496e-09,2.1673672739340377,-4.924894853042261e-09,no_fit,0.87029186798056
wave,0.4,206,2,1,0.11576976533979177,0.3344719740482774,-0.008864344759911942,2.6031418336222227,-0.013698377448082333,0.6,0.0,0.6324555320336759,0.0,0.34517330435572097,0.0,2.160665780977396,-2.7755575615628914e-17,0.3450378922864128,-2.165423983171496e-09,2.1673672739340377,-4.924894853042261e-09,no_fit,0.9976425114572908
wave,0.4,206,2,2,0.03133755759336054,0.3239045786498532,-0.00013010044581855313,2.858199191231957,0.036319849389776726,0.6,0.0,0.6324555320336759,0.0,0.34517330435572097,0.0,2.160665780977396,-2.7755575615628914e-17,0.3450378922864128,-2.165423983171496e-09,2.1673672739340377,-4.924894853042261e-09,no_fit,0.9443188953913748
wave,0.4,206,2,3,0.1233025137335062,0.3256518156616848,0.008129256791973813,2.6770172196450712,0.07430770116463425,0.6,0.0,0.6324555320336759,0.0,0.34517330435572097,0.0,2.160665780977396,-2.7755575615628914e-17,0.3450378922864128,-2.165423983171496e-09,2.1673672739340377,-4.924894853042261e-09,no_fit,0.9982639145335396
wave,0.4,206,3,0,0.08041420392692089,0.3299722783976005,0.006199267212278649,2.6576734679090985,0.056607241718234946,0.6,0.0,0.6324555320336759,0.0,0.34517330435572097,0.0,2.160665780977396,-2.7755575615628914e-17,0.3450378922864128,-2.165423983171496e-09,2.1673672739340377,-4.924894853042261e-09,no_fit,0.9920247999626788
wave,0.4,206,3,1,0.0881323330104351,0.32761222987266275,0.009225667147585302,2.7114447015831047,0.011508519605950562,0.6,0.0,0.6324555320336759,0.0,0.34517330435572097,0.0,2.160665780977396,-2.7755575615628914e-17,0.3450378922864128,-2.165423983171496e-09,2.1673672739340377,-4.924894853042261e-09,no_fit,0.9940097854146644
wave,0.4,206,3,2,0.09511992242187262,0.33094972293374847,-0.005028210915510691,2.6356942293966132,0.003999794819051661,0.6,0.0,0.6324555320336759,0.0,0.34517330435572097,0.0,2.160665780977396,-2.7755575615628914e-17,0.3450378922864128,-2.165423983171496e-09,2.1673672739340377,-4.924894853042261e-09,no_fit,0.9922561488866384
wave,0.4,206,3,3,0.08887768723070621,0.3361527473055292,-0.014119129601363115,2.538157526626823,-0.03025731808794324,0.6,0.0,0.6324555320336759,0.0,0.34517330435572097,0.0,2.160665780977396,-2.7755575615628914e-17,0.3450378922864128,-2.165423983171496e-09,2.1673672739340377,-4.924894853042261e-09,acf_or_spectral,0.9880816122950764
wave,0.4,207,0,0,0.15726626850664616,0.31740093771519046,-0.03665420859075217,2.7886419617734757,-0.010022824961979704,0.6,0.0,0.6324555320336759,0.0,0.34517330435572097,0.0,2.160665780977396,-2.7755575615628914e-17,0.3450378922864128,-2.165423983171496e-09,2.1673672739340377,-4.924894853042261e-09,no_fit,0.9121424698317486
wave,0.4,207,0,1,0.30394162610173225,0.3116705591108197,-0.008367404694448664,3.009557130814417,-0.007178750677376389,0.6,0.0,0.6324555320336759,0.0,0.34517330435572097,0.0,2.160665780977396,-2.7755575615628914e-17,0.3450378922864128,-2.165423983171496e-09,2.1673672739340377,-4.924894853042261e-09,no_fit,0.7946084205303524
wave,0.4,207,0,2,0.10057684034109116,0.34862004568075106,0.03113816243256872,2.375943608835836,-0.022684787870684175,0.6,0.0,0.6324555320336759,0.0,0.34517330435572097,0.0,2.160665780977396,-2.7755575615628914e-17,0.3450378922864128,-2.165423983171496e-09,2.1673672739340377,-4.924894853042261e-09,acf_or_spectral,0.9614953869116286
wave,0.4,207,0,3,0.06170452851802111,0.32966752965422774,-0.035089940883122235,2.672273224754773,-0.12947505199364395,0.6,0.0,0.6324555320336759,0.0,0.34517330435572097,0.0,2.160665780977396,-2.7755575615628914e-17,0.3450378922864128,-2.165423983171496e-09,2.1673672739340377,-4.924894853042261e-09,no_fit,0.9811805665817978
wave,0.4,207,1,0,0.10750834364444017,0.33609291302813116,0.03391769401055991,2.5541608899145696,0.09253297957950013,0.6,0.0,0.6324555320336759,0.0,0.34517330435572097,0.0,2.160665780977396,-2.7755575615628914e-17,0.3450378922864128,-2.165423983171496e-09,2.1673672739340377,-4.924894853042261e-09,acf_or_spectral,0.9913240545660792
wave,0.4,207,1,1,0.13165361899882555,0.3270080864511634,-0.0485672638813743,2.6479001104527855,-0.23971763075757901,0.6,0.0,0.6324555320336759,0.0,0.34517330435572097,0.0,2.160665780977396,-2.7755575615628914e-17,0.3450378922864128,-2.165423983171496e-09,2.1673672739340377,-4.924894853042261e-09,no_fit,0.9915794233403618
wave,0.4,207,1,2,0.053910570684820414,0.3345759378414908,0.02320955311529476,2.5791198259577377,0.012684182054308546,0.6,0.0,0.6324555320336759,0.0,0.34517330435572097,0.0,2.160665780977396,-2.7755575615628914e-17,0.3450378922864128,-2.165423983171496e-09,2.1673672739340377,-4.924894853042261e-09,no_fit,0.9576512767835136
wave,0.4,207,1,3,0.07046745298430324,0.3238322883050131,0.019766395507178423,2.859030800628087,0.07962794492426817,0.6,0.0,0.6324555320336759,0.0,0.34517330435572097,0.0,2.160665780977396,-2.7755575615628914e-17,0.3450378922864128,-2.165423983171496e-09,2.1673672739340377,-4.924894853042261e-09,no_fit,0.9302939105134204
wave,0.4,207,2,0,0.00507780016050674,0.3370981638712291,-0.03943705825095859,2.914997296403301,-0.29498722387277443,0.6,0.0,0.6324555320336759,0.0,0.34517330435572097,0.0,2.160665780977396,-2.7755575615628914e-17,0.3450378922864128,-2.165423983171496e-09,2.1673672739340377,-4.924894853042261e-09,no_fit,0.7997329165193587
wave,0.4,207,2,1,0.12115572206676006,0.3370949713194717,0.01323966990104862,2.5119510019891385,0.0628206867238324,0.6,0.0,0.6324555320336759,0.0,0.34517330435572097,0.0,2.160665780977396,-2.7755575615628914e-17,0.3450378922864128,-2.165423983171496e-09,2.1673672739340377,-4.924894853042261e-09,acf_or_spectral,0.969293373183425
wave,0.4,207,2,2,0.026381100760772824,0.338707515268239,-0.04097299485432216,2.867650325187704,-0.15835709973433443,0.6,0.0,0.6324555320336759,0.0,0.34517330435572097,0.0,2.160665780977396,-2.7755575615628914e-17,0.3450378922864128,-2.165423983171496e-09,2.1673672739340377,-4.924894853042261e-09,no_fit,0.8931224593992264
wave,0.4,207,2,3,0.12375972047448158,0.32566173498825673,-0.02323414189459874,2.734280501860767,-0.14852249885066887,0.6,0.0,0.6324555320336759,0.0,0.34517330435572097,0.0,2.160665780977396,-2.7755575615628914e-17,0.3450378922864128,-2.165423983171496e-09,2.1673672739340377,-4.924894853042261e-09,no_fit,0.9983947164733852
wave,0.4,207,3,0,0.11303428374230862,0.3300681162462325,0.010572735630095283,2.673275976997477,0.09477380990458262,0.6,0.0,0.6324555320336759,0.0,0.34517330435572097,0.0,2.160665780977396,-2.7755575615628914e-17,0.3450378922864128,-2.165423983171496e-09,2.1673672739340377,-4.924894853042261e-09,no_fit,0.9980941712178628
wave,0.4,207,3,1,0.10258171148598194,0.32864079693262027,-0.0019274164592231698,2.665845294920964,0.03463424464090381,0.6,0.0,0.6324555320336759,0.0,0.34517330435572097,0.0,2.160665780977396,-2.7755575615628914e-17,0.3450378922864128,-2.165423983171496e-09,2.1673672739340377,-4.924894853042261e-09,no_fit,0.9971996324559812
wave,0.4,207,3,2,0.10185217671096325,0.33064579704189523,-0.0074984997451578335,2.6304691713881865,-0.0422276862303137,0.6,0.0,0.6324555320336759,0.0,0.34517330435572097,0.0,2.160665780977396,-2.7755575615628914e-17,0.3450378922864128,-2.165423983171496e-09,2.1673672739340377,-4.924894853042261e-09,no_fit,0.9966321499326578
wave,0.4,207,3,3,0.10091695748269558,0.335082627921939,-0.00750185590608768,2.534995684889692,-0.011607266668744898,0.6,0.0,0.6324555320336759,0.0,0.34517330435572097,0.0,2.160665780977396,-2.7755575615628914e-17,0.3450378922864128,-2.165423983171496e-09,2.1673672739340377,-4.924894853042261e-09,acf_or_spectral,0.9918341222809154
wave,0.4,208,0,0,0.0024953026440925896,0.3347559504494327,-0.02889214383968718,3.0308063316775815,-0.018953387336804073,0.6,0.0,0.6324555320336759,0.0,0.34517330435572097,0.0,2.160665780977396,-2.7755575615628914e-17,0.3450378922864128,-2.165423983171496e-09,2.1673672739340377,-4.924894853042261e-09,no_fit,0.7850811964721899
wave,0.4,208,0,1,0.07509563444182277,0.3156849372276275,-0.024399309250653575,2.860436187978565,-0.053601486487159566,0.6,0.0,0.6324555320336759,0.0,0.34517330435572097,0.0,2.160665780977396,-2.7755575615628914e-17,0.3450378922864128,-2.165423983171496e-09,2.1673672739340377,-4.924894853042261e-09,no_fit,0.9216784596157968
wave,0.4,208,0,2,0.06751734623685479,0.3339079588130759,0.02392722199541284,2.5751279735897734,0.05195282067100393,0.6,0.0,0.6324555320336759,0.0,0.34517330435572097,0.0,2.160665780977396,-2.7755575615628914e-17,0.3450378922864128,-2.165423983171496e-09,2.1673672739340377,-4.924894853042261e-09,no_fit,0.9832219423300972
wave,0.4,208,0,3,0.3275607265532017,0.30992385246241405,0.001559387409560258,2.9975536502960147,-0.020452066773530952,0.6,0.0,0.6324555320336759,0.0,0.34517330435572097,0.0,2.160665780977396,-2.7755575615628914e-17,0.3450378922864128,-2.165423983171496e-09,2.1673672739340377,-4.924894853042261e-09,no_fit,0.8294179855704281
wave,0.4,208,1,0,0.06918010162189603,0.342669104699692,-0.021064220402761187,2.4391492095214837,-0.08137852527979395,0.6,0.0,0.6324555320336759,0.0,0.34517330435572097,0.0,2.160665780977396,-2.7755575615628914e-17,0.3450378922864128,-2.165423983171496e-09,2.1673672739340377,-4.924894853042261e-09,acf_or_spectral,0.9453728930184128
wave,0.4,208,1,1,0.18147511593997478,0.33556578381636426,0.025806644895461663,2.4966102348303183,0.04624208771478039,0.6,0.0,0.6324555320336759,0.0,0.34517330435572097,0.0,2.160665780977396,-2.7755575615628914e-17,0.3450378922864128,-2.165423983171496e-09,2.1673672739340377,-4.924894853042261e-09,acf_or_spectral,0.9813391105437914
wave,0.4,208,1,2,0.015993083245120943,0.3361612259666252,0.03135030237698627,3.0333551372934475,0.0615509344517452,0.6,0.0,0.6324555320336759,0.0,0.34517330435572097,0.0,2.160665780977396,-2.7755575615628914e-17,0.3450378922864128,-2.165423983171496e-09,2.1673672739340377,-4.924894853042261e-09,no_fit,0.8728295852742951
wave,0.4,208,1,3,0.0941502251662314,0.3231530945921093,-0.01632522618623775,2.825580965637027,-0.11233992585315056,0.6,0.0,0.6324555320336759,0.0,0.34517330435572097,0.0,2.160665780977396,-2.7755575615628914e-17,0.3450378922864128,-2.165423983171496e-09,2.1673672739340377,-4.924894853042261e-09,no_fit,0.984826714104458
wave,0.4,208,2,0,0.11017458979040384,0.33610496063838263,-0.028510110811661073,2.559344071248034,-0.06308877420121611,0.6,0.0,0.6324555320336759,0.0,0.34517330435572097,0.0,2.160665780977396,-2.7755575615628914e-17,0.3450378922864128,-2.165423983171496e-09,2.1673672739340377,-4.924894853042261e-09,acf_or_spectral,0.9958109475622772
wave,0.4,208,2,1,0.09840578865259886,0.3290022132365678,-0.0071384796983268205,2.6637599939170302,0.04946873680556085,0.6,0.0,0.6324555320336759,0.0,0.34517330435572097,0.0,2.160665780977396,-2.7755575615628914e-17,0.3450378922864128,-2.165423983171496e-09,2.1673672739340377,-4.924894853042261e-09,no_fit,0.9961956743733036
wave,0.4,208,2,2,0.05208821641281247,0.3254021863703476,0.019627103234927144,2.9211932420758964,0.16265585425341433,0.6,0.0,0.6324555320336759,0.0,0.34517330435572097,0.0,2.160665780977396,-2.7755575615628914e-17,0.3450378922864128,-2.165423983171496e-09,2.1673672739340377,-4.924894853042261e-09,no_fit,0.922674731836196
wave,0.4,208,2,3,0.12617402337491512,0.331603418429563,0.016307079387951093,2.666241048482343,0.056310638204962626,0.6,0.0,0.6324555320336759,0.0,0.34517330435572097,0.0,2.160665780977396,-2.7755575615628914e-17,0.3450378922864128,-2.165423983171496e-09,2.1673672739340377,-4.924894853042261e-09,no_fit,0.9981256296032718
wave,0.4,208,3,0,0.11789517663419247,0.3315714540058416,-0.003256864606689409,2.614501113560891,-0.013560690455667046,0.6,0.0,0.6324555320336759,0.0,0.34517330435572097,0.0,2.160665780977396,-2.7755575615628914e-17,0.3450378922864128,-2.165423983171496e-09,2.1673672739340377,-4.924894853042261e-09,no_fit,0.999196524053073
wave,0.4,208,3,1,0.12341278046369553,0.3360556350976357,0.00012603986989121916,2.543030524979863,-0.009098056632192708,0.6,0.0,0.6324555320336759,0.0,0.34517330435572097,0.0,2.160665780977396,-2.7755575615628914e-17,0.3450378922864128,-2.165423983171496e-09,2.1673672739340377,-4.924894853042261e-09,acf_or_spectral,0.9977772244650276
wave,0.4,208,3,2,0.11151920258998871,0.33198304364783887,0.010946417204603435,2.6238217606963214,0.04025475195041328,0.6,0.0,0.6324555320336759,0.0,0.34517330435572097,0.0,2.160665780977396,-2.7755575615628914e-17,0.3450378922864128,-2.165423983171496e-09,2.1673672739340377,-4.924894853042261e-09,no_fit,0.9979867399683636
wave,0.4,208,3,3,0.07950422959402204,0.3276176640636647,-0.010238692347246135,2.6907776291616083,-0.020647541313570494,0.6,0.0,0.6324555320336759,0.0,0.34517330435572097,0.0,2.160665780977396,-2.7755575615628914e-17,0.3450378922864128,-2.165423983171496e-09,2.1673672739340377,-4.924894853042261e-09,no_fit,0.9915791315260012
wave,0.4,209,0,0,0.15257032960653305,0.34059492892570986,-0.04668516271965249,2.3996281639802612,-0.12559010087244926,0.6,0.0,0.6324555320336759,0.0,0.34517330435572097,0.0,2.160665780977396,-2.7755575615628914e-17,0.3450378922864128,-2.165423983171496e-09,2.1673672739340377,-4.924894853042261e-09,acf_or_spectral,0.8783000470674401
wave,0.4,209,0,1,0.3104147845879197,0.2958048115778926,-0.0675488092015742,3.106146512344115,-0.18029334465772473,0.6,0.0,0.6324555320336759,0.0,0.34517330435572097,0.0,2.160665780977396,-2.7755575615628914e-17,0.3450378922864128,-2.165423983171496e-09,2.1673672739340377,-4.924894853042261e-09,no_fit,0.8775937751620981
wave,0.4,209,0,2,0.09764292649924755,0.3389001153176468,-0.024750089585734908,2.5629106855353636,-0.05759335451631281,0.6,0.0,0.6324555320336759,0.0,0.34517330435572097,0.0,2.160665780977396,-2.7755575615628914e-17,0.3450378922864128,-2.165423983171496e-09,2.1673672739340377,-4.924894853042261e-09,acf_or_spectral,0.9945809768161136
wave,0.4,209,0,3,0.07057894300669432,0.3414339981675207,0.007119058552525168,2.556457459853731,-0.09607901386214845,0.6,0.0,0.6324555320336759,0.0,0.34517330435572097,0.0,2.160665780977396,-2.7755575615628914e-17,0.3450378922864128,-2.165423983171496e-09,2.1673672739340377,-4.924894853042261e-09,acf_or_spectral,0.9854886066723942
wave,0.4,209,1,0,0.37806876190006733,0.3022897072142065,-0.0023020831560514226,3.11438039989356,-0.07534077213715351,0.6,0.0,0.6324555320336759,0.0,0.34517330435572097,0.0,2.160665780977396,-2.7755575615628914e-17,0.3450378922864128,-2.165423983171496e-09,2.1673672739340377,-4.924894853042261e-09,no_fit,0.7892903030814034
wave,0.4,209,1,1,0.1183835668489337,0.3377461686231845,-0.0021475934644771995,2.491208786272224,0.025389316390413086,0.6,0.0,0.6324555320336759,0.0,0.34517330435572097,0.0,2.160665780977396,-2.7755575615628914e-17,0.3450378922864128,-2.165423983171496e-09,2.1673672739340377,-4.924894853042261e-09,acf_or_spectral,0.9811615376478288
wave,0.4,209,1,2,0.08319177385419607,0.3282474046231361,-0.029913680054554442,2.8411256740810793,-0.08823508306108574,0.6,0.0,0.6324555320336759,0.0,0.34517330435572097,0.0,2.160665780977396,-2.7755575615628914e-17,0.3450378922864128,-2.165423983171496e-09,2.1673672739340377,-4.924894853042261e-09,no_fit,0.9545454680473928
wave,0.4,209,1,3,0.09231735952198505,0.318621664334314,-0.0014619746765180566,2.897285773450316,0.10490794906351086,0.6,0.0,0.6324555320336759,0.0,0.34517330435572097,0.0,2.160665780977396,-2.7755575615628914e-17,0.3450378922864128,-2.165423983171496e-09,2.1673672739340377,-4.924894853042261e-09,no_fit,0.9732696334316532
wave,0.4,209,2,0,0.1157116387039423,0.33460487767696534,0.0073446861366222305,2.5863713014677745,0.09507405990189055,0.6,0.0,0.6324555320336759,0.0,0.34517330435572097,0.0,2.160665780977396,-2.7755575615628914e-17,0.3450378922864128,-2.165423983171496e-09,2.1673672739340377,-4.924894853042261e-09,no_fit,0.997748716062583
wave,0.4,209,2,1,0.12529632728546858,0.3327209643141954,-0.04130315966970571,2.6773971301169652,-0.15386186826688592,0.6,0.0,0.6324555320336759,0.0,0.34517330435572097,0.0,2.160665780977396,-2.7755575615628914e-17,0.3450378922864128,-2.165423983171496e-09,2.1673672739340377,-4.924894853042261e-09,no_fit,0.9955582559559492
wave,0.4,209,2,2,0.10382856335490942,0.32563115692126277,0.017500517345825882,2.7048096266672923,0.07272285811254486,0.6,0.0,0.6324555320336759,0.0,0.34517330435572097,0.0,2.160665780977396,-2.7755575615628914e-17,0.3450378922864128,-2.165423983171496e-09,2.1673672739340377,-4.924894853042261e-09,no_fit,0.995377664386622
wave,0.4,209,2,3,0.12921892758458853,0.330370660930818,0.033900549052216955,2.6644796893511273,0.0401935982148095,0.6,0.0,0.6324555320336759,0.0,0.34517330435572097,0.0,2.160665780977396,-2.7755575615628914e-17,0.3450378922864128,-2.165423983171496e-09,2.1673672739340377,-4.924894853042261e-09,no_fit,0.9967707360524214
wave,0.4,209,3,0,0.037881606724113226,0.3294421418143137,-0.025505308529146422,2.8576016841029017,-0.08009366942506835,0.6,0.0,0.6324555320336759,0.0,0.34517330435572097,0.0,2.160665780977396,-2.7755575615628914e-17,0.3450378922864128,-2.165423983171496e-09,2.1673672739340377,-4.924894853042261e-09,no_fit,0.9526050933800956
wave,0.4,209,3,1,0.08638044260442257,0.3314875380718276,-0.0361266828835418,2.6105370256830343,-0.19313740396337709,0.6,0.0,0.6324555320336759,0.0,0.34517330435572097,0.0,2.160665780977396,-2.7755575615628914e-17,0.3450378922864128,-2.165423983171496e-09,2.1673672739340377,-4.924894853042261e-09,no_fit,0.9910549467524165
wave,0.4,209,3,2,0.1583646647632122,0.3425778624641977,5.174387813444041e-05,2.3471282073070987,0.005326477755913106,0.6,0.0,0.6324555320336759,0.0,0.34517330435572097,0.0,2.160665780977396,-2.7755575615628914e-17,0.3450378922864128,-2.165423983171496e-09,2.1673672739340377,-4.924894853042261e-09,acf_or_spectral,0.9737389505855938
wave,0.4,209,3,3,0.03896467527374625,0.3329188035919363,0.018897694761637544,2.7191362791835023,0.09200261991481595,0.6,0.0,0.6324555320336759,0.0,0.34517330435572097,0.0,2.160665780977396,-2.7755575615628914e-17,0.3450378922864128,-2.165423983171496e-09,2.1673672739340377,-4.924894853042261e-09,no_fit,0.9677483009431292
wave,0.4,210,0,0,0.365692469291389,0.28980668518031794,0.023652289815058715,3.174505895367029,0.11293401713122309,0.6,0.0,0.6324555320336759,0.0,0.34517330435572097,0.0,2.160665780977396,-2.7755575615628914e-17,0.3450378922864128,-2.165423983171496e-09,2.1673672739340377,-4.924894853042261e-09,no_fit,0.7843596685455243
wave,0.4,210,0,1,0.03163328324444592,0.3255346768339166,0.009812783229623668,2.8953647050091806,0.047088138935373114,0.6,0.0,0.6324555320336759,0.0,0.34517330435572097,0.0,2.160665780977396,-2.7755575615628914e-17,0.3450378922864128,-2.165423983171496e-09,2.1673672739340377,-4.924894853042261e-09,no_fit,0.8877764332727969
wave,0.4,210,0,2,0.11345811747014523,0.339198211466119,0.08877368327935817,2.563485693487697,0.3680353362748381,0.6,0.0,0.6324555320336759,0.0,0.34517330435572097,0.0,2.160665780977396,-2.7755575615628914e-17,0.3450378922864128,-2.165423983171496e-09,2.1673672739340377,-4.924894853042261e-09,no_fit,0.993125006464976
wave,0.4,210,0,3,0.13310000766068697,0.3177478004871753,-0.016305303940658506,2.8644314536355076,0.0033726260240831696,0.6,0.0,0.6324555320336759,0.0,0.34517330435572097,0.0,2.160665780977396,-2.7755575615628914e-17,0.3450378922864128,-2.165423983171496e-09,2.1673672739340377,-4.924894853042261e-09,no_fit,0.9401546802452552
wave,0.4,210,1,0,0.028164649149402976,0.3345567088637964,-0.022553941822058363,2.5775681105663324,-0.07046225878198914,0.6,0.0,0.6324555320336759,0.0,0.34517330435572097,0.0,2.160665780977396,-2.7755575615628914e-17,0.3450378922864128,-2.165423983171496e-09,2.1673672739340377,-4.924894853042261e-09,no_fit,0.8800187417284449
wave,0.4,210,1,1,0.09633451979607344,0.3302836776441505,0.023106709706997852,2.5972024565585223,0.06175095336690378,0.6,0.0,0.6324555320336759,0.0,0.34517330435572097,0.0,2.160665780977396,-2.7755575615628914e-17,0.3450378922864128,-2.165423983171496e-09,2.1673672739340377,-4.924894853042261e-09,no_fit,0.9885694498163232
wave,0.4,210,1,2,0.04238460538908839,0.3182997424617364,-0.03479200472754872,3.053136035493762,-0.17368140629194295,0.6,0.0,0.6324555320336759,0.0,0.34517330435572097,0.0,2.160665780977396,-2.7755575615628914e-17,0.3450378922864128,-2.165423983171496e-09,2.1673672739340377,-4.924894853042261e-09,no_fit,0.906235595649456
wave,0.4,210,1,3,0.32993900775909424,0.3165336607261328,0.017573002858205386,2.8185484861846346,-0.01854583441876012,0.6,0.0,0.6324555320336759,0.0,0.34517330435572097,0.0,2.160665780977396,-2.7755575615628914e-17,0.3450378922864128,-2.165423983171496e-09,2.1673672739340377,-4.924894853042261e-09,no_fit,0.9304143598367084
wave,0.4,210,2,0,0.023966330918483436,0.3247825338767784,0.04560647649001477,2.883811519520032,0.1384693432672779,0.6,0.0,0.6324555320336759,0.0,0.34517330435572097,0.0,2.160665780977396,-2.7755575615628914e-17,0.3450378922864128,-2.165423983171496e-09,2.1673672739340377,-4.924894853042261e-09,no_fit,0.9163661802747164
wave,0.4,210,2,1,0.05180230177938938,0.3242495847848844,0.00519669755147656,2.8896449401403275,-0.030753736568021717,0.6,0.0,0.6324555320336759,0.0,0.34517330435572097,0.0,2.160665780977396,-2.7755575615628914e-17,0.3450378922864128,-2.165423983171496e-09,2.1673672739340377,-4.924894853042261e-09,no_fit,0.9488457713481598
wave,0.4,210,2,2,0.1069547925144434,0.3280008900650463,-0.008363292336802254,2.6570707193608203,-0.057754014969841116,0.6,0.0,0.6324555320336759,0.0,0.34517330435572097,0.0,2.160665780977396,-2.7755575615628914e-17,0.3450378922864128,-2.165423983171496e-09,2.1673672739340377,-4.924894853042261e-09,no_fit,0.9972987785187308
wave,0.4,210,2,3,0.1350935259833932,0.3355747132788383,-0.020159022081757957,2.55345399888979,-0.05087788804578747,0.6,0.0,0.6324555320336759,0.0,0.34517330435572097,0.0,2.160665780977396,-2.7755575615628914e-17,0.3450378922864128,-2.165423983171496e-09,2.1673672739340377,-4.924894853042261e-09,acf_or_spectral,0.997397417910334
wave,0.4,210,3,0,0.11200337205082178,0.32937331874677345,-0.00598153091832703,2.63320583316009,-0.018768877683235152,0.6,0.0,0.6324555320336759,0.0,0.34517330435572097,0.0,2.160665780977396,-2.7755575615628914e-17,0.3450378922864128,-2.165423983171496e-09,2.1673672739340377,-4.924894853042261e-09,no_fit,0.9984827843968536
wave,0.4,210,3,1,0.0855409437790513,0.32907676189197166,-0.014013059932313717,2.7046098791650284,-0.05210333028633585,0.6,0.0,0.6324555320336759,0.0,0.34517330435572097,0.0,2.160665780977396,-2.7755575615628914e-17,0.3450378922864128,-2.165423983171496e-09,2.1673672739340377,-4.924894853042261e-09,no_fit,0.9935433008133832
wave,0.4,210,3,2,0.13275984302163124,0.3366357451694225,0.001145488462220727,2.5291872899334713,0.009663009268704947,0.6,0.0,0.6324555320336759,0.0,0.34517330435572097,0.0,2.160665780977396,-2.7755575615628914e-17,0.3450378922864128,-2.165423983171496e-09,2.1673672739340377,-4.924894853042261e-09,acf_or_spectral,0.9966812727260224
wave,0.4,210,3,3,0.10495063662528992,0.33003807655999123,-0.007250248480339617,2.6109129214725835,-0.047309728446974786,0.6,0.0,0.6324555320336759,0.0,0.34517330435572097,0.0,2.160665780977396,-2.7755575615628914e-17,0.3450378922864128,-2.165423983171496e-09,2.1673672739340377,-4.924894853042261e-09,no_fit,0.994404642555416
wave,0.4,211,0,0,0.10612983535975218,0.33908988704559256,0.03702764709373896,2.414958145415082,0.10765877505943233,0.6,0.0,0.6324555320336759,0.0,0.34517330435572097,0.0,2.160665780977396,-2.7755575615628914e-17,0.3450378922864128,-2.165423983171496e-09,2.1673672739340377,-4.924894853042261e-09,acf_or_spectral,0.7839449720941455
wave,0.4,211,0,1,0.01505967101547867,0.340150734362687,0.004020125492369967,2.657217188691345,-0.000695956200723491,0.6,0.0,0.6324555320336759,0.0,0.34517330435572097,0.0,2.160665780977396,-2.7755575615628914e-17,0.3450378922864128,-2.165423983171496e-09,2.1673672739340377,-4.924894853042261e-09,no_fit,0.8176022879110458
wave,0.4,211,0,2,0.04174198117107153,0.31757655525737083,-0.09588299866921977,2.93127304006004,-0.4393615903807109,0.6,0.0,0.6324555320336759,0.0,0.34517330435572097,0.0,2.160665780977396,-2.7755575615628914e-17,0.3450378922864128,-2.165423983171496e-09,2.1673672739340377,-4.924894853042261e-09,no_fit,0.9170593321789224
wave,0.4,211,0,3,0.32673223596066236,0.3000872420247183,0.0037063192800637417,3.1600677324329416,0.019284331001550026,0.6,0.0,0.6324555320336759,0.0,0.34517330435572097,0.0,2.160665780977396,-2.7755575615628914e-17,0.3450378922864128,-2.165423983171496e-09,2.1673672739340377,-4.924894853042261e-09,no_fit,0.763099197095356
wave,0.4,211,1,0,0.23564383015036583,0.33114352257363705,-0.0469325682095983,2.655856747072128,-0.23066281439589809,0.6,0.0,0.6324555320336759,0.0,0.34517330435572097,0.0,2.160665780977396,-2.7755575615628914e-17,0.3450378922864128,-2.165423983171496e-09,2.1673672739340377,-4.924894853042261e-09,no_fit,0.951471673347545
wave,0.4,211,1,1,0.11897185817360878,0.3628441891323216,-0.008134164892999637,2.0201003969930236,-0.006862418006613996,0.6,0.0,0.6324555320336759,0.0,0.34517330435572097,0.0,2.160665780977396,-2.7755575615628914e-17,0.3450378922864128,-2.165423983171496e-09,2.1673672739340377,-4.924894853042261e-09,acf_or_spectral,0.8934313240813845
wave,0.4,211,1,2,0.1834286693483591,0.3361866497914897,0.017482746217691907,2.5825826655672,0.01315040264469719,0.6,0.0,0.6324555320336759,0.0,0.34517330435572097,0.0,2.160665780977396,-2.7755575615628914e-17,0.3450378922864128,-2.165423983171496e-09,2.1673672739340377,-4.924894853042261e-09,no_fit,0.9923438025322808
wave,0.4,211,1,3,0.13375465292483568,0.33869443120195464,-0.0416614524051027,2.464482789706496,-0.11196072858990874,0.6,0.0,0.6324555320336759,0.0,0.34517330435572097,0.0,2.160665780977396,-2.7755575615628914e-17,0.3450378922864128,-2.165423983171496e-09,2.1673672739340377,-4.924894853042261e-09,acf_or_spectral,0.996048326410819
wave,0.4,211,2,0,0.12176032084971666,0.3326253897273982,-0.01715864726205846,2.6238881645688776,-0.02346415762580817,0.6,0.0,0.6324555320336759,0.0,0.34517330435572097,0.0,2.160665780977396,-2.7755575615628914e-17,0.3450378922864128,-2.165423983171496e-09,2.1673672739340377,-4.924894853042261e-09,no_fit,0.9963296558373704
wave,0.4,211,2,1,0.004369378613773733,0.3335106987545199,-0.01609821999868738,2.9821158166810107,-0.13190837855648263,0.6,0.0,0.6324555320336759,0.0,0.34517330435572097,0.0,2.160665780977396,-2.7755575615628914e-17,0.3450378922864128,-2.165423983171496e-09,2.1673672739340377,-4.924894853042261e-09,no_fit,0.7774125276692566
wave,0.4,211,2,2,0.09389808680862188,0.3316952796413362,-0.004165926360621066,2.62198654512477,-0.026380452745658922,0.6,0.0,0.6324555320336759,0.0,0.34517330435572097,0.0,2.160665780977396,-2.7755575615628914e-17,0.3450378922864128,-2.165423983171496e-09,2.1673672739340377,-4.924894853042261e-09,no_fit,0.9827454489694788
wave,0.4,211,2,3,0.12200132012367249,0.32909212854704184,0.017882756706699934,2.6664797290292372,0.07218655074828673,0.6,0.0,0.6324555320336759,0.0,0.34517330435572097,0.0,2.160665780977396,-2.7755575615628914e-17,0.3450378922864128,-2.165423983171496e-09,2.1673672739340377,-4.924894853042261e-09,no_fit,0.9986827782668156
wave,0.4,211,3,0,0.10570563282817602,0.3277927033790927,-0.008833947993850818,2.6784298062109286,-0.033315527547313706,0.6,0.0,0.6324555320336759,0.0,0.34517330435572097,0.0,2.160665780977396,-2.7755575615628914e-17,0.3450378922864128,-2.165423983171496e-09,2.1673672739340377,-4.924894853042261e-09,no_fit,0.9975405422332364
wave,0.4,211,3,1,0.14267336577177048,0.3410707166752727,-0.0065604088065896425,2.4321322132076975,-0.028270662183646877,0.6,0.0,0.6324555320336759,0.0,0.34517330435572097,0.0,2.160665780977396,-2.7755575615628914e-17,0.3450378922864128,-2.165423983171496e-09,2.1673672739340377,-4.924894853042261e-09,acf_or_spectral,0.9901481151312866
wave,0.4,211,3,2,0.07493487279862165,0.3210599812168434,0.00047509364582074974,2.870908011703088,0.006889139067594696,0.6,0.0,0.6324555320336759,0.0,0.34517330435572097,0.0,2.160665780977396,-2.7755575615628914e-17,0.3450378922864128,-2.165423983171496e-09,2.1673672739340377,-4.924894853042261e-09,no_fit,0.9757547378817188
wave,0.4,211,3,3,0.07765033561736345,0.3271564266714948,0.012850526752329283,2.7366208688884632,0.06874073606404729,0.6,0.0,0.6324555320336759,0.0,0.34517330435572097,0.0,2.160665780977396,-2.7755575615628914e-17,0.3450378922864128,-2.165423983171496e-09,2.1673672739340377,-4.924894853042261e-09,no_fit,0.9894273286090908
wave,0.4,212,0,0,0.0038636594836134464,0.32144218802297253,-0.03358283048687249,2.912525438330753,-0.0526066008740097,0.6,0.0,0.6324555320336759,0.0,0.34517330435572097,0.0,2.160665780977396,-2.7755575615628914e-17,0.3450378922864128,-2.165423983171496e-09,2.1673672739340377,-4.924894853042261e-09,no_fit,0.8136660816787008
wave,0.4,212,0,1,0.3383037680760026,0.2959072238828634,0.057584964713873,3.2072290943339916,0.07320162629739357,0.6,0.0,0.6324555320336759,0.0,0.34517330435572097,0.0,2.160665780977396,-2.7755575615628914e-17,0.3450378922864128,-2.165423983171496e-09,2.1673672739340377,-4.924894853042261e-09,no_fit,0.7708984747730062
wave,0.4,212,0,2,0.1653176210820675,0.3346873057466753,0.009985830004915668,2.57548019219458,0.012248408870059124,0.6,0.0,0.6324555320336759,0.0,0.34517330435572097,0.0,2.160665780977396,-2.7755575615628914e-17,0.3450378922864128,-2.165423983171496e-09,2.1673672739340377,-4.924894853042261e-09,no_fit,0.9555008856876422
wave,0.4,212,0,3,0.17411312647163868,0.32719784643697536,-0.09014090861495712,2.645666254191655,-0.03425335539426144,0.6,0.0,0.6324555320336759,0.0,0.34517330435572097,0.0,2.160665780977396,-2.7755575615628914e-17,0.3450378922864128,-2.165423983171496e-09,2.1673672739340377,-4.924894853042261e-09,no_fit,0.9839223190552114
wave,0.4,212,1,0,0.06937599135562778,0.33041845887302335,-0.002686718885302406,2.6267863679537036,0.018254916791057896,0.6,0.0,0.6324555320336759,0.0,0.34517330435572097,0.0,2.160665780977396,-2.7755575615628914e-17,0.3450378922864128,-2.165423983171496e-09,2.1673672739340377,-4.924894853042261e-09,no_fit,0.9737755164758696
wave,0.4,212,1,1,0.11269816756248474,0.3289569926413982,-0.02108487352044071,2.6857925897020167,-0.16502673823483277,0.6,0.0,0.6324555320336759,0.0,0.34517330435572097,0.0,2.160665780977396,-2.7755575615628914e-17,0.3450378922864128,-2.165423983171496e-09,2.1673672739340377,-4.924894853042261e-09,no_fit,0.997116677230766
wave,0.4,212,1,2,0.07698789844289422,0.36097291310946805,0.019104300653063153,2.015360174002437,0.05278338865180346,0.6,0.0,0.6324555320336759,0.0,0.34517330435572097,0.0,2.160665780977396,-2.7755575615628914e-17,0.3450378922864128,-2.165423983171496e-09,2.1673672739340377,-4.924894853042261e-09,acf_or_spectral,0.8201137013040956
wave,0.4,212,1,3,0.12489210441708565,0.32701840712675256,0.006472535143439614,2.7091048662794903,0.03209720198097765,0.6,0.0,0.6324555320336759,0.0,0.34517330435572097,0.0,2.160665780977396,-2.7755575615628914e-17,0.3450378922864128,-2.165423983171496e-09,2.1673672739340377,-4.924894853042261e-09,no_fit,0.9790375922631208
wave,0.4,212,2,0,0.11935797892510891,0.3518943218687753,-0.009184406474862261,2.233069159851867,-0.03469776845683442,0.6,0.0,0.6324555320336759,0.0,0.34517330435572097,0.0,2.160665780977396,-2.7755575615628914e-17,0.3450378922864128,-2.165423983171496e-09,2.1673672739340377,-4.924894853042261e-09,acf_or_spectral,0.9592166834665924
wave,0.4,212,2,1,0.1492625828832388,0.3398624345965435,-0.024600823547776304,2.500190804471422,-0.12875342365562592,0.6,0.0,0.6324555320336759,0.0,0.34517330435572097,0.0,2.160665780977396,-2.7755575615628914e-17,0.3450378922864128,-2.165423983171496e-09,2.1673672739340377,-4.924894853042261e-09,acf_or_spectral,0.988284017358898
wave,0.4,212,2,2,0.008938734012190253,0.33268949157799055,0.009118840600014196,2.9353709155629932,-0.03661148764812516,0.6,0.0,0.6324555320336759,0.0,0.34517330435572097,0.0,2.160665780977396,-2.7755575615628914e-17,0.3450378922864128,-2.165423983171496e-09,2.1673672739340377,-4.924894853042261e-09,no_fit,0.8275659462673107
wave,0.4,212,2,3,0.1039043003693223,0.3289008830157918,0.012822382259798992,2.678185121972508,0.0538930661673358,0.6,0.0,0.6324555320336759,0.0,0.34517330435572097,0.0,2.160665780977396,-2.7755575615628914e-17,0.3450378922864128,-2.165423983171496e-09,2.1673672739340377,-4.924894853042261e-09,no_fit,0.9969423266002632
wave,0.4,212,3,0,0.11896620783954859,0.3307463715216017,0.006774667773724087,2.612696310339516,0.02000573153101326,0.6,0.0,0.6324555320336759,0.0,0.34517330435572097,0.0,2.160665780977396,-2.7755575615628914e-17,0.3450378922864128,-2.165423983171496e-09,2.1673672739340377,-4.924894853042261e-09,no_fit,0.9982992165261576
wave,0.4,212,3,1,0.09264842793345451,0.3287310518511664,0.0031428747578104137,2.683844837412379,0.03699273019276972,0.6,0.0,0.6324555320336759,0.0,0.34517330435572097,0.0,2.160665780977396,-2.7755575615628914e-17,0.3450378922864128,-2.165423983171496e-09,2.1673672739340377,-4.924894853042261e-09,no_fit,0.994829286589738
wave,0.4,212,3,2,0.1096796290948987,0.33243955119425855,0.003187441640788207,2.5796264645215823,0.020539213648778976,0.6,0.0,0.6324555320336759,0.0,0.34517330435572097,0.0,2.160665780977396,-2.7755575615628914e-17,0.3450378922864128,-2.165423983171496e-09,2.1673672739340377,-4.924894853042261e-09,no_fit,0.9975978815226578
wave,0.4,212,3,3,0.12777683325111866,0.33392815271042153,-0.008289311159903768,2.566535644404294,-0.020866282656045232,0.6,0.0,0.6324555320336759,0.0,0.34517330435572097,0.0,2.160665780977396,-2.7755575615628914e-17,0.3450378922864128,-2.165423983171496e-09,2.1673672739340377,-4.924894853042261e-09,no_fit,0.998876261561144
wave,0.4,213,0,0,0.05710169952362776,0.3070270741858046,-0.0068421866670338866,3.043788154293919,-0.00857699728128758,0.6,0.0,0.6324555320336759,0.0,0.34517330435572097,0.0,2.160665780977396,-2.7755575615628914e-17,0.3450378922864128,-2.165423983171496e-09,2.1673672739340377,-4.924894853042261e-09,no_fit,0.9077546100980078
wave,0.4,213,0,1,0.13153088092803955,0.32939216371600766,-0.03225378051315885,2.719535889825641,0.26630787798599,0.6,0.0,0.6324555320336759,0.0,0.34517330435572097,0.0,2.160665780977396,-2.7755575615628914e-17,0.3450378922864128,-2.165423983171496e-09,2.1673672739340377,-4.924894853042261e-09,no_fit,0.9968759634440848
wave,0.4,213,0,2,0.263120723888278,0.3159949785017421,-0.004314801358412661,2.930068196482525,-0.053348376128948605,0.6,0.0,0.6324555320336759,0.0,0.34517330435572097,0.0,2.160665780977396,-2.7755575615628914e-17,0.3450378922864128,-2.165423983171496e-09,2.1673672739340377,-4.924894853042261e-09,no_fit,0.814707007103178
wave,0.4,213,0,3,0.07787309866398573,0.33665911008748994,-0.02881478915939739,2.4777443771489915,-0.13825969777434965,0.6,0.0,0.6324555320336759,0.0,0.34517330435572097,0.0,2.160665780977396,-2.7755575615628914e-17,0.3450378922864128,-2.165423983171496e-09,2.1673672739340377,-4.924894853042261e-09,acf_or_spectral,0.8036390583699908
wave,0.4,213,1,0,0.2006312571465969,0.3345739449823395,-0.024713964555506344,2.5649017021140743,-0.11605745842246162,0.6,0.0,0.6324555320336759,0.0,0.34517330435572097,0.0,2.160665780977396,-2.7755575615628914e-17,0.3450378922864128,-2.165423983171496e-09,2.1673672739340377,-4.924894853042261e-09,no_fit,0.9933045156041944
wave,0.4,213,1,1,0.06026838161051273,0.3278771132334337,-0.015920553040167564,2.8880518920844325,-0.06652627996472182,0.6,0.0,0.6324555320336759,0.0,0.34517330435572097,0.0,2.160665780977396,-2.7755575615628914e-17,0.3450378922864128,-2.165423983171496e-09,2.1673672739340377,-4.924894853042261e-09,no_fit,0.9482185773992472
wave,0.4,213,1,2,0.15504662413150072,0.3270848735815486,-0.006822030161431167,2.727536612409734,0.02578750504302163,0.6,0.0,0.6324555320336759,0.0,0.34517330435572097,0.0,2.160665780977396,-2.7755575615628914e-17,0.3450378922864128,-2.165423983171496e-09,2.1673672739340377,-4.924894853042261e-09,no_fit,0.9924810816305129
wave,0.4,213,1,3,0.05120098777115345,0.33281556372269133,0.029082791611704177,2.7080844725210804,0.05145345181322625,0.6,0.0,0.6324555320336759,0.0,0.34517330435572097,0.0,2.160665780977396,-2.7755575615628914e-17,0.3450378922864128,-2.165423983171496e-09,2.1673672739340377,-4.924894853042261e-09,no_fit,0.9509390567031888
wave,0.4,213,2,0,0.0097672856063582,0.3432862657706647,0.03545626221841849,2.8815248983135415,0.09198914552728676,0.6,0.0,0.6324555320336759,0.0,0.34517330435572097,0.0,2.160665780977396,-2.7755575615628914e-17,0.3450378922864128,-2.165423983171496e-09,2.1673672739340377,-4.924894853042261e-09,no_fit,0.8276514011672784
wave,0.4,213,2,1,0.08630129508674145,0.3277814252601601,-0.006891063129020105,2.6775937857809855,-0.05976558002126131,0.6,0.0,0.6324555320336759,0.0,0.34517330435572097,0.0,2.160665780977396,-2.7755575615628914e-17,0.3450378922864128,-2.165423983171496e-09,2.1673672739340377,-4.924894853042261e-09,no_fit,0.993066419018964
wave,0.4,213,2,2,0.134077244438231,0.3310972704194739,0.02975806602468299,2.613646938114438,0.03924198731290035,0.6,0.0,0.6324555320336759,0.0,0.34517330435572097,0.0,2.160665780977396,-2.7755575615628914e-17,0.3450378922864128,-2.165423983171496e-09,2.1673672739340377,-4.924894853042261e-09,no_fit,0.9980301414273454
wave,0.4,213,2,3,0.09609015937894583,0.3277582980533144,-0.08061170886130452,2.707644368823621,-0.41704438443028574,0.6,0.0,0.6324555320336759,0.0,0.34517330435572097,0.0,2.160665780977396,-2.7755575615628914e-17,0.3450378922864128,-2.165423983171496e-09,2.1673672739340377,-4.924894853042261e-09,no_fit,0.9942665310973388
wave,0.4,213,3,0,0.0742136794142425,0.3301535051287276,0.007511855981764757,2.6288897185529065,0.018068067294577328,0.6,0.0,0.6324555320336759,0.0,0.34517330435572097,0.0,2.160665780977396,-2.7755575615628914e-17,0.3450378922864128,-2.165423983171496e-09,2.1673672739340377,-4.924894853042261e-09,no_fit,0.9863919752709154
wave,0.4,213,3,1,0.10601860657334328,0.3357759162780382,0.0007790735855647446,2.5361778484107234,-0.0073465731745424034,0.6,0.0,0.6324555320336759,0.0,0.34517330435572097,0.0,2.160665780977396,-2.7755575615628914e-17,0.3450378922864128,-2.165423983171496e-09,2.1673672739340377,-4.924894853042261e-09,acf_or_spectral,0.992933636967534
wave,0.4,213,3,2,0.06593845970928669,0.32391516361315714,-0.026387402776039005,2.859472224364079,-0.1120086187626873,0.6,0.0,0.6324555320336759,0.0,0.34517330435572097,0.0,2.160665780977396,-2.7755575615628914e-17,0.3450378922864128,-2.165423983171496e-09,2.1673672739340377,-4.924894853042261e-09,no_fit,0.9718876841072536
wave,0.4,213,3,3,0.07971578324213624,0.3259960351975751,0.02309106348472364,2.8011842423231084,0.12252907457056317,0.6,0.0,0.6324555320336759,0.0,0.34517330435572097,0.0,2.160665780977396,-2.7755575615628914e-17,0.3450378922864128,-2.165423983171496e-09,2.1673672739340377,-4.924894853042261e-09,no_fit,0.9885399105239274
wave,0.4,214,0,0,0.09670683555305004,0.3453310849893745,-0.006666820723356246,2.3116324685463265,-0.014166784173227087,0.6,0.0,0.6324555320336759,0.0,0.34517330435572097,0.0,2.160665780977396,-2.7755575615628914e-17,0.3450378922864128,-2.165423983171496e-09,2.1673672739340377,-4.924894853042261e-09,acf_or_spectral,0.7771594452477294
wave,0.4,214,0,1,0.023795213783159852,0.33725636974602147,-0.014387643749188422,2.4665369272817714,-0.02069876647834412,0.6,0.0,0.6324555320336759,0.0,0.34517330435572097,0.0,2.160665780977396,-2.7755575615628914e-17,0.3450378922864128,-2.165423983171496e-09,2.1673672739340377,-4.924894853042261e-09,acf_or_spectral,0.8163746248045571
wave,0.4,214,0,2,0.09092648047953844,0.33814784663155784,-0.010131584286551755,2.511657126939404,-0.010468765916023137,0.6,0.0,0.6324555320336759,0.0,0.34517330435572097,0.0,2.160665780977396,-2.7755575615628914e-17,0.3450378922864128,-2.165423983171496e-09,2.1673672739340377,-4.924894853042261e-09,acf_or_spectral,0.9869089003296364
wave,0.4,214,0,3,0.40151622891426086,0.3099263664892105,-0.001575521138901194,2.97811149854228,0.03285359842745095,0.6,0.0,0.6324555320336759,0.0,0.34517330435572097,0.0,2.160665780977396,-2.7755575615628914e-17,0.3450378922864128,-2.165423983171496e-09,2.1673672739340377,-4.924894853042261e-09,no_fit,0.826656840356853
wave,0.4,214,1,0,0.14477879088371992,0.33575389389621435,-0.017482240171413303,2.585594083483394,-0.013848672635213222,0.6,0.0,0.6324555320336759,0.0,0.34517330435572097,0.0,2.160665780977396,-2.7755575615628914e-17,0.3450378922864128,-2.165423983171496e-09,2.1673672739340377,-4.924894853042261e-09,no_fit,0.999225845776078
wave,0.4,214,1,1,0.13476420380175114,0.33417106112202954,-0.0006500630995721457,2.60529380507263,0.01898746196682538,0.6,0.0,0.6324555320336759,0.0,0.34517330435572097,0.0,2.160665780977396,-2.7755575615628914e-17,0.3450378922864128,-2.165423983171496e-09,2.1673672739340377,-4.924894853042261e-09,no_fit,0.9871706395718884
wave,0.4,214,1,2,0.11763222236186266,0.33142322790896767,0.022742453159111897,2.664910916979976,0.13249386095205762,0.6,0.0,0.6324555320336759,0.0,0.34517330435572097,0.0,2.160665780977396,-2.7755575615628914e-17,0.3450378922864128,-2.165423983171496e-09,2.1673672739340377,-4.924894853042261e-09,no_fit,0.9988859500046828
wave,0.4,214,1,3,0.08358568511903286,0.3347643762803312,-0.02900089395890294,2.6292680592426616,-0.031791516573818124,0.6,0.0,0.6324555320336759,0.0,0.34517330435572097,0.0,2.160665780977396,-2.7755575615628914e-17,0.3450378922864128,-2.165423983171496e-09,2.1673672739340377,-4.924894853042261e-09,no_fit,0.9719719329066834
wave,0.4,214,2,0,0.13756681233644485,0.3325758306566324,-0.007706983272010075,2.5753887997057,-0.012924229733634385,0.6,0.0,0.6324555320336759,0.0,0.34517330435572097,0.0,2.160665780977396,-2.7755575615628914e-17,0.3450378922864128,-2.165423983171496e-09,2.1673672739340377,-4.924894853042261e-09,no_fit,0.9987109927313458
wave,0.4,214,2,1,0.010650472657289356,0.33312869201913675,-0.0084037637279415,2.8490133012556855,0.005679886489932895,0.6,0.0,0.6324555320336759,0.0,0.34517330435572097,0.0,2.160665780977396,-2.7755575615628914e-17,0.3450378922864128,-2.165423983171496e-09,2.1673672739340377,-4.924894853042261e-09,no_fit,0.8325584372021871
wave,0.4,214,2,2,0.11740948259830475,0.33195065126618506,-0.018908800668934477,2.629373130334921,-0.04922840048700272,0.6,0.0,0.6324555320336759,0.0,0.34517330435572097,0.0,2.160665780977396,-2.7755575615628914e-17,0.3450378922864128,-2.165423983171496e-09,2.1673672739340377,-4.924894853042261e-09,no_fit,0.9989297606042304
wave,0.4,214,2,3,0.04116502474062145,0.33170839281261877,0.0174438854785538,2.8182345480831494,0.05135278255641684,0.6,0.0,0.6324555320336759,0.0,0.34517330435572097,0.0,2.160665780977396,-2.7755575615628914e-17,0.3450378922864128,-2.165423983171496e-09,2.1673672739340377,-4.924894853042261e-09,no_fit,0.928111156661708
wave,0.4,214,3,0,0.10090682562440634,0.3293741616985812,-0.001859510200272405,2.7774768675617088,-0.004858212314428401,0.6,0.0,0.6324555320336759,0.0,0.34517330435572097,0.0,2.160665780977396,-2.7755575615628914e-17,0.3450378922864128,-2.165423983171496e-09,2.1673672739340377,-4.924894853042261e-09,no_fit,0.9785810999639524
wave,0.4,214,3,1,0.11474461760371923,0.33299894737171754,-0.00024480705689903734,2.5872054090944205,0.002203438068546726,0.6,0.0,0.6324555320336759,0.0,0.34517330435572097,0.0,2.160665780977396,-2.7755575615628914e-17,0.3450378922864128,-2.165423983171496e-09,2.1673672739340377,-4.924894853042261e-09,no_fit,0.9978667475928348
wave,0.4,214,3,2,0.08411623165011406,0.33312235967882803,-0.011499533018236113,2.5973242421904192,-0.0499271494198415,0.6,0.0,0.6324555320336759,0.0,0.34517330435572097,0.0,2.160665780977396,-2.7755575615628914e-17,0.3450378922864128,-2.165423983171496e-09,2.1673672739340377,-4.924894853042261e-09,no_fit,0.9881343966639108
wave,0.4,214,3,3,0.1070846151560545,0.33128286818738245,0.010554848496391876,2.642101256528457,0.04451273481767409,0.6,0.0,0.6324555320336759,0.0,0.34517330435572097,0.0,2.160665780977396,-2.7755575615628914e-17,0.3450378922864128,-2.165423983171496e-09,2.1673672739340377,-4.924894853042261e-09,no_fit,0.9971266832177405
wave,0.4,215,0,0,0.31444617081433535,0.28477512810225136,0.01700391516064858,3.3407353262505723,0.07295172771474823,0.6,0.0,0.6324555320336759,0.0,0.34517330435572097,0.0,2.160665780977396,-2.7755575615628914e-17,0.3450378922864128,-2.165423983171496e-09,2.1673672739340377,-4.924894853042261e-09,no_fit,0.736738984895651
wave,0.4,215,0,1,0.05760887358337641,0.3250138535677885,-0.012861155610808079,2.7107803404034225,-0.10999896099162937,0.6,0.0,0.6324555320336759,0.0,0.34517330435572097,0.0,2.160665780977396,-2.7755575615628914e-17,0.3450378922864128,-2.165423983171496e-09,2.1673672739340377,-4.924894853042261e-09,no_fit,0.9827890387787228
wave,0.4,215,0,2,0.07774577289819717,0.31807935470567883,0.009834854162495079,2.690251794960479,-0.07119182037978267,0.6,0.0,0.6324555320336759,0.0,0.34517330435572097,0.0,2.160665780977396,-2.7755575615628914e-17,0.3450378922864128,-2.165423983171496e-09,2.1673672739340377,-4.924894853042261e-09,no_fit,0.9865645984754732
wave,0.4,215,0,3,0.07563869003206491,0.3332067691808723,0.03007893640401813,2.5646267881482916,0.07139866104670345,0.6,0.0,0.6324555320336759,0.0,0.34517330435572097,0.0,2.160665780977396,-2.7755575615628914e-17,0.3450378922864128,-2.165423983171496e-09,2.1673672739340377,-4.924894853042261e-09,no_fit,0.9835846352775856
wave,0.4,215,1,0,0.2544814758002758,0.3333152209185333,-0.039098424493731375,2.5734104191141345,-0.14949772770759795,0.6,0.0,0.6324555320336759,0.0,0.34517330435572097,0.0,2.160665780977396,-2.7755575615628914e-17,0.3450378922864128,-2.165423983171496e-09,2.1673672739340377,-4.924894853042261e-09,no_fit,0.9707271851146836
wave,0.4,215,1,1,0.060517432633787394,0.32963027483202556,0.013033872526844743,2.6521311696461005,0.06434716315488498,0.6,0.0,0.6324555320336759,0.0,0.34517330435572097,0.0,2.160665780977396,-2.7755575615628914e-17,0.3450378922864128,-2.165423983171496e-09,2.1673672739340377,-4.924894853042261e-09,no_fit,0.9708989396505614
wave,0.4,215,1,2,0.11839509289711714,0.32954063434451225,-0.01927903079270218,2.638954020029308,-0.10072288808996172,0.6,0.0,0.6324555320336759,0.0,0.34517330435572097,0.0,2.160665780977396,-2.7755575615628914e-17,0.3450378922864128,-2.165423983171496e-09,2.1673672739340377,-4.924894853042261e-09,no_fit,0.9967284989581616
wave,0.4,215,1,3,0.07738712034188211,0.36022135139347844,-0.035290896540754145,2.0656282761266533,-0.06632018047582633,0.6,0.0,0.6324555320336759,0.0,0.34517330435572097,0.0,2.160665780977396,-2.7755575615628914e-17,0.3450378922864128,-2.165423983171496e-09,2.1673672739340377,-4.924894853042261e-09,acf_or_spectral,0.8866091651329415
wave,0.4,215,2,0,0.09604957234114408,0.32757788126416243,0.0008594097155546861,2.684122990066035,0.06763762010369512,0.6,0.0,0.6324555320336759,0.0,0.34517330435572097,0.0,2.160665780977396,-2.7755575615628914e-17,0.3450378922864128,-2.165423983171496e-09,2.1673672739340377,-4.924894853042261e-09,no_fit,0.9950330748004844
wave,0.4,215,2,1,0.12483144365251064,0.33011231945310887,-0.0037044435708650765,2.6097299534514993,-0.07414778852204579,0.6,0.0,0.6324555320336759,0.0,0.34517330435572097,0.0,2.160665780977396,-2.7755575615628914e-17,0.3450378922864128,-2.165423983171496e-09,2.1673672739340377,-4.924894853042261e-09,no_fit,0.9906021741633998
wave,0.4,215,2,2,0.021784124081023037,0.33974320694115745,-0.041149635047076236,2.803641489744086,-0.14060712542467946,0.6,0.0,0.6324555320336759,0.0,0.34517330435572097,0.0,2.160665780977396,-2.7755575615628914e-17,0.3450378922864128,-2.165423983171496e-09,2.1673672739340377,-4.924894853042261e-09,no_fit,0.8775904971592714
wave,0.4,215,2,3,0.10846523474901915,0.3223055846850982,-0.009086806225533348,2.7431684322332552,-0.038244659649582236,0.6,0.0,0.6324555320336759,0.0,0.34517330435572097,0.0,2.160665780977396,-2.7755575615628914e-17,0.3450378922864128,-2.165423983171496e-09,2.1673672739340377,-4.924894853042261e-09,no_fit,0.9953594090694656
wave,0.4,215,3,0,0.11552504915744066,0.33314409170707066,0.029922947712460853,2.5646603187984596,0.06520138805176484,0.6,0.0,0.6324555320336759,0.0,0.34517330435572097,0.0,2.160665780977396,-2.7755575615628914e-17,0.3450378922864128,-2.165423983171496e-09,2.1673672739340377,-4.924894853042261e-09,no_fit,0.9957694306507756
wave,0.4,215,3,1,0.04017246188595891,0.33281003123878766,0.008845066446213464,2.6078922452306568,0.04914566474986792,0.6,0.0,0.6324555320336759,0.0,0.34517330435572097,0.0,2.160665780977396,-2.7755575615628914e-17,0.3450378922864128,-2.165423983171496e-09,2.1673672739340377,-4.924894853042261e-09,no_fit,0.9507653864979796
wave,0.4,215,3,2,0.1166090602055192,0.33095188371476375,0.006893420735389431,2.668253448390389,0.04809388216130728,0.6,0.0,0.6324555320336759,0.0,0.34517330435572097,0.0,2.160665780977396,-2.7755575615628914e-17,0.3450378922864128,-2.165423983171496e-09,2.1673672739340377,-4.924894853042261e-09,no_fit,0.9967024578475364
wave,0.4,215,3,3,0.06266380287706852,0.3238826078788256,0.019180151895270715,2.833228303065322,0.11422212250009833,0.6,0.0,0.6324555320336759,0.0,0.34517330435572097,0.0,2.160665780977396,-2.7755575615628914e-17,0.3450378922864128,-2.165423983171496e-09,2.1673672739340377,-4.924894853042261e-09,no_fit,0.9808045971867236
wave,0.4,216,0,0,0.07801366969943047,0.33460920127384347,-0.026417446796303326,2.5969636359711505,-0.030523774767347467,0.6,0.0,0.6324555320336759,0.0,0.34517330435572097,0.0,2.160665780977396,-2.7755575615628914e-17,0.3450378922864128,-2.165423983171496e-09,2.1673672739340377,-4.924894853042261e-09,no_fit,0.986247798698874
wave,0.4,216,0,1,0.26045476272702217,0.3216021887769579,0.00033089885817918444,2.8396152460018556,0.013507338086961806,0.6,0.0,0.6324555320336759,0.0,0.34517330435572097,0.0,2.160665780977396,-2.7755575615628914e-17,0.3450378922864128,-2.165423983171496e-09,2.1673672739340377,-4.924894853042261e-09,no_fit,0.9293462930099058
wave,0.4,216,0,2,0.3210520073771477,0.28643707205393387,0.04720969260503334,3.3079211759439584,-0.023928998209388874,0.6,0.0,0.6324555320336759,0.0,0.34517330435572097,0.0,2.160665780977396,-2.7755575615628914e-17,0.3450378922864128,-2.165423983171496e-09,2.1673672739340377,-4.924894853042261e-09,no_fit,0.7993203767422851
wave,0.4,216,0,3,0.06203931290656328,0.3284986255976478,0.023559637959934297,2.7093895239377943,0.10245960302310897,0.6,0.0,0.6324555320336759,0.0,0.34517330435572097,0.0,2.160665780977396,-2.7755575615628914e-17,0.3450378922864128,-2.165423983171496e-09,2.1673672739340377,-4.924894853042261e-09,no_fit,0.9832671653986954
wave,0.4,216,1,0,0.12737725861370564,0.3357679311445701,-0.03101141651905906,2.5680422816444044,-0.06149234603509274,0.6,0.0,0.6324555320336759,0.0,0.34517330435572097,0.0,2.160665780977396,-2.7755575615628914e-17,0.3450378922864128,-2.165423983171496e-09,2.1673672739340377,-4.924894853042261e-09,no_fit,0.9983885860266662
wave,0.4,216,1,1,0.12102586310356855,0.33582155286377946,0.06901187431499638,2.4959704746933067,0.20614901527412766,0.6,0.0,0.6324555320336759,0.0,0.34517330435572097,0.0,2.160665780977396,-2.7755575615628914e-17,0.3450378922864128,-2.165423983171496e-09,2.1673672739340377,-4.924894853042261e-09,acf_or_spectral,0.9865402091307864
wave,0.4,216,1,2,0.09306730329990387,0.3334800158527193,-0.0038614952452019255,2.57926910182696,0.010404726672570586,0.6,0.0,0.6324555320336759,0.0,0.34517330435572097,0.0,2.160665780977396,-2.7755575615628914e-17,0.3450378922864128,-2.165423983171496e-09,2.1673672739340377,-4.924894853042261e-09,no_fit,0.9401177555328624
wave,0.4,216,1,3,0.009002315608086064,0.3038808248363077,-0.025919848558478484,3.2645184185940423,-0.07410218808743985,0.6,0.0,0.6324555320336759,0.0,0.34517330435572097,0.0,2.160665780977396,-2.7755575615628914e-17,0.3450378922864128,-2.165423983171496e-09,2.1673672739340377,-4.924894853042261e-09,no_fit,0.840619719798283
wave,0.4,216,2,0,0.08751317299902439,0.3262518112470499,-0.023232428777218594,2.7499804153506835,-0.0506316853973382,0.6,0.0,0.6324555320336759,0.0,0.34517330435572097,0.0,2.160665780977396,-2.7755575615628914e-17,0.3450378922864128,-2.165423983171496e-09,2.1673672739340377,-4.924894853042261e-09,no_fit,0.9958210366194384
wave,0.4,216,2,1,0.15039175376296043,0.332277041191467,0.005191803734088654,2.5941923996355505,0.06655911860743591,0.6,0.0,0.6324555320336759,0.0,0.34517330435572097,0.0,2.160665780977396,-2.7755575615628914e-17,0.3450378922864128,-2.165423983171496e-09,2.1673672739340377,-4.924894853042261e-09,no_fit,0.9986660028489808
wave,0.4,216,2,2,0.07812011940404773,0.343294202662281,-0.0012325638291297793,2.4620114124769485,0.02402964743813757,0.6,0.0,0.6324555320336759,0.0,0.34517330435572097,0.0,2.160665780977396,-2.7755575615628914e-17,0.3450378922864128,-2.165423983171496e-09,2.1673672739340377,-4.924894853042261e-09,acf_or_spectral,0.936314364626112
wave,0.4,216,2,3,0.11389550287276506,0.3314877190606056,0.036366710999593224,2.620637602759347,0.1182022654927723,0.6,0.0,0.6324555320336759,0.0,0.34517330435572097,0.0,2.160665780977396,-2.7755575615628914e-17,0.3450378922864128,-2.165423983171496e-09,2.1673672739340377,-4.924894853042261e-09,no_fit,0.9983619756784312
wave,0.4,216,3,0,0.09553367644548416,0.3277654294635335,-0.0028804323232909687,2.677344422816037,0.013820858607959341,0.6,0.0,0.6324555320336759,0.0,0.34517330435572097,0.0,2.160665780977396,-2.7755575615628914e-17,0.3450378922864128,-2.165423983171496e-09,2.1673672739340377,-4.924894853042261e-09,no_fit,0.9962227847398424
wave,0.4,216,3,1,0.08292881585657597,0.33215357290302683,0.003835052176849086,2.610738040773657,0.01122108678282685,0.6,0.0,0.6324555320336759,0.0,0.34517330435572097,0.0,2.160665780977396,-2.7755575615628914e-17,0.3450378922864128,-2.165423983171496e-09,2.1673672739340377,-4.924894853042261e-09,no_fit,0.9889638069427548
wave,0.4,216,3,2,0.10364162642508745,0.3316802404063525,0.004327495259218687,2.608918272702459,0.021944289758122237,0.6,0.0,0.6324555320336759,0.0,0.34517330435572097,0.0,2.160665780977396,-2.7755575615628914e-17,0.3450378922864128,-2.165423983171496e-09,2.1673672739340377,-4.924894853042261e-09,no_fit,0.9944575293308572
wave,0.4,216,3,3,0.09514767862856388,0.32939677753610364,-0.006896631462078031,2.7471524048770366,-0.013041731453812377,0.6,0.0,0.6324555320336759,0.0,0.34517330435572097,0.0,2.160665780977396,-2.7755575615628914e-17,0.3450378922864128,-2.165423983171496e-09,2.1673672739340377,-4.924894853042261e-09,no_fit,0.9826317195351908
wave,0.4,217,0,0,0.30424320697784424,0.311877191563497,0.022168276536694703,2.9426623291411294,0.014828578209896914,0.6,0.0,0.6324555320336759,0.0,0.34517330435572097,0.0,2.160665780977396,-2.7755575615628914e-17,0.3450378922864128,-2.165423983171496e-09,2.1673672739340377,-4.924894853042261e-09,no_fit,0.8671533281734612
wave,0.4,217,0,1,0.01183108042459935,0.32988174002384296,-0.010984043560769121,2.675578254544921,-0.09014713798896395,0.6,0.0,0.6324555320336759,0.0,0.34517330435572097,0.0,2.160665780977396,-2.7755575615628914e-17,0.3450378922864128,-2.165423983171496e-09,2.1673672739340377,-4.924894853042261e-09,no_fit,0.8202447526674298
wave,0.4,217,0,2,0.08512892387807369,0.3333495401273786,-0.019700805172077045,2.6306876228422342,-0.015302502712991384,0.6,0.0,0.6324555320336759,0.0,0.34517330435572097,0.0,2.160665780977396,-2.7755575615628914e-17,0.3450378922864128,-2.165423983171496e-09,2.1673672739340377,-4.924894853042261e-09,no_fit,0.9881315074156036
wave,0.4,217,0,3,0.09438965190201998,0.3371320043652175,0.010072036422306346,2.5581888004910893,0.06695705146546588,0.6,0.0,0.6324555320336759,0.0,0.34517330435572097,0.0,2.160665780977396,-2.7755575615628914e-17,0.3450378922864128,-2.165423983171496e-09,2.1673672739340377,-4.924894853042261e-09,acf_or_spectral,0.9748666119526797
wave,0.4,217,1,0,0.09515096712857485,0.3196798906527388,-0.032554404551691334,2.8632357981720764,-0.1405317957391431,0.6,0.0,0.6324555320336759,0.0,0.34517330435572097,0.0,2.160665780977396,-2.7755575615628914e-17,0.3450378922864128,-2.165423983171496e-09,2.1673672739340377,-4.924894853042261e-09,no_fit,0.9786550486526384
wave,0.4,217,1,1,0.07810510229319334,0.33780814006120774,-0.014075847607117813,2.4949982759400013,-0.026558106111730095,0.6,0.0,0.6324555320336759,0.0,0.34517330435572097,0.0,2.160665780977396,-2.7755575615628914e-17,0.3450378922864128,-2.165423983171496e-09,2.1673672739340377,-4.924894853042261e-09,acf_or_spectral,0.9582414623901448
wave,0.4,217,1,2,0.07605898100882769,0.33143730448174546,0.0131711195260449,2.659892607073554,0.01995024128814471,0.6,0.0,0.6324555320336759,0.0,0.34517330435572097,0.0,2.160665780977396,-2.7755575615628914e-17,0.3450378922864128,-2.165423983171496e-09,2.1673672739340377,-4.924894853042261e-09,no_fit,0.9915203319792302
wave,0.4,217,1,3,0.02324663777835667,0.3294355026097925,0.032002079353094764,2.951437860405795,-0.04031186832110678,0.6,0.0,0.6324555320336759,0.0,0.34517330435572097,0.0,2.160665780977396,-2.7755575615628914e-17,0.3450378922864128,-2.165423983171496e-09,2.1673672739340377,-4.924894853042261e-09,no_fit,0.8883232741022017
wave,0.4,217,2,0,0.12331311032176018,0.33208693293579383,-0.005888708149548182,2.626388109228006,0.0063558235881630565,0.6,0.0,0.6324555320336759,0.0,0.34517330435572097,0.0,2.160665780977396,-2.7755575615628914e-17,0.3450378922864128,-2.165423983171496e-09,2.1673672739340377,-4.924894853042261e-09,no_fit,0.9982087886169608
wave,0.4,217,2,1,0.0036686858511529863,0.34940236743864383,0.003909369694989597,2.9662815786033154,-0.0798491621353542,0.6,0.0,0.6324555320336759,0.0,0.34517330435572097,0.0,2.160665780977396,-2.7755575615628914e-17,0.3450378922864128,-2.165423983171496e-09,2.1673672739340377,-4.924894853042261e-09,no_fit,0.7898040989924694
wave,0.4,217,2,2,0.11047749780118465,0.3312345361847822,0.00906493543383285,2.6278643781585647,0.10188923332831185,0.6,0.0,0.6324555320336759,0.0,0.34517330435572097,0.0,2.160665780977396,-2.7755575615628914e-17,0.3450378922864128,-2.165423983171496e-09,2.1673672739340377,-4.924894853042261e-09,no_fit,0.9966549077384524
wave,0.4,217,2,3,0.09118058905005455,0.3314222821395711,0.0034791944663541113,2.65915634829842,-0.04067573583915718,0.6,0.0,0.6324555320336759,0.0,0.34517330435572097,0.0,2.160665780977396,-2.7755575615628914e-17,0.3450378922864128,-2.165423983171496e-09,2.1673672739340377,-4.924894853042261e-09,no_fit,0.986751327297026
wave,0.4,217,3,0,0.13171857222914696,0.33211791139867214,-0.0020183284257170118,2.6250487305266192,-0.04787899095351583,0.6,0.0,0.6324555320336759,0.0,0.34517330435572097,0.0,2.160665780977396,-2.7755575615628914e-17,0.3450378922864128,-2.165423983171496e-09,2.1673672739340377,-4.924894853042261e-09,no_fit,0.9994976475108142
wave,0.4,217,3,1,0.09672249853610992,0.33472954052448767,0.009317137788572445,2.5494276946849426,0.03785333689111453,0.6,0.0,0.6324555320336759,0.0,0.34517330435572097,0.0,2.160665780977396,-2.7755575615628914e-17,0.3450378922864128,-2.165423983171496e-09,2.1673672739340377,-4.924894853042261e-09,acf_or_spectral,0.9872630981594251
wave,0.4,217,3,2,0.12316997535526752,0.331461052130625,0.009950702981223334,2.613709924569684,0.00843577896306047,0.6,0.0,0.6324555320336759,0.0,0.34517330435572097,0.0,2.160665780977396,-2.7755575615628914e-17,0.3450378922864128,-2.165423983171496e-09,2.1673672739340377,-4.924894853042261e-09,no_fit,0.998465410283231
wave,0.4,217,3,3,0.10185275971889496,0.3300883347317006,0.015801938986434613,2.645128484186915,0.04257591522617471,0.6,0.0,0.6324555320336759,0.0,0.34517330435572097,0.0,2.160665780977396,-2.7755575615628914e-17,0.3450378922864128,-2.165423983171496e-09,2.1673672739340377,-4.924894853042261e-09,no_fit,0.9972226203944676
wave,0.4,218,0,0,0.3877134220674634,0.28900666748649595,0.0033157111339806923,3.2628102495740468,-0.13918509962753955,0.6,0.0,0.6324555320336759,0.0,0.34517330435572097,0.0,2.160665780977396,-2.7755575615628914e-17,0.3450378922864128,-2.165423983171496e-09,2.1673672739340377,-4.924894853042261e-09,no_fit,0.7305294175872227
wave,0.4,218,0,1,0.2174088004976511,0.32934978144861105,-0.015275326333958162,2.7333026249090815,-0.06478772389358534,0.6,0.0,0.6324555320336759,0.0,0.34517330435572097,0.0,2.160665780977396,-2.7755575615628914e-17,0.3450378922864128,-2.165423983171496e-09,2.1673672739340377,-4.924894853042261e-09,no_fit,0.9457749563883904
wave,0.4,218,0,2,0.03614159510470927,0.34716453314996376,0.021894270100278182,2.6330098106777653,-0.06411284111332483,0.6,0.0,0.6324555320336759,0.0,0.34517330435572097,0.0,2.160665780977396,-2.7755575615628914e-17,0.3450378922864128,-2.165423983171496e-09,2.1673672739340377,-4.924894853042261e-09,no_fit,0.9647442473162676
wave,0.4,218,0,3,0.09120224323123693,0.3370452738908636,-0.017243964127785904,2.570351723798732,0.033806147298746314,0.6,0.0,0.6324555320336759,0.0,0.34517330435572097,0.0,2.160665780977396,-2.7755575615628914e-17,0.3450378922864128,-2.165423983171496e-09,2.1673672739340377,-4.924894853042261e-09,no_fit,0.9909141920519424
wave,0.4,218,1,0,0.35476179048419,0.3263916328305897,0.045960485157219545,2.7098487117638617,0.013737951974134965,0.6,0.0,0.6324555320336759,0.0,0.34517330435572097,0.0,2.160665780977396,-2.7755575615628914e-17,0.3450378922864128,-2.165423983171496e-09,2.1673672739340377,-4.924894853042261e-09,no_fit,0.9215601760708984
wave,0.4,218,1,1,0.09423721814528108,0.35473173170413297,0.0037554664149681027,2.1353776452285005,-0.07775260999021683,0.6,0.0,0.6324555320336759,0.0,0.34517330435572097,0.0,2.160665780977396,-2.7755575615628914e-17,0.3450378922864128,-2.165423983171496e-09,2.1673672739340377,-4.924894853042261e-09,acf_or_spectral,0.8973566373604754
wave,0.4,218,1,2,0.05067969439551234,0.3409814948652152,-0.05761958662905762,2.629731353715534,-0.33819448486667497,0.6,0.0,0.6324555320336759,0.0,0.34517330435572097,0.0,2.160665780977396,-2.7755575615628914e-17,0.3450378922864128,-2.165423983171496e-09,2.1673672739340377,-4.924894853042261e-09,no_fit,0.9549218751146012
wave,0.4,218,1,3,0.15117214526981115,0.32480741641600525,0.02590581654788513,2.7058910900297684,0.11231738101293887,0.6,0.0,0.6324555320336759,0.0,0.34517330435572097,0.0,2.160665780977396,-2.7755575615628914e-17,0.3450378922864128,-2.165423983171496e-09,2.1673672739340377,-4.924894853042261e-09,no_fit,0.9460786551274876
wave,0.4,218,2,0,0.13114626705646515,0.33150586920638014,-0.007529423543452078,2.633191011797709,0.0012736367378674562,0.6,0.0,0.6324555320336759,0.0,0.34517330435572097,0.0,2.160665780977396,-2.7755575615628914e-17,0.3450378922864128,-2.165423983171496e-09,2.1673672739340377,-4.924894853042261e-09,no_fit,0.9979122194609384
wave,0.4,218,2,1,0.07959979167208076,0.32655490201440057,-0.011573325369995419,2.7226585653125923,-0.09128783417917274,0.6,0.0,0.6324555320336759,0.0,0.34517330435572097,0.0,2.160665780977396,-2.7755575615628914e-17,0.3450378922864128,-2.165423983171496e-09,2.1673672739340377,-4.924894853042261e-09,no_fit,0.9929003038582204
wave,0.4,218,2,2,0.06130279274657369,0.34133067545009155,0.011084211110097239,2.7337260575367037,0.013440431056612856,0.6,0.0,0.6324555320336759,0.0,0.34517330435572097,0.0,2.160665780977396,-2.7755575615628914e-17,0.3450378922864128,-2.165423983171496e-09,2.1673672739340377,-4.924894853042261e-09,no_fit,0.9605487121917596
wave,0.4,218,2,3,0.1032856423407793,0.3257593517142253,-0.013892693870195379,2.74078092523314,-0.09804351430126945,0.6,0.0,0.6324555320336759,0.0,0.34517330435572097,0.0,2.160665780977396,-2.7755575615628914e-17,0.3450378922864128,-2.165423983171496e-09,2.1673672739340377,-4.924894853042261e-09,no_fit,0.9962842935042534
wave,0.4,218,3,0,0.12780440878123045,0.3364420597457758,0.006746262474509983,2.5342690674599653,0.05909207678126838,0.6,0.0,0.6324555320336759,0.0,0.34517330435572097,0.0,2.160665780977396,-2.7755575615628914e-17,0.3450378922864128,-2.165423983171496e-09,2.1673672739340377,-4.924894853042261e-09,acf_or_spectral,0.9954631749385742
wave,0.4,218,3,1,0.08369760122150183,0.32994302890621563,0.002220001882577787,2.650778690305713,-0.011226831226549827,0.6,0.0,0.6324555320336759,0.0,0.34517330435572097,0.0,2.160665780977396,-2.7755575615628914e-17,0.3450378922864128,-2.165423983171496e-09,2.1673672739340377,-4.924894853042261e-09,no_fit,0.9940070935331284
wave,0.4,218,3,2,0.10033118911087513,0.3288381803000535,0.0010268419635027454,2.701097330499669,0.017004432404279846,0.6,0.0,0.6324555320336759,0.0,0.34517330435572097,0.0,2.160665780977396,-2.7755575615628914e-17,0.3450378922864128,-2.165423983171496e-09,2.1673672739340377,-4.924894853042261e-09,no_fit,0.9914028846330224
wave,0.4,218,3,3,0.03903204062953591,0.3238920559831455,0.0024891048900238387,2.9160480877970723,0.03270681363805372,0.6,0.0,0.6324555320336759,0.0,0.34517330435572097,0.0,2.160665780977396,-2.7755575615628914e-17,0.3450378922864128,-2.165423983171496e-09,2.1673672739340377,-4.924894853042261e-09,no_fit,0.9374059747493436
wave,0.4,219,0,0,0.04374183714389801,0.3286879878317531,0.058746209571734716,2.6744828793394664,0.19756968870349323,0.6,0.0,0.6324555320336759,0.0,0.34517330435572097,0.0,2.160665780977396,-2.7755575615628914e-17,0.3450378922864128,-2.165423983171496e-09,2.1673672739340377,-4.924894853042261e-09,no_fit,0.9703966187083536
wave,0.4,219,0,1,0.36069907154887915,0.2889922241624744,-0.0204855714967596,3.294187095944962,-0.07649872076821851,0.6,0.0,0.6324555320336759,0.0,0.34517330435572097,0.0,2.160665780977396,-2.7755575615628914e-17,0.3450378922864128,-2.165423983171496e-09,2.1673672739340377,-4.924894853042261e-09,no_fit,0.7357797361345724
wave,0.4,219,0,2,0.24511882662773132,0.324845587888382,0.044699396948867334,2.640561064967873,0.2749455216239912,0.6,0.0,0.6324555320336759,0.0,0.34517330435572097,0.0,2.160665780977396,-2.7755575615628914e-17,0.3450378922864128,-2.165423983171496e-09,2.1673672739340377,-4.924894853042261e-09,no_fit,0.97967248785033
wave,0.4,219,0,3,0.08840869087725878,0.3325072353569308,0.01671895837448826,2.5594422368893466,0.0701581235543205,0.6,0.0,0.6324555320336759,0.0,0.34517330435572097,0.0,2.160665780977396,-2.7755575615628914e-17,0.3450378922864128,-2.165423983171496e-09,2.1673672739340377,-4.924894853042261e-09,acf_or_spectral,0.8405577606482667
wave,0.4,219,1,0,0.12679912149906158,0.34489457806736573,-0.008061312311499742,2.3051808000961156,-0.01955765249851782,0.6,0.0,0.6324555320336759,0.0,0.34517330435572097,0.0,2.160665780977396,-2.7755575615628914e-17,0.3450378922864128,-2.165423983171496e-09,2.1673672739340377,-4.924894853042261e-09,acf_or_spectral,0.8998217821484689
wave,0.4,219,1,1,0.25342125445604324,0.32917935455841235,-0.02561664988232321,2.639250235446795,-0.08775964778820244,0.6,0.0,0.6324555320336759,0.0,0.34517330435572097,0.0,2.160665780977396,-2.7755575615628914e-17,0.3450378922864128,-2.165423983171496e-09,2.1673672739340377,-4.924894853042261e-09,no_fit,0.9721308634464626
wave,0.4,219,1,2,0.14834719616919756,0.3319675287055669,0.0014022978628081707,2.648940561489012,-0.08128966839763258,0.6,0.0,0.6324555320336759,0.0,0.34517330435572097,0.0,2.160665780977396,-2.7755575615628914e-17,0.3450378922864128,-2.165423983171496e-09,2.1673672739340377,-4.924894853042261e-09,no_fit,0.957819498060926
wave,0.4,219,1,3,0.028243205742910504,0.31571711178074985,0.008896668117031227,3.1239499158587316,0.08108212247043367,0.6,0.0,0.6324555320336759,0.0,0.34517330435572097,0.0,2.160665780977396,-2.7755575615628914e-17,0.3450378922864128,-2.165423983171496e-09,2.1673672739340377,-4.924894853042261e-09,no_fit,0.8821800630277434
wave,0.4,219,2,0,0.15666423551738262,0.33558948892268403,-0.00967803924993325,2.5563332938582346,-0.04245483192769017,0.6,0.0,0.6324555320336759,0.0,0.34517330435572097,0.0,2.160665780977396,-2.7755575615628914e-17,0.3450378922864128,-2.165423983171496e-09,2.1673672739340377,-4.924894853042261e-09,acf_or_spectral,0.9987029774448742
wave,0.4,219,2,1,0.13666991889476776,0.3347216349081066,-0.010516094730293253,2.543890748665566,-0.07349372879565252,0.6,0.0,0.6324555320336759,0.0,0.34517330435572097,0.0,2.160665780977396,-2.7755575615628914e-17,0.3450378922864128,-2.165423983171496e-09,2.1673672739340377,-4.924894853042261e-09,acf_or_spectral,0.9975827517804996
wave,0.4,219,2,2,0.09698760975152254,0.3322132280291106,0.00684908072645583,2.6127660966380586,0.00013967782281743002,0.6,0.0,0.6324555320336759,0.0,0.34517330435572097,0.0,2.160665780977396,-2.7755575615628914e-17,0.3450378922864128,-2.165423983171496e-09,2.1673672739340377,-4.924894853042261e-09,no_fit,0.9915908704993416
wave,0.4,219,2,3,0.11468889284878969,0.3303637453598814,-0.004573854014867564,2.6384664726679334,-0.03233871631717666,0.6,0.0,0.6324555320336759,0.0,0.34517330435572097,0.0,2.160665780977396,-2.7755575615628914e-17,0.3450378922864128,-2.165423983171496e-09,2.1673672739340377,-4.924894853042261e-09,no_fit,0.9956460394687066
wave,0.4,219,3,0,0.06025389349088073,0.32110985292553834,-0.013291595648620208,2.8991165587115852,-0.10686721313453096,0.6,0.0,0.6324555320336759,0.0,0.34517330435572097,0.0,2.160665780977396,-2.7755575615628914e-17,0.3450378922864128,-2.165423983171496e-09,2.1673672739340377,-4.924894853042261e-09,no_fit,0.9668573658208378
wave,0.4,219,3,1,0.10768961533904076,0.33209095534943683,0.0025931713398003133,2.6265826884695165,0.009283509164734527,0.6,0.0,0.6324555320336759,0.0,0.34517330435572097,0.0,2.160665780977396,-2.7755575615628914e-17,0.3450378922864128,-2.165423983171496e-09,2.1673672739340377,-4.924894853042261e-09,no_fit,0.9963206793138624
wave,0.4,219,3,2,0.10919566173106432,0.33667337021328037,-0.0062629375145227765,2.5554335146817477,0.0344969531194102,0.6,0.0,0.6324555320336759,0.0,0.34517330435572097,0.0,2.160665780977396,-2.7755575615628914e-17,0.3450378922864128,-2.165423983171496e-09,2.1673672739340377,-4.924894853042261e-09,acf_or_spectral,0.996777928834259
wave,0.4,219,3,3,0.09362238552421331,0.3277452880640738,-0.005527993299049338,2.6652408900771714,0.01375641398256966,0.6,0.0,0.6324555320336759,0.0,0.34517330435572097,0.0,2.160665780977396,-2.7755575615628914e-17,0.3450378922864128,-2.165423983171496e-09,2.1673672739340377,-4.924894853042261e-09,no_fit,0.9959495594318089
