pde,r,seed,comparison,baseline,contrast,mse_comparison,mse_baseline,mse_ratio,log_mse_ratio,percent_mse_change
heat,0.1,100,acf,original,acf_vs_original,1.344455357710217e-06,2.790147217435201e-09,481.8582149747949,6.177649910973789,48085.82149747949
heat,0.1,101,acf,original,acf_vs_original,5.465498729151363e-07,2.184502178540632e-09,250.19424484175238,5.5222375955370495,24919.424484175237
heat,0.1,102,acf,original,acf_vs_original,1.1356563272002518e-06,2.117937277813786e-09,536.2086682626025,6.284523391770783,53520.86682626025
heat,0.1,103,acf,original,acf_vs_original,8.351055904576299e-07,2.3464957650543013e-09,355.8947784584237,5.87463512103573,35489.47784584237
heat,0.1,104,acf,original,acf_vs_original,5.595082925857753e-07,2.155558802632851e-09,259.56531174300534,5.559008353956448,25856.531174300533
heat,0.1,105,acf,original,acf_vs_original,1.4286993685885818e-06,2.398134493070136e-09,595.7544802916931,6.389828636373054,59475.44802916931
heat,0.1,106,acf,original,acf_vs_original,1.1910250803381928e-06,2.625706644297787e-09,453.6017315280542,6.117219569707963,45260.17315280542
heat,0.1,107,acf,original,acf_vs_original,7.686780350013578e-07,1.166049286641102e-09,659.215732823435,6.491050844850865,65821.5732823435
heat,0.1,108,acf,original,acf_vs_original,1.583883335598557e-06,3.070564883085602e-09,515.8279977483874,6.24577337221528,51482.799774838735
heat,0.1,109,acf,original,acf_vs_original,9.997967254093965e-07,2.565162190298897e-09,389.75965308957655,5.965530275019445,38875.96530895765
heat,0.1,110,acf,original,acf_vs_original,6.095009155160369e-07,1.925007635066034e-09,316.62259640602883,5.757710516997419,31562.259640602882
heat,0.1,111,acf,original,acf_vs_original,1.0166513142451097e-06,1.9664238588151806e-09,517.0051765226585,6.248052887074664,51600.51765226585
heat,0.1,112,acf,original,acf_vs_original,7.505620533976298e-07,1.94201544775896e-09,386.48613957410106,5.957096005997899,38548.6139574101
heat,0.1,113,acf,original,acf_vs_original,7.669986765712622e-07,1.8004025453648152e-09,426.0151034255761,6.054474799691539,42501.51034255761
heat,0.1,114,acf,original,acf_vs_original,1.6771569280038534e-06,2.8684650436178183e-09,584.6879437263627,6.371078275380126,58368.79437263627
heat,0.1,115,acf,original,acf_vs_original,1.2407592491214814e-06,3.006752350570574e-09,412.65761341669185,6.022618225927118,41165.76134166918
heat,0.1,116,acf,original,acf_vs_original,1.2832138986951236e-06,3.3285898377866104e-09,385.5127730451805,5.954574326164411,38451.27730451805
heat,0.1,117,acf,original,acf_vs_original,1.6374912048533474e-06,3.56099994283654e-09,459.84027833176316,6.130879208170059,45884.02783317632
heat,0.1,118,acf,original,acf_vs_original,8.985288024732085e-07,2.3254018320303933e-09,386.397219653289,5.956865906798213,38539.7219653289
heat,0.1,119,acf,original,acf_vs_original,1.0193616652998116e-06,2.5170241012978382e-09,404.98685124794963,6.00385460052506,40398.68512479496
heat,0.1,100,frozen,original,frozen_vs_original,2.089284403261616e-07,2.790147217435201e-09,74.88079446869322,4.315897442004789,7388.079446869322
heat,0.1,101,frozen,original,frozen_vs_original,1.2987445929812938e-07,2.184502178540632e-09,59.45265725708394,4.085180319481611,5845.265725708394
heat,0.1,102,frozen,original,frozen_vs_original,1.0876630995859673e-07,2.117937277813786e-09,51.35483052211507,3.938759002487993,5035.483052211507
heat,0.1,103,frozen,original,frozen_vs_original,1.202239551245654e-07,2.3464957650543013e-09,51.235530408802276,3.9364332446681303,5023.553040880228
heat,0.1,104,frozen,original,frozen_vs_original,1.6806465463758968e-07,2.155558802632851e-09,77.96802130023616,4.356298759293143,7696.802130023616
heat,0.1,105,frozen,original,frozen_vs_original,1.6301044669653209e-07,2.398134493070136e-09,67.97385516432946,4.219123148366106,6697.385516432946
heat,0.1,106,frozen,original,frozen_vs_original,1.675619994978561e-07,2.625706644297787e-09,63.81596354708868,4.156003371389671,6281.596354708868
heat,0.1,107,frozen,original,frozen_vs_original,1.833897200764767e-07,1.166049286641102e-09,157.27441556501046,5.057992149442262,15627.441556501046
heat,0.1,108,frozen,original,frozen_vs_original,1.0374612660624116e-07,3.070564883085602e-09,33.78730968289684,3.5200852788200527,3278.730968289684
heat,0.1,109,frozen,original,frozen_vs_original,2.121661648590845e-07,2.565162190298897e-09,82.71062378101033,4.415348055460049,8171.062378101033
heat,0.1,110,frozen,original,frozen_vs_original,2.381281019037118e-07,1.925007635066034e-09,123.70241944289393,4.817878838163465,12270.241944289393
heat,0.1,111,frozen,original,frozen_vs_original,1.6354539855711894e-07,1.9664238588151806e-09,83.16894540511684,4.420874025808823,8216.894540511685
heat,0.1,112,frozen,original,frozen_vs_original,1.428502691691591e-07,1.94201544775896e-09,73.55774092013786,4.298070688554067,7255.774092013786
heat,0.1,113,frozen,original,frozen_vs_original,1.0636949465681057e-07,1.8004025453648152e-09,59.080951052119815,4.078908555233677,5808.095105211982
heat,0.1,114,frozen,original,frozen_vs_original,1.526008978625093e-07,2.8684650436178183e-09,53.1994971324605,3.9740489439055655,5219.94971324605
heat,0.1,115,frozen,original,frozen_vs_original,1.1996357385246625e-07,3.006752350570574e-09,39.89805606361344,3.68632760249876,3889.805606361344
heat,0.1,116,frozen,original,frozen_vs_original,1.4011071006181377e-07,3.3285898377866104e-09,42.093113567570775,3.7398841540919316,4109.311356757077
heat,0.1,117,frozen,original,frozen_vs_original,1.3717409053093377e-07,3.56099994283654e-09,38.52122795083977,3.651209464688692,3752.1227950839775
heat,0.1,118,frozen,original,frozen_vs_original,1.97751968245008e-07,2.3254018320303933e-09,85.03991246637298,4.443120704710173,8403.991246637299
heat,0.1,119,frozen,original,frozen_vs_original,2.7667710211787266e-07,2.5170241012978382e-09,109.92230943486449,4.699773838395838,10892.23094348645
heat,0.1,100,identity,original,identity_vs_original,1.5834857535423907e-05,2.790147217435201e-09,5675.276715319649,8.643874601569602,567427.6715319649
heat,0.1,101,identity,original,identity_vs_original,1.3379314012240684e-06,2.184502178540632e-09,612.4651256323674,6.417492003054794,61146.51256323674
heat,0.1,102,identity,original,identity_vs_original,1.0431185813786216e-05,2.117937277813786e-09,4925.162762399496,8.502112601263052,492416.2762399496
heat,0.1,103,identity,original,identity_vs_original,3.775915320858303e-06,2.3464957650543013e-09,1609.1720160300067,7.383475049935615,160817.20160300066
heat,0.1,104,identity,original,identity_vs_original,1.062422796849205e-06,2.155558802632851e-09,492.8758127829946,6.2002572412616,49187.58127829946
heat,0.1,105,identity,original,identity_vs_original,1.0699597083885236e-05,2.398134493070136e-09,4461.633455005859,8.4032702234796,446063.3455005859
heat,0.1,106,identity,original,identity_vs_original,2.118500945869073e-05,2.625706644297787e-09,8068.307822847591,8.995699051897041,806730.7822847591
heat,0.1,107,identity,original,identity_vs_original,2.0195851675453014e-06,1.166049286641102e-09,1731.9895399643676,7.457026049822601,173098.95399643676
heat,0.1,108,identity,original,identity_vs_original,3.0648998347260203e-05,3.070564883085602e-09,9981.550468479634,9.208493714801863,998055.0468479635
heat,0.1,109,identity,original,identity_vs_original,4.585432336057238e-06,2.565162190298897e-09,1787.5798861369212,7.488617965114656,178657.9886136921
heat,0.1,110,identity,original,identity_vs_original,1.167205791574588e-06,1.925007635066034e-09,606.3382660477339,6.407438025134789,60533.82660477339
heat,0.1,111,identity,original,identity_vs_original,5.570643118346652e-06,1.9664238588151806e-09,2832.8801511303386,7.9490491943575865,283188.0151130339
heat,0.1,112,identity,original,identity_vs_original,3.441424681227545e-06,1.94201544775896e-09,1772.0892412049902,7.479914491750742,177108.92412049902
heat,0.1,113,identity,original,identity_vs_original,6.48066091457622e-06,1.8004025453648152e-09,3599.562181946952,8.188567500922513,359856.2181946952
heat,0.1,114,identity,original,identity_vs_original,3.5294122312734544e-05,2.8684650436178183e-09,12304.184215618065,9.417694663643916,1230318.4215618065
heat,0.1,115,identity,original,identity_vs_original,2.056963637642184e-05,3.006752350570574e-09,6841.147516694702,8.830710762144163,684014.7516694702
heat,0.1,116,identity,original,identity_vs_original,2.352118639237233e-05,3.3285898377866104e-09,7066.411765534035,8.863108100426428,706541.1765534035
heat,0.1,117,identity,original,identity_vs_original,2.4676268282064484e-05,3.56099994283654e-09,6929.589631615782,8.843555874213541,692858.9631615783
heat,0.1,118,identity,original,identity_vs_original,6.468878282817059e-06,2.3254018320303933e-09,2781.8324530899868,7.930865145324689,278083.2453089987
heat,0.1,119,identity,original,identity_vs_original,4.75890665541101e-06,2.5170241012978382e-09,1890.6877581971514,7.544695935086612,188968.77581971514
heat,0.1,100,random,original,random_vs_original,1.2386103342976185e-06,2.790147217435201e-09,443.9229322946592,6.095650971453253,44292.29322946592
heat,0.1,101,random,original,random_vs_original,5.395925115614375e-07,2.184502178540632e-09,247.00937214075708,5.509426279797831,24600.937214075708
heat,0.1,102,random,original,random_vs_original,6.258761580113514e-07,2.117937277813786e-09,295.51213086791887,5.688709888010036,29451.213086791886
heat,0.1,103,random,original,random_vs_original,6.643798284855507e-07,2.3464957650543013e-09,283.1370243151391,5.64593096532272,28213.702431513913
heat,0.1,104,random,original,random_vs_original,5.701932397350618e-07,2.155558802632851e-09,264.52223852052384,5.577925325346353,26352.223852052382
heat,0.1,105,random,original,random_vs_original,1.1428158925852472e-06,2.398134493070136e-09,476.5437034026366,6.166559436417605,47554.37034026366
heat,0.1,106,random,original,random_vs_original,7.141721214409813e-07,2.625706644297787e-09,271.99235032288914,5.605773942087608,27099.235032288914
heat,0.1,107,random,original,random_vs_original,6.259892444404613e-07,1.166049286641102e-09,536.8462993907173,6.285711832665956,53584.629939071725
heat,0.1,108,random,original,random_vs_original,1.1314613210799962e-06,3.070564883085602e-09,368.48637438431,5.909403735055156,36748.637438431004
heat,0.1,109,random,original,random_vs_original,7.076215129409036e-07,2.565162190298897e-09,275.85839040394177,5.619887655800879,27485.839040394178
heat,0.1,110,random,original,random_vs_original,6.100770137962286e-07,1.925007635066034e-09,316.92186705290703,5.758655267323242,31592.186705290704
heat,0.1,111,random,original,random_vs_original,7.94170972540087e-07,1.9664238588151806e-09,403.86561065150767,6.001082175719688,40286.56106515077
heat,0.1,112,random,original,random_vs_original,6.989304153215414e-07,1.94201544775896e-09,359.8995137387247,5.885824863983002,35889.95137387247
heat,0.1,113,random,original,random_vs_original,6.508907537394748e-07,1.8004025453648152e-09,361.52512415360144,5.890331538917162,36052.51241536014
heat,0.1,114,random,original,random_vs_original,6.081509056343748e-07,2.8684650436178183e-09,212.01266056474284,5.3566459925338785,21101.266056474284
heat,0.1,115,random,original,random_vs_original,7.156096950566848e-07,3.006752350570574e-09,238.00087656733277,5.472274356720712,23700.087656733278
heat,0.1,116,random,original,random_vs_original,8.406440121788705e-07,3.3285898377866104e-09,252.55259829125353,5.531619537086256,25155.259829125353
heat,0.1,117,random,original,random_vs_original,1.1011200982125049e-06,3.56099994283654e-09,309.21654475944746,5.7340418235593935,30821.654475944746
heat,0.1,118,random,original,random_vs_original,7.174631422302014e-07,2.3254018320303933e-09,308.5329736769658,5.731828721513722,30753.29736769658
heat,0.1,119,random,original,random_vs_original,7.264857861954965e-07,2.5170241012978382e-09,288.6288557272467,5.665141626536479,28762.885572724666
heat,0.1,100,stencil,frozen,stencil_vs_frozen,1.574135382043096e-05,2.089284403261616e-07,75.34327923884788,4.322054727184045,7434.327923884788
heat,0.1,101,stencil,frozen,stencil_vs_frozen,1.33198141938351e-06,1.2987445929812938e-07,10.255915031961138,2.327854615428818,925.5915031961138
heat,0.1,102,stencil,frozen,stencil_vs_frozen,1.0397417113949814e-05,1.0876630995859673e-07,95.59409635122974,4.560111064502296,9459.409635122975
heat,0.1,103,stencil,frozen,stencil_vs_frozen,3.754119248355892e-06,1.202239551245654e-07,31.226050120096335,3.4412526861938213,3022.6050120096334
heat,0.1,104,stencil,frozen,stencil_vs_frozen,1.0579003060229295e-06,1.6806465463758968e-07,6.294603159148237,1.8396926248655179,529.4603159148237
heat,0.1,105,stencil,frozen,stencil_vs_frozen,1.0653858765863332e-05,1.6301044669653209e-07,65.35690798821659,4.17986314203089,6435.690798821659
heat,0.1,106,stencil,frozen,stencil_vs_frozen,2.105055253309729e-05,1.675619994978561e-07,125.62843959955624,4.833328658335483,12462.843959955624
heat,0.1,107,stencil,frozen,stencil_vs_frozen,1.989252670142605e-06,1.833897200764767e-07,10.847132921698403,2.383900798219045,984.7132921698403
heat,0.1,108,stencil,frozen,stencil_vs_frozen,3.0489995822335917e-05,1.0374612660624116e-07,293.8904498869426,5.683207078466642,29289.04498869426
heat,0.1,109,stencil,frozen,stencil_vs_frozen,4.564305598364626e-06,2.121661648590845e-07,21.512881667046795,3.0686519030210344,2051.2881667046795
heat,0.1,110,stencil,frozen,stencil_vs_frozen,1.1637541081910283e-06,2.381281019037118e-07,4.887092698792844,1.5865975865535547,388.7092698792844
heat,0.1,111,stencil,frozen,stencil_vs_frozen,5.537006735778505e-06,1.6354539855711894e-07,33.85608390470662,3.5221187145145043,3285.608390470662
heat,0.1,112,stencil,frozen,stencil_vs_frozen,3.379683569448844e-06,1.428502691691591e-07,23.658923354542104,3.163740352634985,2265.8923354542103
heat,0.1,113,stencil,frozen,stencil_vs_frozen,6.4429921025066506e-06,1.0636949465681057e-07,60.57180325331293,4.10382949194334,5957.180325331293
heat,0.1,114,stencil,frozen,stencil_vs_frozen,3.50388922925049e-05,1.526008978625093e-07,229.61131148831325,5.436387929295961,22861.131148831326
heat,0.1,115,stencil,frozen,stencil_vs_frozen,2.0403475247121605e-05,1.1996357385246625e-07,170.08058856444399,5.13627237510296,16908.058856444397
heat,0.1,116,stencil,frozen,stencil_vs_frozen,2.3416554512323277e-05,1.4011071006181377e-07,167.12894040714238,5.118765612748602,16612.894040714236
heat,0.1,117,stencil,frozen,stencil_vs_frozen,2.454329376178066e-05,1.3717409053093377e-07,178.9207689789346,5.186943076447959,17792.07689789346
heat,0.1,118,stencil,frozen,stencil_vs_frozen,6.413196373955543e-06,1.97751968245008e-07,32.43050590530563,3.4790995201144663,3143.050590530563
heat,0.1,119,stencil,frozen,stencil_vs_frozen,4.748415030064734e-06,2.7667710211787266e-07,17.16229855567075,2.8427150335551827,1616.2298555670748
heat,0.1,100,stencil,original,stencil_vs_original,1.574135382043096e-05,2.790147217435201e-09,5641.764607281529,8.637952169188834,564076.4607281529
heat,0.1,101,stencil,original,stencil_vs_original,1.33198141938351e-06,2.184502178540632e-09,609.7414012529606,6.413034934910429,60874.14012529606
heat,0.1,102,stencil,original,stencil_vs_original,1.0397417113949814e-05,2.117937277813786e-09,4909.218617032142,8.498870066990289,490821.8617032142
heat,0.1,103,stencil,original,stencil_vs_original,3.754119248355892e-06,2.3464957650543013e-09,1599.8832404749796,7.377685930861952,159888.32404749797
heat,0.1,104,stencil,original,stencil_vs_original,1.0579003060229295e-06,2.155558802632851e-09,490.77775318900365,6.195991384158661,48977.77531890036
heat,0.1,105,stencil,original,stencil_vs_original,1.0653858765863332e-05,2.398134493070136e-09,4442.560997579441,8.398986290396996,444156.0997579441
heat,0.1,106,stencil,original,stencil_vs_original,2.105055253309729e-05,2.625706644297787e-09,8017.099921962913,8.989332029725155,801609.9921962913
heat,0.1,107,stencil,original,stencil_vs_original,1.989252670142605e-06,1.166049286641102e-09,1705.9764908161007,7.441892947661306,170497.64908161008
heat,0.1,108,stencil,original,stencil_vs_original,3.0489995822335917e-05,3.070564883085602e-09,9929.767643176003,9.203292357286696,992876.7643176003
heat,0.1,109,stencil,original,stencil_vs_original,4.564305598364626e-06,2.565162190298897e-09,1779.3438620085017,7.483999958481084,177834.38620085016
heat,0.1,110,stencil,original,stencil_vs_original,1.1637541081910283e-06,1.925007635066034e-09,604.5451908823769,6.40447642471702,60354.51908823769
heat,0.1,111,stencil,original,stencil_vs_original,5.537006735778505e-06,1.9664238588151806e-09,2815.7747939016003,7.942992740323327,281477.47939016
heat,0.1,112,stencil,original,stencil_vs_original,3.379683569448844e-06,1.94201544775896e-09,1740.2969545628068,7.461811041189052,173929.6954562807
heat,0.1,113,stencil,original,stencil_vs_original,6.4429921025066506e-06,1.8004025453648152e-09,3578.639743147613,8.182738047177017,357763.9743147613
heat,0.1,114,stencil,original,stencil_vs_original,3.50388922925049e-05,2.8684650436178183e-09,12215.206307103015,9.410436873201526,1221420.6307103015
heat,0.1,115,stencil,original,stencil_vs_original,2.0403475247121605e-05,3.006752350570574e-09,6785.884857876557,8.82259997760172,678488.4857876557
heat,0.1,116,stencil,original,stencil_vs_original,2.3416554512323277e-05,3.3285898377866104e-09,7034.977468985612,8.858649766840534,703397.7468985613
heat,0.1,117,stencil,original,stencil_vs_original,2.454329376178066e-05,3.56099994283654e-09,6892.247726977082,8.838152541136651,689124.7726977081
heat,0.1,118,stencil,original,stencil_vs_original,6.413196373955543e-06,2.3254018320303933e-09,2757.8873834273827,7.92222022482464,275688.73834273824
heat,0.1,119,stencil,original,stencil_vs_original,4.748415030064734e-06,2.5170241012978382e-09,1886.5194924499679,7.54248887195102,188551.9492449968
heat,0.1,100,uniform,original,uniform_vs_original,8.664055037854723e-07,2.790147217435201e-09,310.5232219903801,5.738258687595912,30952.322199038008
heat,0.1,101,uniform,original,uniform_vs_original,5.663014381873666e-07,2.184502178540632e-09,259.23592283423,5.557738546056692,25823.592283423
heat,0.1,102,uniform,original,uniform_vs_original,6.304091639819376e-07,2.117937277813786e-09,297.652423698151,5.695926442345185,29665.2423698151
heat,0.1,103,uniform,original,uniform_vs_original,6.957464933066149e-07,2.3464957650543013e-09,296.50447431790457,5.692062308772165,29550.447431790457
heat,0.1,104,uniform,original,uniform_vs_original,5.666318632080447e-07,2.155558802632851e-09,262.87005602257153,5.571659826513893,26187.00560225715
heat,0.1,105,uniform,original,uniform_vs_original,9.552219903952164e-07,2.398134493070136e-09,398.31877367825336,5.987252623594134,39731.877367825335
heat,0.1,106,uniform,original,uniform_vs_original,6.52052900562694e-07,2.625706644297787e-09,248.33425393455468,5.5147756368235905,24733.42539345547
heat,0.1,107,uniform,original,uniform_vs_original,6.87683749056589e-07,1.166049286641102e-09,589.7553018856663,6.379707708303612,58875.530188566634
heat,0.1,108,uniform,original,uniform_vs_original,8.412966021609236e-07,3.070564883085602e-09,273.9875671721703,5.613082730074531,27298.75671721703
heat,0.1,109,uniform,original,uniform_vs_original,8.123483787869645e-07,2.565162190298897e-09,316.6849963168638,5.757907577357201,31568.499631686384
heat,0.1,110,uniform,original,uniform_vs_original,6.06143705894624e-07,1.925007635066034e-09,314.87859832505615,5.752187162396461,31387.859832505615
heat,0.1,111,uniform,original,uniform_vs_original,8.306620831177725e-07,1.9664238588151806e-09,422.422703728924,6.046006480305855,42142.270372892395
heat,0.1,112,uniform,original,uniform_vs_original,6.868083675115599e-07,1.94201544775896e-09,353.65752023451745,5.868328987880588,35265.75202345174
heat,0.1,113,uniform,original,uniform_vs_original,5.738679189626339e-07,1.8004025453648152e-09,318.7442277506618,5.7643889872911345,31774.42277506618
heat,0.1,114,uniform,original,uniform_vs_original,8.384829208729627e-07,2.8684650436178183e-09,292.3106637602374,5.677817153696821,29131.06637602374
heat,0.1,115,uniform,original,uniform_vs_original,7.939118118471811e-07,3.006752350570574e-09,264.0429670559749,5.576111843903226,26304.296705597488
heat,0.1,116,uniform,original,uniform_vs_original,6.854782288456818e-07,3.3285898377866104e-09,205.9365263524026,5.3275679968065734,20493.65263524026
heat,0.1,117,uniform,original,uniform_vs_original,8.531107189568843e-07,3.56099994283654e-09,239.5705511518017,5.478847950305978,23857.05511518017
heat,0.1,118,uniform,original,uniform_vs_original,6.902052160917549e-07,2.3254018320303933e-09,296.8111603701247,5.693096112911494,29581.11603701247
heat,0.1,119,uniform,original,uniform_vs_original,8.142275902400797e-07,2.5170241012978382e-09,323.4881977571229,5.779162630298999,32248.81977571229
heat,0.1,100,xcorr,original,xcorr_vs_original,1.344472662090368e-06,2.790147217435201e-09,481.86441693433414,6.177662781813041,48086.441693433415
heat,0.1,101,xcorr,original,xcorr_vs_original,5.465360741752079e-07,2.184502178540632e-09,250.18792818981035,5.5222123482269625,24918.792818981034
heat,0.1,102,xcorr,original,xcorr_vs_original,1.135650793848697e-06,2.117937277813786e-09,536.2060556490881,6.284518519376818,53520.60556490881
heat,0.1,103,xcorr,original,xcorr_vs_original,8.351236693293629e-07,2.3464957650543013e-09,355.9024830841904,5.874656769407207,35490.24830841904
heat,0.1,104,xcorr,original,xcorr_vs_original,5.595070553532366e-07,2.155558802632851e-09,259.56473777001185,5.559006142668567,25856.473777001185
heat,0.1,105,xcorr,original,xcorr_vs_original,1.4287105782884169e-06,2.398134493070136e-09,595.759154633298,6.389836482429478,59475.915463329795
heat,0.1,106,xcorr,original,xcorr_vs_original,1.1910063348885558e-06,2.625706644297787e-09,453.59459232624056,6.117203830663114,45259.45923262405
heat,0.1,107,xcorr,original,xcorr_vs_original,7.686981096099998e-07,1.166049286641102e-09,659.2329487412114,6.4910769602666845,65823.29487412114
heat,0.1,108,xcorr,original,xcorr_vs_original,1.583848215247485e-06,3.070564883085602e-09,515.8165599991753,6.245751198397511,51481.65599991753
heat,0.1,109,xcorr,original,xcorr_vs_original,9.99843712712334e-07,2.565162190298897e-09,389.777970567947,5.965577270771331,38877.797056794705
heat,0.1,110,xcorr,original,xcorr_vs_original,6.094966074066122e-07,1.925007635066034e-09,316.6203584359833,5.757703448714927,31562.03584359833
heat,0.1,111,xcorr,original,xcorr_vs_original,1.016648924156982e-06,1.9664238588151806e-09,517.0039610735492,6.2480505361300445,51600.39610735492
heat,0.1,112,xcorr,original,xcorr_vs_original,7.505637258375941e-07,1.94201544775896e-09,386.48700076187697,5.957098234245508,38548.7000761877
heat,0.1,113,xcorr,original,xcorr_vs_original,7.670147574856401e-07,1.8004025453648152e-09,426.02403526941254,6.054495765497993,42502.403526941256
heat,0.1,114,xcorr,original,xcorr_vs_original,1.6770940556298797e-06,2.8684650436178183e-09,584.6660252532358,6.371040787205097,58366.602525323586
heat,0.1,115,xcorr,original,xcorr_vs_original,1.240749604392022e-06,3.006752350570574e-09,412.65440572668786,6.02261045264882,41165.440572668784
heat,0.1,116,xcorr,original,xcorr_vs_original,1.283185373068818e-06,3.3285898377866104e-09,385.5042031619279,5.954552096087727,38450.42031619279
heat,0.1,117,xcorr,original,xcorr_vs_original,1.6374503726268586e-06,3.56099994283654e-09,459.82881182596583,6.130854272014391,45882.88118259658
heat,0.1,118,xcorr,original,xcorr_vs_original,8.985299437824779e-07,2.3254018320303933e-09,386.39771045417064,5.956867176995162,38539.77104541707
heat,0.1,119,xcorr,original,xcorr_vs_original,1.0193822115311946e-06,2.5170241012978382e-09,404.99501415404666,6.0038747563000125,40399.501415404666
heat,0.25,100,acf,original,acf_vs_original,2.2809646410548723e-06,3.840995454421764e-09,593.8472638464125,6.386622154726958,59284.726384641246
heat,0.25,101,acf,original,acf_vs_original,1.7352466615827566e-06,3.8083367822142056e-09,455.64422497683273,6.1217122966092825,45464.42249768327
heat,0.25,102,acf,original,acf_vs_original,1.99934262345991e-06,3.7734212178508475e-09,529.8487786101535,6.272591642456639,52884.87786101535
heat,0.25,103,acf,original,acf_vs_original,2.47427721031257e-06,3.478590897103284e-09,711.2872089595148,6.567076298953732,71028.72089595148
heat,0.25,104,acf,original,acf_vs_original,1.7923700864064251e-06,2.973991440266554e-09,602.6816560863329,6.4013891237993805,60168.16560863329
heat,0.25,105,acf,original,acf_vs_original,5.076545671167665e-06,4.645593080360166e-09,1092.765893041602,6.996467277715996,109176.58930416021
heat,0.25,106,acf,original,acf_vs_original,2.2138522915993164e-06,4.569056794370696e-09,484.5315764791744,6.183182602538761,48353.15764791744
heat,0.25,107,acf,original,acf_vs_original,2.1397647260723573e-06,2.849411201780172e-09,750.9497838485149,6.621338783814163,74994.97838485149
heat,0.25,108,acf,original,acf_vs_original,2.925597423875104e-06,4.424584923272412e-09,661.213983821863,6.494077514879102,66021.39838218631
heat,0.25,109,acf,original,acf_vs_original,2.44852900288528e-06,4.263320354733202e-09,574.3244230208708,6.353194433556428,57332.442302087074
heat,0.25,110,acf,original,acf_vs_original,1.413758458634895e-06,2.846687683320803e-09,496.6327942887207,6.207850908527026,49563.27942887207
heat,0.25,111,acf,original,acf_vs_original,2.571051694211235e-06,2.923419734589261e-09,879.4671746212545,6.779316240708224,87846.71746212545
heat,0.25,112,acf,original,acf_vs_original,2.1353991266348515e-06,3.8738162157214714e-09,551.2391419005788,6.3121687293345525,55023.91419005788
heat,0.25,113,acf,original,acf_vs_original,1.7238079869918987e-06,2.4704903240323206e-09,697.7594569884042,6.547874425872995,69675.94569884041
heat,0.25,114,acf,original,acf_vs_original,3.091077122097108e-06,4.416586008373913e-09,699.8792995848784,6.550907891011327,69887.92995848783
heat,0.25,115,acf,original,acf_vs_original,2.54561123691488e-06,3.766977205860167e-09,675.7702788736692,6.515853194138276,67477.02788736692
heat,0.25,116,acf,original,acf_vs_original,2.0369827967436915e-06,3.6952905058812435e-09,551.2375261164797,6.312165798144903,55023.752611647964
heat,0.25,117,acf,original,acf_vs_original,3.1293649753738606e-06,5.273329676570848e-09,593.432454882819,6.385923399456523,59243.2454882819
heat,0.25,118,acf,original,acf_vs_original,2.1883823586033024e-06,3.4301053247753903e-09,637.9927586470254,6.458326933197345,63699.27586470254
heat,0.25,119,acf,original,acf_vs_original,3.2769736283411177e-06,3.429857928921587e-09,955.4254713318289,6.86215676098548,95442.54713318289
heat,0.25,100,frozen,original,frozen_vs_original,5.587700507847515e-07,3.840995454421764e-09,145.47532206566243,4.980006464430383,14447.532206566242
heat,0.25,101,frozen,original,frozen_vs_original,6.337995829136522e-07,3.8083367822142056e-09,166.42424742308498,5.114540235458126,16542.424742308496
heat,0.25,102,frozen,original,frozen_vs_original,2.61084081631946e-07,3.7734212178508475e-09,69.19028291801636,4.236860432503897,6819.028291801636
heat,0.25,103,frozen,original,frozen_vs_original,5.038691129888306e-07,3.478590897103284e-09,144.8486263240716,4.975689240732846,14384.862632407161
heat,0.25,104,frozen,original,frozen_vs_original,2.643381412370527e-07,2.973991440266554e-09,88.8832891910948,4.487324151747155,8788.328919109481
heat,0.25,105,frozen,original,frozen_vs_original,3.332551007650953e-07,4.645593080360166e-09,71.7357493436034,4.272989219492914,7073.57493436034
heat,0.25,106,frozen,original,frozen_vs_original,4.804104744016158e-07,4.569056794370696e-09,105.14434291854398,4.655334100592482,10414.434291854399
heat,0.25,107,frozen,original,frozen_vs_original,2.4625152550417084e-07,2.849411201780172e-09,86.42189844355389,4.459241097903718,8542.18984435539
heat,0.25,108,frozen,original,frozen_vs_original,4.437428788306441e-07,4.424584923272412e-09,100.29028406634197,4.608068821545422,9929.028406634197
heat,0.25,109,frozen,original,frozen_vs_original,3.360545167696572e-07,4.263320354733202e-09,78.82459885909452,4.36722511641208,7782.459885909452
heat,0.25,110,frozen,original,frozen_vs_original,9.426793007305534e-07,2.846687683320803e-09,331.1495343355935,5.802570038726145,33014.95343355935
heat,0.25,111,frozen,original,frozen_vs_original,2.922029033736173e-07,2.923419734589261e-09,99.95242897088525,4.604694362510906,9895.242897088525
heat,0.25,112,frozen,original,frozen_vs_original,3.3286161627010813e-07,3.8738162157214714e-09,85.92602171451104,4.4534867134363525,8492.602171451104
heat,0.25,113,frozen,original,frozen_vs_original,2.8556707043492224e-07,2.4704903240323206e-09,115.5912523344035,4.750060281527298,11459.12523344035
heat,0.25,114,frozen,original,frozen_vs_original,4.600018558981178e-07,4.416586008373913e-09,104.15326567306681,4.645863522693726,10315.326567306682
heat,0.25,115,frozen,original,frozen_vs_original,3.756296051982133e-07,3.766977205860167e-09,99.71645291982607,4.602330687623859,9871.645291982606
heat,0.25,116,frozen,original,frozen_vs_original,4.1028426925326933e-07,3.6952905058812435e-09,111.0289620262009,4.709791086433814,11002.89620262009
heat,0.25,117,frozen,original,frozen_vs_original,3.9764870474190417e-07,5.273329676570848e-09,75.40751842401176,4.322906983889125,7440.751842401176
heat,0.25,118,frozen,original,frozen_vs_original,4.315310490055069e-07,3.4301053247753903e-09,125.80693831428177,4.834748496277092,12480.693831428176
heat,0.25,119,frozen,original,frozen_vs_original,4.36303631501378e-07,3.429857928921587e-09,127.20749387965473,4.845819563318881,12620.749387965474
heat,0.25,100,identity,original,identity_vs_original,1.5248828976410778e-05,3.840995454421764e-09,3970.020052706984,8.286526424728173,396902.0052706984
heat,0.25,101,identity,original,identity_vs_original,4.68041506351824e-06,3.8083367822142056e-09,1228.9919014980076,7.113949520039041,122799.19014980075
heat,0.25,102,identity,original,identity_vs_original,6.63540027687759e-05,3.7734212178508475e-09,17584.57350451001,9.774777291245185,1758357.3504510007
heat,0.25,103,identity,original,identity_vs_original,3.4416642002099707e-05,3.478590897103284e-09,9893.845818650123,9.199668208348072,989284.5818650123
heat,0.25,104,identity,original,identity_vs_original,1.2076962878637689e-05,2.973991440266554e-09,4060.859999501293,8.309150052701817,405985.9999501293
heat,0.25,105,identity,original,identity_vs_original,6.573881358917788e-05,4.645593080360166e-09,14150.79031934524,9.557525754468926,1414979.031934524
heat,0.25,106,identity,original,identity_vs_original,6.444663108595705e-05,4.569056794370696e-09,14105.018603699233,9.55428594237881,1410401.8603699233
heat,0.25,107,identity,original,identity_vs_original,1.6092343594564795e-05,2.849411201780172e-09,5647.6031204310175,8.638986507658593,564660.3120431018
heat,0.25,108,identity,original,identity_vs_original,5.4898344998832727e-05,4.424584923272412e-09,12407.569512357793,9.42606200989263,1240656.9512357793
heat,0.25,109,identity,original,identity_vs_original,3.1053921876633694e-05,4.263320354733202e-09,7283.975702683746,8.893432105131302,728297.5702683746
heat,0.25,110,identity,original,identity_vs_original,2.057730679183578e-06,2.846687683320803e-09,722.8508737506227,6.583202940511586,72185.08737506227
heat,0.25,111,identity,original,identity_vs_original,4.0841686150372425e-05,2.923419734589261e-09,13970.517359222336,9.544704485153137,1396951.7359222337
heat,0.25,112,identity,original,identity_vs_original,3.709742007629302e-05,3.8738162157214714e-09,9576.453298361725,9.167062583039103,957545.3298361725
heat,0.25,113,identity,original,identity_vs_original,1.2267763930040587e-05,2.4704903240323206e-09,4965.720290706183,8.510313639613942,496472.0290706183
heat,0.25,114,identity,original,identity_vs_original,6.933044711843195e-05,4.416586008373913e-09,15697.746401175113,9.66127243970693,1569674.6401175112
heat,0.25,115,identity,original,identity_vs_original,4.14384958418168e-05,3.766977205860167e-09,11000.46365487751,9.305692701335612,1099946.365487751
heat,0.25,116,identity,original,identity_vs_original,3.636605740808818e-05,3.6952905058812435e-09,9841.190388200805,9.194331957140136,984019.0388200805
heat,0.25,117,identity,original,identity_vs_original,5.705078221751592e-05,5.273329676570848e-09,10818.739907536945,9.289035086056327,1081773.9907536944
heat,0.25,118,identity,original,identity_vs_original,2.378676124692447e-05,3.4301053247753903e-09,6934.702871983114,8.844293487127844,693370.2871983114
heat,0.25,119,identity,original,identity_vs_original,4.9251811262251977e-05,3.429857928921587e-09,14359.723429634209,9.572182582641966,1435872.3429634208
heat,0.25,100,random,original,random_vs_original,1.5417045379217953e-06,3.840995454421764e-09,401.3815054498388,5.994912360188238,40038.15054498388
heat,0.25,101,random,original,random_vs_original,1.7064304169700506e-06,3.8083367822142056e-09,448.0776030469434,6.104966438500872,44707.76030469434
heat,0.25,102,random,original,random_vs_original,5.213999646480616e-07,3.7734212178508475e-09,138.17698437202964,4.928535358911877,13717.698437202964
heat,0.25,103,random,original,random_vs_original,1.786437223261217e-06,3.478590897103284e-09,513.55197437814,6.241351240172897,51255.197437814
heat,0.25,104,random,original,random_vs_original,1.2914229494398466e-06,2.973991440266554e-09,434.2389597880276,6.0735949811665435,43323.895978802764
heat,0.25,105,random,original,random_vs_original,8.666357994568941e-07,4.645593080360166e-09,186.55008832364305,5.2286997731253395,18555.008832364307
heat,0.25,106,random,original,random_vs_original,8.607597536958167e-07,4.569056794370696e-09,188.38893724330921,5.238508640902861,18738.893724330923
heat,0.25,107,random,original,random_vs_original,2.1622265970744348e-06,2.849411201780172e-09,758.8327706873553,6.631781424644588,75783.27706873552
heat,0.25,108,random,original,random_vs_original,1.699478871408644e-06,4.424584923272412e-09,384.09905129625434,5.950900465409351,38309.90512962543
heat,0.25,109,random,original,random_vs_original,1.4044406152491362e-06,4.263320354733202e-09,329.4241338654988,5.797346081196619,32842.41338654988
heat,0.25,110,random,original,random_vs_original,1.3913533347675866e-06,2.846687683320803e-09,488.7621999841246,6.191876072592387,48776.21999841246
heat,0.25,111,random,original,random_vs_original,2.174992139447607e-06,2.923419734589261e-09,743.9890049703014,6.612026256458169,74298.90049703013
heat,0.25,112,random,original,random_vs_original,1.2516719531951992e-06,3.8738162157214714e-09,323.11082495742096,5.777995375696712,32211.082495742095
heat,0.25,113,random,original,random_vs_original,1.353607797072165e-06,2.4704903240323206e-09,547.9105843502409,6.306112106390707,54691.05843502409
heat,0.25,114,random,original,random_vs_original,2.0098360016262973e-06,4.416586008373913e-09,455.0655184379107,6.1204414051512765,45406.55184379107
heat,0.25,115,random,original,random_vs_original,1.5286468633690653e-06,3.766977205860167e-09,405.80199449866535,6.0058653423590975,40480.19944986654
heat,0.25,116,random,original,random_vs_original,1.09381180841972e-06,3.6952905058812435e-09,296.00157462014494,5.690364773972563,29500.157462014493
heat,0.25,117,random,original,random_vs_original,1.3062817744158297e-06,5.273329676570848e-09,247.71479397913944,5.512278060101971,24671.479397913943
heat,0.25,118,random,original,random_vs_original,1.5955786143440065e-06,3.4301053247753903e-09,465.16898557582573,6.14240074941048,46416.89855758257
heat,0.25,119,random,original,random_vs_original,2.2438594329821093e-06,3.429857928921587e-09,654.2135212252426,6.483433783226439,65321.352122524266
heat,0.25,100,stencil,frozen,stencil_vs_frozen,1.5048377536075463e-05,5.587700507847515e-07,26.931252873952573,3.2932874290964196,2593.125287395257
heat,0.25,101,stencil,frozen,stencil_vs_frozen,4.62938601941687e-06,6.337995829136522e-07,7.304179655870127,1.9884467399055743,630.4179655870126
heat,0.25,102,stencil,frozen,stencil_vs_frozen,6.529200486227182e-05,2.61084081631946e-07,250.08037431525565,5.521782363454099,24908.037431525565
heat,0.25,103,stencil,frozen,stencil_vs_frozen,3.3902152075881986e-05,5.038691129888306e-07,67.2836480783324,4.208917236524269,6628.364807833241
heat,0.25,104,stencil,frozen,stencil_vs_frozen,1.1974674757553316e-05,2.643381412370527e-07,45.30059378307684,3.8133201401972725,4430.059378307684
heat,0.25,105,stencil,frozen,stencil_vs_frozen,6.529576413072391e-05,3.332551007650953e-07,195.93327748267404,5.277774180267368,19493.327748267406
heat,0.25,106,stencil,frozen,stencil_vs_frozen,6.361452180669858e-05,4.804104744016158e-07,132.41701668960243,4.885956160090237,13141.701668960244
heat,0.25,107,stencil,frozen,stencil_vs_frozen,1.5901057055955903e-05,2.4625152550417084e-07,64.57242050947856,4.167787392531381,6357.242050947856
heat,0.25,108,stencil,frozen,stencil_vs_frozen,5.421123188398269e-05,4.437428788306441e-07,122.16811687624306,4.805398103335014,12116.811687624306
heat,0.25,109,stencil,frozen,stencil_vs_frozen,3.065231874899155e-05,3.360545167696572e-07,91.21233972284816,4.513190191906126,9021.233972284816
heat,0.25,110,stencil,frozen,stencil_vs_frozen,2.039796089370327e-06,9.426793007305534e-07,2.1638282370150006,0.771878984920453,116.38282370150006
heat,0.25,111,stencil,frozen,stencil_vs_frozen,4.055919358592064e-05,2.922029033736173e-07,138.80489590502367,4.933069320541572,13780.489590502368
heat,0.25,112,stencil,frozen,stencil_vs_frozen,3.6435614191532295e-05,3.3286161627010813e-07,109.46174749679093,4.695575150294997,10846.174749679094
heat,0.25,113,stencil,frozen,stencil_vs_frozen,1.2168395679523767e-05,2.8556707043492224e-07,42.61134051972851,3.7521204272311923,4161.134051972851
heat,0.25,114,stencil,frozen,stencil_vs_frozen,6.8196302834167e-05,4.600018558981178e-07,148.25223411548856,4.998915107683263,14725.223411548855
heat,0.25,115,stencil,frozen,stencil_vs_frozen,4.10168722595472e-05,3.756296051982133e-07,109.19499339756061,4.693135214252066,10819.499339756061
heat,0.25,116,stencil,frozen,stencil_vs_frozen,3.571496604237723e-05,4.1028426925326933e-07,87.04931853073388,4.466474837702612,8604.931853073389
heat,0.25,117,stencil,frozen,stencil_vs_frozen,5.620175283382878e-05,3.9764870474190417e-07,141.33518395415572,4.951134260493375,14033.518395415573
heat,0.25,118,stencil,frozen,stencil_vs_frozen,2.3426181769536925e-05,4.315310490055069e-07,54.28620217137139,3.9942700909921,5328.62021713714
heat,0.25,119,stencil,frozen,stencil_vs_frozen,4.870517409472086e-05,4.36303631501378e-07,111.63137452493798,4.7152021441725305,11063.137452493798
heat,0.25,100,stencil,original,stencil_vs_original,1.5048377536075463e-05,3.840995454421764e-09,3917.832685470047,8.273293893526803,391683.2685470047
heat,0.25,101,stencil,original,stencil_vs_original,4.62938601941687e-06,3.8083367822142056e-09,1215.5926022711935,7.1029869753637005,121459.26022711935
heat,0.25,102,stencil,original,stencil_vs_original,6.529200486227182e-05,3.7734212178508475e-09,17303.131851115973,9.758642795957996,1730213.1851115974
heat,0.25,103,stencil,original,stencil_vs_original,3.3902152075881986e-05,3.478590897103284e-09,9745.943998218709,9.184606477257116,974494.3998218708
heat,0.25,104,stencil,original,stencil_vs_original,1.1974674757553316e-05,2.973991440266554e-09,4026.46577774953,8.300644291944428,402546.577774953
heat,0.25,105,stencil,original,stencil_vs_original,6.529576413072391e-05,4.645593080360166e-09,14055.420481567797,9.550763399760282,1405442.0481567797
heat,0.25,106,stencil,original,stencil_vs_original,6.361452180669858e-05,4.569056794370696e-09,13922.90021106212,9.54129026068272,1392190.021106212
heat,0.25,107,stencil,original,stencil_vs_original,1.5901057055955903e-05,2.849411201780172e-09,5580.471167524612,8.6270284904351,557947.1167524612
heat,0.25,108,stencil,original,stencil_vs_original,5.421123188398269e-05,4.424584923272412e-09,12252.275145368483,9.413466924880435,1225127.5145368483
heat,0.25,109,stencil,original,stencil_vs_original,3.065231874899155e-05,4.263320354733202e-09,7189.776089652959,8.880415308318206,718877.608965296
heat,0.25,110,stencil,original,stencil_vs_original,2.039796089370327e-06,2.846687683320803e-09,716.5507130697258,6.574449023646598,71555.07130697258
heat,0.25,111,stencil,original,stencil_vs_original,4.055919358592064e-05,2.923419734589261e-09,13873.886498757998,9.537763683052479,1387288.6498758
heat,0.25,112,stencil,original,stencil_vs_original,3.6435614191532295e-05,3.8738162157214714e-09,9405.612492317583,9.14906186373135,940461.2492317583
heat,0.25,113,stencil,original,stencil_vs_original,1.2168395679523767e-05,2.4704903240323206e-09,4925.498214323131,8.502180708758491,492449.82143231307
heat,0.25,114,stencil,original,stencil_vs_original,6.8196302834167e-05,4.416586008373913e-09,15440.95432645618,9.64477863037699,1543995.432645618
heat,0.25,115,stencil,original,stencil_vs_original,4.10168722595472e-05,3.766977205860167e-09,10888.53741820857,9.295465901875925,1088753.7418208572
heat,0.25,116,stencil,original,stencil_vs_original,3.571496604237723e-05,3.6952905058812435e-09,9664.99548155552,9.176265924136427,966399.5481555519
heat,0.25,117,stencil,original,stencil_vs_original,5.620175283382878e-05,5.273329676570848e-09,10657.735487984088,9.2740412443825,1065673.5487984088
heat,0.25,118,stencil,original,stencil_vs_original,2.3426181769536925e-05,3.4301053247753903e-09,6829.580887890349,8.829018587269191,682858.0887890349
heat,0.25,119,stencil,original,stencil_vs_original,4.870517409472086e-05,3.429857928921587e-09,14200.347391658494,9.561021707491411,1419934.7391658493
heat,0.25,100,uniform,original,uniform_vs_original,1.8642328407647568e-06,3.840995454421764e-09,485.35148319913975,6.184873336090806,48435.14831991398
heat,0.25,101,uniform,original,uniform_vs_original,1.5911881138253037e-06,3.8083367822142056e-09,417.8170694505045,6.035043703842003,41681.70694505045
heat,0.25,102,uniform,original,uniform_vs_original,8.811115528306601e-07,3.7734212178508475e-09,233.50469029601135,5.453202163828032,23250.469029601136
heat,0.25,103,uniform,original,uniform_vs_original,1.72318656546655e-06,3.478590897103284e-09,495.3691355029686,6.205303212940334,49436.913550296864
heat,0.25,104,uniform,original,uniform_vs_original,1.3415426329543845e-06,2.973991440266554e-09,451.0916254803155,6.11167047957857,45009.16254803155
heat,0.25,105,uniform,original,uniform_vs_original,2.1690137210761407e-06,4.645593080360166e-09,466.89705352066267,6.146108791228049,46589.70535206627
heat,0.25,106,uniform,original,uniform_vs_original,1.1088776798451327e-06,4.569056794370696e-09,242.69290791292525,5.491796890686005,24169.290791292526
heat,0.25,107,uniform,original,uniform_vs_original,1.7337416161056218e-06,2.849411201780172e-09,608.4560961304796,6.410924758847549,60745.609613047964
heat,0.25,108,uniform,original,uniform_vs_original,1.690973500334536e-06,4.424584923272412e-09,382.1767532227399,5.945883206363303,38117.675322273986
heat,0.25,109,uniform,original,uniform_vs_original,1.841031333049692e-06,4.263320354733202e-09,431.83039975068993,6.0680329179895365,43083.03997506899
heat,0.25,110,uniform,original,uniform_vs_original,1.3934024698514236e-06,2.846687683320803e-09,489.48203135018673,6.193347753125582,48848.20313501867
heat,0.25,111,uniform,original,uniform_vs_original,1.237625136651932e-06,2.923419734589261e-09,423.34842376844585,6.048195536846315,42234.84237684459
heat,0.25,112,uniform,original,uniform_vs_original,1.148197497302661e-06,3.8738162157214714e-09,296.3995794748402,5.691708474645083,29539.95794748402
heat,0.25,113,uniform,original,uniform_vs_original,1.277111625813676e-06,2.4704903240323206e-09,516.9466212396176,6.24793962205935,51594.66212396176
heat,0.25,114,uniform,original,uniform_vs_original,1.5975211736796169e-06,4.416586008373913e-09,361.70951287956194,5.890841439080993,36070.951287956195
heat,0.25,115,uniform,original,uniform_vs_original,1.320425018436211e-06,3.766977205860167e-09,350.52641581745377,5.859436069733062,34952.641581745374
heat,0.25,116,uniform,original,uniform_vs_original,1.3448741150168253e-06,3.6952905058812435e-09,363.942730044198,5.896996520214873,36294.2730044198
heat,0.25,117,uniform,original,uniform_vs_original,1.543599851827615e-06,5.273329676570848e-09,292.7182532671446,5.679210553445076,29171.825326714457
heat,0.25,118,uniform,original,uniform_vs_original,1.4297700351995069e-06,3.4301053247753903e-09,416.8297762964847,6.032677928138107,41582.97762964847
heat,0.25,119,uniform,original,uniform_vs_original,1.6445303538670242e-06,3.429857928921587e-09,479.47477357585365,6.172691283087312,47847.47735758536
heat,0.25,100,xcorr,original,xcorr_vs_original,2.2806806762032394e-06,3.840995454421764e-09,593.7733338313936,6.386497653661115,59277.33338313936
heat,0.25,101,xcorr,original,xcorr_vs_original,1.735163146832086e-06,3.8083367822142056e-09,455.62229552168037,6.121664166990421,45462.229552168035
heat,0.25,102,xcorr,original,xcorr_vs_original,1.9984323360588974e-06,3.7734212178508475e-09,529.6075419846992,6.272136245429063,52860.75419846992
heat,0.25,103,xcorr,original,xcorr_vs_original,2.4737184872170026e-06,3.478590897103284e-09,711.1265913094104,6.56685046080346,71012.65913094104
heat,0.25,104,xcorr,original,xcorr_vs_original,1.7920535906046364e-06,2.973991440266554e-09,602.5752348648379,6.401212528714017,60157.523486483784
heat,0.25,105,xcorr,original,xcorr_vs_original,5.074445862840449e-06,4.645593080360166e-09,1092.3138929867343,6.996053562789699,109131.38929867343
heat,0.25,106,xcorr,original,xcorr_vs_original,2.2129936700920894e-06,4.569056794370696e-09,484.3436555261486,6.182794686841931,48334.36555261486
heat,0.25,107,xcorr,original,xcorr_vs_original,2.1394253723605594e-06,2.849411201780172e-09,750.8306877659327,6.621180177299984,74983.06877659327
heat,0.25,108,xcorr,original,xcorr_vs_original,2.9246444088748547e-06,4.424584923272412e-09,660.9985929961075,6.493751711250491,65999.85929961075
heat,0.25,109,xcorr,original,xcorr_vs_original,2.448032528912236e-06,4.263320354733202e-09,574.2079706007534,6.352991648817986,57320.79706007533
heat,0.25,110,xcorr,original,xcorr_vs_original,1.4137439029449084e-06,2.846687683320803e-09,496.62768108642877,6.20784061273369,49562.76810864288
heat,0.25,111,xcorr,original,xcorr_vs_original,2.5700177057608187e-06,2.923419734589261e-09,879.1134832104104,6.778913994255622,87811.34832104105
heat,0.25,112,xcorr,original,xcorr_vs_original,2.1347019218964647e-06,3.8738162157214714e-09,551.0591631149159,6.311842177462989,55005.916311491594
heat,0.25,113,xcorr,original,xcorr_vs_original,1.7234822556888574e-06,2.4704903240323206e-09,697.627608140476,6.547685447701109,69662.76081404761
heat,0.25,114,xcorr,original,xcorr_vs_original,3.0899858129429525e-06,4.416586008373913e-09,699.6322062073043,6.5505547772582515,69863.22062073043
heat,0.25,115,xcorr,original,xcorr_vs_original,2.5446621922942114e-06,3.766977205860167e-09,675.5183408956023,6.515480308616559,67451.83408956023
heat,0.25,116,xcorr,original,xcorr_vs_original,2.0364966309693866e-06,3.6952905058812435e-09,551.1059625023252,6.3119271001054305,55010.59625023251
heat,0.25,117,xcorr,original,xcorr_vs_original,3.128223685866516e-06,5.273329676570848e-09,593.2160281510683,6.385558629708371,59221.602815106824
heat,0.25,118,xcorr,original,xcorr_vs_original,2.1879008970104863e-06,3.4301053247753903e-09,637.8523951458412,6.45810690100718,63685.23951458412
heat,0.25,119,xcorr,original,xcorr_vs_original,3.275815706915708e-06,3.429857928921587e-09,955.0878709269708,6.861803347689792,95408.78709269708
heat,0.4,100,acf,original,acf_vs_original,4.118176651024541e-06,5.1079395244763015e-09,806.2305027870827,6.692369685227914,80523.05027870828
heat,0.4,101,acf,original,acf_vs_original,4.2089220753660506e-06,6.345311769073714e-09,663.312100105125,6.497245618646329,66231.2100105125
heat,0.4,102,acf,original,acf_vs_original,5.5600733304128624e-06,3.728161080199244e-09,1491.3715396963792,7.307451471982983,149037.1539696379
heat,0.4,103,acf,original,acf_vs_original,4.579566718732053e-06,5.708483151456445e-09,802.2388079683894,6.6874063290897725,80123.88079683894
heat,0.4,104,acf,original,acf_vs_original,2.790563361609877e-06,4.41033598530538e-09,632.7326015314121,6.4500479024551955,63173.260153141215
heat,0.4,105,acf,original,acf_vs_original,8.232704240662692e-06,5.9129084684084185e-09,1392.3273604941653,7.238731986014381,139132.73604941653
heat,0.4,106,acf,original,acf_vs_original,3.2906353708561653e-06,5.1404592145420924e-09,640.1442426674894,6.461693530127601,63914.42426674894
heat,0.4,107,acf,original,acf_vs_original,2.4707816526359228e-06,2.7923930953979714e-09,884.8258709376973,6.785390869646326,88382.58709376973
heat,0.4,108,acf,original,acf_vs_original,3.84527126484624e-06,5.062786292628352e-09,759.5168041055043,6.6326824470122725,75851.68041055043
heat,0.4,109,acf,original,acf_vs_original,5.629527422890135e-06,4.5148264866262674e-09,1246.8978463659264,7.128414022810357,124589.78463659264
heat,0.4,110,acf,original,acf_vs_original,3.173122460120581e-06,6.793205704555549e-09,467.1023664118802,6.146548433673521,46610.23664118802
heat,0.4,111,acf,original,acf_vs_original,4.274148172278558e-06,3.296577239485232e-09,1296.5411885650146,7.167455373517684,129554.11885650146
heat,0.4,112,acf,original,acf_vs_original,1.8837235892243955e-06,4.064401830719544e-09,463.46883691145996,6.138739148466102,46246.883691145995
heat,0.4,113,acf,original,acf_vs_original,2.6225612694830147e-06,3.204384279621719e-09,818.4290773616613,6.707386743529304,81742.90773616612
heat,0.4,114,acf,original,acf_vs_original,5.2541840260822426e-06,6.24309892238023e-09,841.5987142614495,6.735303314251111,84059.87142614495
heat,0.4,115,acf,original,acf_vs_original,2.935938398118676e-06,3.742031042669458e-09,784.5841909489509,6.66515388438682,78358.41909489509
heat,0.4,116,acf,original,acf_vs_original,3.7196506818271136e-06,5.147379436749866e-09,722.6299765800358,6.582897302187487,72162.99765800357
heat,0.4,117,acf,original,acf_vs_original,3.282409320737312e-06,7.053329259196217e-09,465.370210309928,6.142833240031248,46437.0210309928
heat,0.4,118,acf,original,acf_vs_original,3.3843912825570754e-06,4.0469114257618566e-09,836.28993236983,6.728975362015163,83528.993236983
heat,0.4,119,acf,original,acf_vs_original,5.526038550307533e-06,4.285853885330204e-09,1289.366996206353,7.161906676307542,128836.69962063529
heat,0.4,100,frozen,original,frozen_vs_original,1.4500353728852389e-06,5.1079395244763015e-09,283.8787276037505,5.648547131484381,28287.872760375052
heat,0.4,101,frozen,original,frozen_vs_original,4.983286868154302e-07,6.345311769073714e-09,78.53494122136351,4.363543636855975,7753.4941221363515
heat,0.4,102,frozen,original,frozen_vs_original,3.7483580900277147e-07,3.728161080199244e-09,100.54174187740277,4.610572983332201,9954.174187740276
heat,0.4,103,frozen,original,frozen_vs_original,1.0391552707766929e-06,5.708483151456445e-09,182.03702160556713,5.204210081805889,18103.702160556713
heat,0.4,104,frozen,original,frozen_vs_original,6.394570681300671e-07,4.41033598530538e-09,144.99055633417686,4.976668611569792,14399.055633417685
heat,0.4,105,frozen,original,frozen_vs_original,5.84829247751717e-07,5.9129084684084185e-09,98.90720461450604,4.594182083442618,9790.720461450604
heat,0.4,106,frozen,original,frozen_vs_original,8.754971018570812e-07,5.1404592145420924e-09,170.31495929008545,5.137649424621701,16931.495929008546
heat,0.4,107,frozen,original,frozen_vs_original,7.879027065782473e-07,2.7923930953979714e-09,282.1603834634735,5.642475644955344,28116.03834634735
heat,0.4,108,frozen,original,frozen_vs_original,7.484740162377879e-07,5.062786292628352e-09,147.83835875663965,4.996119506347983,14683.835875663965
heat,0.4,109,frozen,original,frozen_vs_original,3.8725073131518073e-07,4.5148264866262674e-09,85.77311497181286,4.451705612074148,8477.311497181287
heat,0.4,110,frozen,original,frozen_vs_original,1.140461785564817e-06,6.793205704555549e-09,167.88271033806896,5.123265582831548,16688.271033806897
heat,0.4,111,frozen,original,frozen_vs_original,4.795850376826394e-07,3.296577239485232e-09,145.47969085581857,4.980036495122158,14447.969085581857
heat,0.4,112,frozen,original,frozen_vs_original,3.644707340377807e-07,4.064401830719544e-09,89.67389279353227,4.496179676462082,8867.389279353227
heat,0.4,113,frozen,original,frozen_vs_original,4.512018010327523e-07,3.204384279621719e-09,140.80764404636798,4.9473947323523335,13980.764404636799
heat,0.4,114,frozen,original,frozen_vs_original,7.386185754132413e-07,6.24309892238023e-09,118.3096062702843,4.773304970310447,11730.960627028431
heat,0.4,115,frozen,original,frozen_vs_original,7.01523960255912e-07,3.742031042669458e-09,187.4714432500979,5.2336265311450925,18647.14432500979
heat,0.4,116,frozen,original,frozen_vs_original,8.179812986258694e-07,5.147379436749866e-09,158.91218214570856,5.068351736089916,15791.218214570856
heat,0.4,117,frozen,original,frozen_vs_original,8.57001871357177e-07,7.053329259196217e-09,121.50317103654383,4.799940361506233,12050.317103654383
heat,0.4,118,frozen,original,frozen_vs_original,7.788936193797724e-07,4.0469114257618566e-09,192.46618901058375,5.259920496797602,19146.618901058373
heat,0.4,119,frozen,original,frozen_vs_original,7.242883782176968e-07,4.285853885330204e-09,168.99511686500108,5.129869820215691,16799.511686500107
heat,0.4,100,identity,original,identity_vs_original,4.2771402959829175e-05,5.1079395244763015e-09,8373.513968768917,9.032828904384631,837251.3968768917
heat,0.4,101,identity,original,identity_vs_original,2.7444081538874343e-05,6.345311769073714e-09,4325.095840465002,8.372189578765546,432409.5840465002
heat,0.4,102,identity,original,identity_vs_original,9.375457361215922e-05,3.728161080199244e-09,25147.672430277264,10.132520623741215,2514667.243027726
heat,0.4,103,identity,original,identity_vs_original,0.0001404541958436,5.708483151456445e-09,24604.468843490402,10.110683365726707,2460346.88434904
heat,0.4,104,identity,original,identity_vs_original,2.5187030175288783e-05,4.41033598530538e-09,5710.909613056336,8.650133591724057,570990.9613056335
heat,0.4,105,identity,original,identity_vs_original,0.0001147654384965,5.9129084684084185e-09,19409.304086080585,9.87350782214991,1940830.4086080585
heat,0.4,106,identity,original,identity_vs_original,8.886977099109572e-05,5.1404592145420924e-09,17288.29415467158,9.757784913004462,1728729.4154671582
heat,0.4,107,identity,original,identity_vs_original,1.704439906546895e-05,2.7923930953979714e-09,6103.868074147271,8.716677959714227,610286.807414727
heat,0.4,108,identity,original,identity_vs_original,9.479759364694472e-05,5.062786292628352e-09,18724.39170205038,9.837582321985934,1872339.170205038
heat,0.4,109,identity,original,identity_vs_original,9.919720541518018e-05,4.5148264866262674e-09,21971.432503335454,9.9974983659538,2197043.2503335453
heat,0.4,110,identity,original,identity_vs_original,1.3473151405207773e-05,6.793205704555549e-09,1983.3274585182407,7.592531247775535,198232.74585182406
heat,0.4,111,identity,original,identity_vs_original,8.587310509255985e-05,3.296577239485232e-09,26049.171262848715,10.167741233349114,2604817.1262848713
heat,0.4,112,identity,original,identity_vs_original,1.2371694282364842e-05,4.064401830719544e-09,3043.915143639873,8.02089984199639,304291.5143639873
heat,0.4,113,identity,original,identity_vs_original,5.1367806506164015e-05,3.204384279621719e-09,16030.476379764303,9.68224696317602,1602947.6379764304
heat,0.4,114,identity,original,identity_vs_original,9.65563227026678e-05,6.24309892238023e-09,15466.088861179689,9.646405090735023,1546508.886117969
heat,0.4,115,identity,original,identity_vs_original,3.2851498886543595e-05,3.742031042669458e-09,8779.055681779773,9.080124127516845,877805.5681779773
heat,0.4,116,identity,original,identity_vs_original,0.0001042242951712,5.147379436749866e-09,20248.030371937923,9.915812802220769,2024703.0371937922
heat,0.4,117,identity,original,identity_vs_original,2.616984136238898e-05,7.053329259196217e-09,3710.282109440506,8.218863192991025,370928.2109440506
heat,0.4,118,identity,original,identity_vs_original,3.32154898288195e-05,4.0469114257618566e-09,8207.614729933575,9.012817627947992,820661.4729933576
heat,0.4,119,identity,original,identity_vs_original,8.548591051749099e-05,4.285853885330204e-09,19946.062746118263,9.900787046756438,1994506.2746118263
heat,0.4,100,random,original,random_vs_original,2.5571232511456543e-06,5.1079395244763015e-09,500.6173700554583,6.215842076868445,49961.73700554583
heat,0.4,101,random,original,random_vs_original,2.668505153957668e-06,6.345311769073714e-09,420.54752407338617,6.04155749103738,41954.752407338616
heat,0.4,102,random,original,random_vs_original,6.176915688826945e-06,3.728161080199244e-09,1656.8263967008722,7.412659242294432,165582.63967008723
heat,0.4,103,random,original,random_vs_original,1.8805635810803525e-06,5.708483151456445e-09,329.43314908454295,5.797373447423807,32843.3149084543
heat,0.4,104,random,original,random_vs_original,2.288565781910501e-06,4.41033598530538e-09,518.9096226536211,6.251729730533261,51790.96226536211
heat,0.4,105,random,original,random_vs_original,3.9369042745818206e-06,5.9129084684084185e-09,665.8151898707675,6.501012139345634,66481.51898707675
heat,0.4,106,random,original,random_vs_original,2.242509060640385e-06,5.1404592145420924e-09,436.2468345817127,6.078208217517161,43524.68345817127
heat,0.4,107,random,original,random_vs_original,2.311355601525289e-06,2.7923930953979714e-09,827.7328880860432,6.718690503409132,82673.28880860432
heat,0.4,108,random,original,random_vs_original,1.6348037449875896e-06,5.062786292628352e-09,322.90593568366467,5.777361060016039,32190.593568366465
heat,0.4,109,random,original,random_vs_original,4.186245878168293e-06,4.5148264866262674e-09,927.2218745435091,6.832192883791591,92622.1874543509
heat,0.4,110,random,original,random_vs_original,2.7311928456619228e-06,6.793205704555549e-09,402.0477171522091,5.996570780958411,40104.77171522091
heat,0.4,111,random,original,random_vs_original,3.941079793789992e-06,3.296577239485232e-09,1195.506583793984,7.0863252940300026,119450.6583793984
heat,0.4,112,random,original,random_vs_original,1.6832430986823963e-06,4.064401830719544e-09,414.1428846823451,6.026211046363896,41314.28846823451
heat,0.4,113,random,original,random_vs_original,2.4117574497495298e-06,3.204384279621719e-09,752.6430163470408,6.6235910335111114,75164.30163470408
heat,0.4,114,random,original,random_vs_original,4.677721969215121e-06,6.24309892238023e-09,749.2628304264804,6.619089830409819,74826.28304264804
heat,0.4,115,random,original,random_vs_original,2.2782138129062712e-06,3.742031042669458e-09,608.8174541922182,6.411518475966035,60781.74541922182
heat,0.4,116,random,original,random_vs_original,1.6068911686956122e-06,5.147379436749866e-09,312.1765528344706,5.743568902232356,31117.65528344706
heat,0.4,117,random,original,random_vs_original,2.2806516262741106e-06,7.053329259196217e-09,323.34399011652107,5.77871674140944,32234.399011652105
heat,0.4,118,random,original,random_vs_original,1.802299232425697e-06,4.0469114257618566e-09,445.3517862912957,6.098864500852872,44435.17862912957
heat,0.4,119,random,original,random_vs_original,3.224095418141726e-06,4.285853885330204e-09,752.264427207211,6.623087894066306,75126.4427207211
heat,0.4,100,stencil,frozen,stencil_vs_frozen,4.219569057539729e-05,1.4500353728852389e-06,29.09976636738007,3.3707301455328484,2809.976636738007
heat,0.4,101,stencil,frozen,stencil_vs_frozen,2.7150051749913476e-05,4.983286868154302e-07,54.48221719567441,3.9978743584374126,5348.221719567441
heat,0.4,102,stencil,frozen,stencil_vs_frozen,9.23763489453222e-05,3.7483580900277147e-07,246.4448345825977,5.507138173640189,24544.483458259772
heat,0.4,103,stencil,frozen,stencil_vs_frozen,0.000137561319093,1.0391552707766929e-06,132.37802180436705,4.8856616312671965,13137.802180436705
heat,0.4,104,stencil,frozen,stencil_vs_frozen,2.490841393409937e-05,6.394570681300671e-07,38.95244133736425,3.662341449103855,3795.244133736425
heat,0.4,105,stencil,frozen,stencil_vs_frozen,0.0001132920480699,5.84829247751717e-07,193.71816390071677,5.26640433938107,19271.81639007168
heat,0.4,106,stencil,frozen,stencil_vs_frozen,8.692073828342473e-05,8.754971018570812e-07,99.2815831132402,4.597960086712409,9828.15831132402
heat,0.4,107,stencil,frozen,stencil_vs_frozen,1.6593962310906818e-05,7.879027065782473e-07,21.06092817344429,3.0474195785477707,2006.0928173444288
heat,0.4,108,stencil,frozen,stencil_vs_frozen,9.28127573729398e-05,7.484740162377879e-07,124.0026445266117,4.820302892205137,12300.264452661171
heat,0.4,109,stencil,frozen,stencil_vs_frozen,9.81899256800034e-05,3.8725073131518073e-07,253.556462880085,5.535586531484642,25255.646288008502
heat,0.4,110,stencil,frozen,stencil_vs_frozen,1.3318059181699482e-05,1.140461785564817e-06,11.67777767766561,2.4576876919738075,1067.777767766561
heat,0.4,111,stencil,frozen,stencil_vs_frozen,8.411684888187665e-05,4.795850376826394e-07,175.3950650510914,5.167040944143708,17439.50650510914
heat,0.4,112,stencil,frozen,stencil_vs_frozen,1.171101368413474e-05,3.644707340377807e-07,32.13156116650175,3.46983876100748,3113.1561166501747
heat,0.4,113,stencil,frozen,stencil_vs_frozen,4.9914956690599865e-05,4.512018010327523e-07,110.62667874186208,4.706161278280633,10962.667874186209
heat,0.4,114,stencil,frozen,stencil_vs_frozen,9.474074715853932e-05,7.386185754132413e-07,128.26748515704998,4.854117811265114,12726.748515704998
heat,0.4,115,stencil,frozen,stencil_vs_frozen,3.22252250271049e-05,7.01523960255912e-07,45.936029063568,3.827249756075478,4493.6029063568
heat,0.4,116,stencil,frozen,stencil_vs_frozen,0.0001008300691438,8.179812986258694e-07,123.26696137574893,4.814352421107494,12226.696137574894
heat,0.4,117,stencil,frozen,stencil_vs_frozen,2.5587526401693594e-05,8.57001871357177e-07,29.85702512081138,3.3964201595796157,2885.7025120811377
heat,0.4,118,stencil,frozen,stencil_vs_frozen,3.247202585043851e-05,7.788936193797724e-07,41.68993690858036,3.730259778544963,4068.9936908580357
heat,0.4,119,stencil,frozen,stencil_vs_frozen,8.443791972467807e-05,7.242883782176968e-07,116.58052547033809,4.758582239987054,11558.052547033809
heat,0.4,100,stencil,original,stencil_vs_original,4.219569057539729e-05,5.1079395244763015e-09,8260.804649938267,9.019277277017231,825980.4649938267
heat,0.4,101,stencil,original,stencil_vs_original,2.7150051749913476e-05,6.345311769073714e-09,4278.75772507185,8.361417995293387,427775.77250718494
heat,0.4,102,stencil,original,stencil_vs_original,9.23763489453222e-05,3.728161080199244e-09,24777.992945622766,10.117711156972389,2477699.2945622765
heat,0.4,103,stencil,original,stencil_vs_original,0.000137561319093,5.708483151456445e-09,24097.700815303804,10.089871713073086,2409670.0815303805
heat,0.4,104,stencil,original,stencil_vs_original,2.490841393409937e-05,4.41033598530538e-09,5647.7361400788295,8.639010060673646,564673.614007883
heat,0.4,105,stencil,original,stencil_vs_original,0.0001132920480699,5.9129084684084185e-09,19160.12207447461,9.860586422823689,1915912.2074474609
heat,0.4,106,stencil,original,stencil_vs_original,8.692073828342473e-05,5.1404592145420924e-09,16909.13878618674,9.735609511334111,1690813.8786186741
heat,0.4,107,stencil,original,stencil_vs_original,1.6593962310906818e-05,2.7923930953979714e-09,5942.559569515713,8.689895223503115,594155.9569515713
heat,0.4,108,stencil,original,stencil_vs_original,9.28127573729398e-05,5.062786292628352e-09,18332.347448297278,9.81642239855312,1833134.7448297278
heat,0.4,109,stencil,original,stencil_vs_original,9.81899256800034e-05,4.5148264866262674e-09,21748.32764245973,9.987292143558792,2174732.764245973
heat,0.4,110,stencil,original,stencil_vs_original,1.3318059181699482e-05,6.793205704555549e-09,1960.496967251903,7.580953274805356,195949.6967251903
heat,0.4,111,stencil,original,stencil_vs_original,8.411684888187665e-05,3.296577239485232e-09,25516.419841268966,10.147077439265866,2551541.9841268966
heat,0.4,112,stencil,original,stencil_vs_original,1.171101368413474e-05,4.064401830719544e-09,2881.362171333702,7.966018437469561,288036.2171333702
heat,0.4,113,stencil,original,stencil_vs_original,4.9914956690599865e-05,3.204384279621719e-09,15577.082002316021,9.653556010632967,1557608.2002316022
heat,0.4,114,stencil,original,stencil_vs_original,9.474074715853932e-05,6.24309892238023e-09,15175.275666210118,9.62742278157556,1517427.5666210118
heat,0.4,115,stencil,original,stencil_vs_original,3.22252250271049e-05,3.742031042669458e-09,8611.693665725537,9.06087628722057,861069.3665725538
heat,0.4,116,stencil,original,stencil_vs_original,0.0001008300691438,5.147379436749866e-09,19588.621818691037,9.882704157197411,1958762.1818691038
heat,0.4,117,stencil,original,stencil_vs_original,2.5587526401693594e-05,7.053329259196217e-09,3627.723229896331,8.196360521085849,362672.3229896331
heat,0.4,118,stencil,original,stencil_vs_original,3.247202585043851e-05,4.0469114257618566e-09,8023.903276886138,8.990180275342565,802290.3276886138
heat,0.4,119,stencil,original,stencil_vs_original,8.443791972467807e-05,4.285853885330204e-09,19701.53952604302,9.888452060202745,1970053.952604302
heat,0.4,100,uniform,original,uniform_vs_original,2.6666272077147117e-06,5.1079395244763015e-09,522.0553600794856,6.257773636051451,52105.536007948554
heat,0.4,101,uniform,original,uniform_vs_original,2.677481970553286e-06,6.345311769073714e-09,421.96224046909896,6.044915832471279,42096.2240469099
heat,0.4,102,uniform,original,uniform_vs_original,2.256361862906786e-06,3.728161080199244e-09,605.2211303021809,6.405593895881999,60422.11303021809
heat,0.4,103,uniform,original,uniform_vs_original,2.234854499127969e-06,5.708483151456445e-09,391.4970824706341,5.969978063220802,39049.70824706341
heat,0.4,104,uniform,original,uniform_vs_original,1.881201542097699e-06,4.41033598530538e-09,426.54381624565525,6.055715096111313,42554.381624565525
heat,0.4,105,uniform,original,uniform_vs_original,3.2505734461341085e-06,5.9129084684084185e-09,549.7418848103812,6.309448867725883,54874.188481038116
heat,0.4,106,uniform,original,uniform_vs_original,1.801837018033936e-06,5.1404592145420924e-09,350.5206330470695,5.859419572208698,34952.06330470695
heat,0.4,107,uniform,original,uniform_vs_original,2.202475683443783e-06,2.7923930953979714e-09,788.7412725212624,6.670438348844935,78774.12725212624
heat,0.4,108,uniform,original,uniform_vs_original,2.104374714539947e-06,5.062786292628352e-09,415.6554499651729,6.029856671800611,41465.54499651729
heat,0.4,109,uniform,original,uniform_vs_original,3.2172654587658837e-06,4.5148264866262674e-09,712.6000231229275,6.568920285620412,71160.00231229275
heat,0.4,110,uniform,original,uniform_vs_original,2.630958102767256e-06,6.793205704555549e-09,387.29257101738074,5.959180404868578,38629.257101738076
heat,0.4,111,uniform,original,uniform_vs_original,1.993882036616101e-06,3.296577239485232e-09,604.8340116937318,6.404954059550215,60383.40116937318
heat,0.4,112,uniform,original,uniform_vs_original,1.7101135224573127e-06,4.064401830719544e-09,420.75404787290967,6.042048453637614,41975.404787290965
heat,0.4,113,uniform,original,uniform_vs_original,1.6858840468092495e-06,3.204384279621719e-09,526.117937080964,6.265525402588109,52511.7937080964
heat,0.4,114,uniform,original,uniform_vs_original,2.9016628342593e-06,6.24309892238023e-09,464.7792499102382,6.141562561490908,46377.92499102382
heat,0.4,115,uniform,original,uniform_vs_original,2.2215763025301705e-06,3.742031042669458e-09,593.681954317878,6.386343745527296,59268.1954317878
heat,0.4,116,uniform,original,uniform_vs_original,1.833883115143209e-06,5.147379436749866e-09,356.2750983636735,5.87570318064842,35527.50983636735
heat,0.4,117,uniform,original,uniform_vs_original,2.6938378427376897e-06,7.053329259196217e-09,381.92430038983804,5.9452224224502475,38092.4300389838
heat,0.4,118,uniform,original,uniform_vs_original,2.274237684160574e-06,4.0469114257618566e-09,561.9687324222655,6.331446212086623,56096.873242226546
heat,0.4,119,uniform,original,uniform_vs_original,2.6700618894204275e-06,4.285853885330204e-09,622.9941479245535,6.434537125363806,62199.414792455354
heat,0.4,100,xcorr,original,xcorr_vs_original,4.117058266306373e-06,5.1079395244763015e-09,806.0115525209707,6.692098075556479,80501.15525209707
heat,0.4,101,xcorr,original,xcorr_vs_original,4.207887930374188e-06,6.345311769073714e-09,663.1491222989117,6.496999885406216,66214.91222989117
heat,0.4,102,xcorr,original,xcorr_vs_original,5.557407049439078e-06,3.728161080199244e-09,1490.6563664738633,7.306971816353505,148965.63664738633
heat,0.4,103,xcorr,original,xcorr_vs_original,4.577531282023983e-06,5.708483151456445e-09,801.882244472612,6.686961769745443,80088.2244472612
heat,0.4,104,xcorr,original,xcorr_vs_original,2.789868583874533e-06,4.41033598530538e-09,632.575067561742,6.449798897451382,63157.5067561742
heat,0.4,105,xcorr,original,xcorr_vs_original,8.228882527328008e-06,5.9129084684084185e-09,1391.6810265698196,7.238267667056895,139068.10265698197
heat,0.4,106,xcorr,original,xcorr_vs_original,3.289434674869085e-06,5.1404592145420924e-09,639.910665094559,6.461328580820963,63891.0665094559
heat,0.4,107,xcorr,original,xcorr_vs_original,2.470524540776342e-06,2.7923930953979714e-09,884.7337951264499,6.78528680329231,88373.37951264498
heat,0.4,108,xcorr,original,xcorr_vs_original,3.843833410344111e-06,5.062786292628352e-09,759.2327995240305,6.6323084491075415,75823.27995240306
heat,0.4,109,xcorr,original,xcorr_vs_original,5.627366287730418e-06,4.5148264866262674e-09,1246.4191712349732,7.128030056284276,124541.91712349732
heat,0.4,110,xcorr,original,xcorr_vs_original,3.1728228009342274e-06,6.793205704555549e-09,467.0582548098787,6.146453992522755,46605.82548098787
heat,0.4,111,xcorr,original,xcorr_vs_original,4.272292381535259e-06,3.296577239485232e-09,1295.9782438473628,7.167021089616502,129497.82438473628
heat,0.4,112,xcorr,original,xcorr_vs_original,1.883586574991103e-06,4.064401830719544e-09,463.43512611242994,6.138666409972386,46243.51261124299
heat,0.4,113,xcorr,original,xcorr_vs_original,2.6217890434221403e-06,3.204384279621719e-09,818.1880868956346,6.707092245251966,81718.80868956346
heat,0.4,114,xcorr,original,xcorr_vs_original,5.25236570997345e-06,6.24309892238023e-09,841.3074620914296,6.73495718423267,84030.74620914296
heat,0.4,115,xcorr,original,xcorr_vs_original,2.9352979115659927e-06,3.742031042669458e-09,784.4130308101439,6.66493570663977,78341.3030810144
heat,0.4,116,xcorr,original,xcorr_vs_original,3.718178089112678e-06,5.147379436749866e-09,722.3438906731136,6.582501328367968,72134.38906731136
heat,0.4,117,xcorr,original,xcorr_vs_original,3.2819657386773397e-06,7.053329259196217e-09,465.3073205675565,6.14269809173255,46430.732056755645
heat,0.4,118,xcorr,original,xcorr_vs_original,3.383636532627854e-06,4.0469114257618566e-09,836.103432135499,6.7287523280818045,83510.3432135499
heat,0.4,119,xcorr,original,xcorr_vs_original,5.523827072639875e-06,4.285853885330204e-09,1288.8510015581858,7.161506403983398,128785.10015581858
lf,0.1,300,acf,original,acf_vs_original,6.026570923189922e-06,5.677359093264611e-09,1061.5095547399146,6.967447282270879,106050.95547399146
lf,0.1,301,acf,original,acf_vs_original,5.633011109784647e-06,6.998445272951571e-09,804.8946430367588,6.6907113906380555,80389.46430367588
lf,0.1,302,acf,original,acf_vs_original,4.421267622456426e-06,3.909354791276076e-09,1130.9456057359412,7.030809381003726,112994.56057359412
lf,0.1,303,acf,original,acf_vs_original,5.383996258045976e-06,4.033180758984678e-09,1334.925603334812,7.196630841442404,133392.5603334812
lf,0.1,304,acf,original,acf_vs_original,4.518966927213874e-06,4.625618403933385e-09,976.9433041366276,6.884428619792545,97594.33041366276
lf,0.1,305,acf,original,acf_vs_original,4.282511337994066e-06,4.608912975226365e-09,929.1803427431242,6.834302845639255,92818.03427431242
lf,0.1,306,acf,original,acf_vs_original,4.058764925929381e-06,6.66993158447704e-09,608.5167253252436,6.411024398204723,60751.67253252435
lf,0.1,307,acf,original,acf_vs_original,5.947127276306752e-06,5.494810611725298e-09,1082.3170617775727,6.986859449546772,108131.70617775727
lf,0.1,308,acf,original,acf_vs_original,4.932301560067742e-06,5.987645443697453e-09,823.7464302866234,6.7138627523161265,82274.64302866234
lf,0.1,309,acf,original,acf_vs_original,4.300231454479331e-06,5.231385472384553e-09,822.0062308884329,6.7117479751836955,82100.62308884329
lf,0.1,310,acf,original,acf_vs_original,5.33699033294921e-06,6.518174311062608e-09,818.7860708007303,6.70782284191885,81778.60708007302
lf,0.1,311,acf,original,acf_vs_original,6.175167522881608e-06,5.582690373352739e-09,1106.127531692762,7.008620484379346,110512.7531692762
lf,0.1,312,acf,original,acf_vs_original,7.565135941134393e-06,6.176340608659431e-09,1224.8573096062457,7.110579634240192,122385.73096062457
lf,0.1,313,acf,original,acf_vs_original,4.863763261919729e-06,6.116580948331562e-09,795.1767994252463,6.678564479143662,79417.67994252463
lf,0.1,314,acf,original,acf_vs_original,4.125928684484137e-06,3.8526764244151135e-09,1070.9253074920525,6.9762783271119595,106992.53074920525
lf,0.1,315,acf,original,acf_vs_original,4.064662175451428e-06,6.4754201566791245e-09,627.7063228490123,6.442072418315628,62670.63228490123
lf,0.1,316,acf,original,acf_vs_original,5.032768029156198e-06,3.7419854038295294e-09,1344.9459273693822,7.204109088528445,134394.5927369382
lf,0.1,317,acf,original,acf_vs_original,6.71234523252906e-06,6.085068041464248e-09,1103.0846634401594,7.0058657737331504,110208.46634401593
lf,0.1,318,acf,original,acf_vs_original,5.691692323450681e-06,7.120643267730098e-09,799.322773160783,6.683764835607039,79832.2773160783
lf,0.1,319,acf,original,acf_vs_original,4.748490038508635e-06,4.87407703694126e-09,974.2336861972461,6.881651199092473,97323.36861972461
lf,0.1,300,frozen,original,frozen_vs_original,1.806653198932473e-06,5.677359093264611e-09,318.2207024875022,5.762745175030232,31722.07024875022
lf,0.1,301,frozen,original,frozen_vs_original,2.284662971419049e-06,6.998445272951571e-09,326.4529309458328,5.788285775830454,32545.29309458328
lf,0.1,302,frozen,original,frozen_vs_original,1.5009668432597325e-06,3.909354791276076e-09,383.9423442991709,5.950492396260588,38294.23442991709
lf,0.1,303,frozen,original,frozen_vs_original,2.6559708068418786e-06,4.033180758984678e-09,658.5300698276907,6.490010184267854,65753.00698276907
lf,0.1,304,frozen,original,frozen_vs_original,2.4881496116790917e-06,4.625618403933385e-09,537.9063715163575,6.287684514377955,53690.63715163575
lf,0.1,305,frozen,original,frozen_vs_original,2.4419732191915955e-06,4.608912975226365e-09,529.8371291273207,6.272569655785404,52883.71291273207
lf,0.1,306,frozen,original,frozen_vs_original,2.1609392188981502e-06,6.66993158447704e-09,323.98221653836947,5.780688627058716,32298.221653836947
lf,0.1,307,frozen,original,frozen_vs_original,2.2277391731329037e-06,5.494810611725298e-09,405.42601566269866,6.00493840478254,40442.60156626986
lf,0.1,308,frozen,original,frozen_vs_original,2.8560016586132164e-06,5.987645443697453e-09,476.9824274781368,6.167479650541267,47598.24274781368
lf,0.1,309,frozen,original,frozen_vs_original,1.972484193757396e-06,5.231385472384553e-09,377.04814607330104,5.932372887711229,37604.8146073301
lf,0.1,310,frozen,original,frozen_vs_original,1.2380655181054578e-06,6.518174311062608e-09,189.94053534349644,5.246711051298233,18894.053534349645
lf,0.1,311,frozen,original,frozen_vs_original,4.134017797974288e-06,5.582690373352739e-09,740.5063726454819,6.607334239539131,73950.63726454819
lf,0.1,312,frozen,original,frozen_vs_original,1.6169898837681274e-06,6.176340608659431e-09,261.80387161631836,5.567595641816865,26080.387161631836
lf,0.1,313,frozen,original,frozen_vs_original,1.173299821299878e-06,6.116580948331562e-09,191.82282245768732,5.256572146286473,19082.282245768733
lf,0.1,314,frozen,original,frozen_vs_original,6.702820580795077e-07,3.8526764244151135e-09,173.97829047666914,5.158930524054968,17297.829047666914
lf,0.1,315,frozen,original,frozen_vs_original,2.86024563578291e-06,6.4754201566791245e-09,441.7081157016022,6.090649292220423,44070.81157016022
lf,0.1,316,frozen,original,frozen_vs_original,1.942841559687825e-06,3.7419854038295294e-09,519.2007317023553,6.252290574676937,51820.073170235526
lf,0.1,317,frozen,original,frozen_vs_original,3.1897176127060334e-06,6.085068041464248e-09,524.187665769879,6.261849760986152,52318.7665769879
lf,0.1,318,frozen,original,frozen_vs_original,1.5462519602493785e-06,7.120643267730098e-09,217.15060031960977,5.380591123515853,21615.060031960977
lf,0.1,319,frozen,original,frozen_vs_original,1.7820431752468837e-06,4.87407703694126e-09,365.6165386268104,5.901585075501065,36461.653862681036
lf,0.1,300,identity,original,identity_vs_original,0.0001595126408346,5.677359093264611e-09,28096.274731651087,10.243392274706052,2809527.473165109
lf,0.1,301,identity,original,identity_vs_original,4.493761159096721e-05,6.998445272951571e-09,6421.084946487682,8.76734237718601,642008.4946487682
lf,0.1,302,identity,original,identity_vs_original,6.289635219758338e-06,3.909354791276076e-09,1608.8678453523785,7.383286008971776,160786.78453523785
lf,0.1,303,identity,original,identity_vs_original,4.804197336838456e-06,4.033180758984678e-09,1191.1683665891226,7.082689925098046,119016.83665891226
lf,0.1,304,identity,original,identity_vs_original,6.168533523975839e-06,4.625618403933385e-09,1333.5586694160588,7.195606339216722,133255.86694160587
lf,0.1,305,identity,original,identity_vs_original,2.119493215957391e-05,4.608912975226365e-09,4598.683523316673,8.433525350933515,459768.3523316673
lf,0.1,306,identity,original,identity_vs_original,6.722213285570433e-06,6.66993158447704e-09,1007.8384163962144,6.915563134587472,100683.84163962143
lf,0.1,307,identity,original,identity_vs_original,1.804316466902378e-05,5.494810611725298e-09,3283.673622985609,8.096718081646074,328267.3622985609
lf,0.1,308,identity,original,identity_vs_original,1.185417597326932e-05,5.987645443697453e-09,1979.77253074444,7.590737233626567,197877.25307444402
lf,0.1,309,identity,original,identity_vs_original,2.06204989865455e-05,5.231385472384553e-09,3941.689843999649,8.279364804759213,394068.9843999649
lf,0.1,310,identity,original,identity_vs_original,6.52718933835672e-06,6.518174311062608e-09,1001.3830601735846,6.909137383608951,100038.30601735845
lf,0.1,311,identity,original,identity_vs_original,1.0531675664893214e-05,5.582690373352739e-09,1886.4875106029415,7.5424719189758465,188548.75106029416
lf,0.1,312,identity,original,identity_vs_original,0.0001158143659267,6.176340608659431e-09,18751.2919485568,9.83901793294782,1875029.1948556802
lf,0.1,313,identity,original,identity_vs_original,8.173484665974229e-06,6.116580948331562e-09,1336.2832495830428,7.1976473447859375,133528.3249583043
lf,0.1,314,identity,original,identity_vs_original,8.024513022064639e-05,3.8526764244151135e-09,20828.41157178899,9.944073274592114,2082741.157178899
lf,0.1,315,identity,original,identity_vs_original,8.030121968261028e-06,6.4754201566791245e-09,1240.092808491862,7.122941501356246,123909.2808491862
lf,0.1,316,identity,original,identity_vs_original,7.593005985739865e-06,3.7419854038295294e-09,2029.1383226586665,7.615366510325548,202813.83226586666
lf,0.1,317,identity,original,identity_vs_original,6.333437838179634e-06,6.085068041464248e-09,1040.8162727225022,6.947760561897847,103981.62727225022
lf,0.1,318,identity,original,identity_vs_original,5.329876933046762e-05,7.120643267730098e-09,7485.105955526695,8.920670452468526,748410.5955526695
lf,0.1,319,identity,original,identity_vs_original,6.623301899821854e-06,4.87407703694126e-09,1358.8833023407287,7.214418540221794,135788.33023407287
lf,0.1,300,random,original,random_vs_original,4.331074820451697e-06,5.677359093264611e-09,762.8678667850883,6.63708484038357,76186.78667850883
lf,0.1,301,random,original,random_vs_original,4.2811383231256e-06,6.998445272951571e-09,611.7270559608227,6.4162861960384285,61072.70559608227
lf,0.1,302,random,original,random_vs_original,4.394889264958124e-06,3.909354791276076e-09,1124.198109305797,7.024825268753535,112319.81093057971
lf,0.1,303,random,original,random_vs_original,5.431731994298694e-06,4.033180758984678e-09,1346.7613575708149,7.205457994842933,134576.1357570815
lf,0.1,304,random,original,random_vs_original,4.548473927057373e-06,4.625618403933385e-09,983.3223430600301,6.890936984054176,98232.23430600301
lf,0.1,305,random,original,random_vs_original,4.1140157680530365e-06,4.608912975226365e-09,892.6217071501504,6.794162870911511,89162.17071501505
lf,0.1,306,random,original,random_vs_original,4.051262296300706e-06,6.66993158447704e-09,607.3918817592112,6.409174186962913,60639.18817592112
lf,0.1,307,random,original,random_vs_original,5.613320692710033e-06,5.494810611725298e-09,1021.5676370595645,6.929093625535622,102056.76370595644
lf,0.1,308,random,original,random_vs_original,4.643933466441652e-06,5.987645443697453e-09,775.5859143813899,6.653618762271906,77458.59143813899
lf,0.1,309,random,original,random_vs_original,4.302235747211114e-06,5.231385472384553e-09,822.3893593622117,6.712213956098486,82138.93593622117
lf,0.1,310,random,original,random_vs_original,5.488402438080797e-06,6.518174311062608e-09,842.0152908101755,6.735798174184531,84101.52908101755
lf,0.1,311,random,original,random_vs_original,6.130690879013745e-06,5.582690373352739e-09,1098.1606481843805,7.001391921189078,109716.06481843806
lf,0.1,312,random,original,random_vs_original,6.691591940333197e-06,6.176340608659431e-09,1083.423399763829,6.987881121443416,108242.3399763829
lf,0.1,313,random,original,random_vs_original,4.964303600196729e-06,6.116580948331562e-09,811.6141423013223,6.699025033010934,81061.41423013223
lf,0.1,314,random,original,random_vs_original,2.543967981161188e-06,3.8526764244151135e-09,660.3118717781745,6.492712256409146,65931.18717781745
lf,0.1,315,random,original,random_vs_original,3.822557612165323e-06,6.4754201566791245e-09,590.3180827922826,6.380661515001719,58931.80827922826
lf,0.1,316,random,original,random_vs_original,5.09028165240899e-06,3.7419854038295294e-09,1360.3157423328323,7.215472115264351,135931.57423328323
lf,0.1,317,random,original,random_vs_original,7.026425066003483e-06,6.085068041464248e-09,1154.6995067474575,7.051595421788288,115369.95067474575
lf,0.1,318,random,original,random_vs_original,4.5647279675042896e-06,7.120643267730098e-09,641.0555613972532,6.463116132411126,64005.55613972532
lf,0.1,319,random,original,random_vs_original,4.828672302892301e-06,4.87407703694126e-09,990.6844447256719,6.898396062559334,98968.4444725672
lf,0.1,300,stencil,frozen,stencil_vs_frozen,0.0001570353115312,1.806653198932473e-06,86.9205620779849,4.464994621980124,8592.05620779849
lf,0.1,301,stencil,frozen,stencil_vs_frozen,4.398750604650559e-05,2.284662971419049e-06,19.253389491923215,2.957687122736474,1825.3389491923215
lf,0.1,302,stencil,frozen,stencil_vs_frozen,6.239589886547492e-06,1.5009668432597325e-06,4.157047115708853,1.4248049942714263,315.70471157088525
lf,0.1,303,stencil,frozen,stencil_vs_frozen,4.7804858844813225e-06,2.6559708068418786e-06,1.7999015170523014,0.5877319506566006,79.99015170523013
lf,0.1,304,stencil,frozen,stencil_vs_frozen,6.245183868713866e-06,2.4881496116790917e-06,2.509971200847281,0.9202712793118449,150.99712008472812
lf,0.1,305,stencil,frozen,stencil_vs_frozen,2.0773859986888965e-05,2.4419732191915955e-06,8.506997465666744,2.1408890560821883,750.6997465666744
lf,0.1,306,stencil,frozen,stencil_vs_frozen,6.493195101597848e-06,2.1609392188981502e-06,3.004802284494003,1.1002117703130683,200.48022844940033
lf,0.1,307,stencil,frozen,stencil_vs_frozen,1.8090017174898776e-05,2.2277391731329037e-06,8.120347926305262,2.094373001322785,712.0347926305262
lf,0.1,308,stencil,frozen,stencil_vs_frozen,1.162874971427641e-05,2.8560016586132164e-06,4.071688711806617,1.4040578303060898,307.1688711806617
lf,0.1,309,stencil,frozen,stencil_vs_frozen,2.0511724926564057e-05,1.972484193757396e-06,10.398929933877522,2.3417029098803726,939.8929933877522
lf,0.1,310,stencil,frozen,stencil_vs_frozen,6.6175612332131095e-06,1.2380655181054578e-06,5.345081610333185,1.676176812897992,434.5081610333185
lf,0.1,311,stencil,frozen,stencil_vs_frozen,1.0514522378102242e-05,4.134017797974288e-06,2.5434148791653652,0.9335076186956641,154.34148791653652
lf,0.1,312,stencil,frozen,stencil_vs_frozen,0.0001146614861227,1.6169898837681274e-06,70.9104535988193,4.261417864119861,6991.04535988193
lf,0.1,313,stencil,frozen,stencil_vs_frozen,8.154550197758681e-06,1.173299821299878e-06,6.950099241236055,1.9387559387892925,595.0099241236055
lf,0.1,314,stencil,frozen,stencil_vs_frozen,7.893976965078764e-05,6.702820580795077e-07,117.7709722336383,4.7687418251784575,11677.097223363831
lf,0.1,315,stencil,frozen,stencil_vs_frozen,7.911391264769918e-06,2.86024563578291e-06,2.765983160954777,1.0173961453551912,176.59831609547768
lf,0.1,316,stencil,frozen,stencil_vs_frozen,7.609878135639292e-06,1.942841559687825e-06,3.916880456717245,1.3652955351261327,291.68804567172447
lf,0.1,317,stencil,frozen,stencil_vs_frozen,6.108303924889924e-06,3.1897176127060334e-06,1.9149983373317723,0.6497167543981709,91.49983373317723
lf,0.1,318,stencil,frozen,stencil_vs_frozen,5.150104050244408e-05,1.5462519602493785e-06,33.30701711391074,3.5057680989286486,3230.701711391074
lf,0.1,319,stencil,frozen,stencil_vs_frozen,6.434272492583659e-06,1.7820431752468837e-06,3.6106153778750376,1.283878222602648,261.06153778750377
lf,0.1,300,stencil,original,stencil_vs_original,0.0001570353115312,5.677359093264611e-09,27659.922325064894,10.227739797010356,2765892.2325064894
lf,0.1,301,stencil,original,stencil_vs_original,4.398750604650559e-05,6.998445272951571e-09,6285.3254302800315,8.745972898566928,628432.5430280032
lf,0.1,302,stencil,original,stencil_vs_original,6.239589886547492e-06,3.909354791276076e-09,1596.0664149673632,7.375297390532014,159506.64149673632
lf,0.1,303,stencil,original,stencil_vs_original,4.7804858844813225e-06,4.033180758984678e-09,1185.2892717074185,7.0777421349244545,118428.92717074185
lf,0.1,304,stencil,original,stencil_vs_original,6.245183868713866e-06,4.625618403933385e-09,1350.1295012583155,7.2079557936898,134912.95012583156
lf,0.1,305,stencil,original,stencil_vs_original,2.0773859986888965e-05,4.608912975226365e-09,4507.323114702262,8.413458711867593,450632.31147022615
lf,0.1,306,stencil,original,stencil_vs_original,6.493195101597848e-06,6.66993158447704e-09,973.5025043899234,6.880900397371784,97250.25043899234
lf,0.1,307,stencil,original,stencil_vs_original,1.8090017174898776e-05,5.494810611725298e-09,3292.2003055568002,8.099311406105326,329120.03055568004
lf,0.1,308,stencil,original,stencil_vs_original,1.162874971427641e-05,5.987645443697453e-09,1942.123965692848,7.571537480847358,194112.3965692848
lf,0.1,309,stencil,original,stencil_vs_original,2.0511724926564057e-05,5.231385472384553e-09,3920.897252714675,8.274075797591601,391989.72527146747
lf,0.1,310,stencil,original,stencil_vs_original,6.6175612332131095e-06,6.518174311062608e-09,1015.2476625213632,6.922887864196225,101424.76625213632
lf,0.1,311,stencil,original,stencil_vs_original,1.0514522378102242e-05,5.582690373352739e-09,1883.4149263032912,7.540841858234795,188241.49263032913
lf,0.1,312,stencil,original,stencil_vs_original,0.0001146614861227,6.176340608659431e-09,18564.631290240188,9.829013505936727,1856363.1290240188
lf,0.1,313,stencil,original,stencil_vs_original,8.154550197758681e-06,6.116580948331562e-09,1333.1876528149312,7.195328085075765,133218.7652814931
lf,0.1,314,stencil,original,stencil_vs_original,7.893976965078764e-05,3.8526764244151135e-09,20489.59241698366,9.927672349233426,2048859.2416983661
lf,0.1,315,stencil,original,stencil_vs_original,7.911391264769918e-06,6.4754201566791245e-09,1221.757210087696,7.108045437575614,122075.7210087696
lf,0.1,316,stencil,original,stencil_vs_original,7.609878135639292e-06,3.7419854038295294e-09,2033.6471991182489,7.617586109803069,203264.71991182488
lf,0.1,317,stencil,original,stencil_vs_original,6.108303924889924e-06,6.085068041464248e-09,1003.8185083991411,6.911566515384323,100281.85083991411
lf,0.1,318,stencil,original,stencil_vs_original,5.150104050244408e-05,7.120643267730098e-09,7232.638761141233,8.8863592224445,723163.8761141233
lf,0.1,319,stencil,original,stencil_vs_original,6.434272492583659e-06,4.87407703694126e-09,1320.1006967714043,7.185463298103713,131910.06967714042
lf,0.1,300,uniform,original,uniform_vs_original,3.652542666460201e-06,5.677359093264611e-09,643.3524120032199,6.4666926487546466,64235.241200321994
lf,0.1,301,uniform,original,uniform_vs_original,4.43692751667113e-06,6.998445272951571e-09,633.987599191423,6.452029394610954,63298.7599191423
lf,0.1,302,uniform,original,uniform_vs_original,4.410503937402055e-06,3.909354791276076e-09,1128.1922907699036,7.0283718880702475,112719.22907699036
lf,0.1,303,uniform,original,uniform_vs_original,5.678941193631992e-06,4.033180758984678e-09,1408.05521324108,7.249964749898772,140705.521324108
lf,0.1,304,uniform,original,uniform_vs_original,4.626257311235449e-06,4.625618403933385e-09,1000.1381236509957,6.907893393094939,99913.81236509957
lf,0.1,305,uniform,original,uniform_vs_original,3.9539577501024326e-06,4.608912975226365e-09,857.8937748131891,6.754480286244386,85689.37748131891
lf,0.1,306,uniform,original,uniform_vs_original,4.00016519375157e-06,6.66993158447704e-09,599.7310681658522,6.396481335012081,59873.10681658522
lf,0.1,307,uniform,original,uniform_vs_original,5.696657412457284e-06,5.494810611725298e-09,1036.7340778408757,6.943830741247166,103573.40778408757
lf,0.1,308,uniform,original,uniform_vs_original,4.760769640954621e-06,5.987645443697453e-09,795.0987889514681,6.678466369766381,79409.87889514682
lf,0.1,309,uniform,original,uniform_vs_original,4.157636587009961e-06,5.231385472384553e-09,794.7486586406794,6.678025912014313,79374.86586406795
lf,0.1,310,uniform,original,uniform_vs_original,5.555675129165216e-06,6.518174311062608e-09,852.3360781770068,6.747980907005463,85133.60781770069
lf,0.1,311,uniform,original,uniform_vs_original,6.141804643200466e-06,5.582690373352739e-09,1100.151402362647,7.003203087826648,109915.1402362647
lf,0.1,312,uniform,original,uniform_vs_original,4.626128376483685e-06,6.176340608659431e-09,749.0079756931964,6.618749631916061,74800.79756931963
lf,0.1,313,uniform,original,uniform_vs_original,4.982164452771443e-06,6.116580948331562e-09,814.5342136165864,6.702616432827887,81353.42136165863
lf,0.1,314,uniform,original,uniform_vs_original,2.2747844546922025e-06,3.8526764244151135e-09,590.4426440477789,6.380872499756085,58944.26440477789
lf,0.1,315,uniform,original,uniform_vs_original,3.872828434198228e-06,6.4754201566791245e-09,598.0814125556884,6.393726886081705,59708.141255568844
lf,0.1,316,uniform,original,uniform_vs_original,5.128695406697581e-06,3.7419854038295294e-09,1370.581350063231,7.222990271925942,136958.1350063231
lf,0.1,317,uniform,original,uniform_vs_original,6.996716356066912e-06,6.085068041464248e-09,1149.81727540113,7.047358317777252,114881.727540113
lf,0.1,318,uniform,original,uniform_vs_original,4.450162785218925e-06,7.120643267730098e-09,624.9663995086694,6.437697887505109,62396.63995086694
lf,0.1,319,uniform,original,uniform_vs_original,4.878929402707399e-06,4.87407703694126e-09,1000.9955455626496,6.908750329317956,99999.55455626495
lf,0.1,300,xcorr,original,xcorr_vs_original,6.000635768388385e-06,5.677359093264611e-09,1056.9413823950815,6.963134527752598,105594.13823950815
lf,0.1,301,xcorr,original,xcorr_vs_original,5.62299038331382e-06,6.998445272951571e-09,803.4627926642831,6.688930877527019,80246.27926642832
lf,0.1,302,xcorr,original,xcorr_vs_original,4.421654380193374e-06,3.909354791276076e-09,1131.0445370833368,7.030896853840663,113004.45370833368
lf,0.1,303,xcorr,original,xcorr_vs_original,5.387175901927499e-06,4.033180758984678e-09,1335.7139746158261,7.197221240319455,133471.39746158262
lf,0.1,304,xcorr,original,xcorr_vs_original,4.520726476719972e-06,4.625618403933385e-09,977.3236964112261,6.884817913864743,97632.36964112261
lf,0.1,305,xcorr,original,xcorr_vs_original,4.279111192051488e-06,4.608912975226365e-09,928.44261001507,6.833508569528763,92744.26100150701
lf,0.1,306,xcorr,original,xcorr_vs_original,4.059789923793744e-06,6.66993158447704e-09,608.6703997447455,6.41127690567404,60767.03997447455
lf,0.1,307,xcorr,original,xcorr_vs_original,5.944129567336809e-06,5.494810611725298e-09,1081.7715090403144,6.986355262466657,108077.15090403144
lf,0.1,308,xcorr,original,xcorr_vs_original,4.93060663142586e-06,5.987645443697453e-09,823.4633593102573,6.7135190547726316,82246.33593102572
lf,0.1,309,xcorr,original,xcorr_vs_original,4.299402572627287e-06,5.231385472384553e-09,821.8477868478591,6.711555203758307,82084.77868478591
lf,0.1,310,xcorr,original,xcorr_vs_original,5.340821500998683e-06,6.518174311062608e-09,819.3738378450959,6.708540436173826,81837.38378450958
lf,0.1,311,xcorr,original,xcorr_vs_original,6.175007177700032e-06,5.582690373352739e-09,1106.098809845256,7.008594517915636,110509.8809845256
lf,0.1,312,xcorr,original,xcorr_vs_original,7.546457504781223e-06,6.176340608659431e-09,1221.8331181737037,7.108107565899789,122083.31181737037
lf,0.1,313,xcorr,original,xcorr_vs_original,4.864937142246006e-06,6.116580948331562e-09,795.3687171544799,6.678805802297466,79436.871715448
lf,0.1,314,xcorr,original,xcorr_vs_original,4.109922314921022e-06,3.8526764244151135e-09,1066.770697086237,6.972391323882459,106577.0697086237
lf,0.1,315,xcorr,original,xcorr_vs_original,4.063698821582529e-06,6.4754201566791245e-09,627.557551982321,6.441835383106743,62655.7551982321
lf,0.1,316,xcorr,original,xcorr_vs_original,5.033404133936159e-06,3.7419854038295294e-09,1345.115918620366,7.204235473170095,134411.5918620366
lf,0.1,317,xcorr,original,xcorr_vs_original,6.715779246047049e-06,6.085068041464248e-09,1103.6489978887785,7.006377239589507,110264.89978887784
lf,0.1,318,xcorr,original,xcorr_vs_original,5.681458837614173e-06,7.120643267730098e-09,797.8856156664755,6.681965248412011,79688.56156664755
lf,0.1,319,xcorr,original,xcorr_vs_original,4.751524031121335e-06,4.87407703694126e-09,974.8561615068699,6.882289933455098,97385.61615068698
lf,0.25,300,acf,original,acf_vs_original,1.3519893302671449e-05,7.301392062133982e-09,1851.687073864649,7.523852434333899,185068.7073864649
lf,0.25,301,acf,original,acf_vs_original,1.2808360418892216e-05,4.214254460156719e-09,3039.2945039241654,8.01938069639003,303829.45039241656
lf,0.25,302,acf,original,acf_vs_original,1.131016019062514e-05,8.218917421642935e-09,1376.1131314985612,7.227018232772441,137511.3131498561
lf,0.25,303,acf,original,acf_vs_original,1.6361139142884173e-05,5.988555599328871e-09,2732.0676699933692,7.912813989781204,273106.76699933695
lf,0.25,304,acf,original,acf_vs_original,1.537619464819784e-05,3.581706519914518e-09,4292.980053699322,8.364736421975547,429198.00536993216
lf,0.25,305,acf,original,acf_vs_original,1.209102945465279e-05,2.9971707702497463e-09,4034.147661744772,8.302550322143881,403314.7661744772
lf,0.25,306,acf,original,acf_vs_original,1.3242805683599812e-05,6.035511913166092e-09,2194.1478824209526,7.6935490416726,219314.78824209527
lf,0.25,307,acf,original,acf_vs_original,1.6895670299721388e-05,6.955056855093011e-09,2429.2641529377465,7.795343672754958,242826.41529377465
lf,0.25,308,acf,original,acf_vs_original,1.3598298351347182e-05,4.043397814484928e-09,3363.0869321423456,8.120614560987605,336208.69321423455
lf,0.25,309,acf,original,acf_vs_original,1.292228219118563e-05,3.4953760216088763e-09,3696.964821895663,8.215267443580478,369596.4821895663
lf,0.25,310,acf,original,acf_vs_original,1.5345324479443256e-05,6.333596321017598e-09,2422.8453633081836,7.792697898436621,242184.53633081834
lf,0.25,311,acf,original,acf_vs_original,1.526446748023602e-05,6.3190572956520205e-09,2415.6241613348093,7.789712984592207,241462.41613348093
lf,0.25,312,acf,original,acf_vs_original,1.3689330976673908e-05,8.793469171569646e-09,1556.7611268750652,7.35036274122987,155576.1126875065
lf,0.25,313,acf,original,acf_vs_original,1.6626860392499054e-05,7.76903939098128e-09,2140.143659433676,7.668628236339225,213914.3659433676
lf,0.25,314,acf,original,acf_vs_original,1.0597534908118876e-05,3.7519251082709926e-09,2824.5592868463623,7.946107626754395,282355.92868463625
lf,0.25,315,acf,original,acf_vs_original,1.3085198575346624e-05,4.691244148355422e-09,2789.2810865394445,7.9335391665360175,278828.10865394445
lf,0.25,316,acf,original,acf_vs_original,1.3232793719453184e-05,9.550262448920764e-09,1385.5947718953596,7.233884764630844,138459.47718953597
lf,0.25,317,acf,original,acf_vs_original,2.083078576253783e-05,8.429748017679817e-09,2471.104203690212,7.812420375755144,247010.42036902122
lf,0.25,318,acf,original,acf_vs_original,1.4423970458921076e-05,6.519227321172272e-09,2212.527612294917,7.701890856937505,221152.7612294917
lf,0.25,319,acf,original,acf_vs_original,1.5008751973244472e-05,5.048833739973446e-09,2972.7166205562967,7.997231500781449,297171.66205562965
lf,0.25,300,frozen,original,frozen_vs_original,6.947033368565059e-06,7.301392062133982e-09,951.4669681406815,6.858004970569424,95046.69681406816
lf,0.25,301,frozen,original,frozen_vs_original,8.61315815736674e-06,4.214254460156719e-09,2043.815398144334,7.622573633225632,204281.5398144334
lf,0.25,302,frozen,original,frozen_vs_original,5.990299771552188e-06,8.218917421642935e-09,728.8429198446364,6.591458235326768,72784.29198446363
lf,0.25,303,frozen,original,frozen_vs_original,6.398900069815028e-06,5.988555599328871e-09,1068.5214428888569,6.974031142773895,106752.14428888568
lf,0.25,304,frozen,original,frozen_vs_original,6.41179995231056e-06,3.581706519914518e-09,1790.152240743495,7.490055945912886,178915.2240743495
lf,0.25,305,frozen,original,frozen_vs_original,6.720105350410677e-06,2.9971707702497463e-09,2242.1496356214325,7.715190343430572,224114.96356214324
lf,0.25,306,frozen,original,frozen_vs_original,6.476939657718006e-06,6.035511913166092e-09,1073.1384099481218,6.978342727739648,107213.84099481217
lf,0.25,307,frozen,original,frozen_vs_original,8.765682463884872e-06,6.955056855093011e-09,1260.332251269231,7.139130656668551,125933.22512692309
lf,0.25,308,frozen,original,frozen_vs_original,7.526830101411974e-06,4.043397814484928e-09,1861.5111465035964,7.529143881209749,186051.11465035964
lf,0.25,309,frozen,original,frozen_vs_original,7.44746497360893e-06,3.4953760216088763e-09,2130.662031085559,7.66418802312743,212966.20310855593
lf,0.25,310,frozen,original,frozen_vs_original,7.804835415292644e-06,6.333596321017598e-09,1232.291263873708,7.116630531633635,123129.1263873708
lf,0.25,311,frozen,original,frozen_vs_original,9.051539553439625e-06,6.3190572956520205e-09,1432.4192881852416,7.267120103675366,143141.92881852417
lf,0.25,312,frozen,original,frozen_vs_original,8.139044736621415e-06,8.793469171569646e-09,925.5783556887804,6.830418791518739,92457.83556887804
lf,0.25,313,frozen,original,frozen_vs_original,9.42011139493104e-06,7.76903939098128e-09,1212.5194532887056,7.100455666632383,121151.94532887056
lf,0.25,314,frozen,original,frozen_vs_original,2.555215340482864e-06,3.7519251082709926e-09,681.041136682067,6.5236227106130364,68004.1136682067
lf,0.25,315,frozen,original,frozen_vs_original,7.845979709486528e-06,4.691244148355422e-09,1672.4731140324554,7.422058716556257,167147.31140324555
lf,0.25,316,frozen,original,frozen_vs_original,5.400077675687953e-06,9.550262448920764e-09,565.437620648655,6.337599981158158,56443.7620648655
lf,0.25,317,frozen,original,frozen_vs_original,5.512149382269627e-06,8.429748017679817e-09,653.8925446773648,6.482943033183019,65289.25446773648
lf,0.25,318,frozen,original,frozen_vs_original,7.97806477681462e-06,6.519227321172272e-09,1223.774595327353,7.109695291969495,122277.45953273529
lf,0.25,319,frozen,original,frozen_vs_original,5.675194319598731e-06,5.048833739973446e-09,1124.0604487856594,7.024702809065957,112306.04487856594
lf,0.25,300,identity,original,identity_vs_original,7.26210654136139e-05,7.301392062133982e-09,9946.194478479889,9.204945292520064,994519.4478479889
lf,0.25,301,identity,original,identity_vs_original,1.1368798610078557e-05,4.214254460156719e-09,2697.7010329024547,7.90015521999115,269670.10329024546
lf,0.25,302,identity,original,identity_vs_original,1.5033210658543794e-05,8.218917421642935e-09,1829.0986376084923,7.511578576739053,182809.86376084923
lf,0.25,303,identity,original,identity_vs_original,1.1857951417226786e-05,5.988555599328871e-09,1980.1020831393284,7.590903679500633,197910.20831393285
lf,0.25,304,identity,original,identity_vs_original,1.0726294231488964e-05,3.581706519914518e-09,2994.7440338425495,8.004614042403945,299374.40338425495
lf,0.25,305,identity,original,identity_vs_original,8.278906662440022e-06,2.9971707702497463e-09,2762.2405585351958,7.923797425953302,276124.0558535196
lf,0.25,306,identity,original,identity_vs_original,1.208485896597722e-05,6.035511913166092e-09,2002.2922893441494,7.602047947891798,200129.22893441495
lf,0.25,307,identity,original,identity_vs_original,1.4281742926058882e-05,6.955056855093011e-09,2053.4329515366544,7.627268282041384,205243.29515366544
lf,0.25,308,identity,original,identity_vs_original,1.1286867248827548e-05,4.043397814484928e-09,2791.4313076971716,7.934309756780499,279043.13076971716
lf,0.25,309,identity,original,identity_vs_original,1.0154166806941587e-05,3.4953760216088763e-09,2905.028455927828,7.974198464738149,290402.8455927828
lf,0.25,310,identity,original,identity_vs_original,1.2035897853479582e-05,6.333596321017598e-09,1900.3260143907962,7.54978073695672,189932.60143907962
lf,0.25,311,identity,original,identity_vs_original,1.949912234522344e-05,6.3190572956520205e-09,3085.7644475925676,8.034554700649071,308476.4447592568
lf,0.25,312,identity,original,identity_vs_original,8.077189286836983e-05,8.793469171569646e-09,9185.441069096503,9.125375017083808,918444.1069096504
lf,0.25,313,identity,original,identity_vs_original,1.4758850866769537e-05,7.76903939098128e-09,1899.7008669955267,7.549451714336395,189870.08669955266
lf,0.25,314,identity,original,identity_vs_original,0.0003299634795439,3.7519251082709926e-09,87945.11351426141,11.384468188807094,8794411.351426141
lf,0.25,315,identity,original,identity_vs_original,1.0626252276324522e-05,4.691244148355422e-09,2265.124546981784,7.725385024035297,226412.4546981784
lf,0.25,316,identity,original,identity_vs_original,1.0904956262436372e-05,9.550262448920764e-09,1141.8488571137327,7.040404032169566,114084.88571137327
lf,0.25,317,identity,original,identity_vs_original,1.4821019636457322e-05,8.429748017679817e-09,1758.1806247794134,7.472034817437927,175718.06247794133
lf,0.25,318,identity,original,identity_vs_original,1.355410654113598e-05,6.519227321172272e-09,2079.0970882571883,7.639688986266032,207809.70882571882
lf,0.25,319,identity,original,identity_vs_original,1.2570051099558556e-05,5.048833739973446e-09,2489.6940059714993,7.819915092739188,248869.40059714994
lf,0.25,300,random,original,random_vs_original,1.2417914534657015e-05,7.301392062133982e-09,1700.7598590764655,7.438830406107657,169975.98590764657
lf,0.25,301,random,original,random_vs_original,1.3239688272881356e-05,4.214254460156719e-09,3141.6442452763044,8.052501586840556,314064.42452763044
lf,0.25,302,random,original,random_vs_original,1.137769398917854e-05,8.218917421642935e-09,1384.3300042433298,7.232971550127099,138333.00042433297
lf,0.25,303,random,original,random_vs_original,1.564750749025179e-05,5.988555599328871e-09,2612.9017641591877,7.868216669773407,261190.17641591877
lf,0.25,304,random,original,random_vs_original,1.6629976538506952e-05,3.581706519914518e-09,4643.031595705347,8.443122793016226,464203.1595705347
lf,0.25,305,random,original,random_vs_original,1.2400929896738688e-05,2.9971707702497463e-09,4137.5453210179785,8.327857973345685,413654.5321017979
lf,0.25,306,random,original,random_vs_original,1.2152197178316726e-05,6.035511913166092e-09,2013.449290325725,7.6076045951348945,201244.92903257252
lf,0.25,307,random,original,random_vs_original,1.9352285272611347e-05,6.955056855093011e-09,2782.4769338068263,7.93109679337835,278147.6933806826
lf,0.25,308,random,original,random_vs_original,1.4714744681398884e-05,4.043397814484928e-09,3639.202808263212,8.199519927925977,363820.28082632116
lf,0.25,309,random,original,random_vs_original,1.4399189988578698e-05,3.4953760216088763e-09,4119.496700658528,8.32348627484709,411849.6700658528
lf,0.25,310,random,original,random_vs_original,1.690850935887056e-05,6.333596321017598e-09,2669.653779916609,7.889704072543139,266865.3779916609
lf,0.25,311,random,original,random_vs_original,1.4744582575776375e-05,6.3190572956520205e-09,2333.351619698359,7.755060976352214,233235.16196983593
lf,0.25,312,random,original,random_vs_original,1.0491088849873265e-05,8.793469171569646e-09,1193.0546005428926,7.0842721884797,119205.46005428926
lf,0.25,313,random,original,random_vs_original,1.8113758693427684e-05,7.76903939098128e-09,2331.5313234806235,7.754280551062964,233053.13234806235
lf,0.25,314,random,original,random_vs_original,6.255157900869612e-06,3.7519251082709926e-09,1667.1862364950534,7.418892596063751,166618.62364950535
lf,0.25,315,random,original,random_vs_original,1.296476631496013e-05,4.691244148355422e-09,2763.6093763112076,7.924292849397713,276260.9376311208
lf,0.25,316,random,original,random_vs_original,1.4271498692153273e-05,9.550262448920764e-09,1494.3567015549438,7.309451093255943,149335.6701554944
lf,0.25,317,random,original,random_vs_original,2.4205676762312223e-05,8.429748017679817e-09,2871.4591126028145,7.962575581165125,287045.91126028146
lf,0.25,318,random,original,random_vs_original,1.4841236075202602e-05,6.519227321172272e-09,2276.5329914180516,7.730408946836772,227553.29914180515
lf,0.25,319,random,original,random_vs_original,1.6754699676435614e-05,5.048833739973446e-09,3318.5287017440455,8.107276801559891,331752.8701744045
lf,0.25,300,stencil,frozen,stencil_vs_frozen,7.342709309909878e-05,6.947033368565059e-06,10.56956102029858,2.3579782683005717,956.9561020298581
lf,0.25,301,stencil,frozen,stencil_vs_frozen,1.098806912125383e-05,8.61315815736674e-06,1.2757305648516222,0.2435190065536195,27.57305648516222
lf,0.25,302,stencil,frozen,stencil_vs_frozen,1.534167071071124e-05,5.990299771552188e-06,2.561085637745297,0.9404312458403873,156.10856377452967
lf,0.25,303,stencil,frozen,stencil_vs_frozen,1.1154630858989378e-05,6.398900069815028e-06,1.7432106670345024,0.5557286238554011,74.32106670345024
lf,0.25,304,stencil,frozen,stencil_vs_frozen,1.0199193985371837e-05,6.41179995231056e-06,1.5906912351026248,0.4641686608187497,59.06912351026248
lf,0.25,305,stencil,frozen,stencil_vs_frozen,7.894282759934867e-06,6.720105350410677e-06,1.1747260419737966,0.16103496464410919,17.47260419737966
lf,0.25,306,stencil,frozen,stencil_vs_frozen,1.118725526794151e-05,6.476939657718006e-06,1.727244016332718,0.5465270841067577,72.72440163327181
lf,0.25,307,stencil,frozen,stencil_vs_frozen,1.412068056794169e-05,8.765682463884872e-06,1.6109048697713757,0.47679605203004843,61.09048697713757
lf,0.25,308,stencil,frozen,stencil_vs_frozen,1.0849455648553883e-05,7.526830101411974e-06,1.441437564336494,0.36564092417631816,44.14375643364941
lf,0.25,309,stencil,frozen,stencil_vs_frozen,9.912694055813631e-06,7.44746497360893e-06,1.3310158679417177,0.28594246116138256,33.101586794171766
lf,0.25,310,stencil,frozen,stencil_vs_frozen,1.1695357173380216e-05,7.804835415292644e-06,1.4984758231370978,0.4044484736017817,49.84758231370978
lf,0.25,311,stencil,frozen,stencil_vs_frozen,1.9794801858097344e-05,9.051539553439625e-06,2.1868988961745446,0.7824845111676464,118.68988961745445
lf,0.25,312,stencil,frozen,stencil_vs_frozen,8.132865553989177e-05,8.139044736621415e-06,9.992407975589034,2.3018256022128276,899.2407975589034
lf,0.25,313,stencil,frozen,stencil_vs_frozen,1.4299203769496671e-05,9.42011139493104e-06,1.5179442333549336,0.4173569413782874,51.794423335493356
lf,0.25,314,stencil,frozen,stencil_vs_frozen,0.000322336089539,2.555215340482864e-06,126.1483071239262,4.837458255448282,12514.83071239262
lf,0.25,315,stencil,frozen,stencil_vs_frozen,1.0192687209809035e-05,7.845979709486528e-06,1.2990968097311184,0.2616692612634121,29.90968097311184
lf,0.25,316,stencil,frozen,stencil_vs_frozen,1.085181733628815e-05,5.400077675687953e-06,2.009566896629068,0.6979192245391626,100.95668966290678
lf,0.25,317,stencil,frozen,stencil_vs_frozen,1.4408077404937105e-05,5.512149382269627e-06,2.613876440156377,0.9608343455907223,161.3876440156377
lf,0.25,318,stencil,frozen,stencil_vs_frozen,1.347753312330724e-05,7.97806477681462e-06,1.689323601692838,0.5243282131345917,68.9323601692838
lf,0.25,319,stencil,frozen,stencil_vs_frozen,1.2019890840875291e-05,5.675194319598731e-06,2.1179699167948787,0.7504580434876339,111.79699167948786
lf,0.25,300,stencil,original,stencil_vs_original,7.342709309909878e-05,7.301392062133982e-09,10056.588178561418,9.215983238869995,1005558.8178561418
lf,0.25,301,stencil,original,stencil_vs_original,1.098806912125383e-05,4.214254460156719e-09,2607.3577723271146,7.866092639779252,260635.77723271147
lf,0.25,302,stencil,original,stencil_vs_original,1.534167071071124e-05,8.218917421642935e-09,1866.629134186445,7.5318894811671555,186562.91341864452
lf,0.25,303,stencil,original,stencil_vs_original,1.1154630858989378e-05,5.988555599328871e-09,1862.657977198953,7.529759766629296,186165.7977198953
lf,0.25,304,stencil,original,stencil_vs_original,1.0199193985371837e-05,3.581706519914518e-09,2847.5794788500016,7.954224606731636,284657.94788500015
lf,0.25,305,stencil,original,stencil_vs_original,7.894282759934867e-06,2.9971707702497463e-09,2633.9115669665557,7.876225308074681,263291.15669665555
lf,0.25,306,stencil,original,stencil_vs_original,1.118725526794151e-05,6.035511913166092e-09,1853.5718972797008,7.524869811846405,185257.18972797008
lf,0.25,307,stencil,original,stencil_vs_original,1.412068056794169e-05,6.955056855093011e-09,2030.2753610995253,7.6159267086986,202927.53610995252
lf,0.25,308,stencil,original,stencil_vs_original,1.0849455648553883e-05,4.043397814484928e-09,2683.252093001379,7.894784805386068,268225.2093001379
lf,0.25,309,stencil,original,stencil_vs_original,9.912694055813631e-06,3.4953760216088763e-09,2835.944972595809,7.950130484288812,283494.4972595809
lf,0.25,310,stencil,original,stencil_vs_original,1.1695357173380216e-05,6.333596321017598e-09,1846.5586659778091,7.521079005235416,184555.8665977809
lf,0.25,311,stencil,original,stencil_vs_original,1.9794801858097344e-05,6.3190572956520205e-09,3132.5561601914314,8.049604614843012,313155.61601914314
lf,0.25,312,stencil,original,stencil_vs_original,8.132865553989177e-05,8.793469171569646e-09,9248.756543417152,9.132244393731566,924775.6543417152
lf,0.25,313,stencil,original,stencil_vs_original,1.4299203769496671e-05,7.76903939098128e-09,1840.5369119502673,7.51781260801067,183953.69119502674
lf,0.25,314,stencil,original,stencil_vs_original,0.000322336089539,3.7519251082709926e-09,85912.1864741972,11.36108096606132,8591118.647419719
lf,0.25,315,stencil,original,stencil_vs_original,1.0192687209809035e-05,4.691244148355422e-09,2172.704486800632,7.683727977819669,217170.4486800632
lf,0.25,316,stencil,original,stencil_vs_original,1.085181733628815e-05,9.550262448920764e-09,1136.2847245642415,7.03551920569732,113528.47245642415
lf,0.25,317,stencil,original,stencil_vs_original,1.4408077404937105e-05,8.429748017679817e-09,1709.194316926065,7.443777378773741,170819.4316926065
lf,0.25,318,stencil,original,stencil_vs_original,1.347753312330724e-05,6.519227321172272e-09,2067.351307038599,7.6340235051040874,206635.13070385988
lf,0.25,319,stencil,original,stencil_vs_original,1.2019890840875291e-05,5.048833739973446e-09,2380.726215186977,7.775160852553591,237972.62151869768
lf,0.25,300,uniform,original,uniform_vs_original,1.134029743232734e-05,7.301392062133982e-09,1553.1692225020586,7.3480527821204005,155216.92225020585
lf,0.25,301,uniform,original,uniform_vs_original,1.3123788718094607e-05,4.214254460156719e-09,3114.1424520451387,8.043709097026877,311314.2452045139
lf,0.25,302,uniform,original,uniform_vs_original,1.1318773158297546e-05,8.218917421642935e-09,1377.161075799562,7.227779467776806,137616.1075799562
lf,0.25,303,uniform,original,uniform_vs_original,1.7532017323990123e-05,5.988555599328871e-09,2927.5869670400843,7.981933801961487,292658.69670400844
lf,0.25,304,uniform,original,uniform_vs_original,1.6268717699663426e-05,3.581706519914518e-09,4542.169384679708,8.421160014942332,454116.9384679708
lf,0.25,305,uniform,original,uniform_vs_original,1.295064722872663e-05,2.9971707702497463e-09,4320.957403320562,8.371232277822838,431995.7403320562
lf,0.25,306,uniform,original,uniform_vs_original,1.4293677343069078e-05,6.035511913166092e-09,2368.2626343406455,7.769911899626094,236726.26343406455
lf,0.25,307,uniform,original,uniform_vs_original,1.798635733274434e-05,6.955056855093011e-09,2586.0834364816715,7.85789982349873,258508.34364816715
lf,0.25,308,uniform,original,uniform_vs_original,1.4301294738228164e-05,4.043397814484928e-09,3536.9497126885963,8.17101997160048,353594.97126885963
lf,0.25,309,uniform,original,uniform_vs_original,1.3688208087669906e-05,3.4953760216088763e-09,3916.090287009923,8.272849059311564,391509.0287009923
lf,0.25,310,uniform,original,uniform_vs_original,1.6123824704061818e-05,6.333596321017598e-09,2545.7613473969013,7.842185038430391,254476.13473969014
lf,0.25,311,uniform,original,uniform_vs_original,1.5748273168858518e-05,6.3190572956520205e-09,2492.187114634092,7.820915963217772,249118.71146340918
lf,0.25,312,uniform,original,uniform_vs_original,1.134076437681042e-05,8.793469171569646e-09,1289.6803474874841,7.162149674004686,128868.03474874841
lf,0.25,313,uniform,original,uniform_vs_original,1.7220558041319833e-05,7.76903939098128e-09,2216.5620708926235,7.703712657805014,221556.20708926235
lf,0.25,314,uniform,original,uniform_vs_original,5.905339824863187e-06,3.7519251082709926e-09,1573.9492805560176,7.3613432051773655,157294.92805560175
lf,0.25,315,uniform,original,uniform_vs_original,1.4139703249038682e-05,4.691244148355422e-09,3014.0625390378673,8.01104412848606,301306.2539037867
lf,0.25,316,uniform,original,uniform_vs_original,1.3993951235136136e-05,9.550262448920764e-09,1465.294939273374,7.289811824924356,146429.4939273374
lf,0.25,317,uniform,original,uniform_vs_original,2.259289641859397e-05,8.429748017679817e-09,2680.138999553676,7.893623937665037,267913.8999553676
lf,0.25,318,uniform,original,uniform_vs_original,1.4813474763730738e-05,6.519227321172272e-09,2272.2746169046018,7.7285366426533,227127.4616904602
lf,0.25,319,uniform,original,uniform_vs_original,1.641416245423688e-05,5.048833739973446e-09,3251.0800116628934,8.086742531401509,325008.0011662893
lf,0.25,300,xcorr,original,xcorr_vs_original,1.3409382827678227e-05,7.301392062133982e-09,1836.5515388799788,7.515644928508733,183555.15388799788
lf,0.25,301,xcorr,original,xcorr_vs_original,1.2835932073518295e-05,4.214254460156719e-09,3045.8369789661338,8.021531012313794,304483.6978966134
lf,0.25,302,xcorr,original,xcorr_vs_original,1.1327433932173392e-05,8.218917421642935e-09,1378.2148367064472,7.228544344143385,137721.48367064472
lf,0.25,303,xcorr,original,xcorr_vs_original,1.641087716863776e-05,5.988555599328871e-09,2740.3731828885257,7.91584938824249,273937.3182888526
lf,0.25,304,xcorr,original,xcorr_vs_original,1.541070195476557e-05,3.581706519914518e-09,4302.614373645936,8.36697811079941,430161.4373645936
lf,0.25,305,xcorr,original,xcorr_vs_original,1.2129106720881744e-05,2.9971707702497463e-09,4046.8520650463497,8.30569458998149,404585.206504635
lf,0.25,306,xcorr,original,xcorr_vs_original,1.3274620576098071e-05,6.035511913166092e-09,2199.419165612169,7.695948588857313,219841.91656121687
lf,0.25,307,xcorr,original,xcorr_vs_original,1.6927832450441826e-05,6.955056855093011e-09,2433.8884358718083,7.7972454367828545,243288.84358718083
lf,0.25,308,xcorr,original,xcorr_vs_original,1.3628822153499698e-05,4.043397814484928e-09,3370.635979639767,8.122856723535403,336963.5979639767
lf,0.25,309,xcorr,original,xcorr_vs_original,1.2956243104378372e-05,3.4953760216088763e-09,3706.680776054183,8.217892085618656,370568.0776054183
lf,0.25,310,xcorr,original,xcorr_vs_original,1.538058752448279e-05,6.333596321017598e-09,2428.4129813331147,7.794993228874142,242741.29813331147
lf,0.25,311,xcorr,original,xcorr_vs_original,1.5282258930326975e-05,6.3190572956520205e-09,2418.4396841665452,7.790877852595647,241743.96841665453
lf,0.25,312,xcorr,original,xcorr_vs_original,1.3606136781585398e-05,8.793469171569646e-09,1547.300219755781,7.344266897520939,154630.0219755781
lf,0.25,313,xcorr,original,xcorr_vs_original,1.6668213410397925e-05,7.76903939098128e-09,2145.4664562194503,7.67111226982763,214446.64562194503
lf,0.25,314,xcorr,original,xcorr_vs_original,1.0378075104566786e-05,3.7519251082709926e-09,2766.066700448969,7.925181626340669,276506.6700448969
lf,0.25,315,xcorr,original,xcorr_vs_original,1.3127918348843082e-05,4.691244148355422e-09,2798.3873645640992,7.936798589018331,279738.7364564099
lf,0.25,316,xcorr,original,xcorr_vs_original,1.325681423747227e-05,9.550262448920764e-09,1388.1099402635127,7.235698345612633,138710.99402635128
lf,0.25,317,xcorr,original,xcorr_vs_original,2.088717575321475e-05,8.429748017679817e-09,2477.7936077576474,7.815123768872696,247679.36077576474
lf,0.25,318,xcorr,original,xcorr_vs_original,1.4468711381887545e-05,6.519227321172272e-09,2219.390530362088,7.704987901301521,221839.05303620882
lf,0.25,319,xcorr,original,xcorr_vs_original,1.5055021433285631e-05,5.048833739973446e-09,2981.8810063182655,8.000309590544013,298088.10063182656
lf,0.4,300,acf,original,acf_vs_original,4.1592621257802165e-05,7.822947237917655e-09,5316.745721638468,8.578616688708028,531574.5721638468
lf,0.4,301,acf,original,acf_vs_original,3.015491680713467e-05,1.4579576101958482e-08,2068.2985977269905,7.634481614821675,206729.85977269904
lf,0.4,302,acf,original,acf_vs_original,2.4511183397413205e-05,9.062450533059431e-09,2704.6970692968152,7.902745195839942,270369.70692968153
lf,0.4,303,acf,original,acf_vs_original,3.204199283679543e-05,9.886405458181537e-09,3241.0154501886163,8.08364197023559,324001.54501886165
lf,0.4,304,acf,original,acf_vs_original,3.05910748927829e-05,7.920259201960045e-09,3862.38304994014,8.259039642414953,386138.30499401403
lf,0.4,305,acf,original,acf_vs_original,2.6704951864076065e-05,4.826626271402234e-09,5532.840199852004,8.618456561196382,553184.0199852004
lf,0.4,306,acf,original,acf_vs_original,2.870857038961283e-05,8.399421013750852e-09,3417.922538067027,8.136788200477541,341692.2538067027
lf,0.4,307,acf,original,acf_vs_original,3.700673465623083e-05,9.464117184387888e-09,3910.215177521,8.27134768407924,390921.5177521
lf,0.4,308,acf,original,acf_vs_original,2.688656297777925e-05,7.670975153695192e-09,3504.9732842411436,8.161938177254518,350397.3284241144
lf,0.4,309,acf,original,acf_vs_original,2.909001294071345e-05,1.0743988046457709e-08,2707.561923461412,7.9038038496981535,270656.1923461412
lf,0.4,310,acf,original,acf_vs_original,3.258993950883138e-05,9.547737888498942e-09,3413.367636337055,8.135454659583013,341236.7636337055
lf,0.4,311,acf,original,acf_vs_original,3.2724164896080765e-05,1.173744478000227e-08,2788.014385536,7.9330849316719805,278701.4385536
lf,0.4,312,acf,original,acf_vs_original,3.096217823284064e-05,9.665683614601406e-09,3203.3097158350824,8.071939840480834,320230.97158350825
lf,0.4,313,acf,original,acf_vs_original,3.553175737192049e-05,3.228711439873244e-08,1100.4934331733105,7.0035139338186,109949.34331733105
lf,0.4,314,acf,original,acf_vs_original,1.9498680833063275e-05,5.3691337487116195e-09,3631.62508993973,8.19743551025767,363062.508993973
lf,0.4,315,acf,original,acf_vs_original,2.8175730470536564e-05,8.510811545098251e-09,3310.58093828481,8.104878963026854,330958.09382848104
lf,0.4,316,acf,original,acf_vs_original,2.741545178253091e-05,3.40157504385985e-08,805.9634560177725,6.692038401550421,80496.34560177726
lf,0.4,317,acf,original,acf_vs_original,4.192379538991986e-05,3.717381594214864e-08,1127.7775586763362,7.028004212856555,112677.75586763362
lf,0.4,318,acf,original,acf_vs_original,3.185539490546674e-05,8.39758292764392e-09,3793.4004558147653,8.241018113710167,379240.04558147653
lf,0.4,319,acf,original,acf_vs_original,3.373069116041627e-05,7.827003309368585e-09,4309.528158758038,8.368583701178657,430852.8158758038
lf,0.4,300,frozen,original,frozen_vs_original,8.575163825241816e-06,7.822947237917655e-09,1096.155140057469,6.9995640086378685,109515.5140057469
lf,0.4,301,frozen,original,frozen_vs_original,2.2274891700035937e-05,1.4579576101958482e-08,1527.814769391254,7.331593738157832,152681.4769391254
lf,0.4,302,frozen,original,frozen_vs_original,1.2557324108430912e-05,9.062450533059431e-09,1385.6433271136027,7.233919806887419,138464.33271136027
lf,0.4,303,frozen,original,frozen_vs_original,2.1988673651662797e-05,9.886405458181537e-09,2224.1322940549617,7.70712213833827,222313.22940549615
lf,0.4,304,frozen,original,frozen_vs_original,1.1195996989954438e-05,7.920259201960045e-09,1413.5897202939695,7.253887648974214,141258.97202939694
lf,0.4,305,frozen,original,frozen_vs_original,1.6527911377295368e-05,4.826626271402234e-09,3424.3196899712875,8.138658100301324,342331.9689971288
lf,0.4,306,frozen,original,frozen_vs_original,1.9015149263168496e-05,8.399421013750852e-09,2263.8642868405373,7.724828493551334,226286.42868405374
lf,0.4,307,frozen,original,frozen_vs_original,2.6742750410591043e-05,9.464117184387888e-09,2825.6994170260464,7.94651119418552,282469.94170260464
lf,0.4,308,frozen,original,frozen_vs_original,1.9822062647278926e-05,7.670975153695192e-09,2584.0342655432046,7.857107125473705,258303.42655432047
lf,0.4,309,frozen,original,frozen_vs_original,2.1472843009462395e-05,1.0743988046457709e-08,1998.5914835917924,7.6001979532316755,199759.14835917923
lf,0.4,310,frozen,original,frozen_vs_original,2.2819196912937656e-05,9.547737888498942e-09,2390.0108255407085,7.779053174430239,238901.08255407086
lf,0.4,311,frozen,original,frozen_vs_original,2.343214882216671e-05,1.173744478000227e-08,1996.3585994533792,7.599080099779435,199535.85994533793
lf,0.4,312,frozen,original,frozen_vs_original,2.5562614200058675e-05,9.665683614601406e-09,2644.6773160920216,7.880304339153297,264367.73160920216
lf,0.4,313,frozen,original,frozen_vs_original,2.328658324124433e-05,3.228711439873244e-08,721.2345753065667,6.580964431536871,72023.45753065667
lf,0.4,314,frozen,original,frozen_vs_original,1.2109861017073342e-05,5.3691337487116195e-09,2255.458996524203,7.721108777354543,225445.8996524203
lf,0.4,315,frozen,original,frozen_vs_original,1.9795329471605783e-05,8.510811545098251e-09,2325.903865537568,7.751864001845108,232490.3865537568
lf,0.4,316,frozen,original,frozen_vs_original,1.784941116511618e-05,3.40157504385985e-08,524.7395966564364,6.262902133171081,52373.95966564365
lf,0.4,317,frozen,original,frozen_vs_original,2.359910901361673e-05,3.717381594214864e-08,634.8314913470974,6.453359595719058,63383.14913470974
lf,0.4,318,frozen,original,frozen_vs_original,2.1388920799836345e-05,8.39758292764392e-09,2547.0329955809507,7.842684429579861,254603.29955809508
lf,0.4,319,frozen,original,frozen_vs_original,1.9049218503486287e-05,7.827003309368585e-09,2433.7818384061743,7.797201638637276,243278.18384061742
lf,0.4,300,identity,original,identity_vs_original,0.0005987831830225,7.822947237917655e-09,76541.89205319076,11.245593478470228,7654089.205319077
lf,0.4,301,identity,original,identity_vs_original,2.7161187247770613e-05,1.4579576101958482e-08,1862.9613822669396,7.529922641598199,186196.13822669396
lf,0.4,302,identity,original,identity_vs_original,8.320030065078754e-05,9.062450533059431e-09,9180.772942955817,9.1248666786491,917977.2942955816
lf,0.4,303,identity,original,identity_vs_original,4.109123381113022e-05,9.886405458181537e-09,4156.337101987356,8.33238946105371,415533.7101987356
lf,0.4,304,identity,original,identity_vs_original,3.0445609553453323e-05,7.920259201960045e-09,3844.0168152475208,8.254273144494643,384301.68152475206
lf,0.4,305,identity,original,identity_vs_original,1.882778038009292e-05,4.826626271402234e-09,3900.8158745680275,8.268941008845948,389981.5874568028
lf,0.4,306,identity,original,identity_vs_original,2.576699225009804e-05,8.399421013750852e-09,3067.710525274826,8.028686805126513,306671.0525274826
lf,0.4,307,identity,original,identity_vs_original,3.29544739727794e-05,9.464117184387888e-09,3482.0441601400985,8.155374802654405,348104.41601400985
lf,0.4,308,identity,original,identity_vs_original,2.4076990200683213e-05,7.670975153695192e-09,3138.7130994792838,8.051568153964386,313771.30994792836
lf,0.4,309,identity,original,identity_vs_original,2.4891247306868536e-05,1.0743988046457709e-08,2316.7605175319586,7.747925160235047,231576.05175319588
lf,0.4,310,identity,original,identity_vs_original,2.6047334539924805e-05,9.547737888498942e-09,2728.1157949780986,7.91136646490199,272711.5794978099
lf,0.4,311,identity,original,identity_vs_original,4.044256183988182e-05,1.173744478000227e-08,3445.6018833661337,8.144853880340092,344460.18833661336
lf,0.4,312,identity,original,identity_vs_original,4.465004121811944e-05,9.665683614601406e-09,4619.439555280822,8.438028668336553,461843.9555280822
lf,0.4,313,identity,original,identity_vs_original,3.921986164812097e-05,3.228711439873244e-08,1214.7217977974735,7.102270356550133,121372.17977974736
lf,0.4,314,identity,original,identity_vs_original,2.093003968184348e-05,5.3691337487116195e-09,3898.2153660943654,8.26827412895028,389721.53660943656
lf,0.4,315,identity,original,identity_vs_original,2.4824894659047917e-05,8.510811545098251e-09,2916.8657451175336,7.97826494382312,291586.57451175334
lf,0.4,316,identity,original,identity_vs_original,3.3862311170196335e-05,3.40157504385985e-08,995.4891699749757,6.903234244464638,99448.91699749757
lf,0.4,317,identity,original,identity_vs_original,3.4867202025168353e-05,3.717381594214864e-08,937.9505746579815,6.843697255355659,93695.05746579815
lf,0.4,318,identity,original,identity_vs_original,3.1763427045916615e-05,8.39758292764392e-09,3782.4487497890495,8.238126896275027,378144.87497890496
lf,0.4,319,identity,original,identity_vs_original,2.85053988262618e-05,7.827003309368585e-09,3641.9300848055177,8.200269063180038,364093.00848055177
lf,0.4,300,random,original,random_vs_original,3.967086232659067e-05,7.822947237917655e-09,5071.089081913638,8.531310882573012,507008.90819136385
lf,0.4,301,random,original,random_vs_original,3.129031821913486e-05,1.4579576101958482e-08,2146.174758464453,7.6714423543878265,214517.4758464453
lf,0.4,302,random,original,random_vs_original,2.257504538460964e-05,9.062450533059431e-09,2491.0530879321045,7.820460826930751,249005.30879321045
lf,0.4,303,random,original,random_vs_original,3.308560012182937e-05,9.886405458181537e-09,3346.5752807507247,8.115692797656191,334557.52807507245
lf,0.4,304,random,original,random_vs_original,3.0378191567148605e-05,7.920259201960045e-09,3835.504721819059,8.25205631448165,383450.4721819059
lf,0.4,305,random,original,random_vs_original,2.7014986322626555e-05,4.826626271402234e-09,5597.074395979316,8.629999310920104,559607.4395979316
lf,0.4,306,random,original,random_vs_original,3.057262302519348e-05,8.399421013750852e-09,3639.8488628135747,8.199697438563696,363884.8862813575
lf,0.4,307,random,original,random_vs_original,4.059178321424994e-05,9.464117184387888e-09,4289.019506352964,8.3638134325021,428801.95063529635
lf,0.4,308,random,original,random_vs_original,2.656850438897962e-05,7.670975153695192e-09,3463.510682364977,8.150038001726701,346251.0682364977
lf,0.4,309,random,original,random_vs_original,2.9816872601173827e-05,1.0743988046457709e-08,2775.2146104634253,7.928483360294113,277421.4610463425
lf,0.4,310,random,original,random_vs_original,3.28506023983266e-05,9.547737888498942e-09,3440.668646538562,8.143421105473035,343966.8646538562
lf,0.4,311,random,original,random_vs_original,3.274999634950149e-05,1.173744478000227e-08,2790.215158694459,7.93387398965362,278921.5158694459
lf,0.4,312,random,original,random_vs_original,3.1218128302867854e-05,9.665683614601406e-09,3229.790002199987,8.080172399304383,322879.0002199987
lf,0.4,313,random,original,random_vs_original,3.945027951246516e-05,3.228711439873244e-08,1221.8583248187065,7.10812819587341,122085.83248187065
lf,0.4,314,random,original,random_vs_original,1.92978475910266e-05,5.3691337487116195e-09,3594.2199420264624,8.1870822624734,359321.99420264625
lf,0.4,315,random,original,random_vs_original,3.068558159480261e-05,8.510811545098251e-09,3605.482442209143,8.190210866620687,360448.24422091426
lf,0.4,316,random,original,random_vs_original,2.819643063034505e-05,3.40157504385985e-08,828.9227862616805,6.720127009979182,82792.27862616804
lf,0.4,317,random,original,random_vs_original,4.458051553601905e-05,3.717381594214864e-08,1199.2450709229583,7.089447530240692,119824.50709229584
lf,0.4,318,random,original,random_vs_original,3.3458075691328304e-05,8.39758292764392e-09,3984.250703995788,8.29010454443441,398325.07039957884
lf,0.4,319,random,original,random_vs_original,3.63693336247195e-05,7.827003309368585e-09,4646.648555927782,8.443901498062292,464564.8555927782
lf,0.4,300,stencil,frozen,stencil_vs_frozen,0.000607185731269,8.575163825241816e-06,70.80747885908495,4.259964628723733,6980.747885908495
lf,0.4,301,stencil,frozen,stencil_vs_frozen,2.609011104937053e-05,2.2274891700035937e-05,1.1712789180172956,0.158096244141731,17.127891801729554
lf,0.4,302,stencil,frozen,stencil_vs_frozen,8.503909793944331e-05,1.2557324108430912e-05,6.772071597829395,1.9128070368419032,577.2071597829395
lf,0.4,303,stencil,frozen,stencil_vs_frozen,3.692267893029566e-05,2.1988673651662797e-05,1.6791680805860496,0.5182984806406943,67.91680805860496
lf,0.4,304,stencil,frozen,stencil_vs_frozen,3.097141839702999e-05,1.1195996989954438e-05,2.766293919587418,1.0175084891978596,176.6293919587418
lf,0.4,305,stencil,frozen,stencil_vs_frozen,1.7566296662607783e-05,1.6527911377295368e-05,1.062826164880026,0.06093155341872366,6.28261648800259
lf,0.4,306,stencil,frozen,stencil_vs_frozen,2.4654959887016048e-05,1.9015149263168496e-05,1.2965956535914034,0.25974210159472805,29.659565359140338
lf,0.4,307,stencil,frozen,stencil_vs_frozen,3.349457519163934e-05,2.6742750410591043e-05,1.2524730881223924,0.22512006721701605,25.247308812239243
lf,0.4,308,stencil,frozen,stencil_vs_frozen,2.344993470160261e-05,1.9822062647278926e-05,1.183021924553432,0.168072117836715,18.302192455343192
lf,0.4,309,stencil,frozen,stencil_vs_frozen,2.37148320252345e-05,2.1472843009462395e-05,1.1044104413553497,0.09931165535310177,10.441044135534971
lf,0.4,310,stencil,frozen,stencil_vs_frozen,2.4705421381554515e-05,2.2819196912937656e-05,1.0826595465131132,0.07942055711318788,8.265954651311326
lf,0.4,311,stencil,frozen,stencil_vs_frozen,4.144331182942551e-05,2.343214882216671e-05,1.7686517845183845,0.570217552680178,76.86517845183845
lf,0.4,312,stencil,frozen,stencil_vs_frozen,4.5259339685799205e-05,2.5562614200058675e-05,1.7705286060177412,0.5712781494671101,77.05286060177411
lf,0.4,313,stencil,frozen,stencil_vs_frozen,3.8983834457440025e-05,2.328658324124433e-05,1.674089927817032,0.5152696909452065,67.4089927817032
lf,0.4,314,stencil,frozen,stencil_vs_frozen,2.139742790063792e-05,1.2109861017073342e-05,1.7669424835239897,0.5692506424535065,76.69424835239897
lf,0.4,315,stencil,frozen,stencil_vs_frozen,2.386774207252529e-05,1.9795329471605783e-05,1.2057259318043143,0.18708181858531145,20.572593180431433
lf,0.4,316,stencil,frozen,stencil_vs_frozen,3.2556734140598564e-05,1.784941116511618e-05,1.8239668434679512,0.6010137135636469,82.39668434679513
lf,0.4,317,stencil,frozen,stencil_vs_frozen,3.211646915701749e-05,2.359910901361673e-05,1.3609187168247,0.3081599987592339,36.091871682469986
lf,0.4,318,stencil,frozen,stencil_vs_frozen,3.1682299805879666e-05,2.1388920799836345e-05,1.4812481706006448,0.3928850908630023,48.12481706006449
lf,0.4,319,stencil,frozen,stencil_vs_frozen,2.684854541445958e-05,1.9049218503486287e-05,1.4094302823785605,0.3431855676871732,40.94302823785605
lf,0.4,300,stencil,original,stencil_vs_original,0.000607185731269,7.822947237917655e-09,77615.98190589654,11.259528637361601,7761498.190589653
lf,0.4,301,stencil,original,stencil_vs_original,2.609011104937053e-05,1.4579576101958482e-08,1789.4972300234322,7.489689982299564,178849.7230023432
lf,0.4,302,stencil,original,stencil_vs_original,8.503909793944331e-05,9.062450533059431e-09,9383.675820267854,9.146726843729322,938267.5820267854
lf,0.4,303,stencil,original,stencil_vs_original,3.692267893029566e-05,9.886405458181537e-09,3734.6919551777173,8.225420618978964,373369.19551777176
lf,0.4,304,stencil,original,stencil_vs_original,3.097141839702999e-05,7.920259201960045e-09,3910.4046480404863,8.271396138172074,390940.46480404865
lf,0.4,305,stencil,original,stencil_vs_original,1.7566296662607783e-05,4.826626271402234e-09,3639.4565634153428,8.199589653720048,363845.6563415343
lf,0.4,306,stencil,original,stencil_vs_original,2.4654959887016048e-05,8.399421013750852e-09,2935.316594638243,7.984570595146062,293431.6594638243
lf,0.4,307,stencil,original,stencil_vs_original,3.349457519163934e-05,9.464117184387888e-09,3539.1124749482565,8.171631261402537,353811.2474948256
lf,0.4,308,stencil,original,stencil_vs_original,2.344993470160261e-05,7.670975153695192e-09,3056.969189934936,8.02517924331042,305596.9189934936
lf,0.4,309,stencil,original,stencil_vs_original,2.37148320252345e-05,1.0743988046457709e-08,2207.2653024826545,7.699509608584777,220626.53024826545
lf,0.4,310,stencil,original,stencil_vs_original,2.4705421381554515e-05,9.547737888498942e-09,2587.5680365413345,7.858473731543427,258656.80365413346
lf,0.4,311,stencil,original,stencil_vs_original,4.144331182942551e-05,1.173744478000227e-08,3530.8631994618418,8.169297652459614,352986.3199461842
lf,0.4,312,stencil,original,stencil_vs_original,4.5259339685799205e-05,9.665683614601406e-09,4682.476841827148,8.451582488620407,468147.6841827148
lf,0.4,313,stencil,original,stencil_vs_original,3.8983834457440025e-05,3.228711439873244e-08,1207.411538114118,7.096234122482078,120641.1538114118
lf,0.4,314,stencil,original,stencil_vs_original,2.139742790063792e-05,5.3691337487116195e-09,3985.266320805001,8.290359419808048,398426.63208050013
lf,0.4,315,stencil,original,stencil_vs_original,2.386774207252529e-05,8.510811545098251e-09,2804.402605562541,7.93894582043042,280340.26055625407
lf,0.4,316,stencil,original,stencil_vs_original,3.2556734140598564e-05,3.40157504385985e-08,957.1076257560863,6.863915846734728,95610.76257560863
lf,0.4,317,stencil,original,stencil_vs_original,3.211646915701749e-05,3.717381594214864e-08,863.9540586040025,6.761519594478292,86295.40586040025
lf,0.4,318,stencil,original,stencil_vs_original,3.1682299805879666e-05,8.39758292764392e-09,3772.787965163763,8.235569520442864,377178.7965163763
lf,0.4,319,stencil,original,stencil_vs_original,2.684854541445958e-05,7.827003309368585e-09,3430.2458237526266,8.14038720632445,342924.5823752627
lf,0.4,300,uniform,original,uniform_vs_original,2.7878697977934408e-05,7.822947237917655e-09,3563.7077855781727,8.178556794650774,356270.7785578173
lf,0.4,301,uniform,original,uniform_vs_original,3.12312868064879e-05,1.4579576101958482e-08,2142.125847012286,7.669554001388433,214112.58470122862
lf,0.4,302,uniform,original,uniform_vs_original,2.107629494907393e-05,9.062450533059431e-09,2325.6728268130687,7.75176466403345,232467.28268130688
lf,0.4,303,uniform,original,uniform_vs_original,3.278836879605507e-05,9.886405458181537e-09,3316.5106301523283,8.106668494192595,331551.06301523285
lf,0.4,304,uniform,original,uniform_vs_original,3.0306566010107616e-05,7.920259201960045e-09,3826.4613868454685,8.24969573521395,382546.13868454687
lf,0.4,305,uniform,original,uniform_vs_original,2.748263522533989e-05,4.826626271402234e-09,5693.963791680855,8.647161908787355,569296.3791680855
lf,0.4,306,uniform,original,uniform_vs_original,2.978181592228069e-05,8.399421013750852e-09,3545.698670601737,8.173490505753707,354469.8670601737
lf,0.4,307,uniform,original,uniform_vs_original,3.83321085415389e-05,9.464117184387888e-09,4050.2571761021695,8.306535658356669,404925.71761021693
lf,0.4,308,uniform,original,uniform_vs_original,2.7893811836321447e-05,7.670975153695192e-09,3636.2797789645683,8.198716399247056,363527.97789645684
lf,0.4,309,uniform,original,uniform_vs_original,3.008264912995884e-05,1.0743988046457709e-08,2799.9518428240513,7.937357497023981,279895.1842824051
lf,0.4,310,uniform,original,uniform_vs_original,3.371814009822671e-05,9.547737888498942e-09,3531.531813294023,8.16948699724505,353053.18132940226
lf,0.4,311,uniform,original,uniform_vs_original,3.2823174850982184e-05,1.173744478000227e-08,2796.449778141221,7.936105955273712,279544.9778141221
lf,0.4,312,uniform,original,uniform_vs_original,3.0958405837111513e-05,9.665683614601406e-09,3202.919428310729,8.071817994222744,320191.9428310729
lf,0.4,313,uniform,original,uniform_vs_original,3.666630888865541e-05,3.228711439873244e-08,1135.6328854861954,7.034945382867612,113463.28854861954
lf,0.4,314,uniform,original,uniform_vs_original,1.9262658457197546e-05,5.3691337487116195e-09,3587.665973457976,8.185257123376243,358666.59734579764
lf,0.4,315,uniform,original,uniform_vs_original,2.9702914076334963e-05,8.510811545098251e-09,3490.0213591783936,8.157663135286167,348902.13591783936
lf,0.4,316,uniform,original,uniform_vs_original,2.8212627292134584e-05,3.40157504385985e-08,829.3989380907801,6.72070126747722,82839.89380907801
lf,0.4,317,uniform,original,uniform_vs_original,4.477926764234752e-05,3.717381594214864e-08,1204.5916327781572,7.093895894527185,120359.16327781572
lf,0.4,318,uniform,original,uniform_vs_original,3.281568982993477e-05,8.39758292764392e-09,3907.7541850654575,8.270718110740514,390675.4185065458
lf,0.4,319,uniform,original,uniform_vs_original,3.590321520352546e-05,7.827003309368585e-09,4587.095952872648,8.431002412815849,458609.5952872648
lf,0.4,300,xcorr,original,xcorr_vs_original,4.054902257388804e-05,7.822947237917655e-09,5183.343481769609,8.553205586835027,518234.3481769609
lf,0.4,301,xcorr,original,xcorr_vs_original,3.0250008524745908e-05,1.4579576101958482e-08,2074.8208530344314,7.63763009305062,207382.08530344313
lf,0.4,302,xcorr,original,xcorr_vs_original,2.426391944387873e-05,9.062450533059431e-09,2677.4126220457692,7.892606167632823,267641.2622045769
lf,0.4,303,xcorr,original,xcorr_vs_original,3.2089071211771625e-05,9.886405458181537e-09,3245.7773806167515,8.085110163041414,324477.73806167516
lf,0.4,304,xcorr,original,xcorr_vs_original,3.0739857763251166e-05,7.920259201960045e-09,3881.1681511185775,8.2638914571808,388016.8151118577
lf,0.4,305,xcorr,original,xcorr_vs_original,2.6872286269963297e-05,4.826626271402234e-09,5567.509220504936,8.62470305526036,556650.9220504935
lf,0.4,306,xcorr,original,xcorr_vs_original,2.8771829674756333e-05,8.399421013750852e-09,3425.453924461391,8.138989274604102,342445.3924461391
lf,0.4,307,xcorr,original,xcorr_vs_original,3.711392251215528e-05,9.464117184387888e-09,3921.5408885023967,8.274239939348941,392054.08885023964
lf,0.4,308,xcorr,original,xcorr_vs_original,2.699109461001825e-05,7.670975153695192e-09,3518.6001869679303,8.165818515341968,351760.018696793
lf,0.4,309,xcorr,original,xcorr_vs_original,2.922240353520067e-05,1.0743988046457709e-08,2719.884218861849,7.9083445917891515,271888.4218861849
lf,0.4,310,xcorr,original,xcorr_vs_original,3.271809125893199e-05,9.547737888498942e-09,3426.7898470844807,8.139379197287694,342578.98470844806
lf,0.4,311,xcorr,original,xcorr_vs_original,3.282723545794397e-05,1.173744478000227e-08,2796.7957313736233,7.936229659206341,279579.5731373623
lf,0.4,312,xcorr,original,xcorr_vs_original,3.1008317083802694e-05,9.665683614601406e-09,3208.0831858555944,8.073428899403199,320708.31858555943
lf,0.4,313,xcorr,original,xcorr_vs_original,3.557443361668078e-05,3.228711439873244e-08,1101.8152064427718,7.004714286398062,110081.52064427717
lf,0.4,314,xcorr,original,xcorr_vs_original,1.954468869280745e-05,5.3691337487116195e-09,3640.194043871119,8.199792267965726,363919.4043871119
lf,0.4,315,xcorr,original,xcorr_vs_original,2.8330374478358067e-05,8.510811545098251e-09,3328.751239319213,8.11035250943576,332775.12393192126
lf,0.4,316,xcorr,original,xcorr_vs_original,2.7482277770829452e-05,3.40157504385985e-08,807.9280161828987,6.694472965669894,80692.80161828987
lf,0.4,317,xcorr,original,xcorr_vs_original,4.2159967483357264e-05,3.717381594214864e-08,1134.1307426971787,7.033621771025682,113313.07426971786
lf,0.4,318,xcorr,original,xcorr_vs_original,3.195255402044239e-05,8.39758292764392e-09,3804.9703463193073,8.244063476919639,380397.03463193076
lf,0.4,319,xcorr,original,xcorr_vs_original,3.389980902701595e-05,7.827003309368585e-09,4331.13513398408,8.373584942294269,433013.513398408
